ISO-10303-21;
HEADER;
FILE_DESCRIPTION(('Open CASCADE Model'),'2;1');
FILE_NAME('Open CASCADE Shape Model','2026-10-07T17:34:35',('Author'),(
    'Open CASCADE'),'Open CASCADE STEP processor 8.0','build123d',
  'Unknown');
FILE_SCHEMA(('AUTOMOTIVE_DESIGN { 1 0 10303 214 1 1 1 1 }'));
ENDSEC;
DATA;
#1 = APPLICATION_PROTOCOL_DEFINITION('international standard',
  'automotive_design',2000,#2);
#2 = APPLICATION_CONTEXT(
  'core data for automotive mechanical design processes');
#3 = SHAPE_DEFINITION_REPRESENTATION(#4,#10);
#4 = PRODUCT_DEFINITION_SHAPE('','',#5);
#5 = PRODUCT_DEFINITION('design','',#6,#9);
#6 = PRODUCT_DEFINITION_FORMATION('','',#7);
#7 = PRODUCT('COMPOUND','COMPOUND','',(#8));
#8 = PRODUCT_CONTEXT('',#2,'mechanical');
#9 = PRODUCT_DEFINITION_CONTEXT('part definition',#2,'design');
#10 = SHAPE_REPRESENTATION('',(#11,#15,#19,#23,#27),#31);
#11 = AXIS2_PLACEMENT_3D('',#12,#13,#14);
#12 = CARTESIAN_POINT('',(0.,0.,0.));
#13 = DIRECTION('',(0.,0.,1.));
#14 = DIRECTION('',(1.,0.,-0.));
#15 = AXIS2_PLACEMENT_3D('',#16,#17,#18);
#16 = CARTESIAN_POINT('',(0.,0.,0.));
#17 = DIRECTION('',(0.,0.,1.));
#18 = DIRECTION('',(1.,0.,-0.));
#19 = AXIS2_PLACEMENT_3D('',#20,#21,#22);
#20 = CARTESIAN_POINT('',(0.,0.,0.));
#21 = DIRECTION('',(0.,0.,1.));
#22 = DIRECTION('',(1.,0.,-0.));
#23 = AXIS2_PLACEMENT_3D('',#24,#25,#26);
#24 = CARTESIAN_POINT('',(0.,0.,3.2));
#25 = DIRECTION('',(0.,0.,1.));
#26 = DIRECTION('',(1.,0.,-0.));
#27 = AXIS2_PLACEMENT_3D('',#28,#29,#30);
#28 = CARTESIAN_POINT('',(0.,5.5,4.85));
#29 = DIRECTION('',(0.,0.,1.));
#30 = DIRECTION('',(1.,0.,-0.));
#31 = ( GEOMETRIC_REPRESENTATION_CONTEXT(3) 
GLOBAL_UNCERTAINTY_ASSIGNED_CONTEXT((#35)) GLOBAL_UNIT_ASSIGNED_CONTEXT(
(#32,#33,#34)) REPRESENTATION_CONTEXT('Context #1',
  '3D Context with UNIT and UNCERTAINTY') );
#32 = ( LENGTH_UNIT() NAMED_UNIT(*) SI_UNIT(.MILLI.,.METRE.) );
#33 = ( NAMED_UNIT(*) PLANE_ANGLE_UNIT() SI_UNIT($,.RADIAN.) );
#34 = ( NAMED_UNIT(*) SI_UNIT($,.STERADIAN.) SOLID_ANGLE_UNIT() );
#35 = UNCERTAINTY_MEASURE_WITH_UNIT(LENGTH_MEASURE(2.E-07),#32,
  'distance_accuracy_value','confusion accuracy');
#36 = PRODUCT_RELATED_PRODUCT_CATEGORY('part',$,(#7));
#37 = SHAPE_DEFINITION_REPRESENTATION(#38,#44);
#38 = PRODUCT_DEFINITION_SHAPE('','',#39);
#39 = PRODUCT_DEFINITION('design','',#40,#43);
#40 = PRODUCT_DEFINITION_FORMATION('','',#41);
#41 = PRODUCT('COMPOUND','COMPOUND','',(#42));
#42 = PRODUCT_CONTEXT('',#2,'mechanical');
#43 = PRODUCT_DEFINITION_CONTEXT('part definition',#2,'design');
#44 = ADVANCED_BREP_SHAPE_REPRESENTATION('',(#11,#45),#7516);
#45 = MANIFOLD_SOLID_BREP('',#46);
#46 = CLOSED_SHELL('',(#47,#272,#357,#1221,#1325,#1374,#1446,#1499,#2647
    ,#2672,#2699,#2724,#2751,#2778,#2803,#2830,#2855,#2929,#2956,#3008,
    #3118,#3186,#3262,#3269,#3324,#3379,#3455,#3505,#3559,#3867,#3916,
    #4089,#4139,#4272,#4327,#4382,#4409,#4522,#4591,#4638,#4707,#4734,
    #4803,#4850,#4897,#4922,#4933,#5010,#5059,#5109,#5136,#5140,#5144,
    #5546,#5746,#5852,#5897,#5973,#6018,#6212,#6239,#6264,#6309,#6480,
    #6507,#6511,#6515,#6591,#6640,#6689,#6716,#6829,#6856,#6883,#6910,
    #6935,#6962,#7011,#7036,#7101,#7108,#7163,#7218,#7225,#7252,#7259,
    #7286,#7293,#7300,#7376,#7425,#7474,#7501,#7505,#7509));
#47 = ADVANCED_FACE('',(#48),#62,.T.);
#48 = FACE_BOUND('',#49,.T.);
#49 = EDGE_LOOP('',(#50,#85,#111,#139,#167,#195,#223,#251));
#50 = ORIENTED_EDGE('',*,*,#51,.F.);
#51 = EDGE_CURVE('',#52,#54,#56,.T.);
#52 = VERTEX_POINT('',#53);
#53 = CARTESIAN_POINT('',(-25.15,32.15,-2.123438300723));
#54 = VERTEX_POINT('',#55);
#55 = CARTESIAN_POINT('',(-25.15,32.15,4.8));
#56 = SURFACE_CURVE('',#57,(#61,#73),.PCURVE_S1.);
#57 = LINE('',#58,#59);
#58 = CARTESIAN_POINT('',(-25.15,32.15,-2.723438300723));
#59 = VECTOR('',#60,1.);
#60 = DIRECTION('',(0.,0.,1.));
#61 = PCURVE('',#62,#67);
#62 = PLANE('',#63);
#63 = AXIS2_PLACEMENT_3D('',#64,#65,#66);
#64 = CARTESIAN_POINT('',(-25.15,-32.15,-2.723438300723));
#65 = DIRECTION('',(-1.,0.,0.));
#66 = DIRECTION('',(0.,1.,0.));
#67 = DEFINITIONAL_REPRESENTATION('',(#68),#72);
#68 = LINE('',#69,#70);
#69 = CARTESIAN_POINT('',(64.3,0.));
#70 = VECTOR('',#71,1.);
#71 = DIRECTION('',(0.,-1.));
#72 = ( GEOMETRIC_REPRESENTATION_CONTEXT(2) 
PARAMETRIC_REPRESENTATION_CONTEXT() REPRESENTATION_CONTEXT('2D SPACE',''
  ) );
#73 = PCURVE('',#74,#79);
#74 = CYLINDRICAL_SURFACE('',#75,5.);
#75 = AXIS2_PLACEMENT_3D('',#76,#77,#78);
#76 = CARTESIAN_POINT('',(-20.15,32.15,-2.723438300723));
#77 = DIRECTION('',(0.,0.,-1.));
#78 = DIRECTION('',(-1.,0.,0.));
#79 = DEFINITIONAL_REPRESENTATION('',(#80),#84);
#80 = LINE('',#81,#82);
#81 = CARTESIAN_POINT('',(0.,0.));
#82 = VECTOR('',#83,1.);
#83 = DIRECTION('',(0.,-1.));
#84 = ( GEOMETRIC_REPRESENTATION_CONTEXT(2) 
PARAMETRIC_REPRESENTATION_CONTEXT() REPRESENTATION_CONTEXT('2D SPACE',''
  ) );
#85 = ORIENTED_EDGE('',*,*,#86,.T.);
#86 = EDGE_CURVE('',#52,#87,#89,.T.);
#87 = VERTEX_POINT('',#88);
#88 = CARTESIAN_POINT('',(-25.15,-32.15,-2.123438300723));
#89 = SURFACE_CURVE('',#90,(#94,#100),.PCURVE_S1.);
#90 = LINE('',#91,#92);
#91 = CARTESIAN_POINT('',(-25.15,111.45,-2.123438300723));
#92 = VECTOR('',#93,1.);
#93 = DIRECTION('',(0.,-1.,2.22044604925E-16));
#94 = PCURVE('',#62,#95);
#95 = DEFINITIONAL_REPRESENTATION('',(#96),#99);
#96 = B_SPLINE_CURVE_WITH_KNOTS('',1,(#97,#98),.UNSPECIFIED.,.F.,.F.,(2,
    2),(72.87,150.03),.PIECEWISE_BEZIER_KNOTS.);
#97 = CARTESIAN_POINT('',(70.73,-0.6));
#98 = CARTESIAN_POINT('',(-6.43,-0.6));
#99 = ( GEOMETRIC_REPRESENTATION_CONTEXT(2) 
PARAMETRIC_REPRESENTATION_CONTEXT() REPRESENTATION_CONTEXT('2D SPACE',''
  ) );
#100 = PCURVE('',#101,#106);
#101 = CYLINDRICAL_SURFACE('',#102,150.);
#102 = AXIS2_PLACEMENT_3D('',#103,#104,#105);
#103 = CARTESIAN_POINT('',(0.,111.45,-150.));
#104 = DIRECTION('',(0.,-1.,2.22044604925E-16));
#105 = DIRECTION('',(1.,0.,0.));
#106 = DEFINITIONAL_REPRESENTATION('',(#107),#110);
#107 = B_SPLINE_CURVE_WITH_KNOTS('',1,(#108,#109),.UNSPECIFIED.,.F.,.F.,
  (2,2),(72.87,150.03),.PIECEWISE_BEZIER_KNOTS.);
#108 = CARTESIAN_POINT('',(1.739258678239,72.87));
#109 = CARTESIAN_POINT('',(1.739258678239,150.03));
#110 = ( GEOMETRIC_REPRESENTATION_CONTEXT(2) 
PARAMETRIC_REPRESENTATION_CONTEXT() REPRESENTATION_CONTEXT('2D SPACE',''
  ) );
#111 = ORIENTED_EDGE('',*,*,#112,.T.);
#112 = EDGE_CURVE('',#87,#113,#115,.T.);
#113 = VERTEX_POINT('',#114);
#114 = CARTESIAN_POINT('',(-25.15,-32.15,4.8));
#115 = SURFACE_CURVE('',#116,(#120,#127),.PCURVE_S1.);
#116 = LINE('',#117,#118);
#117 = CARTESIAN_POINT('',(-25.15,-32.15,-2.723438300723));
#118 = VECTOR('',#119,1.);
#119 = DIRECTION('',(0.,0.,1.));
#120 = PCURVE('',#62,#121);
#121 = DEFINITIONAL_REPRESENTATION('',(#122),#126);
#122 = LINE('',#123,#124);
#123 = CARTESIAN_POINT('',(0.,0.));
#124 = VECTOR('',#125,1.);
#125 = DIRECTION('',(0.,-1.));
#126 = ( GEOMETRIC_REPRESENTATION_CONTEXT(2) 
PARAMETRIC_REPRESENTATION_CONTEXT() REPRESENTATION_CONTEXT('2D SPACE',''
  ) );
#127 = PCURVE('',#128,#133);
#128 = CYLINDRICAL_SURFACE('',#129,5.);
#129 = AXIS2_PLACEMENT_3D('',#130,#131,#132);
#130 = CARTESIAN_POINT('',(-20.15,-32.15,-2.723438300723));
#131 = DIRECTION('',(0.,0.,-1.));
#132 = DIRECTION('',(-1.,0.,0.));
#133 = DEFINITIONAL_REPRESENTATION('',(#134),#138);
#134 = LINE('',#135,#136);
#135 = CARTESIAN_POINT('',(6.28318530718,0.));
#136 = VECTOR('',#137,1.);
#137 = DIRECTION('',(0.,-1.));
#138 = ( GEOMETRIC_REPRESENTATION_CONTEXT(2) 
PARAMETRIC_REPRESENTATION_CONTEXT() REPRESENTATION_CONTEXT('2D SPACE',''
  ) );
#139 = ORIENTED_EDGE('',*,*,#140,.T.);
#140 = EDGE_CURVE('',#113,#141,#143,.T.);
#141 = VERTEX_POINT('',#142);
#142 = CARTESIAN_POINT('',(-25.15,-15.2,4.8));
#143 = SURFACE_CURVE('',#144,(#148,#155),.PCURVE_S1.);
#144 = LINE('',#145,#146);
#145 = CARTESIAN_POINT('',(-25.15,0.,4.8));
#146 = VECTOR('',#147,1.);
#147 = DIRECTION('',(0.,1.,0.));
#148 = PCURVE('',#62,#149);
#149 = DEFINITIONAL_REPRESENTATION('',(#150),#154);
#150 = LINE('',#151,#152);
#151 = CARTESIAN_POINT('',(32.15,-7.523438300723));
#152 = VECTOR('',#153,1.);
#153 = DIRECTION('',(1.,0.));
#154 = ( GEOMETRIC_REPRESENTATION_CONTEXT(2) 
PARAMETRIC_REPRESENTATION_CONTEXT() REPRESENTATION_CONTEXT('2D SPACE',''
  ) );
#155 = PCURVE('',#156,#161);
#156 = PLANE('',#157);
#157 = AXIS2_PLACEMENT_3D('',#158,#159,#160);
#158 = CARTESIAN_POINT('',(0.,-2.0701883982E-15,4.8));
#159 = DIRECTION('',(0.,0.,1.));
#160 = DIRECTION('',(1.,0.,-0.));
#161 = DEFINITIONAL_REPRESENTATION('',(#162),#166);
#162 = LINE('',#163,#164);
#163 = CARTESIAN_POINT('',(-25.15,2.0701883982E-15));
#164 = VECTOR('',#165,1.);
#165 = DIRECTION('',(0.,1.));
#166 = ( GEOMETRIC_REPRESENTATION_CONTEXT(2) 
PARAMETRIC_REPRESENTATION_CONTEXT() REPRESENTATION_CONTEXT('2D SPACE',''
  ) );
#167 = ORIENTED_EDGE('',*,*,#168,.F.);
#168 = EDGE_CURVE('',#169,#141,#171,.T.);
#169 = VERTEX_POINT('',#170);
#170 = CARTESIAN_POINT('',(-25.15,-15.2,-1.5));
#171 = SURFACE_CURVE('',#172,(#176,#183),.PCURVE_S1.);
#172 = LINE('',#173,#174);
#173 = CARTESIAN_POINT('',(-25.15,-15.2,-1.5));
#174 = VECTOR('',#175,1.);
#175 = DIRECTION('',(0.,0.,1.));
#176 = PCURVE('',#62,#177);
#177 = DEFINITIONAL_REPRESENTATION('',(#178),#182);
#178 = LINE('',#179,#180);
#179 = CARTESIAN_POINT('',(16.95,-1.223438300723));
#180 = VECTOR('',#181,1.);
#181 = DIRECTION('',(0.,-1.));
#182 = ( GEOMETRIC_REPRESENTATION_CONTEXT(2) 
PARAMETRIC_REPRESENTATION_CONTEXT() REPRESENTATION_CONTEXT('2D SPACE',''
  ) );
#183 = PCURVE('',#184,#189);
#184 = PLANE('',#185);
#185 = AXIS2_PLACEMENT_3D('',#186,#187,#188);
#186 = CARTESIAN_POINT('',(-27.75,-15.2,-1.5));
#187 = DIRECTION('',(-0.,1.,0.));
#188 = DIRECTION('',(0.,0.,1.));
#189 = DEFINITIONAL_REPRESENTATION('',(#190),#194);
#190 = LINE('',#191,#192);
#191 = CARTESIAN_POINT('',(0.,2.6));
#192 = VECTOR('',#193,1.);
#193 = DIRECTION('',(1.,0.));
#194 = ( GEOMETRIC_REPRESENTATION_CONTEXT(2) 
PARAMETRIC_REPRESENTATION_CONTEXT() REPRESENTATION_CONTEXT('2D SPACE',''
  ) );
#195 = ORIENTED_EDGE('',*,*,#196,.T.);
#196 = EDGE_CURVE('',#169,#197,#199,.T.);
#197 = VERTEX_POINT('',#198);
#198 = CARTESIAN_POINT('',(-25.15,15.2,-1.5));
#199 = SURFACE_CURVE('',#200,(#204,#211),.PCURVE_S1.);
#200 = LINE('',#201,#202);
#201 = CARTESIAN_POINT('',(-25.15,-15.2,-1.5));
#202 = VECTOR('',#203,1.);
#203 = DIRECTION('',(-0.,1.,0.));
#204 = PCURVE('',#62,#205);
#205 = DEFINITIONAL_REPRESENTATION('',(#206),#210);
#206 = LINE('',#207,#208);
#207 = CARTESIAN_POINT('',(16.95,-1.223438300723));
#208 = VECTOR('',#209,1.);
#209 = DIRECTION('',(1.,0.));
#210 = ( GEOMETRIC_REPRESENTATION_CONTEXT(2) 
PARAMETRIC_REPRESENTATION_CONTEXT() REPRESENTATION_CONTEXT('2D SPACE',''
  ) );
#211 = PCURVE('',#212,#217);
#212 = PLANE('',#213);
#213 = AXIS2_PLACEMENT_3D('',#214,#215,#216);
#214 = CARTESIAN_POINT('',(-27.75,-15.2,-1.5));
#215 = DIRECTION('',(0.,0.,1.));
#216 = DIRECTION('',(1.,0.,-0.));
#217 = DEFINITIONAL_REPRESENTATION('',(#218),#222);
#218 = LINE('',#219,#220);
#219 = CARTESIAN_POINT('',(2.6,0.));
#220 = VECTOR('',#221,1.);
#221 = DIRECTION('',(0.,1.));
#222 = ( GEOMETRIC_REPRESENTATION_CONTEXT(2) 
PARAMETRIC_REPRESENTATION_CONTEXT() REPRESENTATION_CONTEXT('2D SPACE',''
  ) );
#223 = ORIENTED_EDGE('',*,*,#224,.T.);
#224 = EDGE_CURVE('',#197,#225,#227,.T.);
#225 = VERTEX_POINT('',#226);
#226 = CARTESIAN_POINT('',(-25.15,15.2,4.8));
#227 = SURFACE_CURVE('',#228,(#232,#239),.PCURVE_S1.);
#228 = LINE('',#229,#230);
#229 = CARTESIAN_POINT('',(-25.15,15.2,-1.5));
#230 = VECTOR('',#231,1.);
#231 = DIRECTION('',(0.,0.,1.));
#232 = PCURVE('',#62,#233);
#233 = DEFINITIONAL_REPRESENTATION('',(#234),#238);
#234 = LINE('',#235,#236);
#235 = CARTESIAN_POINT('',(47.35,-1.223438300723));
#236 = VECTOR('',#237,1.);
#237 = DIRECTION('',(0.,-1.));
#238 = ( GEOMETRIC_REPRESENTATION_CONTEXT(2) 
PARAMETRIC_REPRESENTATION_CONTEXT() REPRESENTATION_CONTEXT('2D SPACE',''
  ) );
#239 = PCURVE('',#240,#245);
#240 = PLANE('',#241);
#241 = AXIS2_PLACEMENT_3D('',#242,#243,#244);
#242 = CARTESIAN_POINT('',(-27.75,15.2,-1.5));
#243 = DIRECTION('',(-0.,1.,0.));
#244 = DIRECTION('',(0.,0.,1.));
#245 = DEFINITIONAL_REPRESENTATION('',(#246),#250);
#246 = LINE('',#247,#248);
#247 = CARTESIAN_POINT('',(0.,2.6));
#248 = VECTOR('',#249,1.);
#249 = DIRECTION('',(1.,0.));
#250 = ( GEOMETRIC_REPRESENTATION_CONTEXT(2) 
PARAMETRIC_REPRESENTATION_CONTEXT() REPRESENTATION_CONTEXT('2D SPACE',''
  ) );
#251 = ORIENTED_EDGE('',*,*,#252,.T.);
#252 = EDGE_CURVE('',#225,#54,#253,.T.);
#253 = SURFACE_CURVE('',#254,(#258,#265),.PCURVE_S1.);
#254 = LINE('',#255,#256);
#255 = CARTESIAN_POINT('',(-25.15,0.,4.8));
#256 = VECTOR('',#257,1.);
#257 = DIRECTION('',(0.,1.,0.));
#258 = PCURVE('',#62,#259);
#259 = DEFINITIONAL_REPRESENTATION('',(#260),#264);
#260 = LINE('',#261,#262);
#261 = CARTESIAN_POINT('',(32.15,-7.523438300723));
#262 = VECTOR('',#263,1.);
#263 = DIRECTION('',(1.,0.));
#264 = ( GEOMETRIC_REPRESENTATION_CONTEXT(2) 
PARAMETRIC_REPRESENTATION_CONTEXT() REPRESENTATION_CONTEXT('2D SPACE',''
  ) );
#265 = PCURVE('',#156,#266);
#266 = DEFINITIONAL_REPRESENTATION('',(#267),#271);
#267 = LINE('',#268,#269);
#268 = CARTESIAN_POINT('',(-25.15,2.0701883982E-15));
#269 = VECTOR('',#270,1.);
#270 = DIRECTION('',(0.,1.));
#271 = ( GEOMETRIC_REPRESENTATION_CONTEXT(2) 
PARAMETRIC_REPRESENTATION_CONTEXT() REPRESENTATION_CONTEXT('2D SPACE',''
  ) );
#272 = ADVANCED_FACE('',(#273),#74,.T.);
#273 = FACE_BOUND('',#274,.T.);
#274 = EDGE_LOOP('',(#275,#304,#305,#333));
#275 = ORIENTED_EDGE('',*,*,#276,.T.);
#276 = EDGE_CURVE('',#277,#52,#279,.T.);
#277 = VERTEX_POINT('',#278);
#278 = CARTESIAN_POINT('',(-25.13766532639,32.500990871568,
    -2.121341019272));
#279 = SURFACE_CURVE('',#280,(#286,#295),.PCURVE_S1.);
#280 = B_SPLINE_CURVE_WITH_KNOTS('',4,(#281,#282,#283,#284,#285),
  .UNSPECIFIED.,.F.,.F.,(5,5),(0.,1.),.PIECEWISE_BEZIER_KNOTS.);
#281 = CARTESIAN_POINT('',(-25.13766532639,32.500990871568,
    -2.121341019272));
#282 = CARTESIAN_POINT('',(-25.14383480984,32.413321016827,
    -2.122389760257));
#283 = CARTESIAN_POINT('',(-25.1479449363,32.325573182747,
    -2.123088787327));
#284 = CARTESIAN_POINT('',(-25.15,32.237786627498,-2.123438300723));
#285 = CARTESIAN_POINT('',(-25.15,32.15,-2.123438300723));
#286 = PCURVE('',#74,#287);
#287 = DEFINITIONAL_REPRESENTATION('',(#288),#294);
#288 = B_SPLINE_CURVE_WITH_KNOTS('',4,(#289,#290,#291,#292,#293),
  .UNSPECIFIED.,.F.,.F.,(5,5),(0.,1.),.PIECEWISE_BEZIER_KNOTS.);
#289 = CARTESIAN_POINT('',(7.025595610643E-02,-0.602097281451));
#290 = CARTESIAN_POINT('',(5.267862302487E-02,-0.601048540467));
#291 = CARTESIAN_POINT('',(3.511464124758E-02,-0.600349513396));
#292 = CARTESIAN_POINT('',(1.755732549955E-02,-0.6));
#293 = CARTESIAN_POINT('',(0.,-0.6));
#294 = ( GEOMETRIC_REPRESENTATION_CONTEXT(2) 
PARAMETRIC_REPRESENTATION_CONTEXT() REPRESENTATION_CONTEXT('2D SPACE',''
  ) );
#295 = PCURVE('',#101,#296);
#296 = DEFINITIONAL_REPRESENTATION('',(#297),#303);
#297 = B_SPLINE_CURVE_WITH_KNOTS('',4,(#298,#299,#300,#301,#302),
  .UNSPECIFIED.,.F.,.F.,(5,5),(0.,1.),.PIECEWISE_BEZIER_KNOTS.);
#298 = CARTESIAN_POINT('',(1.739175266872,78.949009128432));
#299 = CARTESIAN_POINT('',(1.739216986776,79.036678983173));
#300 = CARTESIAN_POINT('',(1.739244781083,79.124426817253));
#301 = CARTESIAN_POINT('',(1.739258678239,79.212213372502));
#302 = CARTESIAN_POINT('',(1.739258678239,79.3));
#303 = ( GEOMETRIC_REPRESENTATION_CONTEXT(2) 
PARAMETRIC_REPRESENTATION_CONTEXT() REPRESENTATION_CONTEXT('2D SPACE',''
  ) );
#304 = ORIENTED_EDGE('',*,*,#51,.T.);
#305 = ORIENTED_EDGE('',*,*,#306,.T.);
#306 = EDGE_CURVE('',#54,#307,#309,.T.);
#307 = VERTEX_POINT('',#308);
#308 = CARTESIAN_POINT('',(-25.13766532639,32.500990871568,4.8));
#309 = SURFACE_CURVE('',#310,(#315,#322),.PCURVE_S1.);
#310 = CIRCLE('',#311,5.);
#311 = AXIS2_PLACEMENT_3D('',#312,#313,#314);
#312 = CARTESIAN_POINT('',(-20.15,32.15,4.8));
#313 = DIRECTION('',(0.,0.,-1.));
#314 = DIRECTION('',(-1.,0.,0.));
#315 = PCURVE('',#74,#316);
#316 = DEFINITIONAL_REPRESENTATION('',(#317),#321);
#317 = LINE('',#318,#319);
#318 = CARTESIAN_POINT('',(0.,-7.523438300723));
#319 = VECTOR('',#320,1.);
#320 = DIRECTION('',(1.,0.));
#321 = ( GEOMETRIC_REPRESENTATION_CONTEXT(2) 
PARAMETRIC_REPRESENTATION_CONTEXT() REPRESENTATION_CONTEXT('2D SPACE',''
  ) );
#322 = PCURVE('',#156,#323);
#323 = DEFINITIONAL_REPRESENTATION('',(#324),#332);
#324 = ( BOUNDED_CURVE() B_SPLINE_CURVE(2,(#325,#326,#327,#328,#329,#330
,#331),.UNSPECIFIED.,.T.,.F.) B_SPLINE_CURVE_WITH_KNOTS((1,2,2,2,2,1),(
    -2.094395102393,0.,2.094395102393,4.188790204786,6.28318530718,
8.377580409573),.UNSPECIFIED.) CURVE() GEOMETRIC_REPRESENTATION_ITEM() 
RATIONAL_B_SPLINE_CURVE((1.,0.5,1.,0.5,1.,0.5,1.)) REPRESENTATION_ITEM(
  '') );
#325 = CARTESIAN_POINT('',(-25.15,32.15));
#326 = CARTESIAN_POINT('',(-25.15,40.810254037844));
#327 = CARTESIAN_POINT('',(-17.65,36.480127018922));
#328 = CARTESIAN_POINT('',(-10.15,32.15));
#329 = CARTESIAN_POINT('',(-17.65,27.819872981078));
#330 = CARTESIAN_POINT('',(-25.15,23.489745962156));
#331 = CARTESIAN_POINT('',(-25.15,32.15));
#332 = ( GEOMETRIC_REPRESENTATION_CONTEXT(2) 
PARAMETRIC_REPRESENTATION_CONTEXT() REPRESENTATION_CONTEXT('2D SPACE',''
  ) );
#333 = ORIENTED_EDGE('',*,*,#334,.T.);
#334 = EDGE_CURVE('',#307,#277,#335,.T.);
#335 = SURFACE_CURVE('',#336,(#340,#346),.PCURVE_S1.);
#336 = LINE('',#337,#338);
#337 = CARTESIAN_POINT('',(-25.13766532639,32.500990871568,
    -2.723438300723));
#338 = VECTOR('',#339,1.);
#339 = DIRECTION('',(0.,0.,-1.));
#340 = PCURVE('',#74,#341);
#341 = DEFINITIONAL_REPRESENTATION('',(#342),#345);
#342 = B_SPLINE_CURVE_WITH_KNOTS('',1,(#343,#344),.UNSPECIFIED.,.F.,.F.,
  (2,2),(-7.523440700723,2.400000000069E-06),.PIECEWISE_BEZIER_KNOTS.);
#343 = CARTESIAN_POINT('',(7.025595610643E-02,-7.523440700723));
#344 = CARTESIAN_POINT('',(7.025595610643E-02,2.400000000069E-06));
#345 = ( GEOMETRIC_REPRESENTATION_CONTEXT(2) 
PARAMETRIC_REPRESENTATION_CONTEXT() REPRESENTATION_CONTEXT('2D SPACE',''
  ) );
#346 = PCURVE('',#347,#352);
#347 = CYLINDRICAL_SURFACE('',#348,3.5);
#348 = AXIS2_PLACEMENT_3D('',#349,#350,#351);
#349 = CARTESIAN_POINT('',(-23.68553390593,35.685533905933,
    -2.723438300723));
#350 = DIRECTION('',(0.,0.,1.));
#351 = DIRECTION('',(1.,0.,-0.));
#352 = DEFINITIONAL_REPRESENTATION('',(#353),#356);
#353 = B_SPLINE_CURVE_WITH_KNOTS('',1,(#354,#355),.UNSPECIFIED.,.F.,.F.,
  (2,2),(-7.523440700723,2.400000000069E-06),.PIECEWISE_BEZIER_KNOTS.);
#354 = CARTESIAN_POINT('',(4.284561920633,7.523440700723));
#355 = CARTESIAN_POINT('',(4.284561920633,-2.400000000069E-06));
#356 = ( GEOMETRIC_REPRESENTATION_CONTEXT(2) 
PARAMETRIC_REPRESENTATION_CONTEXT() REPRESENTATION_CONTEXT('2D SPACE',''
  ) );
#357 = ADVANCED_FACE('',(#358,#859,#890,#921,#1159,#1190),#156,.T.);
#358 = FACE_BOUND('',#359,.T.);
#359 = EDGE_LOOP('',(#360,#361,#389,#418,#451,#479,#512,#541,#574,#602,
    #630,#653,#686,#715,#748,#776,#809,#831,#832,#833));
#360 = ORIENTED_EDGE('',*,*,#140,.F.);
#361 = ORIENTED_EDGE('',*,*,#362,.F.);
#362 = EDGE_CURVE('',#363,#113,#365,.T.);
#363 = VERTEX_POINT('',#364);
#364 = CARTESIAN_POINT('',(-25.13766532639,-32.50099087156,4.8));
#365 = SURFACE_CURVE('',#366,(#371,#382),.PCURVE_S1.);
#366 = CIRCLE('',#367,5.);
#367 = AXIS2_PLACEMENT_3D('',#368,#369,#370);
#368 = CARTESIAN_POINT('',(-20.15,-32.15,4.8));
#369 = DIRECTION('',(0.,0.,-1.));
#370 = DIRECTION('',(-1.,0.,0.));
#371 = PCURVE('',#156,#372);
#372 = DEFINITIONAL_REPRESENTATION('',(#373),#381);
#373 = ( BOUNDED_CURVE() B_SPLINE_CURVE(2,(#374,#375,#376,#377,#378,#379
,#380),.UNSPECIFIED.,.T.,.F.) B_SPLINE_CURVE_WITH_KNOTS((1,2,2,2,2,1),(
    -2.094395102393,0.,2.094395102393,4.188790204786,6.28318530718,
8.377580409573),.UNSPECIFIED.) CURVE() GEOMETRIC_REPRESENTATION_ITEM() 
RATIONAL_B_SPLINE_CURVE((1.,0.5,1.,0.5,1.,0.5,1.)) REPRESENTATION_ITEM(
  '') );
#374 = CARTESIAN_POINT('',(-25.15,-32.15));
#375 = CARTESIAN_POINT('',(-25.15,-23.48974596215));
#376 = CARTESIAN_POINT('',(-17.65,-27.81987298107));
#377 = CARTESIAN_POINT('',(-10.15,-32.15));
#378 = CARTESIAN_POINT('',(-17.65,-36.48012701892));
#379 = CARTESIAN_POINT('',(-25.15,-40.81025403784));
#380 = CARTESIAN_POINT('',(-25.15,-32.15));
#381 = ( GEOMETRIC_REPRESENTATION_CONTEXT(2) 
PARAMETRIC_REPRESENTATION_CONTEXT() REPRESENTATION_CONTEXT('2D SPACE',''
  ) );
#382 = PCURVE('',#128,#383);
#383 = DEFINITIONAL_REPRESENTATION('',(#384),#388);
#384 = LINE('',#385,#386);
#385 = CARTESIAN_POINT('',(0.,-7.523438300723));
#386 = VECTOR('',#387,1.);
#387 = DIRECTION('',(1.,0.));
#388 = ( GEOMETRIC_REPRESENTATION_CONTEXT(2) 
PARAMETRIC_REPRESENTATION_CONTEXT() REPRESENTATION_CONTEXT('2D SPACE',''
  ) );
#389 = ORIENTED_EDGE('',*,*,#390,.T.);
#390 = EDGE_CURVE('',#363,#391,#393,.T.);
#391 = VERTEX_POINT('',#392);
#392 = CARTESIAN_POINT('',(-20.50099087156,-37.13766532639,4.8));
#393 = SURFACE_CURVE('',#394,(#399,#406),.PCURVE_S1.);
#394 = CIRCLE('',#395,3.5);
#395 = AXIS2_PLACEMENT_3D('',#396,#397,#398);
#396 = CARTESIAN_POINT('',(-23.68553390593,-35.68553390593,4.8));
#397 = DIRECTION('',(0.,0.,1.));
#398 = DIRECTION('',(1.,0.,-0.));
#399 = PCURVE('',#156,#400);
#400 = DEFINITIONAL_REPRESENTATION('',(#401),#405);
#401 = CIRCLE('',#402,3.5);
#402 = AXIS2_PLACEMENT_2D('',#403,#404);
#403 = CARTESIAN_POINT('',(-23.68553390593,-35.68553390593));
#404 = DIRECTION('',(1.,0.));
#405 = ( GEOMETRIC_REPRESENTATION_CONTEXT(2) 
PARAMETRIC_REPRESENTATION_CONTEXT() REPRESENTATION_CONTEXT('2D SPACE',''
  ) );
#406 = PCURVE('',#407,#412);
#407 = CYLINDRICAL_SURFACE('',#408,3.5);
#408 = AXIS2_PLACEMENT_3D('',#409,#410,#411);
#409 = CARTESIAN_POINT('',(-23.68553390593,-35.68553390593,
    -2.723438300723));
#410 = DIRECTION('',(0.,0.,1.));
#411 = DIRECTION('',(1.,0.,-0.));
#412 = DEFINITIONAL_REPRESENTATION('',(#413),#417);
#413 = LINE('',#414,#415);
#414 = CARTESIAN_POINT('',(0.,7.523438300723));
#415 = VECTOR('',#416,1.);
#416 = DIRECTION('',(1.,0.));
#417 = ( GEOMETRIC_REPRESENTATION_CONTEXT(2) 
PARAMETRIC_REPRESENTATION_CONTEXT() REPRESENTATION_CONTEXT('2D SPACE',''
  ) );
#418 = ORIENTED_EDGE('',*,*,#419,.F.);
#419 = EDGE_CURVE('',#420,#391,#422,.T.);
#420 = VERTEX_POINT('',#421);
#421 = CARTESIAN_POINT('',(-20.15,-37.15,4.8));
#422 = SURFACE_CURVE('',#423,(#428,#439),.PCURVE_S1.);
#423 = CIRCLE('',#424,5.);
#424 = AXIS2_PLACEMENT_3D('',#425,#426,#427);
#425 = CARTESIAN_POINT('',(-20.15,-32.15,4.8));
#426 = DIRECTION('',(0.,0.,-1.));
#427 = DIRECTION('',(-1.,0.,0.));
#428 = PCURVE('',#156,#429);
#429 = DEFINITIONAL_REPRESENTATION('',(#430),#438);
#430 = ( BOUNDED_CURVE() B_SPLINE_CURVE(2,(#431,#432,#433,#434,#435,#436
,#437),.UNSPECIFIED.,.T.,.F.) B_SPLINE_CURVE_WITH_KNOTS((1,2,2,2,2,1),(
    -2.094395102393,0.,2.094395102393,4.188790204786,6.28318530718,
8.377580409573),.UNSPECIFIED.) CURVE() GEOMETRIC_REPRESENTATION_ITEM() 
RATIONAL_B_SPLINE_CURVE((1.,0.5,1.,0.5,1.,0.5,1.)) REPRESENTATION_ITEM(
  '') );
#431 = CARTESIAN_POINT('',(-25.15,-32.15));
#432 = CARTESIAN_POINT('',(-25.15,-23.48974596215));
#433 = CARTESIAN_POINT('',(-17.65,-27.81987298107));
#434 = CARTESIAN_POINT('',(-10.15,-32.15));
#435 = CARTESIAN_POINT('',(-17.65,-36.48012701892));
#436 = CARTESIAN_POINT('',(-25.15,-40.81025403784));
#437 = CARTESIAN_POINT('',(-25.15,-32.15));
#438 = ( GEOMETRIC_REPRESENTATION_CONTEXT(2) 
PARAMETRIC_REPRESENTATION_CONTEXT() REPRESENTATION_CONTEXT('2D SPACE',''
  ) );
#439 = PCURVE('',#440,#445);
#440 = CYLINDRICAL_SURFACE('',#441,5.);
#441 = AXIS2_PLACEMENT_3D('',#442,#443,#444);
#442 = CARTESIAN_POINT('',(-20.15,-32.15,-2.723438300723));
#443 = DIRECTION('',(0.,0.,-1.));
#444 = DIRECTION('',(-1.,0.,0.));
#445 = DEFINITIONAL_REPRESENTATION('',(#446),#450);
#446 = LINE('',#447,#448);
#447 = CARTESIAN_POINT('',(0.,-7.523438300723));
#448 = VECTOR('',#449,1.);
#449 = DIRECTION('',(1.,0.));
#450 = ( GEOMETRIC_REPRESENTATION_CONTEXT(2) 
PARAMETRIC_REPRESENTATION_CONTEXT() REPRESENTATION_CONTEXT('2D SPACE',''
  ) );
#451 = ORIENTED_EDGE('',*,*,#452,.T.);
#452 = EDGE_CURVE('',#420,#453,#455,.T.);
#453 = VERTEX_POINT('',#454);
#454 = CARTESIAN_POINT('',(20.15,-37.15,4.8));
#455 = SURFACE_CURVE('',#456,(#460,#467),.PCURVE_S1.);
#456 = LINE('',#457,#458);
#457 = CARTESIAN_POINT('',(0.,-37.15,4.8));
#458 = VECTOR('',#459,1.);
#459 = DIRECTION('',(1.,0.,0.));
#460 = PCURVE('',#156,#461);
#461 = DEFINITIONAL_REPRESENTATION('',(#462),#466);
#462 = LINE('',#463,#464);
#463 = CARTESIAN_POINT('',(0.,-37.15));
#464 = VECTOR('',#465,1.);
#465 = DIRECTION('',(1.,0.));
#466 = ( GEOMETRIC_REPRESENTATION_CONTEXT(2) 
PARAMETRIC_REPRESENTATION_CONTEXT() REPRESENTATION_CONTEXT('2D SPACE',''
  ) );
#467 = PCURVE('',#468,#473);
#468 = PLANE('',#469);
#469 = AXIS2_PLACEMENT_3D('',#470,#471,#472);
#470 = CARTESIAN_POINT('',(-20.15,-37.15,-2.723438300723));
#471 = DIRECTION('',(0.,1.,0.));
#472 = DIRECTION('',(1.,0.,0.));
#473 = DEFINITIONAL_REPRESENTATION('',(#474),#478);
#474 = LINE('',#475,#476);
#475 = CARTESIAN_POINT('',(20.15,-7.523438300723));
#476 = VECTOR('',#477,1.);
#477 = DIRECTION('',(1.,0.));
#478 = ( GEOMETRIC_REPRESENTATION_CONTEXT(2) 
PARAMETRIC_REPRESENTATION_CONTEXT() REPRESENTATION_CONTEXT('2D SPACE',''
  ) );
#479 = ORIENTED_EDGE('',*,*,#480,.F.);
#480 = EDGE_CURVE('',#481,#453,#483,.T.);
#481 = VERTEX_POINT('',#482);
#482 = CARTESIAN_POINT('',(20.500990871568,-37.13766532639,4.8));
#483 = SURFACE_CURVE('',#484,(#489,#500),.PCURVE_S1.);
#484 = CIRCLE('',#485,5.);
#485 = AXIS2_PLACEMENT_3D('',#486,#487,#488);
#486 = CARTESIAN_POINT('',(20.15,-32.15,4.8));
#487 = DIRECTION('',(0.,0.,-1.));
#488 = DIRECTION('',(-1.,0.,0.));
#489 = PCURVE('',#156,#490);
#490 = DEFINITIONAL_REPRESENTATION('',(#491),#499);
#491 = ( BOUNDED_CURVE() B_SPLINE_CURVE(2,(#492,#493,#494,#495,#496,#497
,#498),.UNSPECIFIED.,.T.,.F.) B_SPLINE_CURVE_WITH_KNOTS((1,2,2,2,2,1),(
    -2.094395102393,0.,2.094395102393,4.188790204786,6.28318530718,
8.377580409573),.UNSPECIFIED.) CURVE() GEOMETRIC_REPRESENTATION_ITEM() 
RATIONAL_B_SPLINE_CURVE((1.,0.5,1.,0.5,1.,0.5,1.)) REPRESENTATION_ITEM(
  '') );
#492 = CARTESIAN_POINT('',(15.15,-32.15));
#493 = CARTESIAN_POINT('',(15.15,-23.48974596215));
#494 = CARTESIAN_POINT('',(22.65,-27.81987298107));
#495 = CARTESIAN_POINT('',(30.15,-32.15));
#496 = CARTESIAN_POINT('',(22.65,-36.48012701892));
#497 = CARTESIAN_POINT('',(15.15,-40.81025403784));
#498 = CARTESIAN_POINT('',(15.15,-32.15));
#499 = ( GEOMETRIC_REPRESENTATION_CONTEXT(2) 
PARAMETRIC_REPRESENTATION_CONTEXT() REPRESENTATION_CONTEXT('2D SPACE',''
  ) );
#500 = PCURVE('',#501,#506);
#501 = CYLINDRICAL_SURFACE('',#502,5.);
#502 = AXIS2_PLACEMENT_3D('',#503,#504,#505);
#503 = CARTESIAN_POINT('',(20.15,-32.15,-2.723438300723));
#504 = DIRECTION('',(0.,0.,-1.));
#505 = DIRECTION('',(-1.,0.,0.));
#506 = DEFINITIONAL_REPRESENTATION('',(#507),#511);
#507 = LINE('',#508,#509);
#508 = CARTESIAN_POINT('',(0.,-7.523438300723));
#509 = VECTOR('',#510,1.);
#510 = DIRECTION('',(1.,0.));
#511 = ( GEOMETRIC_REPRESENTATION_CONTEXT(2) 
PARAMETRIC_REPRESENTATION_CONTEXT() REPRESENTATION_CONTEXT('2D SPACE',''
  ) );
#512 = ORIENTED_EDGE('',*,*,#513,.T.);
#513 = EDGE_CURVE('',#481,#514,#516,.T.);
#514 = VERTEX_POINT('',#515);
#515 = CARTESIAN_POINT('',(25.13766532639,-32.50099087156,4.8));
#516 = SURFACE_CURVE('',#517,(#522,#529),.PCURVE_S1.);
#517 = CIRCLE('',#518,3.5);
#518 = AXIS2_PLACEMENT_3D('',#519,#520,#521);
#519 = CARTESIAN_POINT('',(23.685533905933,-35.68553390593,4.8));
#520 = DIRECTION('',(0.,0.,1.));
#521 = DIRECTION('',(-0.90986943839,-0.414894691559,0.));
#522 = PCURVE('',#156,#523);
#523 = DEFINITIONAL_REPRESENTATION('',(#524),#528);
#524 = CIRCLE('',#525,3.5);
#525 = AXIS2_PLACEMENT_2D('',#526,#527);
#526 = CARTESIAN_POINT('',(23.685533905933,-35.68553390593));
#527 = DIRECTION('',(-0.90986943839,-0.414894691559));
#528 = ( GEOMETRIC_REPRESENTATION_CONTEXT(2) 
PARAMETRIC_REPRESENTATION_CONTEXT() REPRESENTATION_CONTEXT('2D SPACE',''
  ) );
#529 = PCURVE('',#530,#535);
#530 = CYLINDRICAL_SURFACE('',#531,3.5);
#531 = AXIS2_PLACEMENT_3D('',#532,#533,#534);
#532 = CARTESIAN_POINT('',(23.685533905933,-35.68553390593,
    -2.723438300723));
#533 = DIRECTION('',(0.,0.,1.));
#534 = DIRECTION('',(1.,0.,-0.));
#535 = DEFINITIONAL_REPRESENTATION('',(#536),#540);
#536 = LINE('',#537,#538);
#537 = CARTESIAN_POINT('',(3.569419713342,7.523438300723));
#538 = VECTOR('',#539,1.);
#539 = DIRECTION('',(1.,0.));
#540 = ( GEOMETRIC_REPRESENTATION_CONTEXT(2) 
PARAMETRIC_REPRESENTATION_CONTEXT() REPRESENTATION_CONTEXT('2D SPACE',''
  ) );
#541 = ORIENTED_EDGE('',*,*,#542,.F.);
#542 = EDGE_CURVE('',#543,#514,#545,.T.);
#543 = VERTEX_POINT('',#544);
#544 = CARTESIAN_POINT('',(25.15,-32.15,4.8));
#545 = SURFACE_CURVE('',#546,(#551,#562),.PCURVE_S1.);
#546 = CIRCLE('',#547,5.);
#547 = AXIS2_PLACEMENT_3D('',#548,#549,#550);
#548 = CARTESIAN_POINT('',(20.15,-32.15,4.8));
#549 = DIRECTION('',(0.,0.,-1.));
#550 = DIRECTION('',(-1.,0.,0.));
#551 = PCURVE('',#156,#552);
#552 = DEFINITIONAL_REPRESENTATION('',(#553),#561);
#553 = ( BOUNDED_CURVE() B_SPLINE_CURVE(2,(#554,#555,#556,#557,#558,#559
,#560),.UNSPECIFIED.,.T.,.F.) B_SPLINE_CURVE_WITH_KNOTS((1,2,2,2,2,1),(
    -2.094395102393,0.,2.094395102393,4.188790204786,6.28318530718,
8.377580409573),.UNSPECIFIED.) CURVE() GEOMETRIC_REPRESENTATION_ITEM() 
RATIONAL_B_SPLINE_CURVE((1.,0.5,1.,0.5,1.,0.5,1.)) REPRESENTATION_ITEM(
  '') );
#554 = CARTESIAN_POINT('',(15.15,-32.15));
#555 = CARTESIAN_POINT('',(15.15,-23.48974596215));
#556 = CARTESIAN_POINT('',(22.65,-27.81987298107));
#557 = CARTESIAN_POINT('',(30.15,-32.15));
#558 = CARTESIAN_POINT('',(22.65,-36.48012701892));
#559 = CARTESIAN_POINT('',(15.15,-40.81025403784));
#560 = CARTESIAN_POINT('',(15.15,-32.15));
#561 = ( GEOMETRIC_REPRESENTATION_CONTEXT(2) 
PARAMETRIC_REPRESENTATION_CONTEXT() REPRESENTATION_CONTEXT('2D SPACE',''
  ) );
#562 = PCURVE('',#563,#568);
#563 = CYLINDRICAL_SURFACE('',#564,5.);
#564 = AXIS2_PLACEMENT_3D('',#565,#566,#567);
#565 = CARTESIAN_POINT('',(20.15,-32.15,-2.723438300723));
#566 = DIRECTION('',(0.,0.,-1.));
#567 = DIRECTION('',(-1.,0.,0.));
#568 = DEFINITIONAL_REPRESENTATION('',(#569),#573);
#569 = LINE('',#570,#571);
#570 = CARTESIAN_POINT('',(0.,-7.523438300723));
#571 = VECTOR('',#572,1.);
#572 = DIRECTION('',(1.,0.));
#573 = ( GEOMETRIC_REPRESENTATION_CONTEXT(2) 
PARAMETRIC_REPRESENTATION_CONTEXT() REPRESENTATION_CONTEXT('2D SPACE',''
  ) );
#574 = ORIENTED_EDGE('',*,*,#575,.T.);
#575 = EDGE_CURVE('',#543,#576,#578,.T.);
#576 = VERTEX_POINT('',#577);
#577 = CARTESIAN_POINT('',(25.15,-15.2,4.8));
#578 = SURFACE_CURVE('',#579,(#583,#590),.PCURVE_S1.);
#579 = LINE('',#580,#581);
#580 = CARTESIAN_POINT('',(25.15,0.,4.8));
#581 = VECTOR('',#582,1.);
#582 = DIRECTION('',(0.,1.,0.));
#583 = PCURVE('',#156,#584);
#584 = DEFINITIONAL_REPRESENTATION('',(#585),#589);
#585 = LINE('',#586,#587);
#586 = CARTESIAN_POINT('',(25.15,2.0701883982E-15));
#587 = VECTOR('',#588,1.);
#588 = DIRECTION('',(0.,1.));
#589 = ( GEOMETRIC_REPRESENTATION_CONTEXT(2) 
PARAMETRIC_REPRESENTATION_CONTEXT() REPRESENTATION_CONTEXT('2D SPACE',''
  ) );
#590 = PCURVE('',#591,#596);
#591 = PLANE('',#592);
#592 = AXIS2_PLACEMENT_3D('',#593,#594,#595);
#593 = CARTESIAN_POINT('',(25.15,-32.15,-2.723438300723));
#594 = DIRECTION('',(-1.,0.,0.));
#595 = DIRECTION('',(0.,1.,0.));
#596 = DEFINITIONAL_REPRESENTATION('',(#597),#601);
#597 = LINE('',#598,#599);
#598 = CARTESIAN_POINT('',(32.15,-7.523438300723));
#599 = VECTOR('',#600,1.);
#600 = DIRECTION('',(1.,0.));
#601 = ( GEOMETRIC_REPRESENTATION_CONTEXT(2) 
PARAMETRIC_REPRESENTATION_CONTEXT() REPRESENTATION_CONTEXT('2D SPACE',''
  ) );
#602 = ORIENTED_EDGE('',*,*,#603,.T.);
#603 = EDGE_CURVE('',#576,#604,#606,.T.);
#604 = VERTEX_POINT('',#605);
#605 = CARTESIAN_POINT('',(25.15,15.2,4.8));
#606 = SURFACE_CURVE('',#607,(#611,#618),.PCURVE_S1.);
#607 = LINE('',#608,#609);
#608 = CARTESIAN_POINT('',(25.15,0.,4.8));
#609 = VECTOR('',#610,1.);
#610 = DIRECTION('',(0.,1.,0.));
#611 = PCURVE('',#156,#612);
#612 = DEFINITIONAL_REPRESENTATION('',(#613),#617);
#613 = LINE('',#614,#615);
#614 = CARTESIAN_POINT('',(25.15,2.0701883982E-15));
#615 = VECTOR('',#616,1.);
#616 = DIRECTION('',(0.,1.));
#617 = ( GEOMETRIC_REPRESENTATION_CONTEXT(2) 
PARAMETRIC_REPRESENTATION_CONTEXT() REPRESENTATION_CONTEXT('2D SPACE',''
  ) );
#618 = PCURVE('',#619,#624);
#619 = PLANE('',#620);
#620 = AXIS2_PLACEMENT_3D('',#621,#622,#623);
#621 = CARTESIAN_POINT('',(25.15,-15.2,-1.5));
#622 = DIRECTION('',(1.,0.,-0.));
#623 = DIRECTION('',(0.,0.,1.));
#624 = DEFINITIONAL_REPRESENTATION('',(#625),#629);
#625 = LINE('',#626,#627);
#626 = CARTESIAN_POINT('',(6.3,-15.2));
#627 = VECTOR('',#628,1.);
#628 = DIRECTION('',(0.,-1.));
#629 = ( GEOMETRIC_REPRESENTATION_CONTEXT(2) 
PARAMETRIC_REPRESENTATION_CONTEXT() REPRESENTATION_CONTEXT('2D SPACE',''
  ) );
#630 = ORIENTED_EDGE('',*,*,#631,.T.);
#631 = EDGE_CURVE('',#604,#632,#634,.T.);
#632 = VERTEX_POINT('',#633);
#633 = CARTESIAN_POINT('',(25.15,32.15,4.8));
#634 = SURFACE_CURVE('',#635,(#639,#646),.PCURVE_S1.);
#635 = LINE('',#636,#637);
#636 = CARTESIAN_POINT('',(25.15,0.,4.8));
#637 = VECTOR('',#638,1.);
#638 = DIRECTION('',(0.,1.,0.));
#639 = PCURVE('',#156,#640);
#640 = DEFINITIONAL_REPRESENTATION('',(#641),#645);
#641 = LINE('',#642,#643);
#642 = CARTESIAN_POINT('',(25.15,2.0701883982E-15));
#643 = VECTOR('',#644,1.);
#644 = DIRECTION('',(0.,1.));
#645 = ( GEOMETRIC_REPRESENTATION_CONTEXT(2) 
PARAMETRIC_REPRESENTATION_CONTEXT() REPRESENTATION_CONTEXT('2D SPACE',''
  ) );
#646 = PCURVE('',#591,#647);
#647 = DEFINITIONAL_REPRESENTATION('',(#648),#652);
#648 = LINE('',#649,#650);
#649 = CARTESIAN_POINT('',(32.15,-7.523438300723));
#650 = VECTOR('',#651,1.);
#651 = DIRECTION('',(1.,0.));
#652 = ( GEOMETRIC_REPRESENTATION_CONTEXT(2) 
PARAMETRIC_REPRESENTATION_CONTEXT() REPRESENTATION_CONTEXT('2D SPACE',''
  ) );
#653 = ORIENTED_EDGE('',*,*,#654,.F.);
#654 = EDGE_CURVE('',#655,#632,#657,.T.);
#655 = VERTEX_POINT('',#656);
#656 = CARTESIAN_POINT('',(25.13766532639,32.500990871568,4.8));
#657 = SURFACE_CURVE('',#658,(#663,#674),.PCURVE_S1.);
#658 = CIRCLE('',#659,5.);
#659 = AXIS2_PLACEMENT_3D('',#660,#661,#662);
#660 = CARTESIAN_POINT('',(20.15,32.15,4.8));
#661 = DIRECTION('',(0.,0.,-1.));
#662 = DIRECTION('',(-1.,0.,0.));
#663 = PCURVE('',#156,#664);
#664 = DEFINITIONAL_REPRESENTATION('',(#665),#673);
#665 = ( BOUNDED_CURVE() B_SPLINE_CURVE(2,(#666,#667,#668,#669,#670,#671
,#672),.UNSPECIFIED.,.T.,.F.) B_SPLINE_CURVE_WITH_KNOTS((1,2,2,2,2,1),(
    -2.094395102393,0.,2.094395102393,4.188790204786,6.28318530718,
8.377580409573),.UNSPECIFIED.) CURVE() GEOMETRIC_REPRESENTATION_ITEM() 
RATIONAL_B_SPLINE_CURVE((1.,0.5,1.,0.5,1.,0.5,1.)) REPRESENTATION_ITEM(
  '') );
#666 = CARTESIAN_POINT('',(15.15,32.15));
#667 = CARTESIAN_POINT('',(15.15,40.810254037844));
#668 = CARTESIAN_POINT('',(22.65,36.480127018922));
#669 = CARTESIAN_POINT('',(30.15,32.15));
#670 = CARTESIAN_POINT('',(22.65,27.819872981078));
#671 = CARTESIAN_POINT('',(15.15,23.489745962156));
#672 = CARTESIAN_POINT('',(15.15,32.15));
#673 = ( GEOMETRIC_REPRESENTATION_CONTEXT(2) 
PARAMETRIC_REPRESENTATION_CONTEXT() REPRESENTATION_CONTEXT('2D SPACE',''
  ) );
#674 = PCURVE('',#675,#680);
#675 = CYLINDRICAL_SURFACE('',#676,5.);
#676 = AXIS2_PLACEMENT_3D('',#677,#678,#679);
#677 = CARTESIAN_POINT('',(20.15,32.15,-2.723438300723));
#678 = DIRECTION('',(0.,0.,-1.));
#679 = DIRECTION('',(-1.,0.,0.));
#680 = DEFINITIONAL_REPRESENTATION('',(#681),#685);
#681 = LINE('',#682,#683);
#682 = CARTESIAN_POINT('',(0.,-7.523438300723));
#683 = VECTOR('',#684,1.);
#684 = DIRECTION('',(1.,0.));
#685 = ( GEOMETRIC_REPRESENTATION_CONTEXT(2) 
PARAMETRIC_REPRESENTATION_CONTEXT() REPRESENTATION_CONTEXT('2D SPACE',''
  ) );
#686 = ORIENTED_EDGE('',*,*,#687,.T.);
#687 = EDGE_CURVE('',#655,#688,#690,.T.);
#688 = VERTEX_POINT('',#689);
#689 = CARTESIAN_POINT('',(20.500990871568,37.13766532639,4.8));
#690 = SURFACE_CURVE('',#691,(#696,#703),.PCURVE_S1.);
#691 = CIRCLE('',#692,3.5);
#692 = AXIS2_PLACEMENT_3D('',#693,#694,#695);
#693 = CARTESIAN_POINT('',(23.685533905933,35.685533905933,4.8));
#694 = DIRECTION('',(-0.,0.,1.));
#695 = DIRECTION('',(0.414894691559,-0.90986943839,0.));
#696 = PCURVE('',#156,#697);
#697 = DEFINITIONAL_REPRESENTATION('',(#698),#702);
#698 = CIRCLE('',#699,3.5);
#699 = AXIS2_PLACEMENT_2D('',#700,#701);
#700 = CARTESIAN_POINT('',(23.685533905933,35.685533905933));
#701 = DIRECTION('',(0.414894691559,-0.90986943839));
#702 = ( GEOMETRIC_REPRESENTATION_CONTEXT(2) 
PARAMETRIC_REPRESENTATION_CONTEXT() REPRESENTATION_CONTEXT('2D SPACE',''
  ) );
#703 = PCURVE('',#704,#709);
#704 = CYLINDRICAL_SURFACE('',#705,3.5);
#705 = AXIS2_PLACEMENT_3D('',#706,#707,#708);
#706 = CARTESIAN_POINT('',(23.685533905933,35.685533905933,
    -2.723438300723));
#707 = DIRECTION('',(0.,0.,1.));
#708 = DIRECTION('',(1.,0.,-0.));
#709 = DEFINITIONAL_REPRESENTATION('',(#710),#714);
#710 = LINE('',#711,#712);
#711 = CARTESIAN_POINT('',(5.140216040137,7.523438300723));
#712 = VECTOR('',#713,1.);
#713 = DIRECTION('',(1.,0.));
#714 = ( GEOMETRIC_REPRESENTATION_CONTEXT(2) 
PARAMETRIC_REPRESENTATION_CONTEXT() REPRESENTATION_CONTEXT('2D SPACE',''
  ) );
#715 = ORIENTED_EDGE('',*,*,#716,.F.);
#716 = EDGE_CURVE('',#717,#688,#719,.T.);
#717 = VERTEX_POINT('',#718);
#718 = CARTESIAN_POINT('',(20.15,37.15,4.8));
#719 = SURFACE_CURVE('',#720,(#725,#736),.PCURVE_S1.);
#720 = CIRCLE('',#721,5.);
#721 = AXIS2_PLACEMENT_3D('',#722,#723,#724);
#722 = CARTESIAN_POINT('',(20.15,32.15,4.8));
#723 = DIRECTION('',(0.,0.,-1.));
#724 = DIRECTION('',(-1.,0.,0.));
#725 = PCURVE('',#156,#726);
#726 = DEFINITIONAL_REPRESENTATION('',(#727),#735);
#727 = ( BOUNDED_CURVE() B_SPLINE_CURVE(2,(#728,#729,#730,#731,#732,#733
,#734),.UNSPECIFIED.,.T.,.F.) B_SPLINE_CURVE_WITH_KNOTS((1,2,2,2,2,1),(
    -2.094395102393,0.,2.094395102393,4.188790204786,6.28318530718,
8.377580409573),.UNSPECIFIED.) CURVE() GEOMETRIC_REPRESENTATION_ITEM() 
RATIONAL_B_SPLINE_CURVE((1.,0.5,1.,0.5,1.,0.5,1.)) REPRESENTATION_ITEM(
  '') );
#728 = CARTESIAN_POINT('',(15.15,32.15));
#729 = CARTESIAN_POINT('',(15.15,40.810254037844));
#730 = CARTESIAN_POINT('',(22.65,36.480127018922));
#731 = CARTESIAN_POINT('',(30.15,32.15));
#732 = CARTESIAN_POINT('',(22.65,27.819872981078));
#733 = CARTESIAN_POINT('',(15.15,23.489745962156));
#734 = CARTESIAN_POINT('',(15.15,32.15));
#735 = ( GEOMETRIC_REPRESENTATION_CONTEXT(2) 
PARAMETRIC_REPRESENTATION_CONTEXT() REPRESENTATION_CONTEXT('2D SPACE',''
  ) );
#736 = PCURVE('',#737,#742);
#737 = CYLINDRICAL_SURFACE('',#738,5.);
#738 = AXIS2_PLACEMENT_3D('',#739,#740,#741);
#739 = CARTESIAN_POINT('',(20.15,32.15,-2.723438300723));
#740 = DIRECTION('',(0.,0.,-1.));
#741 = DIRECTION('',(-1.,0.,0.));
#742 = DEFINITIONAL_REPRESENTATION('',(#743),#747);
#743 = LINE('',#744,#745);
#744 = CARTESIAN_POINT('',(0.,-7.523438300723));
#745 = VECTOR('',#746,1.);
#746 = DIRECTION('',(1.,0.));
#747 = ( GEOMETRIC_REPRESENTATION_CONTEXT(2) 
PARAMETRIC_REPRESENTATION_CONTEXT() REPRESENTATION_CONTEXT('2D SPACE',''
  ) );
#748 = ORIENTED_EDGE('',*,*,#749,.F.);
#749 = EDGE_CURVE('',#750,#717,#752,.T.);
#750 = VERTEX_POINT('',#751);
#751 = CARTESIAN_POINT('',(-20.15,37.15,4.8));
#752 = SURFACE_CURVE('',#753,(#757,#764),.PCURVE_S1.);
#753 = LINE('',#754,#755);
#754 = CARTESIAN_POINT('',(0.,37.15,4.8));
#755 = VECTOR('',#756,1.);
#756 = DIRECTION('',(1.,0.,0.));
#757 = PCURVE('',#156,#758);
#758 = DEFINITIONAL_REPRESENTATION('',(#759),#763);
#759 = LINE('',#760,#761);
#760 = CARTESIAN_POINT('',(0.,37.15));
#761 = VECTOR('',#762,1.);
#762 = DIRECTION('',(1.,0.));
#763 = ( GEOMETRIC_REPRESENTATION_CONTEXT(2) 
PARAMETRIC_REPRESENTATION_CONTEXT() REPRESENTATION_CONTEXT('2D SPACE',''
  ) );
#764 = PCURVE('',#765,#770);
#765 = PLANE('',#766);
#766 = AXIS2_PLACEMENT_3D('',#767,#768,#769);
#767 = CARTESIAN_POINT('',(-20.15,37.15,-2.723438300723));
#768 = DIRECTION('',(0.,1.,0.));
#769 = DIRECTION('',(1.,0.,0.));
#770 = DEFINITIONAL_REPRESENTATION('',(#771),#775);
#771 = LINE('',#772,#773);
#772 = CARTESIAN_POINT('',(20.15,-7.523438300723));
#773 = VECTOR('',#774,1.);
#774 = DIRECTION('',(1.,0.));
#775 = ( GEOMETRIC_REPRESENTATION_CONTEXT(2) 
PARAMETRIC_REPRESENTATION_CONTEXT() REPRESENTATION_CONTEXT('2D SPACE',''
  ) );
#776 = ORIENTED_EDGE('',*,*,#777,.F.);
#777 = EDGE_CURVE('',#778,#750,#780,.T.);
#778 = VERTEX_POINT('',#779);
#779 = CARTESIAN_POINT('',(-20.50099087156,37.13766532639,4.8));
#780 = SURFACE_CURVE('',#781,(#786,#797),.PCURVE_S1.);
#781 = CIRCLE('',#782,5.);
#782 = AXIS2_PLACEMENT_3D('',#783,#784,#785);
#783 = CARTESIAN_POINT('',(-20.15,32.15,4.8));
#784 = DIRECTION('',(0.,0.,-1.));
#785 = DIRECTION('',(-1.,0.,0.));
#786 = PCURVE('',#156,#787);
#787 = DEFINITIONAL_REPRESENTATION('',(#788),#796);
#788 = ( BOUNDED_CURVE() B_SPLINE_CURVE(2,(#789,#790,#791,#792,#793,#794
,#795),.UNSPECIFIED.,.T.,.F.) B_SPLINE_CURVE_WITH_KNOTS((1,2,2,2,2,1),(
    -2.094395102393,0.,2.094395102393,4.188790204786,6.28318530718,
8.377580409573),.UNSPECIFIED.) CURVE() GEOMETRIC_REPRESENTATION_ITEM() 
RATIONAL_B_SPLINE_CURVE((1.,0.5,1.,0.5,1.,0.5,1.)) REPRESENTATION_ITEM(
  '') );
#789 = CARTESIAN_POINT('',(-25.15,32.15));
#790 = CARTESIAN_POINT('',(-25.15,40.810254037844));
#791 = CARTESIAN_POINT('',(-17.65,36.480127018922));
#792 = CARTESIAN_POINT('',(-10.15,32.15));
#793 = CARTESIAN_POINT('',(-17.65,27.819872981078));
#794 = CARTESIAN_POINT('',(-25.15,23.489745962156));
#795 = CARTESIAN_POINT('',(-25.15,32.15));
#796 = ( GEOMETRIC_REPRESENTATION_CONTEXT(2) 
PARAMETRIC_REPRESENTATION_CONTEXT() REPRESENTATION_CONTEXT('2D SPACE',''
  ) );
#797 = PCURVE('',#798,#803);
#798 = CYLINDRICAL_SURFACE('',#799,5.);
#799 = AXIS2_PLACEMENT_3D('',#800,#801,#802);
#800 = CARTESIAN_POINT('',(-20.15,32.15,-2.723438300723));
#801 = DIRECTION('',(0.,0.,-1.));
#802 = DIRECTION('',(-1.,0.,0.));
#803 = DEFINITIONAL_REPRESENTATION('',(#804),#808);
#804 = LINE('',#805,#806);
#805 = CARTESIAN_POINT('',(0.,-7.523438300723));
#806 = VECTOR('',#807,1.);
#807 = DIRECTION('',(1.,0.));
#808 = ( GEOMETRIC_REPRESENTATION_CONTEXT(2) 
PARAMETRIC_REPRESENTATION_CONTEXT() REPRESENTATION_CONTEXT('2D SPACE',''
  ) );
#809 = ORIENTED_EDGE('',*,*,#810,.T.);
#810 = EDGE_CURVE('',#778,#307,#811,.T.);
#811 = SURFACE_CURVE('',#812,(#817,#824),.PCURVE_S1.);
#812 = CIRCLE('',#813,3.5);
#813 = AXIS2_PLACEMENT_3D('',#814,#815,#816);
#814 = CARTESIAN_POINT('',(-23.68553390593,35.685533905933,4.8));
#815 = DIRECTION('',(0.,0.,1.));
#816 = DIRECTION('',(1.,0.,-0.));
#817 = PCURVE('',#156,#818);
#818 = DEFINITIONAL_REPRESENTATION('',(#819),#823);
#819 = CIRCLE('',#820,3.5);
#820 = AXIS2_PLACEMENT_2D('',#821,#822);
#821 = CARTESIAN_POINT('',(-23.68553390593,35.685533905933));
#822 = DIRECTION('',(1.,0.));
#823 = ( GEOMETRIC_REPRESENTATION_CONTEXT(2) 
PARAMETRIC_REPRESENTATION_CONTEXT() REPRESENTATION_CONTEXT('2D SPACE',''
  ) );
#824 = PCURVE('',#347,#825);
#825 = DEFINITIONAL_REPRESENTATION('',(#826),#830);
#826 = LINE('',#827,#828);
#827 = CARTESIAN_POINT('',(0.,7.523438300723));
#828 = VECTOR('',#829,1.);
#829 = DIRECTION('',(1.,0.));
#830 = ( GEOMETRIC_REPRESENTATION_CONTEXT(2) 
PARAMETRIC_REPRESENTATION_CONTEXT() REPRESENTATION_CONTEXT('2D SPACE',''
  ) );
#831 = ORIENTED_EDGE('',*,*,#306,.F.);
#832 = ORIENTED_EDGE('',*,*,#252,.F.);
#833 = ORIENTED_EDGE('',*,*,#834,.F.);
#834 = EDGE_CURVE('',#141,#225,#835,.T.);
#835 = SURFACE_CURVE('',#836,(#840,#847),.PCURVE_S1.);
#836 = LINE('',#837,#838);
#837 = CARTESIAN_POINT('',(-25.15,0.,4.8));
#838 = VECTOR('',#839,1.);
#839 = DIRECTION('',(0.,1.,0.));
#840 = PCURVE('',#156,#841);
#841 = DEFINITIONAL_REPRESENTATION('',(#842),#846);
#842 = LINE('',#843,#844);
#843 = CARTESIAN_POINT('',(-25.15,2.0701883982E-15));
#844 = VECTOR('',#845,1.);
#845 = DIRECTION('',(0.,1.));
#846 = ( GEOMETRIC_REPRESENTATION_CONTEXT(2) 
PARAMETRIC_REPRESENTATION_CONTEXT() REPRESENTATION_CONTEXT('2D SPACE',''
  ) );
#847 = PCURVE('',#848,#853);
#848 = PLANE('',#849);
#849 = AXIS2_PLACEMENT_3D('',#850,#851,#852);
#850 = CARTESIAN_POINT('',(-25.15,-15.2,-1.5));
#851 = DIRECTION('',(1.,0.,-0.));
#852 = DIRECTION('',(0.,0.,1.));
#853 = DEFINITIONAL_REPRESENTATION('',(#854),#858);
#854 = LINE('',#855,#856);
#855 = CARTESIAN_POINT('',(6.3,-15.2));
#856 = VECTOR('',#857,1.);
#857 = DIRECTION('',(0.,-1.));
#858 = ( GEOMETRIC_REPRESENTATION_CONTEXT(2) 
PARAMETRIC_REPRESENTATION_CONTEXT() REPRESENTATION_CONTEXT('2D SPACE',''
  ) );
#859 = FACE_BOUND('',#860,.T.);
#860 = EDGE_LOOP('',(#861));
#861 = ORIENTED_EDGE('',*,*,#862,.F.);
#862 = EDGE_CURVE('',#863,#863,#865,.T.);
#863 = VERTEX_POINT('',#864);
#864 = CARTESIAN_POINT('',(-22.83553390593,-35.68553390593,4.8));
#865 = SURFACE_CURVE('',#866,(#871,#878),.PCURVE_S1.);
#866 = CIRCLE('',#867,0.85);
#867 = AXIS2_PLACEMENT_3D('',#868,#869,#870);
#868 = CARTESIAN_POINT('',(-23.68553390593,-35.68553390593,4.8));
#869 = DIRECTION('',(0.,0.,1.));
#870 = DIRECTION('',(1.,0.,-0.));
#871 = PCURVE('',#156,#872);
#872 = DEFINITIONAL_REPRESENTATION('',(#873),#877);
#873 = CIRCLE('',#874,0.85);
#874 = AXIS2_PLACEMENT_2D('',#875,#876);
#875 = CARTESIAN_POINT('',(-23.68553390593,-35.68553390593));
#876 = DIRECTION('',(1.,0.));
#877 = ( GEOMETRIC_REPRESENTATION_CONTEXT(2) 
PARAMETRIC_REPRESENTATION_CONTEXT() REPRESENTATION_CONTEXT('2D SPACE',''
  ) );
#878 = PCURVE('',#879,#884);
#879 = CYLINDRICAL_SURFACE('',#880,0.85);
#880 = AXIS2_PLACEMENT_3D('',#881,#882,#883);
#881 = CARTESIAN_POINT('',(-23.68553390593,-35.68553390593,-1.2));
#882 = DIRECTION('',(0.,0.,1.));
#883 = DIRECTION('',(1.,0.,-0.));
#884 = DEFINITIONAL_REPRESENTATION('',(#885),#889);
#885 = LINE('',#886,#887);
#886 = CARTESIAN_POINT('',(0.,6.));
#887 = VECTOR('',#888,1.);
#888 = DIRECTION('',(1.,0.));
#889 = ( GEOMETRIC_REPRESENTATION_CONTEXT(2) 
PARAMETRIC_REPRESENTATION_CONTEXT() REPRESENTATION_CONTEXT('2D SPACE',''
  ) );
#890 = FACE_BOUND('',#891,.T.);
#891 = EDGE_LOOP('',(#892));
#892 = ORIENTED_EDGE('',*,*,#893,.F.);
#893 = EDGE_CURVE('',#894,#894,#896,.T.);
#894 = VERTEX_POINT('',#895);
#895 = CARTESIAN_POINT('',(24.535533905933,-35.68553390593,4.8));
#896 = SURFACE_CURVE('',#897,(#902,#909),.PCURVE_S1.);
#897 = CIRCLE('',#898,0.85);
#898 = AXIS2_PLACEMENT_3D('',#899,#900,#901);
#899 = CARTESIAN_POINT('',(23.685533905933,-35.68553390593,4.8));
#900 = DIRECTION('',(0.,0.,1.));
#901 = DIRECTION('',(1.,0.,-0.));
#902 = PCURVE('',#156,#903);
#903 = DEFINITIONAL_REPRESENTATION('',(#904),#908);
#904 = CIRCLE('',#905,0.85);
#905 = AXIS2_PLACEMENT_2D('',#906,#907);
#906 = CARTESIAN_POINT('',(23.685533905933,-35.68553390593));
#907 = DIRECTION('',(1.,0.));
#908 = ( GEOMETRIC_REPRESENTATION_CONTEXT(2) 
PARAMETRIC_REPRESENTATION_CONTEXT() REPRESENTATION_CONTEXT('2D SPACE',''
  ) );
#909 = PCURVE('',#910,#915);
#910 = CYLINDRICAL_SURFACE('',#911,0.85);
#911 = AXIS2_PLACEMENT_3D('',#912,#913,#914);
#912 = CARTESIAN_POINT('',(23.685533905933,-35.68553390593,-1.2));
#913 = DIRECTION('',(0.,0.,1.));
#914 = DIRECTION('',(1.,0.,-0.));
#915 = DEFINITIONAL_REPRESENTATION('',(#916),#920);
#916 = LINE('',#917,#918);
#917 = CARTESIAN_POINT('',(0.,6.));
#918 = VECTOR('',#919,1.);
#919 = DIRECTION('',(1.,0.));
#920 = ( GEOMETRIC_REPRESENTATION_CONTEXT(2) 
PARAMETRIC_REPRESENTATION_CONTEXT() REPRESENTATION_CONTEXT('2D SPACE',''
  ) );
#921 = FACE_BOUND('',#922,.T.);
#922 = EDGE_LOOP('',(#923,#951,#984,#1010,#1043,#1069,#1102,#1128));
#923 = ORIENTED_EDGE('',*,*,#924,.F.);
#924 = EDGE_CURVE('',#925,#927,#929,.T.);
#925 = VERTEX_POINT('',#926);
#926 = CARTESIAN_POINT('',(-23.35,32.15,4.8));
#927 = VERTEX_POINT('',#928);
#928 = CARTESIAN_POINT('',(-23.35,-32.15,4.8));
#929 = SURFACE_CURVE('',#930,(#934,#940),.PCURVE_S1.);
#930 = LINE('',#931,#932);
#931 = CARTESIAN_POINT('',(-23.35,-16.075,4.8));
#932 = VECTOR('',#933,1.);
#933 = DIRECTION('',(0.,-1.,0.));
#934 = PCURVE('',#156,#935);
#935 = DEFINITIONAL_REPRESENTATION('',(#936),#939);
#936 = B_SPLINE_CURVE_WITH_KNOTS('',1,(#937,#938),.UNSPECIFIED.,.F.,.F.,
  (2,2),(-48.225,16.075),.PIECEWISE_BEZIER_KNOTS.);
#937 = CARTESIAN_POINT('',(-23.35,32.15));
#938 = CARTESIAN_POINT('',(-23.35,-32.15));
#939 = ( GEOMETRIC_REPRESENTATION_CONTEXT(2) 
PARAMETRIC_REPRESENTATION_CONTEXT() REPRESENTATION_CONTEXT('2D SPACE',''
  ) );
#940 = PCURVE('',#941,#946);
#941 = PLANE('',#942);
#942 = AXIS2_PLACEMENT_3D('',#943,#944,#945);
#943 = CARTESIAN_POINT('',(-23.35,-32.15,1.4));
#944 = DIRECTION('',(-1.,0.,0.));
#945 = DIRECTION('',(0.,1.,0.));
#946 = DEFINITIONAL_REPRESENTATION('',(#947),#950);
#947 = B_SPLINE_CURVE_WITH_KNOTS('',1,(#948,#949),.UNSPECIFIED.,.F.,.F.,
  (2,2),(-48.225,16.075),.PIECEWISE_BEZIER_KNOTS.);
#948 = CARTESIAN_POINT('',(64.3,-3.4));
#949 = CARTESIAN_POINT('',(0.,-3.4));
#950 = ( GEOMETRIC_REPRESENTATION_CONTEXT(2) 
PARAMETRIC_REPRESENTATION_CONTEXT() REPRESENTATION_CONTEXT('2D SPACE',''
  ) );
#951 = ORIENTED_EDGE('',*,*,#952,.T.);
#952 = EDGE_CURVE('',#925,#953,#955,.T.);
#953 = VERTEX_POINT('',#954);
#954 = CARTESIAN_POINT('',(-20.15,35.35,4.8));
#955 = SURFACE_CURVE('',#956,(#961,#972),.PCURVE_S1.);
#956 = CIRCLE('',#957,3.2);
#957 = AXIS2_PLACEMENT_3D('',#958,#959,#960);
#958 = CARTESIAN_POINT('',(-20.15,32.15,4.8));
#959 = DIRECTION('',(0.,0.,-1.));
#960 = DIRECTION('',(1.,0.,0.));
#961 = PCURVE('',#156,#962);
#962 = DEFINITIONAL_REPRESENTATION('',(#963),#971);
#963 = ( BOUNDED_CURVE() B_SPLINE_CURVE(2,(#964,#965,#966,#967,#968,#969
,#970),.UNSPECIFIED.,.T.,.F.) B_SPLINE_CURVE_WITH_KNOTS((1,2,2,2,2,1),(
    -2.094395102393,0.,2.094395102393,4.188790204786,6.28318530718,
8.377580409573),.UNSPECIFIED.) CURVE() GEOMETRIC_REPRESENTATION_ITEM() 
RATIONAL_B_SPLINE_CURVE((1.,0.5,1.,0.5,1.,0.5,1.)) REPRESENTATION_ITEM(
  '') );
#964 = CARTESIAN_POINT('',(-16.95,32.15));
#965 = CARTESIAN_POINT('',(-16.95,26.60743741578));
#966 = CARTESIAN_POINT('',(-21.75,29.37871870789));
#967 = CARTESIAN_POINT('',(-26.55,32.15));
#968 = CARTESIAN_POINT('',(-21.75,34.92128129211));
#969 = CARTESIAN_POINT('',(-16.95,37.69256258422));
#970 = CARTESIAN_POINT('',(-16.95,32.15));
#971 = ( GEOMETRIC_REPRESENTATION_CONTEXT(2) 
PARAMETRIC_REPRESENTATION_CONTEXT() REPRESENTATION_CONTEXT('2D SPACE',''
  ) );
#972 = PCURVE('',#973,#978);
#973 = CYLINDRICAL_SURFACE('',#974,3.2);
#974 = AXIS2_PLACEMENT_3D('',#975,#976,#977);
#975 = CARTESIAN_POINT('',(-20.15,32.15,1.4));
#976 = DIRECTION('',(-0.,-0.,-1.));
#977 = DIRECTION('',(1.,0.,0.));
#978 = DEFINITIONAL_REPRESENTATION('',(#979),#983);
#979 = LINE('',#980,#981);
#980 = CARTESIAN_POINT('',(-6.28318530718,-3.4));
#981 = VECTOR('',#982,1.);
#982 = DIRECTION('',(1.,-0.));
#983 = ( GEOMETRIC_REPRESENTATION_CONTEXT(2) 
PARAMETRIC_REPRESENTATION_CONTEXT() REPRESENTATION_CONTEXT('2D SPACE',''
  ) );
#984 = ORIENTED_EDGE('',*,*,#985,.F.);
#985 = EDGE_CURVE('',#986,#953,#988,.T.);
#986 = VERTEX_POINT('',#987);
#987 = CARTESIAN_POINT('',(20.15,35.35,4.8));
#988 = SURFACE_CURVE('',#989,(#993,#999),.PCURVE_S1.);
#989 = LINE('',#990,#991);
#990 = CARTESIAN_POINT('',(-10.075,35.35,4.8));
#991 = VECTOR('',#992,1.);
#992 = DIRECTION('',(-1.,0.,0.));
#993 = PCURVE('',#156,#994);
#994 = DEFINITIONAL_REPRESENTATION('',(#995),#998);
#995 = B_SPLINE_CURVE_WITH_KNOTS('',1,(#996,#997),.UNSPECIFIED.,.F.,.F.,
  (2,2),(-30.225,10.075),.PIECEWISE_BEZIER_KNOTS.);
#996 = CARTESIAN_POINT('',(20.15,35.35));
#997 = CARTESIAN_POINT('',(-20.15,35.35));
#998 = ( GEOMETRIC_REPRESENTATION_CONTEXT(2) 
PARAMETRIC_REPRESENTATION_CONTEXT() REPRESENTATION_CONTEXT('2D SPACE',''
  ) );
#999 = PCURVE('',#1000,#1005);
#1000 = PLANE('',#1001);
#1001 = AXIS2_PLACEMENT_3D('',#1002,#1003,#1004);
#1002 = CARTESIAN_POINT('',(-20.15,35.35,1.4));
#1003 = DIRECTION('',(0.,1.,0.));
#1004 = DIRECTION('',(1.,0.,0.));
#1005 = DEFINITIONAL_REPRESENTATION('',(#1006),#1009);
#1006 = B_SPLINE_CURVE_WITH_KNOTS('',1,(#1007,#1008),.UNSPECIFIED.,.F.,
  .F.,(2,2),(-30.225,10.075),.PIECEWISE_BEZIER_KNOTS.);
#1007 = CARTESIAN_POINT('',(40.3,-3.4));
#1008 = CARTESIAN_POINT('',(0.,-3.4));
#1009 = ( GEOMETRIC_REPRESENTATION_CONTEXT(2) 
PARAMETRIC_REPRESENTATION_CONTEXT() REPRESENTATION_CONTEXT('2D SPACE',''
  ) );
#1010 = ORIENTED_EDGE('',*,*,#1011,.T.);
#1011 = EDGE_CURVE('',#986,#1012,#1014,.T.);
#1012 = VERTEX_POINT('',#1013);
#1013 = CARTESIAN_POINT('',(23.35,32.15,4.8));
#1014 = SURFACE_CURVE('',#1015,(#1020,#1031),.PCURVE_S1.);
#1015 = CIRCLE('',#1016,3.2);
#1016 = AXIS2_PLACEMENT_3D('',#1017,#1018,#1019);
#1017 = CARTESIAN_POINT('',(20.15,32.15,4.8));
#1018 = DIRECTION('',(0.,0.,-1.));
#1019 = DIRECTION('',(1.,0.,0.));
#1020 = PCURVE('',#156,#1021);
#1021 = DEFINITIONAL_REPRESENTATION('',(#1022),#1030);
#1022 = ( BOUNDED_CURVE() B_SPLINE_CURVE(2,(#1023,#1024,#1025,#1026,
#1027,#1028,#1029),.UNSPECIFIED.,.T.,.F.) B_SPLINE_CURVE_WITH_KNOTS((1,2
    ,2,2,2,1),(-2.094395102393,0.,2.094395102393,4.188790204786,
6.28318530718,8.377580409573),.UNSPECIFIED.) CURVE() 
GEOMETRIC_REPRESENTATION_ITEM() RATIONAL_B_SPLINE_CURVE((1.,0.5,1.,0.5,
1.,0.5,1.)) REPRESENTATION_ITEM('') );
#1023 = CARTESIAN_POINT('',(23.35,32.15));
#1024 = CARTESIAN_POINT('',(23.35,26.60743741578));
#1025 = CARTESIAN_POINT('',(18.55,29.37871870789));
#1026 = CARTESIAN_POINT('',(13.75,32.15));
#1027 = CARTESIAN_POINT('',(18.55,34.92128129211));
#1028 = CARTESIAN_POINT('',(23.35,37.69256258422));
#1029 = CARTESIAN_POINT('',(23.35,32.15));
#1030 = ( GEOMETRIC_REPRESENTATION_CONTEXT(2) 
PARAMETRIC_REPRESENTATION_CONTEXT() REPRESENTATION_CONTEXT('2D SPACE',''
  ) );
#1031 = PCURVE('',#1032,#1037);
#1032 = CYLINDRICAL_SURFACE('',#1033,3.2);
#1033 = AXIS2_PLACEMENT_3D('',#1034,#1035,#1036);
#1034 = CARTESIAN_POINT('',(20.15,32.15,1.4));
#1035 = DIRECTION('',(-0.,-0.,-1.));
#1036 = DIRECTION('',(1.,0.,0.));
#1037 = DEFINITIONAL_REPRESENTATION('',(#1038),#1042);
#1038 = LINE('',#1039,#1040);
#1039 = CARTESIAN_POINT('',(-6.28318530718,-3.4));
#1040 = VECTOR('',#1041,1.);
#1041 = DIRECTION('',(1.,-0.));
#1042 = ( GEOMETRIC_REPRESENTATION_CONTEXT(2) 
PARAMETRIC_REPRESENTATION_CONTEXT() REPRESENTATION_CONTEXT('2D SPACE',''
  ) );
#1043 = ORIENTED_EDGE('',*,*,#1044,.T.);
#1044 = EDGE_CURVE('',#1012,#1045,#1047,.T.);
#1045 = VERTEX_POINT('',#1046);
#1046 = CARTESIAN_POINT('',(23.35,-32.15,4.8));
#1047 = SURFACE_CURVE('',#1048,(#1052,#1058),.PCURVE_S1.);
#1048 = LINE('',#1049,#1050);
#1049 = CARTESIAN_POINT('',(23.35,-16.075,4.8));
#1050 = VECTOR('',#1051,1.);
#1051 = DIRECTION('',(0.,-1.,0.));
#1052 = PCURVE('',#156,#1053);
#1053 = DEFINITIONAL_REPRESENTATION('',(#1054),#1057);
#1054 = B_SPLINE_CURVE_WITH_KNOTS('',1,(#1055,#1056),.UNSPECIFIED.,.F.,
  .F.,(2,2),(-48.225,16.075),.PIECEWISE_BEZIER_KNOTS.);
#1055 = CARTESIAN_POINT('',(23.35,32.15));
#1056 = CARTESIAN_POINT('',(23.35,-32.15));
#1057 = ( GEOMETRIC_REPRESENTATION_CONTEXT(2) 
PARAMETRIC_REPRESENTATION_CONTEXT() REPRESENTATION_CONTEXT('2D SPACE',''
  ) );
#1058 = PCURVE('',#1059,#1064);
#1059 = PLANE('',#1060);
#1060 = AXIS2_PLACEMENT_3D('',#1061,#1062,#1063);
#1061 = CARTESIAN_POINT('',(23.35,-32.15,1.4));
#1062 = DIRECTION('',(-1.,0.,0.));
#1063 = DIRECTION('',(0.,1.,0.));
#1064 = DEFINITIONAL_REPRESENTATION('',(#1065),#1068);
#1065 = B_SPLINE_CURVE_WITH_KNOTS('',1,(#1066,#1067),.UNSPECIFIED.,.F.,
  .F.,(2,2),(-48.225,16.075),.PIECEWISE_BEZIER_KNOTS.);
#1066 = CARTESIAN_POINT('',(64.3,-3.4));
#1067 = CARTESIAN_POINT('',(0.,-3.4));
#1068 = ( GEOMETRIC_REPRESENTATION_CONTEXT(2) 
PARAMETRIC_REPRESENTATION_CONTEXT() REPRESENTATION_CONTEXT('2D SPACE',''
  ) );
#1069 = ORIENTED_EDGE('',*,*,#1070,.T.);
#1070 = EDGE_CURVE('',#1045,#1071,#1073,.T.);
#1071 = VERTEX_POINT('',#1072);
#1072 = CARTESIAN_POINT('',(20.15,-35.35,4.8));
#1073 = SURFACE_CURVE('',#1074,(#1079,#1090),.PCURVE_S1.);
#1074 = CIRCLE('',#1075,3.2);
#1075 = AXIS2_PLACEMENT_3D('',#1076,#1077,#1078);
#1076 = CARTESIAN_POINT('',(20.15,-32.15,4.8));
#1077 = DIRECTION('',(0.,0.,-1.));
#1078 = DIRECTION('',(1.,0.,0.));
#1079 = PCURVE('',#156,#1080);
#1080 = DEFINITIONAL_REPRESENTATION('',(#1081),#1089);
#1081 = ( BOUNDED_CURVE() B_SPLINE_CURVE(2,(#1082,#1083,#1084,#1085,
#1086,#1087,#1088),.UNSPECIFIED.,.T.,.F.) B_SPLINE_CURVE_WITH_KNOTS((1,2
    ,2,2,2,1),(-2.094395102393,0.,2.094395102393,4.188790204786,
6.28318530718,8.377580409573),.UNSPECIFIED.) CURVE() 
GEOMETRIC_REPRESENTATION_ITEM() RATIONAL_B_SPLINE_CURVE((1.,0.5,1.,0.5,
1.,0.5,1.)) REPRESENTATION_ITEM('') );
#1082 = CARTESIAN_POINT('',(23.35,-32.15));
#1083 = CARTESIAN_POINT('',(23.35,-37.69256258422));
#1084 = CARTESIAN_POINT('',(18.55,-34.92128129211));
#1085 = CARTESIAN_POINT('',(13.75,-32.15));
#1086 = CARTESIAN_POINT('',(18.55,-29.37871870789));
#1087 = CARTESIAN_POINT('',(23.35,-26.60743741578));
#1088 = CARTESIAN_POINT('',(23.35,-32.15));
#1089 = ( GEOMETRIC_REPRESENTATION_CONTEXT(2) 
PARAMETRIC_REPRESENTATION_CONTEXT() REPRESENTATION_CONTEXT('2D SPACE',''
  ) );
#1090 = PCURVE('',#1091,#1096);
#1091 = CYLINDRICAL_SURFACE('',#1092,3.2);
#1092 = AXIS2_PLACEMENT_3D('',#1093,#1094,#1095);
#1093 = CARTESIAN_POINT('',(20.15,-32.15,1.4));
#1094 = DIRECTION('',(-0.,-0.,-1.));
#1095 = DIRECTION('',(1.,0.,0.));
#1096 = DEFINITIONAL_REPRESENTATION('',(#1097),#1101);
#1097 = LINE('',#1098,#1099);
#1098 = CARTESIAN_POINT('',(-6.28318530718,-3.4));
#1099 = VECTOR('',#1100,1.);
#1100 = DIRECTION('',(1.,-0.));
#1101 = ( GEOMETRIC_REPRESENTATION_CONTEXT(2) 
PARAMETRIC_REPRESENTATION_CONTEXT() REPRESENTATION_CONTEXT('2D SPACE',''
  ) );
#1102 = ORIENTED_EDGE('',*,*,#1103,.T.);
#1103 = EDGE_CURVE('',#1071,#1104,#1106,.T.);
#1104 = VERTEX_POINT('',#1105);
#1105 = CARTESIAN_POINT('',(-20.15,-35.35,4.8));
#1106 = SURFACE_CURVE('',#1107,(#1111,#1117),.PCURVE_S1.);
#1107 = LINE('',#1108,#1109);
#1108 = CARTESIAN_POINT('',(-10.075,-35.35,4.8));
#1109 = VECTOR('',#1110,1.);
#1110 = DIRECTION('',(-1.,0.,0.));
#1111 = PCURVE('',#156,#1112);
#1112 = DEFINITIONAL_REPRESENTATION('',(#1113),#1116);
#1113 = B_SPLINE_CURVE_WITH_KNOTS('',1,(#1114,#1115),.UNSPECIFIED.,.F.,
  .F.,(2,2),(-30.225,10.075),.PIECEWISE_BEZIER_KNOTS.);
#1114 = CARTESIAN_POINT('',(20.15,-35.35));
#1115 = CARTESIAN_POINT('',(-20.15,-35.35));
#1116 = ( GEOMETRIC_REPRESENTATION_CONTEXT(2) 
PARAMETRIC_REPRESENTATION_CONTEXT() REPRESENTATION_CONTEXT('2D SPACE',''
  ) );
#1117 = PCURVE('',#1118,#1123);
#1118 = PLANE('',#1119);
#1119 = AXIS2_PLACEMENT_3D('',#1120,#1121,#1122);
#1120 = CARTESIAN_POINT('',(-20.15,-35.35,1.4));
#1121 = DIRECTION('',(0.,1.,0.));
#1122 = DIRECTION('',(1.,0.,0.));
#1123 = DEFINITIONAL_REPRESENTATION('',(#1124),#1127);
#1124 = B_SPLINE_CURVE_WITH_KNOTS('',1,(#1125,#1126),.UNSPECIFIED.,.F.,
  .F.,(2,2),(-30.225,10.075),.PIECEWISE_BEZIER_KNOTS.);
#1125 = CARTESIAN_POINT('',(40.3,-3.4));
#1126 = CARTESIAN_POINT('',(0.,-3.4));
#1127 = ( GEOMETRIC_REPRESENTATION_CONTEXT(2) 
PARAMETRIC_REPRESENTATION_CONTEXT() REPRESENTATION_CONTEXT('2D SPACE',''
  ) );
#1128 = ORIENTED_EDGE('',*,*,#1129,.T.);
#1129 = EDGE_CURVE('',#1104,#927,#1130,.T.);
#1130 = SURFACE_CURVE('',#1131,(#1136,#1147),.PCURVE_S1.);
#1131 = CIRCLE('',#1132,3.2);
#1132 = AXIS2_PLACEMENT_3D('',#1133,#1134,#1135);
#1133 = CARTESIAN_POINT('',(-20.15,-32.15,4.8));
#1134 = DIRECTION('',(0.,0.,-1.));
#1135 = DIRECTION('',(1.,0.,0.));
#1136 = PCURVE('',#156,#1137);
#1137 = DEFINITIONAL_REPRESENTATION('',(#1138),#1146);
#1138 = ( BOUNDED_CURVE() B_SPLINE_CURVE(2,(#1139,#1140,#1141,#1142,
#1143,#1144,#1145),.UNSPECIFIED.,.T.,.F.) B_SPLINE_CURVE_WITH_KNOTS((1,2
    ,2,2,2,1),(-2.094395102393,0.,2.094395102393,4.188790204786,
6.28318530718,8.377580409573),.UNSPECIFIED.) CURVE() 
GEOMETRIC_REPRESENTATION_ITEM() RATIONAL_B_SPLINE_CURVE((1.,0.5,1.,0.5,
1.,0.5,1.)) REPRESENTATION_ITEM('') );
#1139 = CARTESIAN_POINT('',(-16.95,-32.15));
#1140 = CARTESIAN_POINT('',(-16.95,-37.69256258422));
#1141 = CARTESIAN_POINT('',(-21.75,-34.92128129211));
#1142 = CARTESIAN_POINT('',(-26.55,-32.15));
#1143 = CARTESIAN_POINT('',(-21.75,-29.37871870789));
#1144 = CARTESIAN_POINT('',(-16.95,-26.60743741578));
#1145 = CARTESIAN_POINT('',(-16.95,-32.15));
#1146 = ( GEOMETRIC_REPRESENTATION_CONTEXT(2) 
PARAMETRIC_REPRESENTATION_CONTEXT() REPRESENTATION_CONTEXT('2D SPACE',''
  ) );
#1147 = PCURVE('',#1148,#1153);
#1148 = CYLINDRICAL_SURFACE('',#1149,3.2);
#1149 = AXIS2_PLACEMENT_3D('',#1150,#1151,#1152);
#1150 = CARTESIAN_POINT('',(-20.15,-32.15,1.4));
#1151 = DIRECTION('',(-0.,-0.,-1.));
#1152 = DIRECTION('',(1.,0.,0.));
#1153 = DEFINITIONAL_REPRESENTATION('',(#1154),#1158);
#1154 = LINE('',#1155,#1156);
#1155 = CARTESIAN_POINT('',(-6.28318530718,-3.4));
#1156 = VECTOR('',#1157,1.);
#1157 = DIRECTION('',(1.,-0.));
#1158 = ( GEOMETRIC_REPRESENTATION_CONTEXT(2) 
PARAMETRIC_REPRESENTATION_CONTEXT() REPRESENTATION_CONTEXT('2D SPACE',''
  ) );
#1159 = FACE_BOUND('',#1160,.T.);
#1160 = EDGE_LOOP('',(#1161));
#1161 = ORIENTED_EDGE('',*,*,#1162,.F.);
#1162 = EDGE_CURVE('',#1163,#1163,#1165,.T.);
#1163 = VERTEX_POINT('',#1164);
#1164 = CARTESIAN_POINT('',(-22.83553390593,35.685533905933,4.8));
#1165 = SURFACE_CURVE('',#1166,(#1171,#1178),.PCURVE_S1.);
#1166 = CIRCLE('',#1167,0.85);
#1167 = AXIS2_PLACEMENT_3D('',#1168,#1169,#1170);
#1168 = CARTESIAN_POINT('',(-23.68553390593,35.685533905933,4.8));
#1169 = DIRECTION('',(0.,0.,1.));
#1170 = DIRECTION('',(1.,0.,-0.));
#1171 = PCURVE('',#156,#1172);
#1172 = DEFINITIONAL_REPRESENTATION('',(#1173),#1177);
#1173 = CIRCLE('',#1174,0.85);
#1174 = AXIS2_PLACEMENT_2D('',#1175,#1176);
#1175 = CARTESIAN_POINT('',(-23.68553390593,35.685533905933));
#1176 = DIRECTION('',(1.,0.));
#1177 = ( GEOMETRIC_REPRESENTATION_CONTEXT(2) 
PARAMETRIC_REPRESENTATION_CONTEXT() REPRESENTATION_CONTEXT('2D SPACE',''
  ) );
#1178 = PCURVE('',#1179,#1184);
#1179 = CYLINDRICAL_SURFACE('',#1180,0.85);
#1180 = AXIS2_PLACEMENT_3D('',#1181,#1182,#1183);
#1181 = CARTESIAN_POINT('',(-23.68553390593,35.685533905933,-1.2));
#1182 = DIRECTION('',(0.,0.,1.));
#1183 = DIRECTION('',(1.,0.,-0.));
#1184 = DEFINITIONAL_REPRESENTATION('',(#1185),#1189);
#1185 = LINE('',#1186,#1187);
#1186 = CARTESIAN_POINT('',(0.,6.));
#1187 = VECTOR('',#1188,1.);
#1188 = DIRECTION('',(1.,0.));
#1189 = ( GEOMETRIC_REPRESENTATION_CONTEXT(2) 
PARAMETRIC_REPRESENTATION_CONTEXT() REPRESENTATION_CONTEXT('2D SPACE',''
  ) );
#1190 = FACE_BOUND('',#1191,.T.);
#1191 = EDGE_LOOP('',(#1192));
#1192 = ORIENTED_EDGE('',*,*,#1193,.F.);
#1193 = EDGE_CURVE('',#1194,#1194,#1196,.T.);
#1194 = VERTEX_POINT('',#1195);
#1195 = CARTESIAN_POINT('',(24.535533905933,35.685533905933,4.8));
#1196 = SURFACE_CURVE('',#1197,(#1202,#1209),.PCURVE_S1.);
#1197 = CIRCLE('',#1198,0.85);
#1198 = AXIS2_PLACEMENT_3D('',#1199,#1200,#1201);
#1199 = CARTESIAN_POINT('',(23.685533905933,35.685533905933,4.8));
#1200 = DIRECTION('',(0.,0.,1.));
#1201 = DIRECTION('',(1.,0.,-0.));
#1202 = PCURVE('',#156,#1203);
#1203 = DEFINITIONAL_REPRESENTATION('',(#1204),#1208);
#1204 = CIRCLE('',#1205,0.85);
#1205 = AXIS2_PLACEMENT_2D('',#1206,#1207);
#1206 = CARTESIAN_POINT('',(23.685533905933,35.685533905933));
#1207 = DIRECTION('',(1.,0.));
#1208 = ( GEOMETRIC_REPRESENTATION_CONTEXT(2) 
PARAMETRIC_REPRESENTATION_CONTEXT() REPRESENTATION_CONTEXT('2D SPACE',''
  ) );
#1209 = PCURVE('',#1210,#1215);
#1210 = CYLINDRICAL_SURFACE('',#1211,0.85);
#1211 = AXIS2_PLACEMENT_3D('',#1212,#1213,#1214);
#1212 = CARTESIAN_POINT('',(23.685533905933,35.685533905933,-1.2));
#1213 = DIRECTION('',(0.,0.,1.));
#1214 = DIRECTION('',(1.,0.,-0.));
#1215 = DEFINITIONAL_REPRESENTATION('',(#1216),#1220);
#1216 = LINE('',#1217,#1218);
#1217 = CARTESIAN_POINT('',(0.,6.));
#1218 = VECTOR('',#1219,1.);
#1219 = DIRECTION('',(1.,0.));
#1220 = ( GEOMETRIC_REPRESENTATION_CONTEXT(2) 
PARAMETRIC_REPRESENTATION_CONTEXT() REPRESENTATION_CONTEXT('2D SPACE',''
  ) );
#1221 = ADVANCED_FACE('',(#1222),#240,.T.);
#1222 = FACE_BOUND('',#1223,.T.);
#1223 = EDGE_LOOP('',(#1224,#1247,#1275,#1303,#1324));
#1224 = ORIENTED_EDGE('',*,*,#1225,.F.);
#1225 = EDGE_CURVE('',#1226,#197,#1228,.T.);
#1226 = VERTEX_POINT('',#1227);
#1227 = CARTESIAN_POINT('',(-27.75,15.2,-1.5));
#1228 = SURFACE_CURVE('',#1229,(#1233,#1240),.PCURVE_S1.);
#1229 = LINE('',#1230,#1231);
#1230 = CARTESIAN_POINT('',(-27.75,15.2,-1.5));
#1231 = VECTOR('',#1232,1.);
#1232 = DIRECTION('',(1.,0.,-0.));
#1233 = PCURVE('',#240,#1234);
#1234 = DEFINITIONAL_REPRESENTATION('',(#1235),#1239);
#1235 = LINE('',#1236,#1237);
#1236 = CARTESIAN_POINT('',(0.,0.));
#1237 = VECTOR('',#1238,1.);
#1238 = DIRECTION('',(0.,1.));
#1239 = ( GEOMETRIC_REPRESENTATION_CONTEXT(2) 
PARAMETRIC_REPRESENTATION_CONTEXT() REPRESENTATION_CONTEXT('2D SPACE',''
  ) );
#1240 = PCURVE('',#212,#1241);
#1241 = DEFINITIONAL_REPRESENTATION('',(#1242),#1246);
#1242 = LINE('',#1243,#1244);
#1243 = CARTESIAN_POINT('',(0.,30.4));
#1244 = VECTOR('',#1245,1.);
#1245 = DIRECTION('',(1.,0.));
#1246 = ( GEOMETRIC_REPRESENTATION_CONTEXT(2) 
PARAMETRIC_REPRESENTATION_CONTEXT() REPRESENTATION_CONTEXT('2D SPACE',''
  ) );
#1247 = ORIENTED_EDGE('',*,*,#1248,.T.);
#1248 = EDGE_CURVE('',#1226,#1249,#1251,.T.);
#1249 = VERTEX_POINT('',#1250);
#1250 = CARTESIAN_POINT('',(-27.75,15.2,5.3));
#1251 = SURFACE_CURVE('',#1252,(#1256,#1263),.PCURVE_S1.);
#1252 = LINE('',#1253,#1254);
#1253 = CARTESIAN_POINT('',(-27.75,15.2,-1.5));
#1254 = VECTOR('',#1255,1.);
#1255 = DIRECTION('',(0.,0.,1.));
#1256 = PCURVE('',#240,#1257);
#1257 = DEFINITIONAL_REPRESENTATION('',(#1258),#1262);
#1258 = LINE('',#1259,#1260);
#1259 = CARTESIAN_POINT('',(0.,0.));
#1260 = VECTOR('',#1261,1.);
#1261 = DIRECTION('',(1.,0.));
#1262 = ( GEOMETRIC_REPRESENTATION_CONTEXT(2) 
PARAMETRIC_REPRESENTATION_CONTEXT() REPRESENTATION_CONTEXT('2D SPACE',''
  ) );
#1263 = PCURVE('',#1264,#1269);
#1264 = PLANE('',#1265);
#1265 = AXIS2_PLACEMENT_3D('',#1266,#1267,#1268);
#1266 = CARTESIAN_POINT('',(-27.75,-15.2,-1.5));
#1267 = DIRECTION('',(1.,0.,-0.));
#1268 = DIRECTION('',(0.,0.,1.));
#1269 = DEFINITIONAL_REPRESENTATION('',(#1270),#1274);
#1270 = LINE('',#1271,#1272);
#1271 = CARTESIAN_POINT('',(0.,-30.4));
#1272 = VECTOR('',#1273,1.);
#1273 = DIRECTION('',(1.,0.));
#1274 = ( GEOMETRIC_REPRESENTATION_CONTEXT(2) 
PARAMETRIC_REPRESENTATION_CONTEXT() REPRESENTATION_CONTEXT('2D SPACE',''
  ) );
#1275 = ORIENTED_EDGE('',*,*,#1276,.T.);
#1276 = EDGE_CURVE('',#1249,#1277,#1279,.T.);
#1277 = VERTEX_POINT('',#1278);
#1278 = CARTESIAN_POINT('',(-25.15,15.2,5.3));
#1279 = SURFACE_CURVE('',#1280,(#1284,#1291),.PCURVE_S1.);
#1280 = LINE('',#1281,#1282);
#1281 = CARTESIAN_POINT('',(-27.75,15.2,5.3));
#1282 = VECTOR('',#1283,1.);
#1283 = DIRECTION('',(1.,0.,-0.));
#1284 = PCURVE('',#240,#1285);
#1285 = DEFINITIONAL_REPRESENTATION('',(#1286),#1290);
#1286 = LINE('',#1287,#1288);
#1287 = CARTESIAN_POINT('',(6.8,0.));
#1288 = VECTOR('',#1289,1.);
#1289 = DIRECTION('',(0.,1.));
#1290 = ( GEOMETRIC_REPRESENTATION_CONTEXT(2) 
PARAMETRIC_REPRESENTATION_CONTEXT() REPRESENTATION_CONTEXT('2D SPACE',''
  ) );
#1291 = PCURVE('',#1292,#1297);
#1292 = PLANE('',#1293);
#1293 = AXIS2_PLACEMENT_3D('',#1294,#1295,#1296);
#1294 = CARTESIAN_POINT('',(-27.75,-15.2,5.3));
#1295 = DIRECTION('',(0.,0.,1.));
#1296 = DIRECTION('',(1.,0.,-0.));
#1297 = DEFINITIONAL_REPRESENTATION('',(#1298),#1302);
#1298 = LINE('',#1299,#1300);
#1299 = CARTESIAN_POINT('',(0.,30.4));
#1300 = VECTOR('',#1301,1.);
#1301 = DIRECTION('',(1.,0.));
#1302 = ( GEOMETRIC_REPRESENTATION_CONTEXT(2) 
PARAMETRIC_REPRESENTATION_CONTEXT() REPRESENTATION_CONTEXT('2D SPACE',''
  ) );
#1303 = ORIENTED_EDGE('',*,*,#1304,.F.);
#1304 = EDGE_CURVE('',#225,#1277,#1305,.T.);
#1305 = SURFACE_CURVE('',#1306,(#1310,#1317),.PCURVE_S1.);
#1306 = LINE('',#1307,#1308);
#1307 = CARTESIAN_POINT('',(-25.15,15.2,-1.5));
#1308 = VECTOR('',#1309,1.);
#1309 = DIRECTION('',(0.,0.,1.));
#1310 = PCURVE('',#240,#1311);
#1311 = DEFINITIONAL_REPRESENTATION('',(#1312),#1316);
#1312 = LINE('',#1313,#1314);
#1313 = CARTESIAN_POINT('',(0.,2.6));
#1314 = VECTOR('',#1315,1.);
#1315 = DIRECTION('',(1.,0.));
#1316 = ( GEOMETRIC_REPRESENTATION_CONTEXT(2) 
PARAMETRIC_REPRESENTATION_CONTEXT() REPRESENTATION_CONTEXT('2D SPACE',''
  ) );
#1317 = PCURVE('',#848,#1318);
#1318 = DEFINITIONAL_REPRESENTATION('',(#1319),#1323);
#1319 = LINE('',#1320,#1321);
#1320 = CARTESIAN_POINT('',(0.,-30.4));
#1321 = VECTOR('',#1322,1.);
#1322 = DIRECTION('',(1.,0.));
#1323 = ( GEOMETRIC_REPRESENTATION_CONTEXT(2) 
PARAMETRIC_REPRESENTATION_CONTEXT() REPRESENTATION_CONTEXT('2D SPACE',''
  ) );
#1324 = ORIENTED_EDGE('',*,*,#224,.F.);
#1325 = ADVANCED_FACE('',(#1326),#212,.F.);
#1326 = FACE_BOUND('',#1327,.F.);
#1327 = EDGE_LOOP('',(#1328,#1351,#1372,#1373));
#1328 = ORIENTED_EDGE('',*,*,#1329,.F.);
#1329 = EDGE_CURVE('',#1330,#1226,#1332,.T.);
#1330 = VERTEX_POINT('',#1331);
#1331 = CARTESIAN_POINT('',(-27.75,-15.2,-1.5));
#1332 = SURFACE_CURVE('',#1333,(#1337,#1344),.PCURVE_S1.);
#1333 = LINE('',#1334,#1335);
#1334 = CARTESIAN_POINT('',(-27.75,-15.2,-1.5));
#1335 = VECTOR('',#1336,1.);
#1336 = DIRECTION('',(-0.,1.,0.));
#1337 = PCURVE('',#212,#1338);
#1338 = DEFINITIONAL_REPRESENTATION('',(#1339),#1343);
#1339 = LINE('',#1340,#1341);
#1340 = CARTESIAN_POINT('',(0.,0.));
#1341 = VECTOR('',#1342,1.);
#1342 = DIRECTION('',(0.,1.));
#1343 = ( GEOMETRIC_REPRESENTATION_CONTEXT(2) 
PARAMETRIC_REPRESENTATION_CONTEXT() REPRESENTATION_CONTEXT('2D SPACE',''
  ) );
#1344 = PCURVE('',#1264,#1345);
#1345 = DEFINITIONAL_REPRESENTATION('',(#1346),#1350);
#1346 = LINE('',#1347,#1348);
#1347 = CARTESIAN_POINT('',(0.,0.));
#1348 = VECTOR('',#1349,1.);
#1349 = DIRECTION('',(0.,-1.));
#1350 = ( GEOMETRIC_REPRESENTATION_CONTEXT(2) 
PARAMETRIC_REPRESENTATION_CONTEXT() REPRESENTATION_CONTEXT('2D SPACE',''
  ) );
#1351 = ORIENTED_EDGE('',*,*,#1352,.T.);
#1352 = EDGE_CURVE('',#1330,#169,#1353,.T.);
#1353 = SURFACE_CURVE('',#1354,(#1358,#1365),.PCURVE_S1.);
#1354 = LINE('',#1355,#1356);
#1355 = CARTESIAN_POINT('',(-27.75,-15.2,-1.5));
#1356 = VECTOR('',#1357,1.);
#1357 = DIRECTION('',(1.,0.,-0.));
#1358 = PCURVE('',#212,#1359);
#1359 = DEFINITIONAL_REPRESENTATION('',(#1360),#1364);
#1360 = LINE('',#1361,#1362);
#1361 = CARTESIAN_POINT('',(0.,0.));
#1362 = VECTOR('',#1363,1.);
#1363 = DIRECTION('',(1.,0.));
#1364 = ( GEOMETRIC_REPRESENTATION_CONTEXT(2) 
PARAMETRIC_REPRESENTATION_CONTEXT() REPRESENTATION_CONTEXT('2D SPACE',''
  ) );
#1365 = PCURVE('',#184,#1366);
#1366 = DEFINITIONAL_REPRESENTATION('',(#1367),#1371);
#1367 = LINE('',#1368,#1369);
#1368 = CARTESIAN_POINT('',(0.,0.));
#1369 = VECTOR('',#1370,1.);
#1370 = DIRECTION('',(0.,1.));
#1371 = ( GEOMETRIC_REPRESENTATION_CONTEXT(2) 
PARAMETRIC_REPRESENTATION_CONTEXT() REPRESENTATION_CONTEXT('2D SPACE',''
  ) );
#1372 = ORIENTED_EDGE('',*,*,#196,.T.);
#1373 = ORIENTED_EDGE('',*,*,#1225,.F.);
#1374 = ADVANCED_FACE('',(#1375),#184,.F.);
#1375 = FACE_BOUND('',#1376,.F.);
#1376 = EDGE_LOOP('',(#1377,#1378,#1401,#1424,#1445));
#1377 = ORIENTED_EDGE('',*,*,#1352,.F.);
#1378 = ORIENTED_EDGE('',*,*,#1379,.T.);
#1379 = EDGE_CURVE('',#1330,#1380,#1382,.T.);
#1380 = VERTEX_POINT('',#1381);
#1381 = CARTESIAN_POINT('',(-27.75,-15.2,5.3));
#1382 = SURFACE_CURVE('',#1383,(#1387,#1394),.PCURVE_S1.);
#1383 = LINE('',#1384,#1385);
#1384 = CARTESIAN_POINT('',(-27.75,-15.2,-1.5));
#1385 = VECTOR('',#1386,1.);
#1386 = DIRECTION('',(0.,0.,1.));
#1387 = PCURVE('',#184,#1388);
#1388 = DEFINITIONAL_REPRESENTATION('',(#1389),#1393);
#1389 = LINE('',#1390,#1391);
#1390 = CARTESIAN_POINT('',(0.,0.));
#1391 = VECTOR('',#1392,1.);
#1392 = DIRECTION('',(1.,0.));
#1393 = ( GEOMETRIC_REPRESENTATION_CONTEXT(2) 
PARAMETRIC_REPRESENTATION_CONTEXT() REPRESENTATION_CONTEXT('2D SPACE',''
  ) );
#1394 = PCURVE('',#1264,#1395);
#1395 = DEFINITIONAL_REPRESENTATION('',(#1396),#1400);
#1396 = LINE('',#1397,#1398);
#1397 = CARTESIAN_POINT('',(0.,0.));
#1398 = VECTOR('',#1399,1.);
#1399 = DIRECTION('',(1.,0.));
#1400 = ( GEOMETRIC_REPRESENTATION_CONTEXT(2) 
PARAMETRIC_REPRESENTATION_CONTEXT() REPRESENTATION_CONTEXT('2D SPACE',''
  ) );
#1401 = ORIENTED_EDGE('',*,*,#1402,.T.);
#1402 = EDGE_CURVE('',#1380,#1403,#1405,.T.);
#1403 = VERTEX_POINT('',#1404);
#1404 = CARTESIAN_POINT('',(-25.15,-15.2,5.3));
#1405 = SURFACE_CURVE('',#1406,(#1410,#1417),.PCURVE_S1.);
#1406 = LINE('',#1407,#1408);
#1407 = CARTESIAN_POINT('',(-27.75,-15.2,5.3));
#1408 = VECTOR('',#1409,1.);
#1409 = DIRECTION('',(1.,0.,-0.));
#1410 = PCURVE('',#184,#1411);
#1411 = DEFINITIONAL_REPRESENTATION('',(#1412),#1416);
#1412 = LINE('',#1413,#1414);
#1413 = CARTESIAN_POINT('',(6.8,0.));
#1414 = VECTOR('',#1415,1.);
#1415 = DIRECTION('',(0.,1.));
#1416 = ( GEOMETRIC_REPRESENTATION_CONTEXT(2) 
PARAMETRIC_REPRESENTATION_CONTEXT() REPRESENTATION_CONTEXT('2D SPACE',''
  ) );
#1417 = PCURVE('',#1292,#1418);
#1418 = DEFINITIONAL_REPRESENTATION('',(#1419),#1423);
#1419 = LINE('',#1420,#1421);
#1420 = CARTESIAN_POINT('',(0.,0.));
#1421 = VECTOR('',#1422,1.);
#1422 = DIRECTION('',(1.,0.));
#1423 = ( GEOMETRIC_REPRESENTATION_CONTEXT(2) 
PARAMETRIC_REPRESENTATION_CONTEXT() REPRESENTATION_CONTEXT('2D SPACE',''
  ) );
#1424 = ORIENTED_EDGE('',*,*,#1425,.F.);
#1425 = EDGE_CURVE('',#141,#1403,#1426,.T.);
#1426 = SURFACE_CURVE('',#1427,(#1431,#1438),.PCURVE_S1.);
#1427 = LINE('',#1428,#1429);
#1428 = CARTESIAN_POINT('',(-25.15,-15.2,-1.5));
#1429 = VECTOR('',#1430,1.);
#1430 = DIRECTION('',(0.,0.,1.));
#1431 = PCURVE('',#184,#1432);
#1432 = DEFINITIONAL_REPRESENTATION('',(#1433),#1437);
#1433 = LINE('',#1434,#1435);
#1434 = CARTESIAN_POINT('',(0.,2.6));
#1435 = VECTOR('',#1436,1.);
#1436 = DIRECTION('',(1.,0.));
#1437 = ( GEOMETRIC_REPRESENTATION_CONTEXT(2) 
PARAMETRIC_REPRESENTATION_CONTEXT() REPRESENTATION_CONTEXT('2D SPACE',''
  ) );
#1438 = PCURVE('',#848,#1439);
#1439 = DEFINITIONAL_REPRESENTATION('',(#1440),#1444);
#1440 = LINE('',#1441,#1442);
#1441 = CARTESIAN_POINT('',(0.,0.));
#1442 = VECTOR('',#1443,1.);
#1443 = DIRECTION('',(1.,0.));
#1444 = ( GEOMETRIC_REPRESENTATION_CONTEXT(2) 
PARAMETRIC_REPRESENTATION_CONTEXT() REPRESENTATION_CONTEXT('2D SPACE',''
  ) );
#1445 = ORIENTED_EDGE('',*,*,#168,.F.);
#1446 = ADVANCED_FACE('',(#1447),#128,.T.);
#1447 = FACE_BOUND('',#1448,.T.);
#1448 = EDGE_LOOP('',(#1449,#1478,#1497,#1498));
#1449 = ORIENTED_EDGE('',*,*,#1450,.F.);
#1450 = EDGE_CURVE('',#1451,#87,#1453,.T.);
#1451 = VERTEX_POINT('',#1452);
#1452 = CARTESIAN_POINT('',(-25.13766532639,-32.50099087156,
    -2.121341019272));
#1453 = SURFACE_CURVE('',#1454,(#1460,#1469),.PCURVE_S1.);
#1454 = B_SPLINE_CURVE_WITH_KNOTS('',4,(#1455,#1456,#1457,#1458,#1459),
  .UNSPECIFIED.,.F.,.F.,(5,5),(0.,1.),.PIECEWISE_BEZIER_KNOTS.);
#1455 = CARTESIAN_POINT('',(-25.13766532639,-32.50099087156,
    -2.121341019272));
#1456 = CARTESIAN_POINT('',(-25.14383480984,-32.41332101682,
    -2.122389760257));
#1457 = CARTESIAN_POINT('',(-25.1479449363,-32.32557318274,
    -2.123088787327));
#1458 = CARTESIAN_POINT('',(-25.15,-32.23778662749,-2.123438300723));
#1459 = CARTESIAN_POINT('',(-25.15,-32.15,-2.123438300723));
#1460 = PCURVE('',#128,#1461);
#1461 = DEFINITIONAL_REPRESENTATION('',(#1462),#1468);
#1462 = B_SPLINE_CURVE_WITH_KNOTS('',4,(#1463,#1464,#1465,#1466,#1467),
  .UNSPECIFIED.,.F.,.F.,(5,5),(0.,1.),.PIECEWISE_BEZIER_KNOTS.);
#1463 = CARTESIAN_POINT('',(6.212929351073,-0.602097281451));
#1464 = CARTESIAN_POINT('',(6.230506684155,-0.601048540467));
#1465 = CARTESIAN_POINT('',(6.248070665932,-0.600349513396));
#1466 = CARTESIAN_POINT('',(6.26562798168,-0.6));
#1467 = CARTESIAN_POINT('',(6.28318530718,-0.6));
#1468 = ( GEOMETRIC_REPRESENTATION_CONTEXT(2) 
PARAMETRIC_REPRESENTATION_CONTEXT() REPRESENTATION_CONTEXT('2D SPACE',''
  ) );
#1469 = PCURVE('',#101,#1470);
#1470 = DEFINITIONAL_REPRESENTATION('',(#1471),#1477);
#1471 = B_SPLINE_CURVE_WITH_KNOTS('',4,(#1472,#1473,#1474,#1475,#1476),
  .UNSPECIFIED.,.F.,.F.,(5,5),(0.,1.),.PIECEWISE_BEZIER_KNOTS.);
#1472 = CARTESIAN_POINT('',(1.739175266872,143.95099087156));
#1473 = CARTESIAN_POINT('',(1.739216986776,143.86332101682));
#1474 = CARTESIAN_POINT('',(1.739244781083,143.77557318274));
#1475 = CARTESIAN_POINT('',(1.739258678239,143.68778662749));
#1476 = CARTESIAN_POINT('',(1.739258678239,143.6));
#1477 = ( GEOMETRIC_REPRESENTATION_CONTEXT(2) 
PARAMETRIC_REPRESENTATION_CONTEXT() REPRESENTATION_CONTEXT('2D SPACE',''
  ) );
#1478 = ORIENTED_EDGE('',*,*,#1479,.F.);
#1479 = EDGE_CURVE('',#363,#1451,#1480,.T.);
#1480 = SURFACE_CURVE('',#1481,(#1485,#1491),.PCURVE_S1.);
#1481 = LINE('',#1482,#1483);
#1482 = CARTESIAN_POINT('',(-25.13766532639,-32.50099087156,
    -2.723438300723));
#1483 = VECTOR('',#1484,1.);
#1484 = DIRECTION('',(0.,0.,-1.));
#1485 = PCURVE('',#128,#1486);
#1486 = DEFINITIONAL_REPRESENTATION('',(#1487),#1490);
#1487 = B_SPLINE_CURVE_WITH_KNOTS('',1,(#1488,#1489),.UNSPECIFIED.,.F.,
  .F.,(2,2),(-7.523440700723,2.400000000069E-06),
  .PIECEWISE_BEZIER_KNOTS.);
#1488 = CARTESIAN_POINT('',(6.212929351073,-7.523440700723));
#1489 = CARTESIAN_POINT('',(6.212929351073,2.400000000069E-06));
#1490 = ( GEOMETRIC_REPRESENTATION_CONTEXT(2) 
PARAMETRIC_REPRESENTATION_CONTEXT() REPRESENTATION_CONTEXT('2D SPACE',''
  ) );
#1491 = PCURVE('',#407,#1492);
#1492 = DEFINITIONAL_REPRESENTATION('',(#1493),#1496);
#1493 = B_SPLINE_CURVE_WITH_KNOTS('',1,(#1494,#1495),.UNSPECIFIED.,.F.,
  .F.,(2,2),(-7.523440700723,2.400000000069E-06),
  .PIECEWISE_BEZIER_KNOTS.);
#1494 = CARTESIAN_POINT('',(1.998623386547,7.523440700723));
#1495 = CARTESIAN_POINT('',(1.998623386547,-2.400000000069E-06));
#1496 = ( GEOMETRIC_REPRESENTATION_CONTEXT(2) 
PARAMETRIC_REPRESENTATION_CONTEXT() REPRESENTATION_CONTEXT('2D SPACE',''
  ) );
#1497 = ORIENTED_EDGE('',*,*,#362,.T.);
#1498 = ORIENTED_EDGE('',*,*,#112,.F.);
#1499 = ADVANCED_FACE('',(#1500,#2527),#101,.F.);
#1500 = FACE_BOUND('',#1501,.F.);
#1501 = EDGE_LOOP('',(#1502,#1648,#1649,#1650,#1651,#1797,#1826,#1854,
    #1883,#2079,#2108,#2129,#2158,#2354,#2387,#2413,#2446,#2472,#2500));
#1502 = ORIENTED_EDGE('',*,*,#1503,.T.);
#1503 = EDGE_CURVE('',#1504,#277,#1506,.T.);
#1504 = VERTEX_POINT('',#1505);
#1505 = CARTESIAN_POINT('',(-20.50099087156,37.13766532639,
    -1.407572961191));
#1506 = SURFACE_CURVE('',#1507,(#1552,#1600),.PCURVE_S1.);
#1507 = B_SPLINE_CURVE_WITH_KNOTS('',7,(#1508,#1509,#1510,#1511,#1512,
    #1513,#1514,#1515,#1516,#1517,#1518,#1519,#1520,#1521,#1522,#1523,
    #1524,#1525,#1526,#1527,#1528,#1529,#1530,#1531,#1532,#1533,#1534,
    #1535,#1536,#1537,#1538,#1539,#1540,#1541,#1542,#1543,#1544,#1545,
    #1546,#1547,#1548,#1549,#1550,#1551),.UNSPECIFIED.,.F.,.F.,(8,6,6,6,
    6,6,6,8),(0.,0.198787102966,0.363177786525,0.539191048634,
    0.687890820902,0.813097996811,0.918502991064,1.),.UNSPECIFIED.);
#1508 = CARTESIAN_POINT('',(-20.50099087156,37.13766532639,
    -1.407572961191));
#1509 = CARTESIAN_POINT('',(-20.64546565635,37.45450040279,
    -1.427505849449));
#1510 = CARTESIAN_POINT('',(-20.83064729452,37.763185241863,
    -1.453222042185));
#1511 = CARTESIAN_POINT('',(-21.05843372245,38.058346495009,
    -1.485152439174));
#1512 = CARTESIAN_POINT('',(-21.3304567844,38.333403356449,
    -1.523778241891));
#1513 = CARTESIAN_POINT('',(-21.64764803491,38.580227584251,
    -1.56957943821));
#1514 = CARTESIAN_POINT('',(-22.00988367043,38.788896448474,
    -1.623005331001));
#1515 = CARTESIAN_POINT('',(-22.74926534837,39.077056178355,
    -1.734746169521));
#1516 = CARTESIAN_POINT('',(-23.11246272269,39.17244827697,
    -1.790536630429));
#1517 = CARTESIAN_POINT('',(-23.4942207914,39.222502210548,
    -1.850309894161));
#1518 = CARTESIAN_POINT('',(-23.88222457127,39.222138346676,
    -1.912363042652));
#1519 = CARTESIAN_POINT('',(-24.26335087685,39.171487101878,
    -1.974596114357));
#1520 = CARTESIAN_POINT('',(-24.62533558079,39.075891261222,
    -2.03477820476));
#1521 = CARTESIAN_POINT('',(-25.31477919616,38.806753645821,
    -2.151115461593));
#1522 = CARTESIAN_POINT('',(-25.63866948672,38.627912110952,
    -2.206799943757));
#1523 = CARTESIAN_POINT('',(-25.92798371982,38.418016315431,
    -2.257343252596));
#1524 = CARTESIAN_POINT('',(-26.18222440522,38.184133909249,
    -2.302335058931));
#1525 = CARTESIAN_POINT('',(-26.40172540824,37.93222683774,
    -2.341573630176));
#1526 = CARTESIAN_POINT('',(-26.58733809537,37.667380255615,
    -2.37501020353));
#1527 = CARTESIAN_POINT('',(-26.8694910188,37.162859949288,
    -2.426128005262));
#1528 = CARTESIAN_POINT('',(-26.97587276783,36.924783343327,
    -2.445537549746));
#1529 = CARTESIAN_POINT('',(-27.06016007461,36.681609865242,
    -2.460993897303));
#1530 = CARTESIAN_POINT('',(-27.12294956676,36.434884496909,
    -2.472546111486));
#1531 = CARTESIAN_POINT('',(-27.16466704604,36.185883058343,
    -2.480234148962));
#1532 = CARTESIAN_POINT('',(-27.18553390593,35.935733487825,
    -2.484079685448));
#1533 = CARTESIAN_POINT('',(-27.18553390593,35.47486254723,
    -2.484079685448));
#1534 = CARTESIAN_POINT('',(-27.17073971167,35.264212984405,
    -2.481353202115));
#1535 = CARTESIAN_POINT('',(-27.14115712946,35.054250334831,
    -2.475901610904));
#1536 = CARTESIAN_POINT('',(-27.09667733272,34.845652152771,
    -2.467714137553));
#1537 = CARTESIAN_POINT('',(-27.03708811276,34.639158151019,
    -2.456771015543));
#1538 = CARTESIAN_POINT('',(-26.96208512956,34.435619922545,
    -2.443046643564));
#1539 = CARTESIAN_POINT('',(-26.79484201015,34.068044343044,
    -2.412593766817));
#1540 = CARTESIAN_POINT('',(-26.70719112684,33.902822957934,
    -2.396681385946));
#1541 = CARTESIAN_POINT('',(-26.60809943685,33.741004072965,
    -2.37875862891));
#1542 = CARTESIAN_POINT('',(-26.49730310469,33.583302493233,
    -2.358809080654));
#1543 = CARTESIAN_POINT('',(-26.37452682405,33.430558279253,
    -2.336821432103));
#1544 = CARTESIAN_POINT('',(-26.23950510669,33.28376476344,
    -2.312794029743));
#1545 = CARTESIAN_POINT('',(-25.97795836842,33.03610794264,
    -2.266594532132));
#1546 = CARTESIAN_POINT('',(-25.85637214574,32.932302254776,
    -2.245223553116));
#1547 = CARTESIAN_POINT('',(-25.72725399507,32.833364676571,
    -2.222653153825));
#1548 = CARTESIAN_POINT('',(-25.59067006877,32.74000847827,
    -2.198922707152));
#1549 = CARTESIAN_POINT('',(-25.44674473489,32.652975434228,
    -2.174083607459));
#1550 = CARTESIAN_POINT('',(-25.2956617324,32.573036230358,
    -2.148198584823));
#1551 = CARTESIAN_POINT('',(-25.13766532639,32.500990871568,
    -2.121341019272));
#1552 = PCURVE('',#101,#1553);
#1553 = DEFINITIONAL_REPRESENTATION('',(#1554),#1599);
#1554 = B_SPLINE_CURVE_WITH_KNOTS('',7,(#1555,#1556,#1557,#1558,#1559,
    #1560,#1561,#1562,#1563,#1564,#1565,#1566,#1567,#1568,#1569,#1570,
    #1571,#1572,#1573,#1574,#1575,#1576,#1577,#1578,#1579,#1580,#1581,
    #1582,#1583,#1584,#1585,#1586,#1587,#1588,#1589,#1590,#1591,#1592,
    #1593,#1594,#1595,#1596,#1597,#1598),.UNSPECIFIED.,.F.,.F.,(8,6,6,6,
    6,6,6,8),(0.,0.198787102966,0.363177786525,0.539191048634,
    0.687890820902,0.813097996811,0.918502991064,1.),.UNSPECIFIED.);
#1555 = CARTESIAN_POINT('',(1.707898716191,74.31233467361));
#1556 = CARTESIAN_POINT('',(1.708871005208,73.99549959721));
#1557 = CARTESIAN_POINT('',(1.71011739619,73.686814758137));
#1558 = CARTESIAN_POINT('',(1.71165081724,73.391653504991));
#1559 = CARTESIAN_POINT('',(1.713482489656,73.116596643551));
#1560 = CARTESIAN_POINT('',(1.715619016296,72.869772415749));
#1561 = CARTESIAN_POINT('',(1.718060029573,72.661103551526));
#1562 = CARTESIAN_POINT('',(1.723045213312,72.372943821645));
#1563 = CARTESIAN_POINT('',(1.725494921811,72.27755172303));
#1564 = CARTESIAN_POINT('',(1.728070965443,72.227497789452));
#1565 = CARTESIAN_POINT('',(1.730690502664,72.227861653324));
#1566 = CARTESIAN_POINT('',(1.733264977164,72.278512898122));
#1567 = CARTESIAN_POINT('',(1.735711326128,72.374108738778));
#1568 = CARTESIAN_POINT('',(1.740372593749,72.643246354179));
#1569 = CARTESIAN_POINT('',(1.742563531116,72.822087889048));
#1570 = CARTESIAN_POINT('',(1.744521494698,73.031983684569));
#1571 = CARTESIAN_POINT('',(1.746242762791,73.26586609075));
#1572 = CARTESIAN_POINT('',(1.747729297958,73.51777316226));
#1573 = CARTESIAN_POINT('',(1.748986632694,73.782619744385));
#1574 = CARTESIAN_POINT('',(1.750898273081,74.287140050712));
#1575 = CARTESIAN_POINT('',(1.751619191912,74.525216656673));
#1576 = CARTESIAN_POINT('',(1.752190476742,74.768390134758));
#1577 = CARTESIAN_POINT('',(1.752616099104,75.015115503091));
#1578 = CARTESIAN_POINT('',(1.752898898904,75.264116941657));
#1579 = CARTESIAN_POINT('',(1.753040353885,75.514266512175));
#1580 = CARTESIAN_POINT('',(1.753040353885,75.97513745277));
#1581 = CARTESIAN_POINT('',(1.752940065013,76.185787015595));
#1582 = CARTESIAN_POINT('',(1.75273952692,76.395749665169));
#1583 = CARTESIAN_POINT('',(1.752438013184,76.604347847229));
#1584 = CARTESIAN_POINT('',(1.752034108635,76.810841848981));
#1585 = CARTESIAN_POINT('',(1.751525786691,77.014380077455));
#1586 = CARTESIAN_POINT('',(1.750392499658,77.381955656956));
#1587 = CARTESIAN_POINT('',(1.749798609334,77.547177042066));
#1588 = CARTESIAN_POINT('',(1.749127279583,77.708995927035));
#1589 = CARTESIAN_POINT('',(1.748376759887,77.866697506767));
#1590 = CARTESIAN_POINT('',(1.747545229998,78.019441720747));
#1591 = CARTESIAN_POINT('',(1.746630944597,78.16623523656));
#1592 = CARTESIAN_POINT('',(1.744860306421,78.41389205736));
#1593 = CARTESIAN_POINT('',(1.744037306015,78.517697745224));
#1594 = CARTESIAN_POINT('',(1.743163466603,78.616635323429));
#1595 = CARTESIAN_POINT('',(1.742239266927,78.70999152173));
#1596 = CARTESIAN_POINT('',(1.741265581268,78.797024565772));
#1597 = CARTESIAN_POINT('',(1.740243686123,78.876963769642));
#1598 = CARTESIAN_POINT('',(1.739175266872,78.949009128432));
#1599 = ( GEOMETRIC_REPRESENTATION_CONTEXT(2) 
PARAMETRIC_REPRESENTATION_CONTEXT() REPRESENTATION_CONTEXT('2D SPACE',''
  ) );
#1600 = PCURVE('',#347,#1601);
#1601 = DEFINITIONAL_REPRESENTATION('',(#1602),#1647);
#1602 = B_SPLINE_CURVE_WITH_KNOTS('',7,(#1603,#1604,#1605,#1606,#1607,
    #1608,#1609,#1610,#1611,#1612,#1613,#1614,#1615,#1616,#1617,#1618,
    #1619,#1620,#1621,#1622,#1623,#1624,#1625,#1626,#1627,#1628,#1629,
    #1630,#1631,#1632,#1633,#1634,#1635,#1636,#1637,#1638,#1639,#1640,
    #1641,#1642,#1643,#1644,#1645,#1646),.UNSPECIFIED.,.F.,.F.,(8,6,6,6,
    6,6,6,8),(0.,0.198787102966,0.363177786525,0.539191048634,
    0.687890820902,0.813097996811,0.918502991064,1.),.UNSPECIFIED.);
#1603 = CARTESIAN_POINT('',(0.427827059752,1.315865339533));
#1604 = CARTESIAN_POINT('',(0.527318595266,1.295932451275));
#1605 = CARTESIAN_POINT('',(0.629516434294,1.270216258538));
#1606 = CARTESIAN_POINT('',(0.734859953443,1.238285861549));
#1607 = CARTESIAN_POINT('',(0.843824929024,1.199660058833));
#1608 = CARTESIAN_POINT('',(0.956991837184,1.153858862513));
#1609 = CARTESIAN_POINT('',(1.075073091387,1.100432969722));
#1610 = CARTESIAN_POINT('',(1.301801607568,0.988692131202));
#1611 = CARTESIAN_POINT('',(1.408385833255,0.932901670295));
#1612 = CARTESIAN_POINT('',(1.516972577936,0.873128406562));
#1613 = CARTESIAN_POINT('',(1.626136738583,0.811075258072));
#1614 = CARTESIAN_POINT('',(1.734576606594,0.748842186366));
#1615 = CARTESIAN_POINT('',(1.84085244701,0.688660095963));
#1616 = CARTESIAN_POINT('',(2.05231336245,0.57232283913));
#1617 = CARTESIAN_POINT('',(2.157099456166,0.516638356967));
#1618 = CARTESIAN_POINT('',(2.258043417794,0.466095048127));
#1619 = CARTESIAN_POINT('',(2.355618912873,0.421103241792));
#1620 = CARTESIAN_POINT('',(2.450220466901,0.381864670548));
#1621 = CARTESIAN_POINT('',(2.542149585715,0.348428097194));
#1622 = CARTESIAN_POINT('',(2.707309004482,0.297310295461));
#1623 = CARTESIAN_POINT('',(2.781513503555,0.277900750977));
#1624 = CARTESIAN_POINT('',(2.854613578328,0.262444403421));
#1625 = CARTESIAN_POINT('',(2.926896263841,0.250892189237));
#1626 = CARTESIAN_POINT('',(2.998635564081,0.243204151762));
#1627 = CARTESIAN_POINT('',(3.070107058763,0.239358615276));
#1628 = CARTESIAN_POINT('',(3.201784470362,0.239358615276));
#1629 = CARTESIAN_POINT('',(3.261969871576,0.242085098609));
#1630 = CARTESIAN_POINT('',(3.322315657176,0.247536689819));
#1631 = CARTESIAN_POINT('',(3.382983625376,0.25572416317));
#1632 = CARTESIAN_POINT('',(3.444136511572,0.26666728518));
#1633 = CARTESIAN_POINT('',(3.50594392725,0.280391657159));
#1634 = CARTESIAN_POINT('',(3.621325129566,0.310844533906));
#1635 = CARTESIAN_POINT('',(3.674663792403,0.326756914778));
#1636 = CARTESIAN_POINT('',(3.728711716753,0.344679671814));
#1637 = CARTESIAN_POINT('',(3.783577197603,0.364629220069));
#1638 = CARTESIAN_POINT('',(3.839373532311,0.38661686862));
#1639 = CARTESIAN_POINT('',(3.896223157343,0.41064427098));
#1640 = CARTESIAN_POINT('',(3.999136077612,0.456843768591));
#1641 = CARTESIAN_POINT('',(4.044753016576,0.478214747607));
#1642 = CARTESIAN_POINT('',(4.091124155354,0.500785146898));
#1643 = CARTESIAN_POINT('',(4.138264771588,0.524515593572));
#1644 = CARTESIAN_POINT('',(4.18619623836,0.549354693264));
#1645 = CARTESIAN_POINT('',(4.234948395455,0.5752397159));
#1646 = CARTESIAN_POINT('',(4.284561920633,0.602097281451));
#1647 = ( GEOMETRIC_REPRESENTATION_CONTEXT(2) 
PARAMETRIC_REPRESENTATION_CONTEXT() REPRESENTATION_CONTEXT('2D SPACE',''
  ) );
#1648 = ORIENTED_EDGE('',*,*,#276,.T.);
#1649 = ORIENTED_EDGE('',*,*,#86,.T.);
#1650 = ORIENTED_EDGE('',*,*,#1450,.F.);
#1651 = ORIENTED_EDGE('',*,*,#1652,.T.);
#1652 = EDGE_CURVE('',#1451,#1653,#1655,.T.);
#1653 = VERTEX_POINT('',#1654);
#1654 = CARTESIAN_POINT('',(-20.50099087156,-37.13766532639,
    -1.407572961191));
#1655 = SURFACE_CURVE('',#1656,(#1701,#1749),.PCURVE_S1.);
#1656 = B_SPLINE_CURVE_WITH_KNOTS('',7,(#1657,#1658,#1659,#1660,#1661,
    #1662,#1663,#1664,#1665,#1666,#1667,#1668,#1669,#1670,#1671,#1672,
    #1673,#1674,#1675,#1676,#1677,#1678,#1679,#1680,#1681,#1682,#1683,
    #1684,#1685,#1686,#1687,#1688,#1689,#1690,#1691,#1692,#1693,#1694,
    #1695,#1696,#1697,#1698,#1699,#1700),.UNSPECIFIED.,.F.,.F.,(8,6,6,6,
    6,6,6,8),(0.,8.156378792308E-02,0.18696843385,0.30903839434,
    0.517370843563,0.682972090602,0.829930929068,1.),.UNSPECIFIED.);
#1657 = CARTESIAN_POINT('',(-25.13766532639,-32.50099087156,
    -2.121341019272));
#1658 = CARTESIAN_POINT('',(-25.29580361478,-32.57310092782,
    -2.148222703191));
#1659 = CARTESIAN_POINT('',(-25.44701389792,-32.65311801528,
    -2.174129726414));
#1660 = CARTESIAN_POINT('',(-25.59105230828,-32.74023991492,
    -2.198988679934));
#1661 = CARTESIAN_POINT('',(-25.72773564385,-32.83369416531,
    -2.222736840077));
#1662 = CARTESIAN_POINT('',(-25.85694016064,-32.93273762536,
    -2.245322845624));
#1663 = CARTESIAN_POINT('',(-25.97860036538,-33.03665603715,
    -2.266707374924));
#1664 = CARTESIAN_POINT('',(-26.24016852442,-33.28447066321,
    -2.312911942251));
#1665 = CARTESIAN_POINT('',(-26.37514834037,-33.43129990156,
    -2.336932509089));
#1666 = CARTESIAN_POINT('',(-26.49788188306,-33.58407697983,
    -2.35891302675));
#1667 = CARTESIAN_POINT('',(-26.60863480263,-33.7418088573,
    -2.378855190876));
#1668 = CARTESIAN_POINT('',(-26.70768249024,-33.90365575192,
    -2.396770340116));
#1669 = CARTESIAN_POINT('',(-26.79528879606,-34.06890311574,
    -2.412674906713));
#1670 = CARTESIAN_POINT('',(-26.96015950724,-34.43153106546,
    -2.442696261175));
#1671 = CARTESIAN_POINT('',(-27.03361618704,-34.6298988278,
    -2.456135880564));
#1672 = CARTESIAN_POINT('',(-27.09241133106,-34.83109745851,
    -2.466930851588));
#1673 = CARTESIAN_POINT('',(-27.13682885362,-35.0343341013,
    -2.475104992539));
#1674 = CARTESIAN_POINT('',(-27.16706976563,-35.23891857132,
    -2.480676943714));
#1675 = CARTESIAN_POINT('',(-27.18324190118,-35.44421944378,
    -2.483657297454));
#1676 = CARTESIAN_POINT('',(-27.18894685396,-36.0001701922,
    -2.484708649064));
#1677 = CARTESIAN_POINT('',(-27.15157652697,-36.3506906161,
    -2.477821878468));
#1678 = CARTESIAN_POINT('',(-27.07339161248,-36.69835221377,
    -2.463409203015));
#1679 = CARTESIAN_POINT('',(-26.95353703216,-37.04008481266,
    -2.441383055833));
#1680 = CARTESIAN_POINT('',(-26.79037889757,-37.37206640737,
    -2.411583966637));
#1681 = CARTESIAN_POINT('',(-26.5817731113,-37.68907256558,
    -2.373860351051));
#1682 = CARTESIAN_POINT('',(-26.12176989647,-38.21753473935,
    -2.291855480125));
#1683 = CARTESIAN_POINT('',(-25.88571672282,-38.43984074511,
    -2.250112581283));
#1684 = CARTESIAN_POINT('',(-25.61724204328,-38.6434896754,
    -2.203120905799));
#1685 = CARTESIAN_POINT('',(-25.31761367567,-38.8216589015,
    -2.151346454391));
#1686 = CARTESIAN_POINT('',(-24.98933666461,-38.96769303777,
    -2.095498700754));
#1687 = CARTESIAN_POINT('',(-24.63617711321,-39.0751045921,
    -2.036485816419));
#1688 = CARTESIAN_POINT('',(-23.93245012282,-39.19289460537,
    -1.921135025637));
#1689 = CARTESIAN_POINT('',(-23.59178929367,-39.21187738878,
    -1.866181624838));
#1690 = CARTESIAN_POINT('',(-23.24933900885,-39.19163407756,
    -1.811915333547));
#1691 = CARTESIAN_POINT('',(-22.91361419079,-39.13235037217,
    -1.759696611097));
#1692 = CARTESIAN_POINT('',(-22.59276281875,-39.03710299933,
    -1.710675334699));
#1693 = CARTESIAN_POINT('',(-22.29379999126,-38.91176050218,
    -1.665708600789));
#1694 = CARTESIAN_POINT('',(-21.70737875408,-38.59495791908,
    -1.578671171602));
#1695 = CARTESIAN_POINT('',(-21.42572216138,-38.39436271339,
    -1.53766262396));
#1696 = CARTESIAN_POINT('',(-21.17735696335,-38.17033657016,
    -1.502089704927));
#1697 = CARTESIAN_POINT('',(-20.96173427226,-37.92853448604,
    -1.471613135991));
#1698 = CARTESIAN_POINT('',(-20.77787871229,-37.67349437236,
    -1.445896999654));
#1699 = CARTESIAN_POINT('',(-20.62466753856,-37.40888986079,
    -1.424636376008));
#1700 = CARTESIAN_POINT('',(-20.50099087156,-37.13766532639,
    -1.407572961191));
#1701 = PCURVE('',#101,#1702);
#1702 = DEFINITIONAL_REPRESENTATION('',(#1703),#1748);
#1703 = B_SPLINE_CURVE_WITH_KNOTS('',7,(#1704,#1705,#1706,#1707,#1708,
    #1709,#1710,#1711,#1712,#1713,#1714,#1715,#1716,#1717,#1718,#1719,
    #1720,#1721,#1722,#1723,#1724,#1725,#1726,#1727,#1728,#1729,#1730,
    #1731,#1732,#1733,#1734,#1735,#1736,#1737,#1738,#1739,#1740,#1741,
    #1742,#1743,#1744,#1745,#1746,#1747),.UNSPECIFIED.,.F.,.F.,(8,6,6,6,
    6,6,6,8),(0.,8.156378792308E-02,0.18696843385,0.30903839434,
    0.517370843563,0.682972090602,0.829930929068,1.),.UNSPECIFIED.);
#1704 = CARTESIAN_POINT('',(1.739175266872,143.95099087156));
#1705 = CARTESIAN_POINT('',(1.740244645574,144.02310092782));
#1706 = CARTESIAN_POINT('',(1.741267401837,144.10311801528));
#1707 = CARTESIAN_POINT('',(1.742241852864,144.19023991492));
#1708 = CARTESIAN_POINT('',(1.7431667257,144.28369416531));
#1709 = CARTESIAN_POINT('',(1.7440411502,144.38273762536));
#1710 = CARTESIAN_POINT('',(1.74486465201,144.48665603715));
#1711 = CARTESIAN_POINT('',(1.746635436693,144.73447066321));
#1712 = CARTESIAN_POINT('',(1.747549439089,144.88129990156));
#1713 = CARTESIAN_POINT('',(1.748380680141,145.03407697983));
#1714 = CARTESIAN_POINT('',(1.749130906277,145.1918088573));
#1715 = CARTESIAN_POINT('',(1.749801938336,145.35365575192));
#1716 = CARTESIAN_POINT('',(1.750395526951,145.51890311574));
#1717 = CARTESIAN_POINT('',(1.751512738423,145.88153106546));
#1718 = CARTESIAN_POINT('',(1.752010578363,146.0798988278));
#1719 = CARTESIAN_POINT('',(1.752409097755,146.28109745851));
#1720 = CARTESIAN_POINT('',(1.752710187096,146.4843341013));
#1721 = CARTESIAN_POINT('',(1.752915186791,146.68891857132));
#1722 = CARTESIAN_POINT('',(1.75302481655,146.89421944378));
#1723 = CARTESIAN_POINT('',(1.753063490013,147.4501701922));
#1724 = CARTESIAN_POINT('',(1.752810159407,147.8006906161));
#1725 = CARTESIAN_POINT('',(1.752280144459,148.14835221377));
#1726 = CARTESIAN_POINT('',(1.751467733348,148.49008481266));
#1727 = CARTESIAN_POINT('',(1.750362021024,148.82206640737));
#1728 = CARTESIAN_POINT('',(1.748948763674,149.13907256558));
#1729 = CARTESIAN_POINT('',(1.745833726621,149.66753473935));
#1730 = CARTESIAN_POINT('',(1.744235624233,149.88984074511));
#1731 = CARTESIAN_POINT('',(1.742418587392,150.0934896754));
#1732 = CARTESIAN_POINT('',(1.740391473006,150.2716589015));
#1733 = CARTESIAN_POINT('',(1.738171529457,150.41769303777));
#1734 = CARTESIAN_POINT('',(1.735784500185,150.5251045921));
#1735 = CARTESIAN_POINT('',(1.73103037925,150.64289460537));
#1736 = CARTESIAN_POINT('',(1.728729954871,150.66187738878));
#1737 = CARTESIAN_POINT('',(1.72641848127,150.64163407756));
#1738 = CARTESIAN_POINT('',(1.724153419048,150.58235037217));
#1739 = CARTESIAN_POINT('',(1.721989598322,150.48710299933));
#1740 = CARTESIAN_POINT('',(1.719974097866,150.36176050218));
#1741 = CARTESIAN_POINT('',(1.716021796812,150.04495791909));
#1742 = CARTESIAN_POINT('',(1.714124295323,149.84436271339));
#1743 = CARTESIAN_POINT('',(1.712451636085,149.62033657016));
#1744 = CARTESIAN_POINT('',(1.710999866762,149.37853448604));
#1745 = CARTESIAN_POINT('',(1.70976223251,149.12349437236));
#1746 = CARTESIAN_POINT('',(1.708731037659,148.85888986079));
#1747 = CARTESIAN_POINT('',(1.707898716191,148.58766532639));
#1748 = ( GEOMETRIC_REPRESENTATION_CONTEXT(2) 
PARAMETRIC_REPRESENTATION_CONTEXT() REPRESENTATION_CONTEXT('2D SPACE',''
  ) );
#1749 = PCURVE('',#407,#1750);
#1750 = DEFINITIONAL_REPRESENTATION('',(#1751),#1796);
#1751 = B_SPLINE_CURVE_WITH_KNOTS('',7,(#1752,#1753,#1754,#1755,#1756,
    #1757,#1758,#1759,#1760,#1761,#1762,#1763,#1764,#1765,#1766,#1767,
    #1768,#1769,#1770,#1771,#1772,#1773,#1774,#1775,#1776,#1777,#1778,
    #1779,#1780,#1781,#1782,#1783,#1784,#1785,#1786,#1787,#1788,#1789,
    #1790,#1791,#1792,#1793,#1794,#1795),.UNSPECIFIED.,.F.,.F.,(8,6,6,6,
    6,6,6,8),(0.,8.156378792308E-02,0.18696843385,0.30903839434,
    0.517370843563,0.682972090602,0.829930929068,1.),.UNSPECIFIED.);
#1752 = CARTESIAN_POINT('',(1.998623386547,0.602097281451));
#1753 = CARTESIAN_POINT('',(2.048281465175,0.575215597533));
#1754 = CARTESIAN_POINT('',(2.097075944204,0.549308574309));
#1755 = CARTESIAN_POINT('',(2.145047875623,0.524449620789));
#1756 = CARTESIAN_POINT('',(2.192227434684,0.500701460646));
#1757 = CARTESIAN_POINT('',(2.238636309483,0.478115455099));
#1758 = CARTESIAN_POINT('',(2.28429009053,0.456730925799));
#1759 = CARTESIAN_POINT('',(2.387238459088,0.410526358472));
#1760 = CARTESIAN_POINT('',(2.44408749982,0.386505791634));
#1761 = CARTESIAN_POINT('',(2.499883510516,0.364525273973));
#1762 = CARTESIAN_POINT('',(2.554748946646,0.344583109848));
#1763 = CARTESIAN_POINT('',(2.60879712792,0.326667960607));
#1764 = CARTESIAN_POINT('',(2.662136375036,0.31076339401));
#1765 = CARTESIAN_POINT('',(2.775950179773,0.280742039549));
#1766 = CARTESIAN_POINT('',(2.836231162673,0.267302420159));
#1767 = CARTESIAN_POINT('',(2.895886001393,0.256507449135));
#1768 = CARTESIAN_POINT('',(2.955072146172,0.248333308184));
#1769 = CARTESIAN_POINT('',(3.01394084453,0.242761357009));
#1770 = CARTESIAN_POINT('',(3.072642394577,0.239781003269));
#1771 = CARTESIAN_POINT('',(3.231493828482,0.238729651659));
#1772 = CARTESIAN_POINT('',(3.33152748217,0.245616422255));
#1773 = CARTESIAN_POINT('',(3.43226717796,0.260029097708));
#1774 = CARTESIAN_POINT('',(3.534451632212,0.28205524489));
#1775 = CARTESIAN_POINT('',(3.638867307916,0.311854334087));
#1776 = CARTESIAN_POINT('',(3.746316462236,0.349577949672));
#1777 = CARTESIAN_POINT('',(3.946495000252,0.431582820599));
#1778 = CARTESIAN_POINT('',(4.038684863428,0.47332571944));
#1779 = CARTESIAN_POINT('',(4.134071694206,0.520317394924));
#1780 = CARTESIAN_POINT('',(4.232500085635,0.572091846333));
#1781 = CARTESIAN_POINT('',(4.333950320206,0.627939599969));
#1782 = CARTESIAN_POINT('',(4.438535506831,0.686952484304));
#1783 = CARTESIAN_POINT('',(4.642397437746,0.802303275087));
#1784 = CARTESIAN_POINT('',(4.739288546201,0.857256675885));
#1785 = CARTESIAN_POINT('',(4.836274403567,0.911522967177));
#1786 = CARTESIAN_POINT('',(4.932536155703,0.963741689626));
#1787 = CARTESIAN_POINT('',(5.027250100752,1.012762966025));
#1788 = CARTESIAN_POINT('',(5.119423990371,1.057729699934));
#1789 = CARTESIAN_POINT('',(5.309859312096,1.144767129122));
#1790 = CARTESIAN_POINT('',(5.407902670363,1.185775676764));
#1791 = CARTESIAN_POINT('',(5.502499884524,1.221348595796));
#1792 = CARTESIAN_POINT('',(5.594135020299,1.251825164732));
#1793 = CARTESIAN_POINT('',(5.683240165383,1.277541301069));
#1794 = CARTESIAN_POINT('',(5.770189188169,1.298801924716));
#1795 = CARTESIAN_POINT('',(5.855358247428,1.315865339533));
#1796 = ( GEOMETRIC_REPRESENTATION_CONTEXT(2) 
PARAMETRIC_REPRESENTATION_CONTEXT() REPRESENTATION_CONTEXT('2D SPACE',''
  ) );
#1797 = ORIENTED_EDGE('',*,*,#1798,.F.);
#1798 = EDGE_CURVE('',#1799,#1653,#1801,.T.);
#1799 = VERTEX_POINT('',#1800);
#1800 = CARTESIAN_POINT('',(-20.15,-37.15,-1.3595697665));
#1801 = SURFACE_CURVE('',#1802,(#1808,#1817),.PCURVE_S1.);
#1802 = B_SPLINE_CURVE_WITH_KNOTS('',4,(#1803,#1804,#1805,#1806,#1807),
  .UNSPECIFIED.,.F.,.F.,(5,5),(0.,1.),.PIECEWISE_BEZIER_KNOTS.);
#1803 = CARTESIAN_POINT('',(-20.15,-37.15,-1.3595697665));
#1804 = CARTESIAN_POINT('',(-20.23791109377,-37.15,-1.371487173741));
#1805 = CARTESIAN_POINT('',(-20.32580460918,-37.14793907945,
    -1.383472798145));
#1806 = CARTESIAN_POINT('',(-20.41354222436,-37.14381924308,
    -1.39550785159));
#1807 = CARTESIAN_POINT('',(-20.50099087156,-37.13766532639,
    -1.407572961191));
#1808 = PCURVE('',#101,#1809);
#1809 = DEFINITIONAL_REPRESENTATION('',(#1810),#1816);
#1810 = B_SPLINE_CURVE_WITH_KNOTS('',4,(#1811,#1812,#1813,#1814,#1815),
  .UNSPECIFIED.,.F.,.F.,(5,5),(0.,1.),.PIECEWISE_BEZIER_KNOTS.);
#1811 = CARTESIAN_POINT('',(1.705536994061,148.6));
#1812 = CARTESIAN_POINT('',(1.706128428664,148.6));
#1813 = CARTESIAN_POINT('',(1.706719808231,148.59793907945));
#1814 = CARTESIAN_POINT('',(1.707310202706,148.59381924308));
#1815 = CARTESIAN_POINT('',(1.707898716191,148.58766532639));
#1816 = ( GEOMETRIC_REPRESENTATION_CONTEXT(2) 
PARAMETRIC_REPRESENTATION_CONTEXT() REPRESENTATION_CONTEXT('2D SPACE',''
  ) );
#1817 = PCURVE('',#440,#1818);
#1818 = DEFINITIONAL_REPRESENTATION('',(#1819),#1825);
#1819 = B_SPLINE_CURVE_WITH_KNOTS('',4,(#1820,#1821,#1822,#1823,#1824),
  .UNSPECIFIED.,.F.,.F.,(5,5),(0.,1.),.PIECEWISE_BEZIER_KNOTS.);
#1820 = CARTESIAN_POINT('',(4.712388980385,-1.363868534223));
#1821 = CARTESIAN_POINT('',(4.72997119914,-1.351951126982));
#1822 = CARTESIAN_POINT('',(4.747549890644,-1.339965502579));
#1823 = CARTESIAN_POINT('',(4.765111954328,-1.327930449133));
#1824 = CARTESIAN_POINT('',(4.782644936491,-1.315865339533));
#1825 = ( GEOMETRIC_REPRESENTATION_CONTEXT(2) 
PARAMETRIC_REPRESENTATION_CONTEXT() REPRESENTATION_CONTEXT('2D SPACE',''
  ) );
#1826 = ORIENTED_EDGE('',*,*,#1827,.F.);
#1827 = EDGE_CURVE('',#1828,#1799,#1830,.T.);
#1828 = VERTEX_POINT('',#1829);
#1829 = CARTESIAN_POINT('',(20.15,-37.15,-1.3595697665));
#1830 = SURFACE_CURVE('',#1831,(#1836,#1843),.PCURVE_S1.);
#1831 = CIRCLE('',#1832,150.);
#1832 = AXIS2_PLACEMENT_3D('',#1833,#1834,#1835);
#1833 = CARTESIAN_POINT('',(0.,-37.15,-150.));
#1834 = DIRECTION('',(0.,-1.,2.22044604925E-16));
#1835 = DIRECTION('',(1.,0.,0.));
#1836 = PCURVE('',#101,#1837);
#1837 = DEFINITIONAL_REPRESENTATION('',(#1838),#1842);
#1838 = LINE('',#1839,#1840);
#1839 = CARTESIAN_POINT('',(0.,148.6));
#1840 = VECTOR('',#1841,1.);
#1841 = DIRECTION('',(1.,0.));
#1842 = ( GEOMETRIC_REPRESENTATION_CONTEXT(2) 
PARAMETRIC_REPRESENTATION_CONTEXT() REPRESENTATION_CONTEXT('2D SPACE',''
  ) );
#1843 = PCURVE('',#468,#1844);
#1844 = DEFINITIONAL_REPRESENTATION('',(#1845),#1853);
#1845 = ( BOUNDED_CURVE() B_SPLINE_CURVE(2,(#1846,#1847,#1848,#1849,
#1850,#1851,#1852),.UNSPECIFIED.,.T.,.F.) B_SPLINE_CURVE_WITH_KNOTS((1,2
    ,2,2,2,1),(-2.094395102393,0.,2.094395102393,4.188790204786,
6.28318530718,8.377580409573),.UNSPECIFIED.) CURVE() 
GEOMETRIC_REPRESENTATION_ITEM() RATIONAL_B_SPLINE_CURVE((1.,0.5,1.,0.5,
1.,0.5,1.)) REPRESENTATION_ITEM('') );
#1846 = CARTESIAN_POINT('',(170.15,147.27656169927));
#1847 = CARTESIAN_POINT('',(170.15,-112.531059436));
#1848 = CARTESIAN_POINT('',(-54.85,17.372751131611));
#1849 = CARTESIAN_POINT('',(-279.85,147.27656169927));
#1850 = CARTESIAN_POINT('',(-54.85,277.18037226694));
#1851 = CARTESIAN_POINT('',(170.15,407.0841828346));
#1852 = CARTESIAN_POINT('',(170.15,147.27656169927));
#1853 = ( GEOMETRIC_REPRESENTATION_CONTEXT(2) 
PARAMETRIC_REPRESENTATION_CONTEXT() REPRESENTATION_CONTEXT('2D SPACE',''
  ) );
#1854 = ORIENTED_EDGE('',*,*,#1855,.F.);
#1855 = EDGE_CURVE('',#1856,#1828,#1858,.T.);
#1856 = VERTEX_POINT('',#1857);
#1857 = CARTESIAN_POINT('',(20.500990871568,-37.13766532639,
    -1.407572961191));
#1858 = SURFACE_CURVE('',#1859,(#1865,#1874),.PCURVE_S1.);
#1859 = B_SPLINE_CURVE_WITH_KNOTS('',4,(#1860,#1861,#1862,#1863,#1864),
  .UNSPECIFIED.,.F.,.F.,(5,5),(0.,1.),.PIECEWISE_BEZIER_KNOTS.);
#1860 = CARTESIAN_POINT('',(20.500990871568,-37.13766532639,
    -1.407572961191));
#1861 = CARTESIAN_POINT('',(20.413542224365,-37.14381924308,
    -1.39550785159));
#1862 = CARTESIAN_POINT('',(20.325804609187,-37.14793907945,
    -1.383472798145));
#1863 = CARTESIAN_POINT('',(20.237911093776,-37.15,-1.371487173741));
#1864 = CARTESIAN_POINT('',(20.15,-37.15,-1.3595697665));
#1865 = PCURVE('',#101,#1866);
#1866 = DEFINITIONAL_REPRESENTATION('',(#1867),#1873);
#1867 = B_SPLINE_CURVE_WITH_KNOTS('',4,(#1868,#1869,#1870,#1871,#1872),
  .UNSPECIFIED.,.F.,.F.,(5,5),(0.,1.),.PIECEWISE_BEZIER_KNOTS.);
#1868 = CARTESIAN_POINT('',(1.433693937398,148.58766532639));
#1869 = CARTESIAN_POINT('',(1.434282450884,148.59381924308));
#1870 = CARTESIAN_POINT('',(1.434872845359,148.59793907945));
#1871 = CARTESIAN_POINT('',(1.435464224926,148.6));
#1872 = CARTESIAN_POINT('',(1.436055659529,148.6));
#1873 = ( GEOMETRIC_REPRESENTATION_CONTEXT(2) 
PARAMETRIC_REPRESENTATION_CONTEXT() REPRESENTATION_CONTEXT('2D SPACE',''
  ) );
#1874 = PCURVE('',#501,#1875);
#1875 = DEFINITIONAL_REPRESENTATION('',(#1876),#1882);
#1876 = B_SPLINE_CURVE_WITH_KNOTS('',4,(#1877,#1878,#1879,#1880,#1881),
  .UNSPECIFIED.,.F.,.F.,(5,5),(0.,1.),.PIECEWISE_BEZIER_KNOTS.);
#1877 = CARTESIAN_POINT('',(4.642133024278,-1.315865339533));
#1878 = CARTESIAN_POINT('',(4.659666006441,-1.327930449133));
#1879 = CARTESIAN_POINT('',(4.677228070125,-1.339965502579));
#1880 = CARTESIAN_POINT('',(4.69480676163,-1.351951126982));
#1881 = CARTESIAN_POINT('',(4.712388980385,-1.363868534223));
#1882 = ( GEOMETRIC_REPRESENTATION_CONTEXT(2) 
PARAMETRIC_REPRESENTATION_CONTEXT() REPRESENTATION_CONTEXT('2D SPACE',''
  ) );
#1883 = ORIENTED_EDGE('',*,*,#1884,.F.);
#1884 = EDGE_CURVE('',#1885,#1856,#1887,.T.);
#1885 = VERTEX_POINT('',#1886);
#1886 = CARTESIAN_POINT('',(25.13766532639,-32.50099087156,
    -2.121341019272));
#1887 = SURFACE_CURVE('',#1888,(#1933,#2006),.PCURVE_S1.);
#1888 = B_SPLINE_CURVE_WITH_KNOTS('',7,(#1889,#1890,#1891,#1892,#1893,
    #1894,#1895,#1896,#1897,#1898,#1899,#1900,#1901,#1902,#1903,#1904,
    #1905,#1906,#1907,#1908,#1909,#1910,#1911,#1912,#1913,#1914,#1915,
    #1916,#1917,#1918,#1919,#1920,#1921,#1922,#1923,#1924,#1925,#1926,
    #1927,#1928,#1929,#1930,#1931,#1932),.UNSPECIFIED.,.F.,.F.,(8,6,6,6,
    6,6,6,8),(0.,0.261148307841,0.450191065529,1.,1.55005217656,
    2.04063953101,2.567974293388,3.205646371907),.UNSPECIFIED.);
#1889 = CARTESIAN_POINT('',(25.13766532639,-32.50099087156,
    -2.121341019272));
#1890 = CARTESIAN_POINT('',(25.295661732405,-32.57303623035,
    -2.148198584823));
#1891 = CARTESIAN_POINT('',(25.446744734898,-32.65297543422,
    -2.174083607459));
#1892 = CARTESIAN_POINT('',(25.590670068779,-32.74000847827,
    -2.198922707152));
#1893 = CARTESIAN_POINT('',(25.727253995079,-32.83336467657,
    -2.222653153825));
#1894 = CARTESIAN_POINT('',(25.856372145743,-32.93230225477,
    -2.245223553116));
#1895 = CARTESIAN_POINT('',(25.977958368423,-33.03610794264,
    -2.266594532132));
#1896 = CARTESIAN_POINT('',(26.174559800815,-33.2222684967,
    -2.301322120272));
#1897 = CARTESIAN_POINT('',(26.253214804466,-33.3026802057,
    -2.31527121506));
#1898 = CARTESIAN_POINT('',(26.328006162837,-33.38512489724,
    -2.328583925254));
#1899 = CARTESIAN_POINT('',(26.398973951248,-33.46941111995,
    -2.341258723554));
#1900 = CARTESIAN_POINT('',(26.466160574436,-33.5553626444,
    -2.353295285911));
#1901 = CARTESIAN_POINT('',(26.529610601267,-33.64281833988,
    -2.36469443775));
#1902 = CARTESIAN_POINT('',(26.763175622864,-33.98993642999,
    -2.406762964015));
#1903 = CARTESIAN_POINT('',(26.905795606993,-34.25977008288,
    -2.432697448407));
#1904 = CARTESIAN_POINT('',(27.018446693461,-34.53769469619,
    -2.453321437162));
#1905 = CARTESIAN_POINT('',(27.102171890399,-34.82113649157,
    -2.468717071222));
#1906 = CARTESIAN_POINT('',(27.157734967366,-35.10806708991,
    -2.478956622544));
#1907 = CARTESIAN_POINT('',(27.185533905933,-35.39674731056,
    -2.484079685448));
#1908 = CARTESIAN_POINT('',(27.185533905933,-35.97444826396,
    -2.484079685448));
#1909 = CARTESIAN_POINT('',(27.157710365646,-36.26325626448,
    -2.478952088576));
#1910 = CARTESIAN_POINT('',(27.102098087802,-36.55031266194,
    -2.468703470579));
#1911 = CARTESIAN_POINT('',(27.018298237942,-36.83387600522,
    -2.453294138595));
#1912 = CARTESIAN_POINT('',(26.90554553189,-37.11191492114,
    -2.432651664268));
#1913 = CARTESIAN_POINT('',(26.762795094147,-37.38185130946,
    -2.406693767212));
#1914 = CARTESIAN_POINT('',(26.433669939017,-37.87069575887,
    -2.347414689561));
#1915 = CARTESIAN_POINT('',(26.253072374945,-38.09286778872,
    -2.315083405118));
#1916 = CARTESIAN_POINT('',(26.046340291202,-38.30340748182,
    -2.278357644211));
#1917 = CARTESIAN_POINT('',(25.813124689659,-38.49853598197,
    -2.237322699773));
#1918 = CARTESIAN_POINT('',(25.553480359425,-38.67400836177,
    -2.192172519189));
#1919 = CARTESIAN_POINT('',(25.268037385294,-38.82500021339,
    -2.143228211737));
#1920 = CARTESIAN_POINT('',(24.625335580795,-39.07589126122,
    -2.03477820476));
#1921 = CARTESIAN_POINT('',(24.263350876849,-39.17148710187,
    -1.974596114357));
#1922 = CARTESIAN_POINT('',(23.882224571275,-39.22213834667,
    -1.912363042652));
#1923 = CARTESIAN_POINT('',(23.494220791403,-39.22250221054,
    -1.850309894161));
#1924 = CARTESIAN_POINT('',(23.1124627227,-39.17244827697,
    -1.790536630429));
#1925 = CARTESIAN_POINT('',(22.749265348378,-39.07705617835,
    -1.734746169521));
#1926 = CARTESIAN_POINT('',(22.009883673646,-38.78889644972,
    -1.623005331487));
#1927 = CARTESIAN_POINT('',(21.647648023599,-38.58022757778,
    -1.569579436521));
#1928 = CARTESIAN_POINT('',(21.330456802111,-38.33340336978,
    -1.523778244505));
#1929 = CARTESIAN_POINT('',(21.05843370768,-38.05834648044,
    -1.485152437019));
#1930 = CARTESIAN_POINT('',(20.830647301029,-37.76318525072,
    -1.453222043118));
#1931 = CARTESIAN_POINT('',(20.645465655174,-37.45450040019,
    -1.427505849285));
#1932 = CARTESIAN_POINT('',(20.500990871568,-37.13766532639,
    -1.407572961191));
#1933 = PCURVE('',#101,#1934);
#1934 = DEFINITIONAL_REPRESENTATION('',(#1935),#2005);
#1935 = B_SPLINE_CURVE_WITH_KNOTS('',3,(#1936,#1937,#1938,#1939,#1940,
    #1941,#1942,#1943,#1944,#1945,#1946,#1947,#1948,#1949,#1950,#1951,
    #1952,#1953,#1954,#1955,#1956,#1957,#1958,#1959,#1960,#1961,#1962,
    #1963,#1964,#1965,#1966,#1967,#1968,#1969,#1970,#1971,#1972,#1973,
    #1974,#1975,#1976,#1977,#1978,#1979,#1980,#1981,#1982,#1983,#1984,
    #1985,#1986,#1987,#1988,#1989,#1990,#1991,#1992,#1993,#1994,#1995,
    #1996,#1997,#1998,#1999,#2000,#2001,#2002,#2003,#2004),
  .UNSPECIFIED.,.F.,.F.,(4,1,1,1,1,1,1,1,1,1,1,1,1,1,1,1,1,1,1,1,1,1,1,1
    ,1,1,1,1,1,1,1,1,1,1,1,1,1,1,1,1,1,1,1,1,1,1,1,1,1,1,1,1,1,1,1,1,1,1
    ,1,1,1,1,1,1,1,1,4),(0.,4.857039957435E-02,9.714079914869E-02,
    0.145711198723,0.194281598297,0.242851997872,0.291422397446,
    0.33999279702,0.388563196595,0.437133596169,0.485703995743,
    0.534274395318,0.582844794892,0.631415194466,0.679985594041,
    0.728555993615,0.77712639319,0.825696792764,0.874267192338,
    0.922837591913,0.971407991487,1.019978391061,1.068548790636,
    1.11711919021,1.165689589784,1.214259989359,1.262830388933,
    1.311400788507,1.359971188082,1.408541587656,1.45711198723,
    1.505682386805,1.554252786379,1.602823185953,1.651393585528,
    1.699963985102,1.748534384676,1.797104784251,1.845675183825,
    1.894245583399,1.942815982974,1.991386382548,2.039956782123,
    2.088527181697,2.137097581271,2.185667980846,2.23423838042,
    2.282808779994,2.331379179569,2.379949579143,2.428519978717,
    2.477090378292,2.525660777866,2.57423117744,2.622801577015,
    2.671371976589,2.719942376163,2.768512775738,2.817083175312,
    2.865653574886,2.914223974461,2.962794374035,3.011364773609,
    3.059935173184,3.108505572758,3.157075972332,3.205646371907),
  .QUASI_UNIFORM_KNOTS.);
#1936 = CARTESIAN_POINT('',(1.402417386717,143.95099087156));
#1937 = CARTESIAN_POINT('',(1.401953689299,143.9822589395));
#1938 = CARTESIAN_POINT('',(1.401048953846,144.04860868035));
#1939 = CARTESIAN_POINT('',(1.399761455031,144.1585398907));
#1940 = CARTESIAN_POINT('',(1.398545342931,144.27783262049));
#1941 = CARTESIAN_POINT('',(1.397401853426,144.4054798134));
#1942 = CARTESIAN_POINT('',(1.396331831176,144.54050725584));
#1943 = CARTESIAN_POINT('',(1.3953358337,144.68194404138));
#1944 = CARTESIAN_POINT('',(1.394412252346,144.82914599993));
#1945 = CARTESIAN_POINT('',(1.393560250429,144.98142905492));
#1946 = CARTESIAN_POINT('',(1.392778803011,145.13817792745));
#1947 = CARTESIAN_POINT('',(1.39206685602,145.29882918022));
#1948 = CARTESIAN_POINT('',(1.391423202735,145.46290505549));
#1949 = CARTESIAN_POINT('',(1.390846765739,145.62995722915));
#1950 = CARTESIAN_POINT('',(1.390336526974,145.79957678669));
#1951 = CARTESIAN_POINT('',(1.389891555004,145.97138713007));
#1952 = CARTESIAN_POINT('',(1.38951100901,146.14504097611));
#1953 = CARTESIAN_POINT('',(1.389194148589,146.3202164175));
#1954 = CARTESIAN_POINT('',(1.388940341644,146.49661354635));
#1955 = CARTESIAN_POINT('',(1.388749072148,146.67395066952));
#1956 = CARTESIAN_POINT('',(1.388619948323,146.85196249884));
#1957 = CARTESIAN_POINT('',(1.388552707313,147.03039175456));
#1958 = CARTESIAN_POINT('',(1.388547231507,147.2090060455));
#1959 = CARTESIAN_POINT('',(1.388603514999,147.38748568939));
#1960 = CARTESIAN_POINT('',(1.388721648956,147.56558990694));
#1961 = CARTESIAN_POINT('',(1.388901872747,147.74306589924));
#1962 = CARTESIAN_POINT('',(1.389144555492,147.91965007862));
#1963 = CARTESIAN_POINT('',(1.389450191839,148.09506385866));
#1964 = CARTESIAN_POINT('',(1.389819394436,148.26901090669));
#1965 = CARTESIAN_POINT('',(1.390252883401,148.4411730826));
#1966 = CARTESIAN_POINT('',(1.390751489133,148.61120926586));
#1967 = CARTESIAN_POINT('',(1.391316102787,148.77874303889));
#1968 = CARTESIAN_POINT('',(1.391947820742,148.94339115241));
#1969 = CARTESIAN_POINT('',(1.392647363509,149.10463910224));
#1970 = CARTESIAN_POINT('',(1.393417238722,149.26229478941));
#1971 = CARTESIAN_POINT('',(1.394259036833,149.41581493112));
#1972 = CARTESIAN_POINT('',(1.395173165504,149.56441792554));
#1973 = CARTESIAN_POINT('',(1.396160074614,149.70733911729));
#1974 = CARTESIAN_POINT('',(1.397219906262,149.84376023005));
#1975 = CARTESIAN_POINT('',(1.398352558369,149.97282547202));
#1976 = CARTESIAN_POINT('',(1.39955764732,150.09363458628));
#1977 = CARTESIAN_POINT('',(1.400834439265,150.20523925176));
#1978 = CARTESIAN_POINT('',(1.402181986162,150.30664694024));
#1979 = CARTESIAN_POINT('',(1.403598452557,150.39678940177));
#1980 = CARTESIAN_POINT('',(1.405083453037,150.47462298395));
#1981 = CARTESIAN_POINT('',(1.406627140408,150.53864067108));
#1982 = CARTESIAN_POINT('',(1.408216815603,150.58755808347));
#1983 = CARTESIAN_POINT('',(1.409839720371,150.62043119463));
#1984 = CARTESIAN_POINT('',(1.41148251516,150.63662464852));
#1985 = CARTESIAN_POINT('',(1.413131646155,150.6358201424));
#1986 = CARTESIAN_POINT('',(1.414773475144,150.61801402958));
#1987 = CARTESIAN_POINT('',(1.416394471992,150.58351813962));
#1988 = CARTESIAN_POINT('',(1.417981393936,150.53295867097));
#1989 = CARTESIAN_POINT('',(1.419521452148,150.46727973884));
#1990 = CARTESIAN_POINT('',(1.421002536587,150.38773039183));
#1991 = CARTESIAN_POINT('',(1.422413169128,150.29591576134));
#1992 = CARTESIAN_POINT('',(1.423752229415,150.19298654415));
#1993 = CARTESIAN_POINT('',(1.425018796599,150.08000215341));
#1994 = CARTESIAN_POINT('',(1.426212353734,149.9579587048));
#1995 = CARTESIAN_POINT('',(1.427332674528,149.82778806944));
#1996 = CARTESIAN_POINT('',(1.428379801981,149.69036390732));
#1997 = CARTESIAN_POINT('',(1.429354008473,149.54650513602));
#1998 = CARTESIAN_POINT('',(1.430255766086,149.39697951526));
#1999 = CARTESIAN_POINT('',(1.431085718966,149.24250658261));
#2000 = CARTESIAN_POINT('',(1.431844658233,149.08376073175));
#2001 = CARTESIAN_POINT('',(1.432533502159,148.92137244487));
#2002 = CARTESIAN_POINT('',(1.433153266723,148.75593525475));
#2003 = CARTESIAN_POINT('',(1.433521142209,148.6439721084));
#2004 = CARTESIAN_POINT('',(1.433693937398,148.58766532639));
#2005 = ( GEOMETRIC_REPRESENTATION_CONTEXT(2) 
PARAMETRIC_REPRESENTATION_CONTEXT() REPRESENTATION_CONTEXT('2D SPACE',''
  ) );
#2006 = PCURVE('',#530,#2007);
#2007 = DEFINITIONAL_REPRESENTATION('',(#2008),#2078);
#2008 = B_SPLINE_CURVE_WITH_KNOTS('',3,(#2009,#2010,#2011,#2012,#2013,
    #2014,#2015,#2016,#2017,#2018,#2019,#2020,#2021,#2022,#2023,#2024,
    #2025,#2026,#2027,#2028,#2029,#2030,#2031,#2032,#2033,#2034,#2035,
    #2036,#2037,#2038,#2039,#2040,#2041,#2042,#2043,#2044,#2045,#2046,
    #2047,#2048,#2049,#2050,#2051,#2052,#2053,#2054,#2055,#2056,#2057,
    #2058,#2059,#2060,#2061,#2062,#2063,#2064,#2065,#2066,#2067,#2068,
    #2069,#2070,#2071,#2072,#2073,#2074,#2075,#2076,#2077),
  .UNSPECIFIED.,.F.,.F.,(4,1,1,1,1,1,1,1,1,1,1,1,1,1,1,1,1,1,1,1,1,1,1,1
    ,1,1,1,1,1,1,1,1,1,1,1,1,1,1,1,1,1,1,1,1,1,1,1,1,1,1,1,1,1,1,1,1,1,1
    ,1,1,1,1,1,1,1,1,4),(0.,4.857039957435E-02,9.714079914869E-02,
    0.145711198723,0.194281598297,0.242851997872,0.291422397446,
    0.33999279702,0.388563196595,0.437133596169,0.485703995743,
    0.534274395318,0.582844794892,0.631415194466,0.679985594041,
    0.728555993615,0.77712639319,0.825696792764,0.874267192338,
    0.922837591913,0.971407991487,1.019978391061,1.068548790636,
    1.11711919021,1.165689589784,1.214259989359,1.262830388933,
    1.311400788507,1.359971188082,1.408541587656,1.45711198723,
    1.505682386805,1.554252786379,1.602823185953,1.651393585528,
    1.699963985102,1.748534384676,1.797104784251,1.845675183825,
    1.894245583399,1.942815982974,1.991386382548,2.039956782123,
    2.088527181697,2.137097581271,2.185667980846,2.23423838042,
    2.282808779994,2.331379179569,2.379949579143,2.428519978717,
    2.477090378292,2.525660777866,2.57423117744,2.622801577015,
    2.671371976589,2.719942376163,2.768512775738,2.817083175312,
    2.865653574886,2.914223974461,2.962794374035,3.011364773609,
    3.059935173184,3.108505572758,3.157075972332,3.205646371907),
  .QUASI_UNIFORM_KNOTS.);
#2009 = CARTESIAN_POINT('',(7.426154574223,0.602097281451));
#2010 = CARTESIAN_POINT('',(7.404624509978,0.590440931972));
#2011 = CARTESIAN_POINT('',(7.361978510401,0.567602737885));
#2012 = CARTESIAN_POINT('',(7.29921255285,0.534850463375));
#2013 = CARTESIAN_POINT('',(7.237606773104,0.503689111254));
#2014 = CARTESIAN_POINT('',(7.177130623982,0.47418917413));
#2015 = CARTESIAN_POINT('',(7.117757004147,0.446409551684));
#2016 = CARTESIAN_POINT('',(7.059473577493,0.420399779136));
#2017 = CARTESIAN_POINT('',(7.002159609718,0.396150246468));
#2018 = CARTESIAN_POINT('',(6.945745266389,0.373668433041));
#2019 = CARTESIAN_POINT('',(6.890158051386,0.35295415354));
#2020 = CARTESIAN_POINT('',(6.835328766941,0.334003718528));
#2021 = CARTESIAN_POINT('',(6.781178302076,0.316806748688));
#2022 = CARTESIAN_POINT('',(6.727635448965,0.301353779056));
#2023 = CARTESIAN_POINT('',(6.674630916722,0.287634545592));
#2024 = CARTESIAN_POINT('',(6.622097876641,0.275638854057));
#2025 = CARTESIAN_POINT('',(6.569971132196,0.265356814111));
#2026 = CARTESIAN_POINT('',(6.518186769349,0.256779214764));
#2027 = CARTESIAN_POINT('',(6.466681710129,0.249897835255));
#2028 = CARTESIAN_POINT('',(6.415393453087,0.244705738969));
#2029 = CARTESIAN_POINT('',(6.364259287664,0.241197565846));
#2030 = CARTESIAN_POINT('',(6.313217411469,0.239369713867));
#2031 = CARTESIAN_POINT('',(6.262200826906,0.239220831813));
#2032 = CARTESIAN_POINT('',(6.211168111663,0.240750911327));
#2033 = CARTESIAN_POINT('',(6.160054865559,0.243960882209));
#2034 = CARTESIAN_POINT('',(6.108798440156,0.248854012902));
#2035 = CARTESIAN_POINT('',(6.057336297153,0.255435360691));
#2036 = CARTESIAN_POINT('',(6.005605935913,0.263711605188));
#2037 = CARTESIAN_POINT('',(5.953544370003,0.273690775505));
#2038 = CARTESIAN_POINT('',(5.901087993131,0.285381885353));
#2039 = CARTESIAN_POINT('',(5.848171376139,0.298794908716));
#2040 = CARTESIAN_POINT('',(5.794729851994,0.313939351266));
#2041 = CARTESIAN_POINT('',(5.740687766495,0.330827964198));
#2042 = CARTESIAN_POINT('',(5.685999860081,0.349461158608));
#2043 = CARTESIAN_POINT('',(5.630491025888,0.369884348363));
#2044 = CARTESIAN_POINT('',(5.574076210394,0.392115364039));
#2045 = CARTESIAN_POINT('',(5.516737720777,0.416138050197));
#2046 = CARTESIAN_POINT('',(5.45843493938,0.441934837341));
#2047 = CARTESIAN_POINT('',(5.399127918773,0.469477539516));
#2048 = CARTESIAN_POINT('',(5.338770616915,0.498729224663));
#2049 = CARTESIAN_POINT('',(5.27731157799,0.52964344877));
#2050 = CARTESIAN_POINT('',(5.214694873686,0.562162842546));
#2051 = CARTESIAN_POINT('',(5.15085195263,0.596222804686));
#2052 = CARTESIAN_POINT('',(5.085728621575,0.631735296724));
#2053 = CARTESIAN_POINT('',(5.019179168666,0.66864700541));
#2054 = CARTESIAN_POINT('',(4.951443342805,0.706670685123));
#2055 = CARTESIAN_POINT('',(4.882824577605,0.745457574219));
#2056 = CARTESIAN_POINT('',(4.813581643453,0.784668308793));
#2057 = CARTESIAN_POINT('',(4.743965361942,0.82396133747));
#2058 = CARTESIAN_POINT('',(4.674216182925,0.863002815204));
#2059 = CARTESIAN_POINT('',(4.604572027176,0.901470116211));
#2060 = CARTESIAN_POINT('',(4.535273361525,0.939056391003));
#2061 = CARTESIAN_POINT('',(4.466568752519,0.97547425648));
#2062 = CARTESIAN_POINT('',(4.398721495773,1.010458767358));
#2063 = CARTESIAN_POINT('',(4.332012219633,1.043770915853));
#2064 = CARTESIAN_POINT('',(4.26675968313,1.07519550384));
#2065 = CARTESIAN_POINT('',(4.202862966373,1.104752600985));
#2066 = CARTESIAN_POINT('',(4.140236946595,1.132464641064));
#2067 = CARTESIAN_POINT('',(4.078802809537,1.158361343367));
#2068 = CARTESIAN_POINT('',(4.018489009083,1.182476627681));
#2069 = CARTESIAN_POINT('',(3.959229723775,1.204847938302));
#2070 = CARTESIAN_POINT('',(3.900964196556,1.225515157458));
#2071 = CARTESIAN_POINT('',(3.843635988692,1.244519836138));
#2072 = CARTESIAN_POINT('',(3.787192374261,1.261904515002));
#2073 = CARTESIAN_POINT('',(3.731583769748,1.277712181673));
#2074 = CARTESIAN_POINT('',(3.676763300557,1.291985771562));
#2075 = CARTESIAN_POINT('',(3.622686164365,1.304767902294));
#2076 = CARTESIAN_POINT('',(3.587102086493,1.312322660341));
#2077 = CARTESIAN_POINT('',(3.569419713342,1.315865339533));
#2078 = ( GEOMETRIC_REPRESENTATION_CONTEXT(2) 
PARAMETRIC_REPRESENTATION_CONTEXT() REPRESENTATION_CONTEXT('2D SPACE',''
  ) );
#2079 = ORIENTED_EDGE('',*,*,#2080,.F.);
#2080 = EDGE_CURVE('',#2081,#1885,#2083,.T.);
#2081 = VERTEX_POINT('',#2082);
#2082 = CARTESIAN_POINT('',(25.15,-32.15,-2.123438300723));
#2083 = SURFACE_CURVE('',#2084,(#2090,#2099),.PCURVE_S1.);
#2084 = B_SPLINE_CURVE_WITH_KNOTS('',4,(#2085,#2086,#2087,#2088,#2089),
  .UNSPECIFIED.,.F.,.F.,(5,5),(0.,1.),.PIECEWISE_BEZIER_KNOTS.);
#2085 = CARTESIAN_POINT('',(25.15,-32.15,-2.123438300723));
#2086 = CARTESIAN_POINT('',(25.15,-32.23778662749,-2.123438300723));
#2087 = CARTESIAN_POINT('',(25.147944936308,-32.32557318274,
    -2.123088787327));
#2088 = CARTESIAN_POINT('',(25.143834809848,-32.41332101682,
    -2.122389760257));
#2089 = CARTESIAN_POINT('',(25.13766532639,-32.50099087156,
    -2.121341019272));
#2090 = PCURVE('',#101,#2091);
#2091 = DEFINITIONAL_REPRESENTATION('',(#2092),#2098);
#2092 = B_SPLINE_CURVE_WITH_KNOTS('',4,(#2093,#2094,#2095,#2096,#2097),
  .UNSPECIFIED.,.F.,.F.,(5,5),(0.,1.),.PIECEWISE_BEZIER_KNOTS.);
#2093 = CARTESIAN_POINT('',(1.402333975351,143.6));
#2094 = CARTESIAN_POINT('',(1.402333975351,143.68778662749));
#2095 = CARTESIAN_POINT('',(1.402347872507,143.77557318274));
#2096 = CARTESIAN_POINT('',(1.402375666813,143.86332101682));
#2097 = CARTESIAN_POINT('',(1.402417386717,143.95099087156));
#2098 = ( GEOMETRIC_REPRESENTATION_CONTEXT(2) 
PARAMETRIC_REPRESENTATION_CONTEXT() REPRESENTATION_CONTEXT('2D SPACE',''
  ) );
#2099 = PCURVE('',#563,#2100);
#2100 = DEFINITIONAL_REPRESENTATION('',(#2101),#2107);
#2101 = B_SPLINE_CURVE_WITH_KNOTS('',4,(#2102,#2103,#2104,#2105,#2106),
  .UNSPECIFIED.,.F.,.F.,(5,5),(0.,1.),.PIECEWISE_BEZIER_KNOTS.);
#2102 = CARTESIAN_POINT('',(3.14159265359,-0.6));
#2103 = CARTESIAN_POINT('',(3.159149979089,-0.6));
#2104 = CARTESIAN_POINT('',(3.176707294837,-0.600349513396));
#2105 = CARTESIAN_POINT('',(3.194271276615,-0.601048540467));
#2106 = CARTESIAN_POINT('',(3.211848609696,-0.602097281451));
#2107 = ( GEOMETRIC_REPRESENTATION_CONTEXT(2) 
PARAMETRIC_REPRESENTATION_CONTEXT() REPRESENTATION_CONTEXT('2D SPACE',''
  ) );
#2108 = ORIENTED_EDGE('',*,*,#2109,.F.);
#2109 = EDGE_CURVE('',#2110,#2081,#2112,.T.);
#2110 = VERTEX_POINT('',#2111);
#2111 = CARTESIAN_POINT('',(25.15,32.15,-2.123438300723));
#2112 = SURFACE_CURVE('',#2113,(#2117,#2123),.PCURVE_S1.);
#2113 = LINE('',#2114,#2115);
#2114 = CARTESIAN_POINT('',(25.15,111.45,-2.123438300723));
#2115 = VECTOR('',#2116,1.);
#2116 = DIRECTION('',(0.,-1.,2.22044604925E-16));
#2117 = PCURVE('',#101,#2118);
#2118 = DEFINITIONAL_REPRESENTATION('',(#2119),#2122);
#2119 = B_SPLINE_CURVE_WITH_KNOTS('',1,(#2120,#2121),.UNSPECIFIED.,.F.,
  .F.,(2,2),(72.87,150.03),.PIECEWISE_BEZIER_KNOTS.);
#2120 = CARTESIAN_POINT('',(1.402333975351,72.87));
#2121 = CARTESIAN_POINT('',(1.402333975351,150.03));
#2122 = ( GEOMETRIC_REPRESENTATION_CONTEXT(2) 
PARAMETRIC_REPRESENTATION_CONTEXT() REPRESENTATION_CONTEXT('2D SPACE',''
  ) );
#2123 = PCURVE('',#591,#2124);
#2124 = DEFINITIONAL_REPRESENTATION('',(#2125),#2128);
#2125 = B_SPLINE_CURVE_WITH_KNOTS('',1,(#2126,#2127),.UNSPECIFIED.,.F.,
  .F.,(2,2),(72.87,150.03),.PIECEWISE_BEZIER_KNOTS.);
#2126 = CARTESIAN_POINT('',(70.73,-0.6));
#2127 = CARTESIAN_POINT('',(-6.43,-0.6));
#2128 = ( GEOMETRIC_REPRESENTATION_CONTEXT(2) 
PARAMETRIC_REPRESENTATION_CONTEXT() REPRESENTATION_CONTEXT('2D SPACE',''
  ) );
#2129 = ORIENTED_EDGE('',*,*,#2130,.T.);
#2130 = EDGE_CURVE('',#2110,#2131,#2133,.T.);
#2131 = VERTEX_POINT('',#2132);
#2132 = CARTESIAN_POINT('',(25.13766532639,32.500990871568,
    -2.121341019272));
#2133 = SURFACE_CURVE('',#2134,(#2140,#2149),.PCURVE_S1.);
#2134 = B_SPLINE_CURVE_WITH_KNOTS('',4,(#2135,#2136,#2137,#2138,#2139),
  .UNSPECIFIED.,.F.,.F.,(5,5),(0.,1.),.PIECEWISE_BEZIER_KNOTS.);
#2135 = CARTESIAN_POINT('',(25.15,32.15,-2.123438300723));
#2136 = CARTESIAN_POINT('',(25.15,32.237786627498,-2.123438300723));
#2137 = CARTESIAN_POINT('',(25.147944936308,32.325573182747,
    -2.123088787327));
#2138 = CARTESIAN_POINT('',(25.143834809848,32.413321016827,
    -2.122389760257));
#2139 = CARTESIAN_POINT('',(25.13766532639,32.500990871568,
    -2.121341019272));
#2140 = PCURVE('',#101,#2141);
#2141 = DEFINITIONAL_REPRESENTATION('',(#2142),#2148);
#2142 = B_SPLINE_CURVE_WITH_KNOTS('',4,(#2143,#2144,#2145,#2146,#2147),
  .UNSPECIFIED.,.F.,.F.,(5,5),(0.,1.),.PIECEWISE_BEZIER_KNOTS.);
#2143 = CARTESIAN_POINT('',(1.402333975351,79.3));
#2144 = CARTESIAN_POINT('',(1.402333975351,79.212213372502));
#2145 = CARTESIAN_POINT('',(1.402347872507,79.124426817253));
#2146 = CARTESIAN_POINT('',(1.402375666813,79.036678983173));
#2147 = CARTESIAN_POINT('',(1.402417386717,78.949009128432));
#2148 = ( GEOMETRIC_REPRESENTATION_CONTEXT(2) 
PARAMETRIC_REPRESENTATION_CONTEXT() REPRESENTATION_CONTEXT('2D SPACE',''
  ) );
#2149 = PCURVE('',#675,#2150);
#2150 = DEFINITIONAL_REPRESENTATION('',(#2151),#2157);
#2151 = B_SPLINE_CURVE_WITH_KNOTS('',4,(#2152,#2153,#2154,#2155,#2156),
  .UNSPECIFIED.,.F.,.F.,(5,5),(0.,1.),.PIECEWISE_BEZIER_KNOTS.);
#2152 = CARTESIAN_POINT('',(3.14159265359,-0.6));
#2153 = CARTESIAN_POINT('',(3.12403532809,-0.6));
#2154 = CARTESIAN_POINT('',(3.106478012342,-0.600349513396));
#2155 = CARTESIAN_POINT('',(3.088914030565,-0.601048540467));
#2156 = CARTESIAN_POINT('',(3.071336697483,-0.602097281451));
#2157 = ( GEOMETRIC_REPRESENTATION_CONTEXT(2) 
PARAMETRIC_REPRESENTATION_CONTEXT() REPRESENTATION_CONTEXT('2D SPACE',''
  ) );
#2158 = ORIENTED_EDGE('',*,*,#2159,.F.);
#2159 = EDGE_CURVE('',#2160,#2131,#2162,.T.);
#2160 = VERTEX_POINT('',#2161);
#2161 = CARTESIAN_POINT('',(20.788833565238,37.65,-1.44757020121));
#2162 = SURFACE_CURVE('',#2163,(#2208,#2281),.PCURVE_S1.);
#2163 = B_SPLINE_CURVE_WITH_KNOTS('',7,(#2164,#2165,#2166,#2167,#2168,
    #2169,#2170,#2171,#2172,#2173,#2174,#2175,#2176,#2177,#2178,#2179,
    #2180,#2181,#2182,#2183,#2184,#2185,#2186,#2187,#2188,#2189,#2190,
    #2191,#2192,#2193,#2194,#2195,#2196,#2197,#2198,#2199,#2200,#2201,
    #2202,#2203,#2204,#2205,#2206,#2207),.UNSPECIFIED.,.F.,.F.,(8,6,6,6,
    6,6,6,8),(0.,0.247224821106,0.460854918675,0.701584980611,1.,
    1.249375234956,1.335163808116,1.453770866208),.UNSPECIFIED.);
#2164 = CARTESIAN_POINT('',(20.500990871568,37.13766532639,
    -1.407572961191));
#2165 = CARTESIAN_POINT('',(20.624667538569,37.408889860797,
    -1.424636376008));
#2166 = CARTESIAN_POINT('',(20.777878712296,37.673494372362,
    -1.445896999654));
#2167 = CARTESIAN_POINT('',(20.961734272268,37.928534486044,
    -1.471613135991));
#2168 = CARTESIAN_POINT('',(21.177356963354,38.170336570162,
    -1.502089704927));
#2169 = CARTESIAN_POINT('',(21.425722161391,38.394362713393,
    -1.53766262396));
#2170 = CARTESIAN_POINT('',(21.707378754083,38.594957919089,
    -1.578671171601));
#2171 = CARTESIAN_POINT('',(22.293799988768,38.911760500836,
    -1.665708600419));
#2172 = CARTESIAN_POINT('',(22.592762825115,39.037103001226,
    -1.710675335675));
#2173 = CARTESIAN_POINT('',(22.913614186755,39.132350372193,
    -1.75969661045));
#2174 = CARTESIAN_POINT('',(23.249339004975,39.191634076244,
    -1.811915332954));
#2175 = CARTESIAN_POINT('',(23.591789300208,39.211877389047,
    -1.866181625879));
#2176 = CARTESIAN_POINT('',(23.932450120101,39.192894605829,
    -1.921135025191));
#2177 = CARTESIAN_POINT('',(24.636177113371,39.075104592076,
    -2.036485816445));
#2178 = CARTESIAN_POINT('',(24.98933666463,38.96769303773,
    -2.095498700758));
#2179 = CARTESIAN_POINT('',(25.31761367556,38.821658901539,
    -2.151346454371));
#2180 = CARTESIAN_POINT('',(25.617242043178,38.643489675499,
    -2.203120905781));
#2181 = CARTESIAN_POINT('',(25.885716722854,38.439840745136,
    -2.250112581287));
#2182 = CARTESIAN_POINT('',(26.121769896576,38.217534739232,
    -2.291855480143));
#2183 = CARTESIAN_POINT('',(26.578022322766,37.693381556908,
    -2.373191697182));
#2184 = CARTESIAN_POINT('',(26.784262808295,37.381340225783,
    -2.410478092264));
#2185 = CARTESIAN_POINT('',(26.946341921357,37.054653971654,
    -2.440069200969));
#2186 = CARTESIAN_POINT('',(27.066315115284,36.71835395931,
    -2.462108962075));
#2187 = CARTESIAN_POINT('',(27.145762446937,36.376133601139,
    -2.476750258465));
#2188 = CARTESIAN_POINT('',(27.185533905933,36.030957007033,
    -2.484079685448));
#2189 = CARTESIAN_POINT('',(27.185533905933,35.396875623342,
    -2.484079685448));
#2190 = CARTESIAN_POINT('',(27.157759662125,35.108324578978,
    -2.478961173354));
#2191 = CARTESIAN_POINT('',(27.102246276087,34.821520672362,
    -2.468730780179));
#2192 = CARTESIAN_POINT('',(27.018596109755,34.538199982253,
    -2.453348911768));
#2193 = CARTESIAN_POINT('',(26.906046277916,34.260388196664,
    -2.432743339533));
#2194 = CARTESIAN_POINT('',(26.763555739643,33.99065606757,
    -2.406832087183));
#2195 = CARTESIAN_POINT('',(26.530176106567,33.643605877113,
    -2.364796068492));
#2196 = CARTESIAN_POINT('',(26.466749956848,33.556132175828,
    -2.353400953666));
#2197 = CARTESIAN_POINT('',(26.39958695372,33.470161885392,
    -2.341368342254));
#2198 = CARTESIAN_POINT('',(26.328642501307,33.385856081643,
    -2.328697401695));
#2199 = CARTESIAN_POINT('',(26.253874158872,33.30339094047,
    -2.315388447452));
#2200 = CARTESIAN_POINT('',(26.175241806051,33.22295786099,
    -2.301442996866));
#2201 = CARTESIAN_POINT('',(25.97860036543,33.036656037194,
    -2.266707374931));
#2202 = CARTESIAN_POINT('',(25.856940160659,32.932737625362,
    -2.245322845626));
#2203 = CARTESIAN_POINT('',(25.727735643817,32.833694165281,
    -2.222736840071));
#2204 = CARTESIAN_POINT('',(25.591052308243,32.740239914902,
    -2.198988679926));
#2205 = CARTESIAN_POINT('',(25.447013897921,32.653118015289,
    -2.174129726415));
#2206 = CARTESIAN_POINT('',(25.295803614848,32.573100927852,
    -2.148222703201));
#2207 = CARTESIAN_POINT('',(25.13766532639,32.500990871568,
    -2.121341019272));
#2208 = PCURVE('',#101,#2209);
#2209 = DEFINITIONAL_REPRESENTATION('',(#2210),#2280);
#2210 = B_SPLINE_CURVE_WITH_KNOTS('',3,(#2211,#2212,#2213,#2214,#2215,
    #2216,#2217,#2218,#2219,#2220,#2221,#2222,#2223,#2224,#2225,#2226,
    #2227,#2228,#2229,#2230,#2231,#2232,#2233,#2234,#2235,#2236,#2237,
    #2238,#2239,#2240,#2241,#2242,#2243,#2244,#2245,#2246,#2247,#2248,
    #2249,#2250,#2251,#2252,#2253,#2254,#2255,#2256,#2257,#2258,#2259,
    #2260,#2261,#2262,#2263,#2264,#2265,#2266,#2267,#2268,#2269,#2270,
    #2271,#2272,#2273,#2274,#2275,#2276,#2277,#2278,#2279),
  .UNSPECIFIED.,.F.,.F.,(4,1,1,1,1,1,1,1,1,1,1,1,1,1,1,1,1,1,1,1,1,1,1,1
    ,1,1,1,1,1,1,1,1,1,1,1,1,1,1,1,1,1,1,1,1,1,1,1,1,1,1,1,1,1,1,1,1,1,1
    ,1,1,1,1,1,1,1,1,4),(0.,2.202683130619E-02,4.405366261238E-02,
    6.608049391857E-02,8.810732522475E-02,0.110134156531,0.132160987837,
    0.154187819143,0.17621465045,0.198241481756,0.220268313062,
    0.242295144368,0.264321975674,0.28634880698,0.308375638287,
    0.330402469593,0.352429300899,0.374456132205,0.396482963511,
    0.418509794818,0.440536626124,0.46256345743,0.484590288736,
    0.506617120042,0.528643951349,0.550670782655,0.572697613961,
    0.594724445267,0.616751276573,0.638778107879,0.660804939186,
    0.682831770492,0.704858601798,0.726885433104,0.74891226441,
    0.770939095717,0.792965927023,0.814992758329,0.837019589635,
    0.859046420941,0.881073252248,0.903100083554,0.92512691486,
    0.947153746166,0.969180577472,0.991207408778,1.013234240085,
    1.035261071391,1.057287902697,1.079314734003,1.101341565309,
    1.123368396616,1.145395227922,1.167422059228,1.189448890534,
    1.21147572184,1.233502553147,1.255529384453,1.277556215759,
    1.299583047065,1.321609878371,1.343636709677,1.365663540984,
    1.38769037229,1.409717203596,1.431744034902,1.453770866208),
  .QUASI_UNIFORM_KNOTS.);
#2211 = CARTESIAN_POINT('',(1.433693937398,74.31233467361));
#2212 = CARTESIAN_POINT('',(1.433520905924,74.255952826418));
#2213 = CARTESIAN_POINT('',(1.433152737662,74.143911880775));
#2214 = CARTESIAN_POINT('',(1.432533058097,73.978520710841));
#2215 = CARTESIAN_POINT('',(1.431844830837,73.816285106706));
#2216 = CARTESIAN_POINT('',(1.431086967872,73.657748783274));
#2217 = CARTESIAN_POINT('',(1.430258428347,73.503497105516));
#2218 = CARTESIAN_POINT('',(1.429358241851,73.354165241933));
#2219 = CARTESIAN_POINT('',(1.428385538798,73.210440622545));
#2220 = CARTESIAN_POINT('',(1.4273395592,73.073065455144));
#2221 = CARTESIAN_POINT('',(1.426219757035,72.942846980224));
#2222 = CARTESIAN_POINT('',(1.425025560931,72.820639088147));
#2223 = CARTESIAN_POINT('',(1.423757431969,72.707433222848));
#2224 = CARTESIAN_POINT('',(1.422413095518,72.604043350207));
#2225 = CARTESIAN_POINT('',(1.420991687893,72.511592589033));
#2226 = CARTESIAN_POINT('',(1.419504789848,72.431907977535));
#2227 = CARTESIAN_POINT('',(1.417962164811,72.366323919148));
#2228 = CARTESIAN_POINT('',(1.416375084685,72.315971937833));
#2229 = CARTESIAN_POINT('',(1.414755233292,72.28170040066));
#2230 = CARTESIAN_POINT('',(1.413114914684,72.264089655382));
#2231 = CARTESIAN_POINT('',(1.411466432553,72.263454737824));
#2232 = CARTESIAN_POINT('',(1.409823448499,72.279801582076));
#2233 = CARTESIAN_POINT('',(1.408195221736,72.31298084669));
#2234 = CARTESIAN_POINT('',(1.406607620482,72.36208907851));
#2235 = CARTESIAN_POINT('',(1.405073869666,72.425863745254));
#2236 = CARTESIAN_POINT('',(1.403596668143,72.503329537077));
#2237 = CARTESIAN_POINT('',(1.402180856656,72.593424343809));
#2238 = CARTESIAN_POINT('',(1.400830037153,72.695098644263));
#2239 = CARTESIAN_POINT('',(1.399547485575,72.807288844585));
#2240 = CARTESIAN_POINT('',(1.398335922728,72.928922513442));
#2241 = CARTESIAN_POINT('',(1.397197542741,73.058923185901));
#2242 = CARTESIAN_POINT('',(1.396134136466,73.196186100755));
#2243 = CARTESIAN_POINT('',(1.395146560999,73.339671740437));
#2244 = CARTESIAN_POINT('',(1.394236713231,73.488058332215));
#2245 = CARTESIAN_POINT('',(1.393399772461,73.641102574187));
#2246 = CARTESIAN_POINT('',(1.39263267517,73.798559850773));
#2247 = CARTESIAN_POINT('',(1.391934775822,73.959811698288));
#2248 = CARTESIAN_POINT('',(1.391304828391,74.124399150094));
#2249 = CARTESIAN_POINT('',(1.390741811911,74.291874174132));
#2250 = CARTESIAN_POINT('',(1.390244725185,74.461834101572));
#2251 = CARTESIAN_POINT('',(1.389812656909,74.633907284071));
#2252 = CARTESIAN_POINT('',(1.389444781266,74.807752070103));
#2253 = CARTESIAN_POINT('',(1.389140372773,74.983052440233));
#2254 = CARTESIAN_POINT('',(1.38889881542,75.159514790555));
#2255 = CARTESIAN_POINT('',(1.388719612395,75.336864506725));
#2256 = CARTESIAN_POINT('',(1.388602396436,75.514843208828));
#2257 = CARTESIAN_POINT('',(1.388546934579,75.693204442912));
#2258 = CARTESIAN_POINT('',(1.388553152406,75.871715774748));
#2259 = CARTESIAN_POINT('',(1.388621065019,76.050036278785));
#2260 = CARTESIAN_POINT('',(1.388750789601,76.227937771166));
#2261 = CARTESIAN_POINT('',(1.388942590537,76.405162409765));
#2262 = CARTESIAN_POINT('',(1.389196860254,76.581445571135));
#2263 = CARTESIAN_POINT('',(1.389514115252,76.75650585274));
#2264 = CARTESIAN_POINT('',(1.389894987677,76.930043700886));
#2265 = CARTESIAN_POINT('',(1.390340217558,77.101737519885));
#2266 = CARTESIAN_POINT('',(1.390850644869,77.271240339873));
#2267 = CARTESIAN_POINT('',(1.391427199647,77.43817587805));
#2268 = CARTESIAN_POINT('',(1.392070898081,77.602135576882));
#2269 = CARTESIAN_POINT('',(1.392782814718,77.762671450305));
#2270 = CARTESIAN_POINT('',(1.39356415564,77.919306693398));
#2271 = CARTESIAN_POINT('',(1.394415972776,78.071478553568));
#2272 = CARTESIAN_POINT('',(1.395339287526,78.218572427176));
#2273 = CARTESIAN_POINT('',(1.396334942681,78.359906285126));
#2274 = CARTESIAN_POINT('',(1.397404525499,78.494834350103));
#2275 = CARTESIAN_POINT('',(1.39854747559,78.622387579864));
#2276 = CARTESIAN_POINT('',(1.399762957884,78.741594666313));
#2277 = CARTESIAN_POINT('',(1.401049745147,78.851450927986));
#2278 = CARTESIAN_POINT('',(1.401953959621,78.917759258823));
#2279 = CARTESIAN_POINT('',(1.402417386717,78.949009128432));
#2280 = ( GEOMETRIC_REPRESENTATION_CONTEXT(2) 
PARAMETRIC_REPRESENTATION_CONTEXT() REPRESENTATION_CONTEXT('2D SPACE',''
  ) );
#2281 = PCURVE('',#704,#2282);
#2282 = DEFINITIONAL_REPRESENTATION('',(#2283),#2353);
#2283 = B_SPLINE_CURVE_WITH_KNOTS('',3,(#2284,#2285,#2286,#2287,#2288,
    #2289,#2290,#2291,#2292,#2293,#2294,#2295,#2296,#2297,#2298,#2299,
    #2300,#2301,#2302,#2303,#2304,#2305,#2306,#2307,#2308,#2309,#2310,
    #2311,#2312,#2313,#2314,#2315,#2316,#2317,#2318,#2319,#2320,#2321,
    #2322,#2323,#2324,#2325,#2326,#2327,#2328,#2329,#2330,#2331,#2332,
    #2333,#2334,#2335,#2336,#2337,#2338,#2339,#2340,#2341,#2342,#2343,
    #2344,#2345,#2346,#2347,#2348,#2349,#2350,#2351,#2352),
  .UNSPECIFIED.,.F.,.F.,(4,1,1,1,1,1,1,1,1,1,1,1,1,1,1,1,1,1,1,1,1,1,1,1
    ,1,1,1,1,1,1,1,1,1,1,1,1,1,1,1,1,1,1,1,1,1,1,1,1,1,1,1,1,1,1,1,1,1,1
    ,1,1,1,1,1,1,1,1,4),(0.,2.202683130619E-02,4.405366261238E-02,
    6.608049391857E-02,8.810732522475E-02,0.110134156531,0.132160987837,
    0.154187819143,0.17621465045,0.198241481756,0.220268313062,
    0.242295144368,0.264321975674,0.28634880698,0.308375638287,
    0.330402469593,0.352429300899,0.374456132205,0.396482963511,
    0.418509794818,0.440536626124,0.46256345743,0.484590288736,
    0.506617120042,0.528643951349,0.550670782655,0.572697613961,
    0.594724445267,0.616751276573,0.638778107879,0.660804939186,
    0.682831770492,0.704858601798,0.726885433104,0.74891226441,
    0.770939095717,0.792965927023,0.814992758329,0.837019589635,
    0.859046420941,0.881073252248,0.903100083554,0.92512691486,
    0.947153746166,0.969180577472,0.991207408778,1.013234240085,
    1.035261071391,1.057287902697,1.079314734003,1.101341565309,
    1.123368396616,1.145395227922,1.167422059228,1.189448890534,
    1.21147572184,1.233502553147,1.255529384453,1.277556215759,
    1.299583047065,1.321609878371,1.343636709677,1.365663540984,
    1.38769037229,1.409717203596,1.431744034902,1.453770866208),
  .QUASI_UNIFORM_KNOTS.);
#2284 = CARTESIAN_POINT('',(8.996950901017,1.315865339533));
#2285 = CARTESIAN_POINT('',(8.979244907145,1.312317819602));
#2286 = CARTESIAN_POINT('',(8.943635339348,1.304757020146));
#2287 = CARTESIAN_POINT('',(8.889571476381,1.291976582834));
#2288 = CARTESIAN_POINT('',(8.834801797731,1.277715736135));
#2289 = CARTESIAN_POINT('',(8.779268365524,1.261930550519));
#2290 = CARTESIAN_POINT('',(8.722911462184,1.24457570807));
#2291 = CARTESIAN_POINT('',(8.665668848298,1.225604601579));
#2292 = CARTESIAN_POINT('',(8.60747546328,1.204970009104));
#2293 = CARTESIAN_POINT('',(8.548261828243,1.182624221591));
#2294 = CARTESIAN_POINT('',(8.487956876193,1.158521342502));
#2295 = CARTESIAN_POINT('',(8.426473784211,1.132612081651));
#2296 = CARTESIAN_POINT('',(8.363758449438,1.104867111098));
#2297 = CARTESIAN_POINT('',(8.299603065718,1.07519446509));
#2298 = CARTESIAN_POINT('',(8.233860030612,1.043528681786));
#2299 = CARTESIAN_POINT('',(8.166906644764,1.010082402984));
#2300 = CARTESIAN_POINT('',(8.098962615906,0.975035304303));
#2301 = CARTESIAN_POINT('',(8.030264120196,0.938609069813));
#2302 = CARTESIAN_POINT('',(7.961022610166,0.901044738142));
#2303 = CARTESIAN_POINT('',(7.891446399865,0.862608646461));
#2304 = CARTESIAN_POINT('',(7.821724824863,0.823578568961));
#2305 = CARTESIAN_POINT('',(7.752097991051,0.784277436939));
#2306 = CARTESIAN_POINT('',(7.682620655873,0.744933495402));
#2307 = CARTESIAN_POINT('',(7.614076832263,0.706191575947));
#2308 = CARTESIAN_POINT('',(7.546763601402,0.66840911365));
#2309 = CARTESIAN_POINT('',(7.480559395612,0.631690448158));
#2310 = CARTESIAN_POINT('',(7.415466776807,0.596194505756));
#2311 = CARTESIAN_POINT('',(7.351466396422,0.562051462617));
#2312 = CARTESIAN_POINT('',(7.288555623327,0.529384094319));
#2313 = CARTESIAN_POINT('',(7.22673872567,0.498301389874));
#2314 = CARTESIAN_POINT('',(7.166027290034,0.468898412219));
#2315 = CARTESIAN_POINT('',(7.106449010975,0.441258899092));
#2316 = CARTESIAN_POINT('',(7.048013433867,0.415440646689));
#2317 = CARTESIAN_POINT('',(6.990842034341,0.39152701257));
#2318 = CARTESIAN_POINT('',(6.934661563075,0.369421872814));
#2319 = CARTESIAN_POINT('',(6.879267130505,0.349070641229));
#2320 = CARTESIAN_POINT('',(6.824615629094,0.330479802685));
#2321 = CARTESIAN_POINT('',(6.770625373324,0.313637391513));
#2322 = CARTESIAN_POINT('',(6.717228805365,0.298534921474));
#2323 = CARTESIAN_POINT('',(6.664357566364,0.285162105604));
#2324 = CARTESIAN_POINT('',(6.611945823488,0.273508839497));
#2325 = CARTESIAN_POINT('',(6.559928799079,0.26356520994));
#2326 = CARTESIAN_POINT('',(6.508242646858,0.255322002191));
#2327 = CARTESIAN_POINT('',(6.456823986361,0.248771045314));
#2328 = CARTESIAN_POINT('',(6.405609561705,0.243905559136));
#2329 = CARTESIAN_POINT('',(6.35453572417,0.240720503624));
#2330 = CARTESIAN_POINT('',(6.303538369207,0.239212758431));
#2331 = CARTESIAN_POINT('',(6.252551020252,0.23938181531));
#2332 = CARTESIAN_POINT('',(6.201538560623,0.241227915692));
#2333 = CARTESIAN_POINT('',(6.150433010126,0.244752383232));
#2334 = CARTESIAN_POINT('',(6.099172937291,0.24995884893));
#2335 = CARTESIAN_POINT('',(6.047695644859,0.25685268157));
#2336 = CARTESIAN_POINT('',(5.995938748358,0.265440825175));
#2337 = CARTESIAN_POINT('',(5.94383926915,0.275731499995));
#2338 = CARTESIAN_POINT('',(5.891333409471,0.287733908844));
#2339 = CARTESIAN_POINT('',(5.838356097901,0.301457925014));
#2340 = CARTESIAN_POINT('',(5.784840645443,0.316913715021));
#2341 = CARTESIAN_POINT('',(5.730717908329,0.334111506961));
#2342 = CARTESIAN_POINT('',(5.675916865036,0.353060708108));
#2343 = CARTESIAN_POINT('',(5.620358410226,0.373771705121));
#2344 = CARTESIAN_POINT('',(5.563973472029,0.396248159673));
#2345 = CARTESIAN_POINT('',(5.506689746775,0.420490199853));
#2346 = CARTESIAN_POINT('',(5.448437057671,0.446490545849));
#2347 = CARTESIAN_POINT('',(5.389095921847,0.474258297661));
#2348 = CARTESIAN_POINT('',(5.328654062177,0.503743907796));
#2349 = CARTESIAN_POINT('',(5.267083908404,0.534888789998));
#2350 = CARTESIAN_POINT('',(5.204354619198,0.567622740798));
#2351 = CARTESIAN_POINT('',(5.161733560117,0.59044772681));
#2352 = CARTESIAN_POINT('',(5.140216040137,0.602097281451));
#2353 = ( GEOMETRIC_REPRESENTATION_CONTEXT(2) 
PARAMETRIC_REPRESENTATION_CONTEXT() REPRESENTATION_CONTEXT('2D SPACE',''
  ) );
#2354 = ORIENTED_EDGE('',*,*,#2355,.F.);
#2355 = EDGE_CURVE('',#2356,#2160,#2358,.T.);
#2356 = VERTEX_POINT('',#2357);
#2357 = CARTESIAN_POINT('',(22.,37.65,-1.622104072069));
#2358 = SURFACE_CURVE('',#2359,(#2364,#2371),.PCURVE_S1.);
#2359 = CIRCLE('',#2360,150.);
#2360 = AXIS2_PLACEMENT_3D('',#2361,#2362,#2363);
#2361 = CARTESIAN_POINT('',(0.,37.65,-150.));
#2362 = DIRECTION('',(0.,-1.,2.22044604925E-16));
#2363 = DIRECTION('',(1.,0.,0.));
#2364 = PCURVE('',#101,#2365);
#2365 = DEFINITIONAL_REPRESENTATION('',(#2366),#2370);
#2366 = LINE('',#2367,#2368);
#2367 = CARTESIAN_POINT('',(0.,73.8));
#2368 = VECTOR('',#2369,1.);
#2369 = DIRECTION('',(1.,0.));
#2370 = ( GEOMETRIC_REPRESENTATION_CONTEXT(2) 
PARAMETRIC_REPRESENTATION_CONTEXT() REPRESENTATION_CONTEXT('2D SPACE',''
  ) );
#2371 = PCURVE('',#2372,#2377);
#2372 = PLANE('',#2373);
#2373 = AXIS2_PLACEMENT_3D('',#2374,#2375,#2376);
#2374 = CARTESIAN_POINT('',(-19.,37.65,-4.));
#2375 = DIRECTION('',(-0.,1.,0.));
#2376 = DIRECTION('',(0.,0.,1.));
#2377 = DEFINITIONAL_REPRESENTATION('',(#2378),#2386);
#2378 = ( BOUNDED_CURVE() B_SPLINE_CURVE(2,(#2379,#2380,#2381,#2382,
#2383,#2384,#2385),.UNSPECIFIED.,.T.,.F.) B_SPLINE_CURVE_WITH_KNOTS((1,2
    ,2,2,2,1),(-2.094395102393,0.,2.094395102393,4.188790204786,
6.28318530718,8.377580409573),.UNSPECIFIED.) CURVE() 
GEOMETRIC_REPRESENTATION_ITEM() RATIONAL_B_SPLINE_CURVE((1.,0.5,1.,0.5,
1.,0.5,1.)) REPRESENTATION_ITEM('') );
#2379 = CARTESIAN_POINT('',(-146.,169.));
#2380 = CARTESIAN_POINT('',(113.80762113533,169.));
#2381 = CARTESIAN_POINT('',(-16.09618943233,-56.));
#2382 = CARTESIAN_POINT('',(-146.,-281.));
#2383 = CARTESIAN_POINT('',(-275.9038105676,-56.));
#2384 = CARTESIAN_POINT('',(-405.8076211353,169.));
#2385 = CARTESIAN_POINT('',(-146.,169.));
#2386 = ( GEOMETRIC_REPRESENTATION_CONTEXT(2) 
PARAMETRIC_REPRESENTATION_CONTEXT() REPRESENTATION_CONTEXT('2D SPACE',''
  ) );
#2387 = ORIENTED_EDGE('',*,*,#2388,.T.);
#2388 = EDGE_CURVE('',#2356,#2389,#2391,.T.);
#2389 = VERTEX_POINT('',#2390);
#2390 = CARTESIAN_POINT('',(22.,31.65,-1.622104072069));
#2391 = SURFACE_CURVE('',#2392,(#2396,#2402),.PCURVE_S1.);
#2392 = LINE('',#2393,#2394);
#2393 = CARTESIAN_POINT('',(22.,111.45,-1.622104072069));
#2394 = VECTOR('',#2395,1.);
#2395 = DIRECTION('',(0.,-1.,2.22044604925E-16));
#2396 = PCURVE('',#101,#2397);
#2397 = DEFINITIONAL_REPRESENTATION('',(#2398),#2401);
#2398 = B_SPLINE_CURVE_WITH_KNOTS('',1,(#2399,#2400),.UNSPECIFIED.,.F.,
  .F.,(2,2),(73.2,80.4),.PIECEWISE_BEZIER_KNOTS.);
#2399 = CARTESIAN_POINT('',(1.423598676818,73.2));
#2400 = CARTESIAN_POINT('',(1.423598676818,80.4));
#2401 = ( GEOMETRIC_REPRESENTATION_CONTEXT(2) 
PARAMETRIC_REPRESENTATION_CONTEXT() REPRESENTATION_CONTEXT('2D SPACE',''
  ) );
#2402 = PCURVE('',#2403,#2408);
#2403 = PLANE('',#2404);
#2404 = AXIS2_PLACEMENT_3D('',#2405,#2406,#2407);
#2405 = CARTESIAN_POINT('',(22.,31.65,-4.));
#2406 = DIRECTION('',(1.,0.,-0.));
#2407 = DIRECTION('',(0.,0.,1.));
#2408 = DEFINITIONAL_REPRESENTATION('',(#2409),#2412);
#2409 = B_SPLINE_CURVE_WITH_KNOTS('',1,(#2410,#2411),.UNSPECIFIED.,.F.,
  .F.,(2,2),(73.2,80.4),.PIECEWISE_BEZIER_KNOTS.);
#2410 = CARTESIAN_POINT('',(2.377895927931,-6.6));
#2411 = CARTESIAN_POINT('',(2.377895927931,0.6));
#2412 = ( GEOMETRIC_REPRESENTATION_CONTEXT(2) 
PARAMETRIC_REPRESENTATION_CONTEXT() REPRESENTATION_CONTEXT('2D SPACE',''
  ) );
#2413 = ORIENTED_EDGE('',*,*,#2414,.T.);
#2414 = EDGE_CURVE('',#2389,#2415,#2417,.T.);
#2415 = VERTEX_POINT('',#2416);
#2416 = CARTESIAN_POINT('',(-19.,31.65,-1.208199150625));
#2417 = SURFACE_CURVE('',#2418,(#2423,#2430),.PCURVE_S1.);
#2418 = CIRCLE('',#2419,150.);
#2419 = AXIS2_PLACEMENT_3D('',#2420,#2421,#2422);
#2420 = CARTESIAN_POINT('',(0.,31.65,-150.));
#2421 = DIRECTION('',(0.,-1.,2.22044604925E-16));
#2422 = DIRECTION('',(1.,0.,0.));
#2423 = PCURVE('',#101,#2424);
#2424 = DEFINITIONAL_REPRESENTATION('',(#2425),#2429);
#2425 = LINE('',#2426,#2427);
#2426 = CARTESIAN_POINT('',(0.,79.8));
#2427 = VECTOR('',#2428,1.);
#2428 = DIRECTION('',(1.,0.));
#2429 = ( GEOMETRIC_REPRESENTATION_CONTEXT(2) 
PARAMETRIC_REPRESENTATION_CONTEXT() REPRESENTATION_CONTEXT('2D SPACE',''
  ) );
#2430 = PCURVE('',#2431,#2436);
#2431 = PLANE('',#2432);
#2432 = AXIS2_PLACEMENT_3D('',#2433,#2434,#2435);
#2433 = CARTESIAN_POINT('',(-19.,31.65,-4.));
#2434 = DIRECTION('',(-0.,1.,0.));
#2435 = DIRECTION('',(0.,0.,1.));
#2436 = DEFINITIONAL_REPRESENTATION('',(#2437),#2445);
#2437 = ( BOUNDED_CURVE() B_SPLINE_CURVE(2,(#2438,#2439,#2440,#2441,
#2442,#2443,#2444),.UNSPECIFIED.,.T.,.F.) B_SPLINE_CURVE_WITH_KNOTS((1,2
    ,2,2,2,1),(-2.094395102393,0.,2.094395102393,4.188790204786,
6.28318530718,8.377580409573),.UNSPECIFIED.) CURVE() 
GEOMETRIC_REPRESENTATION_ITEM() RATIONAL_B_SPLINE_CURVE((1.,0.5,1.,0.5,
1.,0.5,1.)) REPRESENTATION_ITEM('') );
#2438 = CARTESIAN_POINT('',(-146.,169.));
#2439 = CARTESIAN_POINT('',(113.80762113533,169.));
#2440 = CARTESIAN_POINT('',(-16.09618943233,-56.));
#2441 = CARTESIAN_POINT('',(-146.,-281.));
#2442 = CARTESIAN_POINT('',(-275.9038105676,-56.));
#2443 = CARTESIAN_POINT('',(-405.8076211353,169.));
#2444 = CARTESIAN_POINT('',(-146.,169.));
#2445 = ( GEOMETRIC_REPRESENTATION_CONTEXT(2) 
PARAMETRIC_REPRESENTATION_CONTEXT() REPRESENTATION_CONTEXT('2D SPACE',''
  ) );
#2446 = ORIENTED_EDGE('',*,*,#2447,.F.);
#2447 = EDGE_CURVE('',#2448,#2415,#2450,.T.);
#2448 = VERTEX_POINT('',#2449);
#2449 = CARTESIAN_POINT('',(-19.,37.15,-1.208199150625));
#2450 = SURFACE_CURVE('',#2451,(#2455,#2461),.PCURVE_S1.);
#2451 = LINE('',#2452,#2453);
#2452 = CARTESIAN_POINT('',(-19.,111.45,-1.208199150625));
#2453 = VECTOR('',#2454,1.);
#2454 = DIRECTION('',(0.,-1.,2.22044604925E-16));
#2455 = PCURVE('',#101,#2456);
#2456 = DEFINITIONAL_REPRESENTATION('',(#2457),#2460);
#2457 = B_SPLINE_CURVE_WITH_KNOTS('',1,(#2458,#2459),.UNSPECIFIED.,.F.,
  .F.,(2,2),(73.2,80.4),.PIECEWISE_BEZIER_KNOTS.);
#2458 = CARTESIAN_POINT('',(1.697804178654,73.2));
#2459 = CARTESIAN_POINT('',(1.697804178654,80.4));
#2460 = ( GEOMETRIC_REPRESENTATION_CONTEXT(2) 
PARAMETRIC_REPRESENTATION_CONTEXT() REPRESENTATION_CONTEXT('2D SPACE',''
  ) );
#2461 = PCURVE('',#2462,#2467);
#2462 = PLANE('',#2463);
#2463 = AXIS2_PLACEMENT_3D('',#2464,#2465,#2466);
#2464 = CARTESIAN_POINT('',(-19.,31.65,-4.));
#2465 = DIRECTION('',(1.,0.,-0.));
#2466 = DIRECTION('',(0.,0.,1.));
#2467 = DEFINITIONAL_REPRESENTATION('',(#2468),#2471);
#2468 = B_SPLINE_CURVE_WITH_KNOTS('',1,(#2469,#2470),.UNSPECIFIED.,.F.,
  .F.,(2,2),(73.2,80.4),.PIECEWISE_BEZIER_KNOTS.);
#2469 = CARTESIAN_POINT('',(2.791800849375,-6.6));
#2470 = CARTESIAN_POINT('',(2.791800849375,0.6));
#2471 = ( GEOMETRIC_REPRESENTATION_CONTEXT(2) 
PARAMETRIC_REPRESENTATION_CONTEXT() REPRESENTATION_CONTEXT('2D SPACE',''
  ) );
#2472 = ORIENTED_EDGE('',*,*,#2473,.T.);
#2473 = EDGE_CURVE('',#2448,#2474,#2476,.T.);
#2474 = VERTEX_POINT('',#2475);
#2475 = CARTESIAN_POINT('',(-20.15,37.15,-1.3595697665));
#2476 = SURFACE_CURVE('',#2477,(#2482,#2489),.PCURVE_S1.);
#2477 = CIRCLE('',#2478,150.);
#2478 = AXIS2_PLACEMENT_3D('',#2479,#2480,#2481);
#2479 = CARTESIAN_POINT('',(0.,37.15,-150.));
#2480 = DIRECTION('',(0.,-1.,2.22044604925E-16));
#2481 = DIRECTION('',(1.,0.,0.));
#2482 = PCURVE('',#101,#2483);
#2483 = DEFINITIONAL_REPRESENTATION('',(#2484),#2488);
#2484 = LINE('',#2485,#2486);
#2485 = CARTESIAN_POINT('',(0.,74.3));
#2486 = VECTOR('',#2487,1.);
#2487 = DIRECTION('',(1.,0.));
#2488 = ( GEOMETRIC_REPRESENTATION_CONTEXT(2) 
PARAMETRIC_REPRESENTATION_CONTEXT() REPRESENTATION_CONTEXT('2D SPACE',''
  ) );
#2489 = PCURVE('',#765,#2490);
#2490 = DEFINITIONAL_REPRESENTATION('',(#2491),#2499);
#2491 = ( BOUNDED_CURVE() B_SPLINE_CURVE(2,(#2492,#2493,#2494,#2495,
#2496,#2497,#2498),.UNSPECIFIED.,.T.,.F.) B_SPLINE_CURVE_WITH_KNOTS((1,2
    ,2,2,2,1),(-2.094395102393,0.,2.094395102393,4.188790204786,
6.28318530718,8.377580409573),.UNSPECIFIED.) CURVE() 
GEOMETRIC_REPRESENTATION_ITEM() RATIONAL_B_SPLINE_CURVE((1.,0.5,1.,0.5,
1.,0.5,1.)) REPRESENTATION_ITEM('') );
#2492 = CARTESIAN_POINT('',(170.15,147.27656169927));
#2493 = CARTESIAN_POINT('',(170.15,-112.531059436));
#2494 = CARTESIAN_POINT('',(-54.85,17.372751131611));
#2495 = CARTESIAN_POINT('',(-279.85,147.27656169927));
#2496 = CARTESIAN_POINT('',(-54.85,277.18037226694));
#2497 = CARTESIAN_POINT('',(170.15,407.0841828346));
#2498 = CARTESIAN_POINT('',(170.15,147.27656169927));
#2499 = ( GEOMETRIC_REPRESENTATION_CONTEXT(2) 
PARAMETRIC_REPRESENTATION_CONTEXT() REPRESENTATION_CONTEXT('2D SPACE',''
  ) );
#2500 = ORIENTED_EDGE('',*,*,#2501,.T.);
#2501 = EDGE_CURVE('',#2474,#1504,#2502,.T.);
#2502 = SURFACE_CURVE('',#2503,(#2509,#2518),.PCURVE_S1.);
#2503 = B_SPLINE_CURVE_WITH_KNOTS('',4,(#2504,#2505,#2506,#2507,#2508),
  .UNSPECIFIED.,.F.,.F.,(5,5),(0.,1.),.PIECEWISE_BEZIER_KNOTS.);
#2504 = CARTESIAN_POINT('',(-20.15,37.15,-1.3595697665));
#2505 = CARTESIAN_POINT('',(-20.23791109377,37.15,-1.371487173741));
#2506 = CARTESIAN_POINT('',(-20.32580460918,37.147939079456,
    -1.383472798145));
#2507 = CARTESIAN_POINT('',(-20.41354222436,37.143819243081,
    -1.39550785159));
#2508 = CARTESIAN_POINT('',(-20.50099087156,37.13766532639,
    -1.407572961191));
#2509 = PCURVE('',#101,#2510);
#2510 = DEFINITIONAL_REPRESENTATION('',(#2511),#2517);
#2511 = B_SPLINE_CURVE_WITH_KNOTS('',4,(#2512,#2513,#2514,#2515,#2516),
  .UNSPECIFIED.,.F.,.F.,(5,5),(0.,1.),.PIECEWISE_BEZIER_KNOTS.);
#2512 = CARTESIAN_POINT('',(1.705536994061,74.3));
#2513 = CARTESIAN_POINT('',(1.706128428664,74.3));
#2514 = CARTESIAN_POINT('',(1.706719808231,74.302060920544));
#2515 = CARTESIAN_POINT('',(1.707310202706,74.306180756919));
#2516 = CARTESIAN_POINT('',(1.707898716191,74.31233467361));
#2517 = ( GEOMETRIC_REPRESENTATION_CONTEXT(2) 
PARAMETRIC_REPRESENTATION_CONTEXT() REPRESENTATION_CONTEXT('2D SPACE',''
  ) );
#2518 = PCURVE('',#798,#2519);
#2519 = DEFINITIONAL_REPRESENTATION('',(#2520),#2526);
#2520 = B_SPLINE_CURVE_WITH_KNOTS('',4,(#2521,#2522,#2523,#2524,#2525),
  .UNSPECIFIED.,.F.,.F.,(5,5),(0.,1.),.PIECEWISE_BEZIER_KNOTS.);
#2521 = CARTESIAN_POINT('',(1.570796326795,-1.363868534223));
#2522 = CARTESIAN_POINT('',(1.55321410804,-1.351951126982));
#2523 = CARTESIAN_POINT('',(1.535635416535,-1.339965502579));
#2524 = CARTESIAN_POINT('',(1.518073352851,-1.327930449133));
#2525 = CARTESIAN_POINT('',(1.500540370688,-1.315865339533));
#2526 = ( GEOMETRIC_REPRESENTATION_CONTEXT(2) 
PARAMETRIC_REPRESENTATION_CONTEXT() REPRESENTATION_CONTEXT('2D SPACE',''
  ) );
#2527 = FACE_BOUND('',#2528,.F.);
#2528 = EDGE_LOOP('',(#2529,#2557,#2590,#2616));
#2529 = ORIENTED_EDGE('',*,*,#2530,.F.);
#2530 = EDGE_CURVE('',#2531,#2533,#2535,.T.);
#2531 = VERTEX_POINT('',#2532);
#2532 = CARTESIAN_POINT('',(-18.,30.5,-1.08391624811));
#2533 = VERTEX_POINT('',#2534);
#2534 = CARTESIAN_POINT('',(-18.,15.,-1.08391624811));
#2535 = SURFACE_CURVE('',#2536,(#2540,#2546),.PCURVE_S1.);
#2536 = LINE('',#2537,#2538);
#2537 = CARTESIAN_POINT('',(-18.,111.45,-1.08391624811));
#2538 = VECTOR('',#2539,1.);
#2539 = DIRECTION('',(0.,-1.,2.22044604925E-16));
#2540 = PCURVE('',#101,#2541);
#2541 = DEFINITIONAL_REPRESENTATION('',(#2542),#2545);
#2542 = B_SPLINE_CURVE_WITH_KNOTS('',1,(#2543,#2544),.UNSPECIFIED.,.F.,
  .F.,(2,2),(79.4,98.),.PIECEWISE_BEZIER_KNOTS.);
#2543 = CARTESIAN_POINT('',(1.69108620919,79.4));
#2544 = CARTESIAN_POINT('',(1.69108620919,98.));
#2545 = ( GEOMETRIC_REPRESENTATION_CONTEXT(2) 
PARAMETRIC_REPRESENTATION_CONTEXT() REPRESENTATION_CONTEXT('2D SPACE',''
  ) );
#2546 = PCURVE('',#2547,#2552);
#2547 = PLANE('',#2548);
#2548 = AXIS2_PLACEMENT_3D('',#2549,#2550,#2551);
#2549 = CARTESIAN_POINT('',(-18.,15.,-2.723438300723));
#2550 = DIRECTION('',(1.,0.,-0.));
#2551 = DIRECTION('',(0.,0.,1.));
#2552 = DEFINITIONAL_REPRESENTATION('',(#2553),#2556);
#2553 = B_SPLINE_CURVE_WITH_KNOTS('',1,(#2554,#2555),.UNSPECIFIED.,.F.,
  .F.,(2,2),(79.4,98.),.PIECEWISE_BEZIER_KNOTS.);
#2554 = CARTESIAN_POINT('',(1.639522052614,-17.05));
#2555 = CARTESIAN_POINT('',(1.639522052614,1.55));
#2556 = ( GEOMETRIC_REPRESENTATION_CONTEXT(2) 
PARAMETRIC_REPRESENTATION_CONTEXT() REPRESENTATION_CONTEXT('2D SPACE',''
  ) );
#2557 = ORIENTED_EDGE('',*,*,#2558,.F.);
#2558 = EDGE_CURVE('',#2559,#2531,#2561,.T.);
#2559 = VERTEX_POINT('',#2560);
#2560 = CARTESIAN_POINT('',(8.,30.5,-0.213485253178));
#2561 = SURFACE_CURVE('',#2562,(#2567,#2574),.PCURVE_S1.);
#2562 = CIRCLE('',#2563,150.);
#2563 = AXIS2_PLACEMENT_3D('',#2564,#2565,#2566);
#2564 = CARTESIAN_POINT('',(0.,30.5,-150.));
#2565 = DIRECTION('',(0.,-1.,2.22044604925E-16));
#2566 = DIRECTION('',(1.,0.,0.));
#2567 = PCURVE('',#101,#2568);
#2568 = DEFINITIONAL_REPRESENTATION('',(#2569),#2573);
#2569 = LINE('',#2570,#2571);
#2570 = CARTESIAN_POINT('',(0.,80.95));
#2571 = VECTOR('',#2572,1.);
#2572 = DIRECTION('',(1.,0.));
#2573 = ( GEOMETRIC_REPRESENTATION_CONTEXT(2) 
PARAMETRIC_REPRESENTATION_CONTEXT() REPRESENTATION_CONTEXT('2D SPACE',''
  ) );
#2574 = PCURVE('',#2575,#2580);
#2575 = PLANE('',#2576);
#2576 = AXIS2_PLACEMENT_3D('',#2577,#2578,#2579);
#2577 = CARTESIAN_POINT('',(-18.,30.5,-2.723438300723));
#2578 = DIRECTION('',(-0.,1.,0.));
#2579 = DIRECTION('',(0.,0.,1.));
#2580 = DEFINITIONAL_REPRESENTATION('',(#2581),#2589);
#2581 = ( BOUNDED_CURVE() B_SPLINE_CURVE(2,(#2582,#2583,#2584,#2585,
#2586,#2587,#2588),.UNSPECIFIED.,.T.,.F.) B_SPLINE_CURVE_WITH_KNOTS((1,2
    ,2,2,2,1),(-2.094395102393,0.,2.094395102393,4.188790204786,
6.28318530718,8.377580409573),.UNSPECIFIED.) CURVE() 
GEOMETRIC_REPRESENTATION_ITEM() RATIONAL_B_SPLINE_CURVE((1.,0.5,1.,0.5,
1.,0.5,1.)) REPRESENTATION_ITEM('') );
#2582 = CARTESIAN_POINT('',(-147.2765616992,168.));
#2583 = CARTESIAN_POINT('',(112.53105943605,168.));
#2584 = CARTESIAN_POINT('',(-17.37275113161,-57.));
#2585 = CARTESIAN_POINT('',(-147.2765616992,-282.));
#2586 = CARTESIAN_POINT('',(-277.1803722669,-57.));
#2587 = CARTESIAN_POINT('',(-407.0841828346,168.));
#2588 = CARTESIAN_POINT('',(-147.2765616992,168.));
#2589 = ( GEOMETRIC_REPRESENTATION_CONTEXT(2) 
PARAMETRIC_REPRESENTATION_CONTEXT() REPRESENTATION_CONTEXT('2D SPACE',''
  ) );
#2590 = ORIENTED_EDGE('',*,*,#2591,.T.);
#2591 = EDGE_CURVE('',#2559,#2592,#2594,.T.);
#2592 = VERTEX_POINT('',#2593);
#2593 = CARTESIAN_POINT('',(8.,15.,-0.213485253178));
#2594 = SURFACE_CURVE('',#2595,(#2599,#2605),.PCURVE_S1.);
#2595 = LINE('',#2596,#2597);
#2596 = CARTESIAN_POINT('',(8.,111.45,-0.213485253178));
#2597 = VECTOR('',#2598,1.);
#2598 = DIRECTION('',(0.,-1.,2.22044604925E-16));
#2599 = PCURVE('',#101,#2600);
#2600 = DEFINITIONAL_REPRESENTATION('',(#2601),#2604);
#2601 = B_SPLINE_CURVE_WITH_KNOTS('',1,(#2602,#2603),.UNSPECIFIED.,.F.,
  .F.,(2,2),(79.4,98.),.PIECEWISE_BEZIER_KNOTS.);
#2602 = CARTESIAN_POINT('',(1.517437677093,79.4));
#2603 = CARTESIAN_POINT('',(1.517437677093,98.));
#2604 = ( GEOMETRIC_REPRESENTATION_CONTEXT(2) 
PARAMETRIC_REPRESENTATION_CONTEXT() REPRESENTATION_CONTEXT('2D SPACE',''
  ) );
#2605 = PCURVE('',#2606,#2611);
#2606 = PLANE('',#2607);
#2607 = AXIS2_PLACEMENT_3D('',#2608,#2609,#2610);
#2608 = CARTESIAN_POINT('',(8.,15.,-2.723438300723));
#2609 = DIRECTION('',(1.,0.,-0.));
#2610 = DIRECTION('',(0.,0.,1.));
#2611 = DEFINITIONAL_REPRESENTATION('',(#2612),#2615);
#2612 = B_SPLINE_CURVE_WITH_KNOTS('',1,(#2613,#2614),.UNSPECIFIED.,.F.,
  .F.,(2,2),(79.4,98.),.PIECEWISE_BEZIER_KNOTS.);
#2613 = CARTESIAN_POINT('',(2.509953047546,-17.05));
#2614 = CARTESIAN_POINT('',(2.509953047546,1.55));
#2615 = ( GEOMETRIC_REPRESENTATION_CONTEXT(2) 
PARAMETRIC_REPRESENTATION_CONTEXT() REPRESENTATION_CONTEXT('2D SPACE',''
  ) );
#2616 = ORIENTED_EDGE('',*,*,#2617,.T.);
#2617 = EDGE_CURVE('',#2592,#2533,#2618,.T.);
#2618 = SURFACE_CURVE('',#2619,(#2624,#2631),.PCURVE_S1.);
#2619 = CIRCLE('',#2620,150.);
#2620 = AXIS2_PLACEMENT_3D('',#2621,#2622,#2623);
#2621 = CARTESIAN_POINT('',(0.,15.,-150.));
#2622 = DIRECTION('',(0.,-1.,2.22044604925E-16));
#2623 = DIRECTION('',(1.,0.,0.));
#2624 = PCURVE('',#101,#2625);
#2625 = DEFINITIONAL_REPRESENTATION('',(#2626),#2630);
#2626 = LINE('',#2627,#2628);
#2627 = CARTESIAN_POINT('',(0.,96.45));
#2628 = VECTOR('',#2629,1.);
#2629 = DIRECTION('',(1.,0.));
#2630 = ( GEOMETRIC_REPRESENTATION_CONTEXT(2) 
PARAMETRIC_REPRESENTATION_CONTEXT() REPRESENTATION_CONTEXT('2D SPACE',''
  ) );
#2631 = PCURVE('',#2632,#2637);
#2632 = PLANE('',#2633);
#2633 = AXIS2_PLACEMENT_3D('',#2634,#2635,#2636);
#2634 = CARTESIAN_POINT('',(-18.,15.,-2.723438300723));
#2635 = DIRECTION('',(-0.,1.,0.));
#2636 = DIRECTION('',(0.,0.,1.));
#2637 = DEFINITIONAL_REPRESENTATION('',(#2638),#2646);
#2638 = ( BOUNDED_CURVE() B_SPLINE_CURVE(2,(#2639,#2640,#2641,#2642,
#2643,#2644,#2645),.UNSPECIFIED.,.T.,.F.) B_SPLINE_CURVE_WITH_KNOTS((1,2
    ,2,2,2,1),(-2.094395102393,0.,2.094395102393,4.188790204786,
6.28318530718,8.377580409573),.UNSPECIFIED.) CURVE() 
GEOMETRIC_REPRESENTATION_ITEM() RATIONAL_B_SPLINE_CURVE((1.,0.5,1.,0.5,
1.,0.5,1.)) REPRESENTATION_ITEM('') );
#2639 = CARTESIAN_POINT('',(-147.2765616992,168.));
#2640 = CARTESIAN_POINT('',(112.53105943605,168.));
#2641 = CARTESIAN_POINT('',(-17.37275113161,-57.));
#2642 = CARTESIAN_POINT('',(-147.2765616992,-282.));
#2643 = CARTESIAN_POINT('',(-277.1803722669,-57.));
#2644 = CARTESIAN_POINT('',(-407.0841828346,168.));
#2645 = CARTESIAN_POINT('',(-147.2765616992,168.));
#2646 = ( GEOMETRIC_REPRESENTATION_CONTEXT(2) 
PARAMETRIC_REPRESENTATION_CONTEXT() REPRESENTATION_CONTEXT('2D SPACE',''
  ) );
#2647 = ADVANCED_FACE('',(#2648),#347,.T.);
#2648 = FACE_BOUND('',#2649,.T.);
#2649 = EDGE_LOOP('',(#2650,#2651,#2670,#2671));
#2650 = ORIENTED_EDGE('',*,*,#810,.F.);
#2651 = ORIENTED_EDGE('',*,*,#2652,.T.);
#2652 = EDGE_CURVE('',#778,#1504,#2653,.T.);
#2653 = SURFACE_CURVE('',#2654,(#2658,#2664),.PCURVE_S1.);
#2654 = LINE('',#2655,#2656);
#2655 = CARTESIAN_POINT('',(-20.50099087156,37.13766532639,
    -2.723438300723));
#2656 = VECTOR('',#2657,1.);
#2657 = DIRECTION('',(0.,0.,-1.));
#2658 = PCURVE('',#347,#2659);
#2659 = DEFINITIONAL_REPRESENTATION('',(#2660),#2663);
#2660 = B_SPLINE_CURVE_WITH_KNOTS('',1,(#2661,#2662),.UNSPECIFIED.,.F.,
  .F.,(2,2),(-7.523440700723,2.400000000069E-06),
  .PIECEWISE_BEZIER_KNOTS.);
#2661 = CARTESIAN_POINT('',(0.427827059752,7.523440700723));
#2662 = CARTESIAN_POINT('',(0.427827059752,-2.400000000069E-06));
#2663 = ( GEOMETRIC_REPRESENTATION_CONTEXT(2) 
PARAMETRIC_REPRESENTATION_CONTEXT() REPRESENTATION_CONTEXT('2D SPACE',''
  ) );
#2664 = PCURVE('',#798,#2665);
#2665 = DEFINITIONAL_REPRESENTATION('',(#2666),#2669);
#2666 = B_SPLINE_CURVE_WITH_KNOTS('',1,(#2667,#2668),.UNSPECIFIED.,.F.,
  .F.,(2,2),(-7.523440700723,2.400000000069E-06),
  .PIECEWISE_BEZIER_KNOTS.);
#2667 = CARTESIAN_POINT('',(1.500540370688,-7.523440700723));
#2668 = CARTESIAN_POINT('',(1.500540370688,2.400000000069E-06));
#2669 = ( GEOMETRIC_REPRESENTATION_CONTEXT(2) 
PARAMETRIC_REPRESENTATION_CONTEXT() REPRESENTATION_CONTEXT('2D SPACE',''
  ) );
#2670 = ORIENTED_EDGE('',*,*,#1503,.T.);
#2671 = ORIENTED_EDGE('',*,*,#334,.F.);
#2672 = ADVANCED_FACE('',(#2673),#848,.T.);
#2673 = FACE_BOUND('',#2674,.T.);
#2674 = EDGE_LOOP('',(#2675,#2676,#2677,#2678));
#2675 = ORIENTED_EDGE('',*,*,#1425,.F.);
#2676 = ORIENTED_EDGE('',*,*,#834,.T.);
#2677 = ORIENTED_EDGE('',*,*,#1304,.T.);
#2678 = ORIENTED_EDGE('',*,*,#2679,.F.);
#2679 = EDGE_CURVE('',#1403,#1277,#2680,.T.);
#2680 = SURFACE_CURVE('',#2681,(#2685,#2692),.PCURVE_S1.);
#2681 = LINE('',#2682,#2683);
#2682 = CARTESIAN_POINT('',(-25.15,-15.2,5.3));
#2683 = VECTOR('',#2684,1.);
#2684 = DIRECTION('',(-0.,1.,0.));
#2685 = PCURVE('',#848,#2686);
#2686 = DEFINITIONAL_REPRESENTATION('',(#2687),#2691);
#2687 = LINE('',#2688,#2689);
#2688 = CARTESIAN_POINT('',(6.8,0.));
#2689 = VECTOR('',#2690,1.);
#2690 = DIRECTION('',(0.,-1.));
#2691 = ( GEOMETRIC_REPRESENTATION_CONTEXT(2) 
PARAMETRIC_REPRESENTATION_CONTEXT() REPRESENTATION_CONTEXT('2D SPACE',''
  ) );
#2692 = PCURVE('',#1292,#2693);
#2693 = DEFINITIONAL_REPRESENTATION('',(#2694),#2698);
#2694 = LINE('',#2695,#2696);
#2695 = CARTESIAN_POINT('',(2.6,0.));
#2696 = VECTOR('',#2697,1.);
#2697 = DIRECTION('',(0.,1.));
#2698 = ( GEOMETRIC_REPRESENTATION_CONTEXT(2) 
PARAMETRIC_REPRESENTATION_CONTEXT() REPRESENTATION_CONTEXT('2D SPACE',''
  ) );
#2699 = ADVANCED_FACE('',(#2700),#407,.T.);
#2700 = FACE_BOUND('',#2701,.T.);
#2701 = EDGE_LOOP('',(#2702,#2703,#2704,#2705));
#2702 = ORIENTED_EDGE('',*,*,#390,.F.);
#2703 = ORIENTED_EDGE('',*,*,#1479,.T.);
#2704 = ORIENTED_EDGE('',*,*,#1652,.T.);
#2705 = ORIENTED_EDGE('',*,*,#2706,.F.);
#2706 = EDGE_CURVE('',#391,#1653,#2707,.T.);
#2707 = SURFACE_CURVE('',#2708,(#2712,#2718),.PCURVE_S1.);
#2708 = LINE('',#2709,#2710);
#2709 = CARTESIAN_POINT('',(-20.50099087156,-37.13766532639,
    -2.723438300723));
#2710 = VECTOR('',#2711,1.);
#2711 = DIRECTION('',(0.,0.,-1.));
#2712 = PCURVE('',#407,#2713);
#2713 = DEFINITIONAL_REPRESENTATION('',(#2714),#2717);
#2714 = B_SPLINE_CURVE_WITH_KNOTS('',1,(#2715,#2716),.UNSPECIFIED.,.F.,
  .F.,(2,2),(-7.523440700723,2.400000000069E-06),
  .PIECEWISE_BEZIER_KNOTS.);
#2715 = CARTESIAN_POINT('',(5.855358247428,7.523440700723));
#2716 = CARTESIAN_POINT('',(5.855358247428,-2.400000000069E-06));
#2717 = ( GEOMETRIC_REPRESENTATION_CONTEXT(2) 
PARAMETRIC_REPRESENTATION_CONTEXT() REPRESENTATION_CONTEXT('2D SPACE',''
  ) );
#2718 = PCURVE('',#440,#2719);
#2719 = DEFINITIONAL_REPRESENTATION('',(#2720),#2723);
#2720 = B_SPLINE_CURVE_WITH_KNOTS('',1,(#2721,#2722),.UNSPECIFIED.,.F.,
  .F.,(2,2),(-7.523440700723,2.400000000069E-06),
  .PIECEWISE_BEZIER_KNOTS.);
#2721 = CARTESIAN_POINT('',(4.782644936491,-7.523440700723));
#2722 = CARTESIAN_POINT('',(4.782644936491,2.400000000069E-06));
#2723 = ( GEOMETRIC_REPRESENTATION_CONTEXT(2) 
PARAMETRIC_REPRESENTATION_CONTEXT() REPRESENTATION_CONTEXT('2D SPACE',''
  ) );
#2724 = ADVANCED_FACE('',(#2725),#440,.T.);
#2725 = FACE_BOUND('',#2726,.T.);
#2726 = EDGE_LOOP('',(#2727,#2728,#2749,#2750));
#2727 = ORIENTED_EDGE('',*,*,#1798,.F.);
#2728 = ORIENTED_EDGE('',*,*,#2729,.T.);
#2729 = EDGE_CURVE('',#1799,#420,#2730,.T.);
#2730 = SURFACE_CURVE('',#2731,(#2735,#2742),.PCURVE_S1.);
#2731 = LINE('',#2732,#2733);
#2732 = CARTESIAN_POINT('',(-20.15,-37.15,-2.723438300723));
#2733 = VECTOR('',#2734,1.);
#2734 = DIRECTION('',(0.,0.,1.));
#2735 = PCURVE('',#440,#2736);
#2736 = DEFINITIONAL_REPRESENTATION('',(#2737),#2741);
#2737 = LINE('',#2738,#2739);
#2738 = CARTESIAN_POINT('',(4.712388980385,0.));
#2739 = VECTOR('',#2740,1.);
#2740 = DIRECTION('',(0.,-1.));
#2741 = ( GEOMETRIC_REPRESENTATION_CONTEXT(2) 
PARAMETRIC_REPRESENTATION_CONTEXT() REPRESENTATION_CONTEXT('2D SPACE',''
  ) );
#2742 = PCURVE('',#468,#2743);
#2743 = DEFINITIONAL_REPRESENTATION('',(#2744),#2748);
#2744 = LINE('',#2745,#2746);
#2745 = CARTESIAN_POINT('',(0.,0.));
#2746 = VECTOR('',#2747,1.);
#2747 = DIRECTION('',(0.,-1.));
#2748 = ( GEOMETRIC_REPRESENTATION_CONTEXT(2) 
PARAMETRIC_REPRESENTATION_CONTEXT() REPRESENTATION_CONTEXT('2D SPACE',''
  ) );
#2749 = ORIENTED_EDGE('',*,*,#419,.T.);
#2750 = ORIENTED_EDGE('',*,*,#2706,.T.);
#2751 = ADVANCED_FACE('',(#2752),#468,.F.);
#2752 = FACE_BOUND('',#2753,.F.);
#2753 = EDGE_LOOP('',(#2754,#2755,#2756,#2757));
#2754 = ORIENTED_EDGE('',*,*,#1827,.T.);
#2755 = ORIENTED_EDGE('',*,*,#2729,.T.);
#2756 = ORIENTED_EDGE('',*,*,#452,.T.);
#2757 = ORIENTED_EDGE('',*,*,#2758,.F.);
#2758 = EDGE_CURVE('',#1828,#453,#2759,.T.);
#2759 = SURFACE_CURVE('',#2760,(#2764,#2771),.PCURVE_S1.);
#2760 = LINE('',#2761,#2762);
#2761 = CARTESIAN_POINT('',(20.15,-37.15,-2.723438300723));
#2762 = VECTOR('',#2763,1.);
#2763 = DIRECTION('',(0.,0.,1.));
#2764 = PCURVE('',#468,#2765);
#2765 = DEFINITIONAL_REPRESENTATION('',(#2766),#2770);
#2766 = LINE('',#2767,#2768);
#2767 = CARTESIAN_POINT('',(40.3,0.));
#2768 = VECTOR('',#2769,1.);
#2769 = DIRECTION('',(0.,-1.));
#2770 = ( GEOMETRIC_REPRESENTATION_CONTEXT(2) 
PARAMETRIC_REPRESENTATION_CONTEXT() REPRESENTATION_CONTEXT('2D SPACE',''
  ) );
#2771 = PCURVE('',#501,#2772);
#2772 = DEFINITIONAL_REPRESENTATION('',(#2773),#2777);
#2773 = LINE('',#2774,#2775);
#2774 = CARTESIAN_POINT('',(4.712388980385,0.));
#2775 = VECTOR('',#2776,1.);
#2776 = DIRECTION('',(0.,-1.));
#2777 = ( GEOMETRIC_REPRESENTATION_CONTEXT(2) 
PARAMETRIC_REPRESENTATION_CONTEXT() REPRESENTATION_CONTEXT('2D SPACE',''
  ) );
#2778 = ADVANCED_FACE('',(#2779),#501,.T.);
#2779 = FACE_BOUND('',#2780,.T.);
#2780 = EDGE_LOOP('',(#2781,#2782,#2801,#2802));
#2781 = ORIENTED_EDGE('',*,*,#1855,.F.);
#2782 = ORIENTED_EDGE('',*,*,#2783,.F.);
#2783 = EDGE_CURVE('',#481,#1856,#2784,.T.);
#2784 = SURFACE_CURVE('',#2785,(#2789,#2795),.PCURVE_S1.);
#2785 = LINE('',#2786,#2787);
#2786 = CARTESIAN_POINT('',(20.500990871568,-37.13766532639,
    -2.723438300723));
#2787 = VECTOR('',#2788,1.);
#2788 = DIRECTION('',(0.,0.,-1.));
#2789 = PCURVE('',#501,#2790);
#2790 = DEFINITIONAL_REPRESENTATION('',(#2791),#2794);
#2791 = B_SPLINE_CURVE_WITH_KNOTS('',1,(#2792,#2793),.UNSPECIFIED.,.F.,
  .F.,(2,2),(-7.523440700723,2.400000000069E-06),
  .PIECEWISE_BEZIER_KNOTS.);
#2792 = CARTESIAN_POINT('',(4.642133024278,-7.523440700723));
#2793 = CARTESIAN_POINT('',(4.642133024278,2.400000000069E-06));
#2794 = ( GEOMETRIC_REPRESENTATION_CONTEXT(2) 
PARAMETRIC_REPRESENTATION_CONTEXT() REPRESENTATION_CONTEXT('2D SPACE',''
  ) );
#2795 = PCURVE('',#530,#2796);
#2796 = DEFINITIONAL_REPRESENTATION('',(#2797),#2800);
#2797 = B_SPLINE_CURVE_WITH_KNOTS('',1,(#2798,#2799),.UNSPECIFIED.,.F.,
  .F.,(2,2),(-7.523438300723,0.),.PIECEWISE_BEZIER_KNOTS.);
#2798 = CARTESIAN_POINT('',(3.569419713342,7.523438300723));
#2799 = CARTESIAN_POINT('',(3.569419713342,0.));
#2800 = ( GEOMETRIC_REPRESENTATION_CONTEXT(2) 
PARAMETRIC_REPRESENTATION_CONTEXT() REPRESENTATION_CONTEXT('2D SPACE',''
  ) );
#2801 = ORIENTED_EDGE('',*,*,#480,.T.);
#2802 = ORIENTED_EDGE('',*,*,#2758,.F.);
#2803 = ADVANCED_FACE('',(#2804),#798,.T.);
#2804 = FACE_BOUND('',#2805,.T.);
#2805 = EDGE_LOOP('',(#2806,#2807,#2808,#2809));
#2806 = ORIENTED_EDGE('',*,*,#2501,.T.);
#2807 = ORIENTED_EDGE('',*,*,#2652,.F.);
#2808 = ORIENTED_EDGE('',*,*,#777,.T.);
#2809 = ORIENTED_EDGE('',*,*,#2810,.F.);
#2810 = EDGE_CURVE('',#2474,#750,#2811,.T.);
#2811 = SURFACE_CURVE('',#2812,(#2816,#2823),.PCURVE_S1.);
#2812 = LINE('',#2813,#2814);
#2813 = CARTESIAN_POINT('',(-20.15,37.15,-2.723438300723));
#2814 = VECTOR('',#2815,1.);
#2815 = DIRECTION('',(0.,0.,1.));
#2816 = PCURVE('',#798,#2817);
#2817 = DEFINITIONAL_REPRESENTATION('',(#2818),#2822);
#2818 = LINE('',#2819,#2820);
#2819 = CARTESIAN_POINT('',(1.570796326795,0.));
#2820 = VECTOR('',#2821,1.);
#2821 = DIRECTION('',(0.,-1.));
#2822 = ( GEOMETRIC_REPRESENTATION_CONTEXT(2) 
PARAMETRIC_REPRESENTATION_CONTEXT() REPRESENTATION_CONTEXT('2D SPACE',''
  ) );
#2823 = PCURVE('',#765,#2824);
#2824 = DEFINITIONAL_REPRESENTATION('',(#2825),#2829);
#2825 = LINE('',#2826,#2827);
#2826 = CARTESIAN_POINT('',(0.,0.));
#2827 = VECTOR('',#2828,1.);
#2828 = DIRECTION('',(0.,-1.));
#2829 = ( GEOMETRIC_REPRESENTATION_CONTEXT(2) 
PARAMETRIC_REPRESENTATION_CONTEXT() REPRESENTATION_CONTEXT('2D SPACE',''
  ) );
#2830 = ADVANCED_FACE('',(#2831),#530,.T.);
#2831 = FACE_BOUND('',#2832,.T.);
#2832 = EDGE_LOOP('',(#2833,#2834,#2835,#2836));
#2833 = ORIENTED_EDGE('',*,*,#513,.F.);
#2834 = ORIENTED_EDGE('',*,*,#2783,.T.);
#2835 = ORIENTED_EDGE('',*,*,#1884,.F.);
#2836 = ORIENTED_EDGE('',*,*,#2837,.F.);
#2837 = EDGE_CURVE('',#514,#1885,#2838,.T.);
#2838 = SURFACE_CURVE('',#2839,(#2843,#2849),.PCURVE_S1.);
#2839 = LINE('',#2840,#2841);
#2840 = CARTESIAN_POINT('',(25.13766532639,-32.50099087156,
    -2.723438300723));
#2841 = VECTOR('',#2842,1.);
#2842 = DIRECTION('',(0.,0.,-1.));
#2843 = PCURVE('',#530,#2844);
#2844 = DEFINITIONAL_REPRESENTATION('',(#2845),#2848);
#2845 = B_SPLINE_CURVE_WITH_KNOTS('',1,(#2846,#2847),.UNSPECIFIED.,.F.,
  .F.,(2,2),(-7.523438300723,0.),.PIECEWISE_BEZIER_KNOTS.);
#2846 = CARTESIAN_POINT('',(7.426154574223,7.523438300723));
#2847 = CARTESIAN_POINT('',(7.426154574223,0.));
#2848 = ( GEOMETRIC_REPRESENTATION_CONTEXT(2) 
PARAMETRIC_REPRESENTATION_CONTEXT() REPRESENTATION_CONTEXT('2D SPACE',''
  ) );
#2849 = PCURVE('',#563,#2850);
#2850 = DEFINITIONAL_REPRESENTATION('',(#2851),#2854);
#2851 = B_SPLINE_CURVE_WITH_KNOTS('',1,(#2852,#2853),.UNSPECIFIED.,.F.,
  .F.,(2,2),(-7.523440700723,2.400000000069E-06),
  .PIECEWISE_BEZIER_KNOTS.);
#2852 = CARTESIAN_POINT('',(3.211848609696,-7.523440700723));
#2853 = CARTESIAN_POINT('',(3.211848609696,2.400000000069E-06));
#2854 = ( GEOMETRIC_REPRESENTATION_CONTEXT(2) 
PARAMETRIC_REPRESENTATION_CONTEXT() REPRESENTATION_CONTEXT('2D SPACE',''
  ) );
#2855 = ADVANCED_FACE('',(#2856),#765,.T.);
#2856 = FACE_BOUND('',#2857,.T.);
#2857 = EDGE_LOOP('',(#2858,#2879,#2880,#2881,#2882,#2905));
#2858 = ORIENTED_EDGE('',*,*,#2859,.T.);
#2859 = EDGE_CURVE('',#2860,#2448,#2862,.T.);
#2860 = VERTEX_POINT('',#2861);
#2861 = CARTESIAN_POINT('',(-19.,37.15,2.2));
#2862 = SURFACE_CURVE('',#2863,(#2867,#2873),.PCURVE_S1.);
#2863 = LINE('',#2864,#2865);
#2864 = CARTESIAN_POINT('',(-19.,37.15,-3.361719150362));
#2865 = VECTOR('',#2866,1.);
#2866 = DIRECTION('',(-0.,0.,-1.));
#2867 = PCURVE('',#765,#2868);
#2868 = DEFINITIONAL_REPRESENTATION('',(#2869),#2872);
#2869 = B_SPLINE_CURVE_WITH_KNOTS('',1,(#2870,#2871),.UNSPECIFIED.,.F.,
  .F.,(2,2),(-5.561719150362,-2.002149383862),.PIECEWISE_BEZIER_KNOTS.);
#2870 = CARTESIAN_POINT('',(1.15,-4.923438300723));
#2871 = CARTESIAN_POINT('',(1.15,-1.363868534223));
#2872 = ( GEOMETRIC_REPRESENTATION_CONTEXT(2) 
PARAMETRIC_REPRESENTATION_CONTEXT() REPRESENTATION_CONTEXT('2D SPACE',''
  ) );
#2873 = PCURVE('',#2462,#2874);
#2874 = DEFINITIONAL_REPRESENTATION('',(#2875),#2878);
#2875 = B_SPLINE_CURVE_WITH_KNOTS('',1,(#2876,#2877),.UNSPECIFIED.,.F.,
  .F.,(2,2),(-5.561719150362,-2.002149383862),.PIECEWISE_BEZIER_KNOTS.);
#2876 = CARTESIAN_POINT('',(6.2,-5.5));
#2877 = CARTESIAN_POINT('',(2.6404302335,-5.5));
#2878 = ( GEOMETRIC_REPRESENTATION_CONTEXT(2) 
PARAMETRIC_REPRESENTATION_CONTEXT() REPRESENTATION_CONTEXT('2D SPACE',''
  ) );
#2879 = ORIENTED_EDGE('',*,*,#2473,.T.);
#2880 = ORIENTED_EDGE('',*,*,#2810,.T.);
#2881 = ORIENTED_EDGE('',*,*,#749,.T.);
#2882 = ORIENTED_EDGE('',*,*,#2883,.F.);
#2883 = EDGE_CURVE('',#2884,#717,#2886,.T.);
#2884 = VERTEX_POINT('',#2885);
#2885 = CARTESIAN_POINT('',(20.15,37.15,2.2));
#2886 = SURFACE_CURVE('',#2887,(#2891,#2898),.PCURVE_S1.);
#2887 = LINE('',#2888,#2889);
#2888 = CARTESIAN_POINT('',(20.15,37.15,-2.723438300723));
#2889 = VECTOR('',#2890,1.);
#2890 = DIRECTION('',(0.,0.,1.));
#2891 = PCURVE('',#765,#2892);
#2892 = DEFINITIONAL_REPRESENTATION('',(#2893),#2897);
#2893 = LINE('',#2894,#2895);
#2894 = CARTESIAN_POINT('',(40.3,0.));
#2895 = VECTOR('',#2896,1.);
#2896 = DIRECTION('',(0.,-1.));
#2897 = ( GEOMETRIC_REPRESENTATION_CONTEXT(2) 
PARAMETRIC_REPRESENTATION_CONTEXT() REPRESENTATION_CONTEXT('2D SPACE',''
  ) );
#2898 = PCURVE('',#737,#2899);
#2899 = DEFINITIONAL_REPRESENTATION('',(#2900),#2904);
#2900 = LINE('',#2901,#2902);
#2901 = CARTESIAN_POINT('',(1.570796326795,0.));
#2902 = VECTOR('',#2903,1.);
#2903 = DIRECTION('',(0.,-1.));
#2904 = ( GEOMETRIC_REPRESENTATION_CONTEXT(2) 
PARAMETRIC_REPRESENTATION_CONTEXT() REPRESENTATION_CONTEXT('2D SPACE',''
  ) );
#2905 = ORIENTED_EDGE('',*,*,#2906,.F.);
#2906 = EDGE_CURVE('',#2860,#2884,#2907,.T.);
#2907 = SURFACE_CURVE('',#2908,(#2912,#2918),.PCURVE_S1.);
#2908 = LINE('',#2909,#2910);
#2909 = CARTESIAN_POINT('',(-19.575,37.15,2.2));
#2910 = VECTOR('',#2911,1.);
#2911 = DIRECTION('',(1.,0.,0.));
#2912 = PCURVE('',#765,#2913);
#2913 = DEFINITIONAL_REPRESENTATION('',(#2914),#2917);
#2914 = B_SPLINE_CURVE_WITH_KNOTS('',1,(#2915,#2916),.UNSPECIFIED.,.F.,
  .F.,(2,2),(0.575,39.725),.PIECEWISE_BEZIER_KNOTS.);
#2915 = CARTESIAN_POINT('',(1.15,-4.923438300723));
#2916 = CARTESIAN_POINT('',(40.3,-4.923438300723));
#2917 = ( GEOMETRIC_REPRESENTATION_CONTEXT(2) 
PARAMETRIC_REPRESENTATION_CONTEXT() REPRESENTATION_CONTEXT('2D SPACE',''
  ) );
#2918 = PCURVE('',#2919,#2924);
#2919 = PLANE('',#2920);
#2920 = AXIS2_PLACEMENT_3D('',#2921,#2922,#2923);
#2921 = CARTESIAN_POINT('',(-19.,31.65,2.2));
#2922 = DIRECTION('',(0.,0.,1.));
#2923 = DIRECTION('',(1.,0.,-0.));
#2924 = DEFINITIONAL_REPRESENTATION('',(#2925),#2928);
#2925 = B_SPLINE_CURVE_WITH_KNOTS('',1,(#2926,#2927),.UNSPECIFIED.,.F.,
  .F.,(2,2),(0.575,39.725),.PIECEWISE_BEZIER_KNOTS.);
#2926 = CARTESIAN_POINT('',(0.,5.5));
#2927 = CARTESIAN_POINT('',(39.15,5.5));
#2928 = ( GEOMETRIC_REPRESENTATION_CONTEXT(2) 
PARAMETRIC_REPRESENTATION_CONTEXT() REPRESENTATION_CONTEXT('2D SPACE',''
  ) );
#2929 = ADVANCED_FACE('',(#2930),#563,.T.);
#2930 = FACE_BOUND('',#2931,.T.);
#2931 = EDGE_LOOP('',(#2932,#2933,#2954,#2955));
#2932 = ORIENTED_EDGE('',*,*,#2080,.F.);
#2933 = ORIENTED_EDGE('',*,*,#2934,.T.);
#2934 = EDGE_CURVE('',#2081,#543,#2935,.T.);
#2935 = SURFACE_CURVE('',#2936,(#2940,#2947),.PCURVE_S1.);
#2936 = LINE('',#2937,#2938);
#2937 = CARTESIAN_POINT('',(25.15,-32.15,-2.723438300723));
#2938 = VECTOR('',#2939,1.);
#2939 = DIRECTION('',(0.,0.,1.));
#2940 = PCURVE('',#563,#2941);
#2941 = DEFINITIONAL_REPRESENTATION('',(#2942),#2946);
#2942 = LINE('',#2943,#2944);
#2943 = CARTESIAN_POINT('',(3.14159265359,0.));
#2944 = VECTOR('',#2945,1.);
#2945 = DIRECTION('',(0.,-1.));
#2946 = ( GEOMETRIC_REPRESENTATION_CONTEXT(2) 
PARAMETRIC_REPRESENTATION_CONTEXT() REPRESENTATION_CONTEXT('2D SPACE',''
  ) );
#2947 = PCURVE('',#591,#2948);
#2948 = DEFINITIONAL_REPRESENTATION('',(#2949),#2953);
#2949 = LINE('',#2950,#2951);
#2950 = CARTESIAN_POINT('',(0.,0.));
#2951 = VECTOR('',#2952,1.);
#2952 = DIRECTION('',(0.,-1.));
#2953 = ( GEOMETRIC_REPRESENTATION_CONTEXT(2) 
PARAMETRIC_REPRESENTATION_CONTEXT() REPRESENTATION_CONTEXT('2D SPACE',''
  ) );
#2954 = ORIENTED_EDGE('',*,*,#542,.T.);
#2955 = ORIENTED_EDGE('',*,*,#2837,.T.);
#2956 = ADVANCED_FACE('',(#2957),#737,.T.);
#2957 = FACE_BOUND('',#2958,.T.);
#2958 = EDGE_LOOP('',(#2959,#2980,#3006,#3007));
#2959 = ORIENTED_EDGE('',*,*,#2960,.T.);
#2960 = EDGE_CURVE('',#688,#2961,#2963,.T.);
#2961 = VERTEX_POINT('',#2962);
#2962 = CARTESIAN_POINT('',(20.500990871568,37.13766532639,2.2));
#2963 = SURFACE_CURVE('',#2964,(#2968,#2974),.PCURVE_S1.);
#2964 = LINE('',#2965,#2966);
#2965 = CARTESIAN_POINT('',(20.500990871568,37.13766532639,
    -2.723438300723));
#2966 = VECTOR('',#2967,1.);
#2967 = DIRECTION('',(0.,0.,-1.));
#2968 = PCURVE('',#737,#2969);
#2969 = DEFINITIONAL_REPRESENTATION('',(#2970),#2973);
#2970 = B_SPLINE_CURVE_WITH_KNOTS('',1,(#2971,#2972),.UNSPECIFIED.,.F.,
  .F.,(2,2),(-7.523440700723,2.400000000069E-06),
  .PIECEWISE_BEZIER_KNOTS.);
#2971 = CARTESIAN_POINT('',(1.641052282901,-7.523440700723));
#2972 = CARTESIAN_POINT('',(1.641052282901,2.400000000069E-06));
#2973 = ( GEOMETRIC_REPRESENTATION_CONTEXT(2) 
PARAMETRIC_REPRESENTATION_CONTEXT() REPRESENTATION_CONTEXT('2D SPACE',''
  ) );
#2974 = PCURVE('',#704,#2975);
#2975 = DEFINITIONAL_REPRESENTATION('',(#2976),#2979);
#2976 = B_SPLINE_CURVE_WITH_KNOTS('',1,(#2977,#2978),.UNSPECIFIED.,.F.,
  .F.,(2,2),(-7.523438300723,-0.),.PIECEWISE_BEZIER_KNOTS.);
#2977 = CARTESIAN_POINT('',(8.996950901017,7.523438300723));
#2978 = CARTESIAN_POINT('',(8.996950901017,0.));
#2979 = ( GEOMETRIC_REPRESENTATION_CONTEXT(2) 
PARAMETRIC_REPRESENTATION_CONTEXT() REPRESENTATION_CONTEXT('2D SPACE',''
  ) );
#2980 = ORIENTED_EDGE('',*,*,#2981,.F.);
#2981 = EDGE_CURVE('',#2884,#2961,#2982,.T.);
#2982 = SURFACE_CURVE('',#2983,(#2988,#2995),.PCURVE_S1.);
#2983 = CIRCLE('',#2984,5.);
#2984 = AXIS2_PLACEMENT_3D('',#2985,#2986,#2987);
#2985 = CARTESIAN_POINT('',(20.15,32.15,2.2));
#2986 = DIRECTION('',(0.,0.,-1.));
#2987 = DIRECTION('',(-1.,0.,0.));
#2988 = PCURVE('',#737,#2989);
#2989 = DEFINITIONAL_REPRESENTATION('',(#2990),#2994);
#2990 = LINE('',#2991,#2992);
#2991 = CARTESIAN_POINT('',(0.,-4.923438300723));
#2992 = VECTOR('',#2993,1.);
#2993 = DIRECTION('',(1.,0.));
#2994 = ( GEOMETRIC_REPRESENTATION_CONTEXT(2) 
PARAMETRIC_REPRESENTATION_CONTEXT() REPRESENTATION_CONTEXT('2D SPACE',''
  ) );
#2995 = PCURVE('',#2919,#2996);
#2996 = DEFINITIONAL_REPRESENTATION('',(#2997),#3005);
#2997 = ( BOUNDED_CURVE() B_SPLINE_CURVE(2,(#2998,#2999,#3000,#3001,
#3002,#3003,#3004),.UNSPECIFIED.,.T.,.F.) B_SPLINE_CURVE_WITH_KNOTS((1,2
    ,2,2,2,1),(-2.094395102393,0.,2.094395102393,4.188790204786,
6.28318530718,8.377580409573),.UNSPECIFIED.) CURVE() 
GEOMETRIC_REPRESENTATION_ITEM() RATIONAL_B_SPLINE_CURVE((1.,0.5,1.,0.5,
1.,0.5,1.)) REPRESENTATION_ITEM('') );
#2998 = CARTESIAN_POINT('',(34.15,0.5));
#2999 = CARTESIAN_POINT('',(34.15,9.160254037844));
#3000 = CARTESIAN_POINT('',(41.65,4.830127018922));
#3001 = CARTESIAN_POINT('',(49.15,0.5));
#3002 = CARTESIAN_POINT('',(41.65,-3.830127018922));
#3003 = CARTESIAN_POINT('',(34.15,-8.160254037844));
#3004 = CARTESIAN_POINT('',(34.15,0.5));
#3005 = ( GEOMETRIC_REPRESENTATION_CONTEXT(2) 
PARAMETRIC_REPRESENTATION_CONTEXT() REPRESENTATION_CONTEXT('2D SPACE',''
  ) );
#3006 = ORIENTED_EDGE('',*,*,#2883,.T.);
#3007 = ORIENTED_EDGE('',*,*,#716,.T.);
#3008 = ADVANCED_FACE('',(#3009),#591,.F.);
#3009 = FACE_BOUND('',#3010,.F.);
#3010 = EDGE_LOOP('',(#3011,#3032,#3033,#3034,#3035,#3063,#3091,#3117));
#3011 = ORIENTED_EDGE('',*,*,#3012,.F.);
#3012 = EDGE_CURVE('',#2110,#632,#3013,.T.);
#3013 = SURFACE_CURVE('',#3014,(#3018,#3025),.PCURVE_S1.);
#3014 = LINE('',#3015,#3016);
#3015 = CARTESIAN_POINT('',(25.15,32.15,-2.723438300723));
#3016 = VECTOR('',#3017,1.);
#3017 = DIRECTION('',(0.,0.,1.));
#3018 = PCURVE('',#591,#3019);
#3019 = DEFINITIONAL_REPRESENTATION('',(#3020),#3024);
#3020 = LINE('',#3021,#3022);
#3021 = CARTESIAN_POINT('',(64.3,0.));
#3022 = VECTOR('',#3023,1.);
#3023 = DIRECTION('',(0.,-1.));
#3024 = ( GEOMETRIC_REPRESENTATION_CONTEXT(2) 
PARAMETRIC_REPRESENTATION_CONTEXT() REPRESENTATION_CONTEXT('2D SPACE',''
  ) );
#3025 = PCURVE('',#675,#3026);
#3026 = DEFINITIONAL_REPRESENTATION('',(#3027),#3031);
#3027 = LINE('',#3028,#3029);
#3028 = CARTESIAN_POINT('',(3.14159265359,0.));
#3029 = VECTOR('',#3030,1.);
#3030 = DIRECTION('',(0.,-1.));
#3031 = ( GEOMETRIC_REPRESENTATION_CONTEXT(2) 
PARAMETRIC_REPRESENTATION_CONTEXT() REPRESENTATION_CONTEXT('2D SPACE',''
  ) );
#3032 = ORIENTED_EDGE('',*,*,#2109,.T.);
#3033 = ORIENTED_EDGE('',*,*,#2934,.T.);
#3034 = ORIENTED_EDGE('',*,*,#575,.T.);
#3035 = ORIENTED_EDGE('',*,*,#3036,.F.);
#3036 = EDGE_CURVE('',#3037,#576,#3039,.T.);
#3037 = VERTEX_POINT('',#3038);
#3038 = CARTESIAN_POINT('',(25.15,-15.2,-1.5));
#3039 = SURFACE_CURVE('',#3040,(#3044,#3051),.PCURVE_S1.);
#3040 = LINE('',#3041,#3042);
#3041 = CARTESIAN_POINT('',(25.15,-15.2,-1.5));
#3042 = VECTOR('',#3043,1.);
#3043 = DIRECTION('',(0.,0.,1.));
#3044 = PCURVE('',#591,#3045);
#3045 = DEFINITIONAL_REPRESENTATION('',(#3046),#3050);
#3046 = LINE('',#3047,#3048);
#3047 = CARTESIAN_POINT('',(16.95,-1.223438300723));
#3048 = VECTOR('',#3049,1.);
#3049 = DIRECTION('',(0.,-1.));
#3050 = ( GEOMETRIC_REPRESENTATION_CONTEXT(2) 
PARAMETRIC_REPRESENTATION_CONTEXT() REPRESENTATION_CONTEXT('2D SPACE',''
  ) );
#3051 = PCURVE('',#3052,#3057);
#3052 = PLANE('',#3053);
#3053 = AXIS2_PLACEMENT_3D('',#3054,#3055,#3056);
#3054 = CARTESIAN_POINT('',(25.15,-15.2,-1.5));
#3055 = DIRECTION('',(-0.,1.,0.));
#3056 = DIRECTION('',(0.,0.,1.));
#3057 = DEFINITIONAL_REPRESENTATION('',(#3058),#3062);
#3058 = LINE('',#3059,#3060);
#3059 = CARTESIAN_POINT('',(0.,0.));
#3060 = VECTOR('',#3061,1.);
#3061 = DIRECTION('',(1.,0.));
#3062 = ( GEOMETRIC_REPRESENTATION_CONTEXT(2) 
PARAMETRIC_REPRESENTATION_CONTEXT() REPRESENTATION_CONTEXT('2D SPACE',''
  ) );
#3063 = ORIENTED_EDGE('',*,*,#3064,.T.);
#3064 = EDGE_CURVE('',#3037,#3065,#3067,.T.);
#3065 = VERTEX_POINT('',#3066);
#3066 = CARTESIAN_POINT('',(25.15,15.2,-1.5));
#3067 = SURFACE_CURVE('',#3068,(#3072,#3079),.PCURVE_S1.);
#3068 = LINE('',#3069,#3070);
#3069 = CARTESIAN_POINT('',(25.15,-15.2,-1.5));
#3070 = VECTOR('',#3071,1.);
#3071 = DIRECTION('',(-0.,1.,0.));
#3072 = PCURVE('',#591,#3073);
#3073 = DEFINITIONAL_REPRESENTATION('',(#3074),#3078);
#3074 = LINE('',#3075,#3076);
#3075 = CARTESIAN_POINT('',(16.95,-1.223438300723));
#3076 = VECTOR('',#3077,1.);
#3077 = DIRECTION('',(1.,0.));
#3078 = ( GEOMETRIC_REPRESENTATION_CONTEXT(2) 
PARAMETRIC_REPRESENTATION_CONTEXT() REPRESENTATION_CONTEXT('2D SPACE',''
  ) );
#3079 = PCURVE('',#3080,#3085);
#3080 = PLANE('',#3081);
#3081 = AXIS2_PLACEMENT_3D('',#3082,#3083,#3084);
#3082 = CARTESIAN_POINT('',(25.15,-15.2,-1.5));
#3083 = DIRECTION('',(0.,0.,1.));
#3084 = DIRECTION('',(1.,0.,-0.));
#3085 = DEFINITIONAL_REPRESENTATION('',(#3086),#3090);
#3086 = LINE('',#3087,#3088);
#3087 = CARTESIAN_POINT('',(0.,0.));
#3088 = VECTOR('',#3089,1.);
#3089 = DIRECTION('',(0.,1.));
#3090 = ( GEOMETRIC_REPRESENTATION_CONTEXT(2) 
PARAMETRIC_REPRESENTATION_CONTEXT() REPRESENTATION_CONTEXT('2D SPACE',''
  ) );
#3091 = ORIENTED_EDGE('',*,*,#3092,.T.);
#3092 = EDGE_CURVE('',#3065,#604,#3093,.T.);
#3093 = SURFACE_CURVE('',#3094,(#3098,#3105),.PCURVE_S1.);
#3094 = LINE('',#3095,#3096);
#3095 = CARTESIAN_POINT('',(25.15,15.2,-1.5));
#3096 = VECTOR('',#3097,1.);
#3097 = DIRECTION('',(0.,0.,1.));
#3098 = PCURVE('',#591,#3099);
#3099 = DEFINITIONAL_REPRESENTATION('',(#3100),#3104);
#3100 = LINE('',#3101,#3102);
#3101 = CARTESIAN_POINT('',(47.35,-1.223438300723));
#3102 = VECTOR('',#3103,1.);
#3103 = DIRECTION('',(0.,-1.));
#3104 = ( GEOMETRIC_REPRESENTATION_CONTEXT(2) 
PARAMETRIC_REPRESENTATION_CONTEXT() REPRESENTATION_CONTEXT('2D SPACE',''
  ) );
#3105 = PCURVE('',#3106,#3111);
#3106 = PLANE('',#3107);
#3107 = AXIS2_PLACEMENT_3D('',#3108,#3109,#3110);
#3108 = CARTESIAN_POINT('',(25.15,15.2,-1.5));
#3109 = DIRECTION('',(-0.,1.,0.));
#3110 = DIRECTION('',(0.,0.,1.));
#3111 = DEFINITIONAL_REPRESENTATION('',(#3112),#3116);
#3112 = LINE('',#3113,#3114);
#3113 = CARTESIAN_POINT('',(0.,0.));
#3114 = VECTOR('',#3115,1.);
#3115 = DIRECTION('',(1.,0.));
#3116 = ( GEOMETRIC_REPRESENTATION_CONTEXT(2) 
PARAMETRIC_REPRESENTATION_CONTEXT() REPRESENTATION_CONTEXT('2D SPACE',''
  ) );
#3117 = ORIENTED_EDGE('',*,*,#631,.T.);
#3118 = ADVANCED_FACE('',(#3119),#704,.T.);
#3119 = FACE_BOUND('',#3120,.T.);
#3120 = EDGE_LOOP('',(#3121,#3122,#3141,#3142,#3163,#3185));
#3121 = ORIENTED_EDGE('',*,*,#687,.F.);
#3122 = ORIENTED_EDGE('',*,*,#3123,.T.);
#3123 = EDGE_CURVE('',#655,#2131,#3124,.T.);
#3124 = SURFACE_CURVE('',#3125,(#3129,#3135),.PCURVE_S1.);
#3125 = LINE('',#3126,#3127);
#3126 = CARTESIAN_POINT('',(25.13766532639,32.500990871568,
    -2.723438300723));
#3127 = VECTOR('',#3128,1.);
#3128 = DIRECTION('',(0.,0.,-1.));
#3129 = PCURVE('',#704,#3130);
#3130 = DEFINITIONAL_REPRESENTATION('',(#3131),#3134);
#3131 = B_SPLINE_CURVE_WITH_KNOTS('',1,(#3132,#3133),.UNSPECIFIED.,.F.,
  .F.,(2,2),(-7.523438300723,-0.),.PIECEWISE_BEZIER_KNOTS.);
#3132 = CARTESIAN_POINT('',(5.140216040137,7.523438300723));
#3133 = CARTESIAN_POINT('',(5.140216040137,0.));
#3134 = ( GEOMETRIC_REPRESENTATION_CONTEXT(2) 
PARAMETRIC_REPRESENTATION_CONTEXT() REPRESENTATION_CONTEXT('2D SPACE',''
  ) );
#3135 = PCURVE('',#675,#3136);
#3136 = DEFINITIONAL_REPRESENTATION('',(#3137),#3140);
#3137 = B_SPLINE_CURVE_WITH_KNOTS('',1,(#3138,#3139),.UNSPECIFIED.,.F.,
  .F.,(2,2),(-7.523440700723,2.400000000069E-06),
  .PIECEWISE_BEZIER_KNOTS.);
#3138 = CARTESIAN_POINT('',(3.071336697483,-7.523440700723));
#3139 = CARTESIAN_POINT('',(3.071336697483,2.400000000069E-06));
#3140 = ( GEOMETRIC_REPRESENTATION_CONTEXT(2) 
PARAMETRIC_REPRESENTATION_CONTEXT() REPRESENTATION_CONTEXT('2D SPACE',''
  ) );
#3141 = ORIENTED_EDGE('',*,*,#2159,.F.);
#3142 = ORIENTED_EDGE('',*,*,#3143,.T.);
#3143 = EDGE_CURVE('',#2160,#3144,#3146,.T.);
#3144 = VERTEX_POINT('',#3145);
#3145 = CARTESIAN_POINT('',(20.788833547722,37.65,2.2));
#3146 = SURFACE_CURVE('',#3147,(#3151,#3157),.PCURVE_S1.);
#3147 = LINE('',#3148,#3149);
#3148 = CARTESIAN_POINT('',(20.788833547722,37.65,-2.723438300723));
#3149 = VECTOR('',#3150,1.);
#3150 = DIRECTION('',(0.,0.,1.));
#3151 = PCURVE('',#704,#3152);
#3152 = DEFINITIONAL_REPRESENTATION('',(#3153),#3156);
#3153 = B_SPLINE_CURVE_WITH_KNOTS('',1,(#3154,#3155),.UNSPECIFIED.,.F.,
  .F.,(2,2),(0.239212158431,5.543438300723),.PIECEWISE_BEZIER_KNOTS.);
#3154 = CARTESIAN_POINT('',(8.828851178669,0.239212158431));
#3155 = CARTESIAN_POINT('',(8.828851178669,5.543438300723));
#3156 = ( GEOMETRIC_REPRESENTATION_CONTEXT(2) 
PARAMETRIC_REPRESENTATION_CONTEXT() REPRESENTATION_CONTEXT('2D SPACE',''
  ) );
#3157 = PCURVE('',#2372,#3158);
#3158 = DEFINITIONAL_REPRESENTATION('',(#3159),#3162);
#3159 = B_SPLINE_CURVE_WITH_KNOTS('',1,(#3160,#3161),.UNSPECIFIED.,.F.,
  .F.,(2,2),(0.239212158431,5.543438300723),.PIECEWISE_BEZIER_KNOTS.);
#3160 = CARTESIAN_POINT('',(1.515773857708,39.788833547722));
#3161 = CARTESIAN_POINT('',(6.82,39.788833547722));
#3162 = ( GEOMETRIC_REPRESENTATION_CONTEXT(2) 
PARAMETRIC_REPRESENTATION_CONTEXT() REPRESENTATION_CONTEXT('2D SPACE',''
  ) );
#3163 = ORIENTED_EDGE('',*,*,#3164,.T.);
#3164 = EDGE_CURVE('',#3144,#2961,#3165,.T.);
#3165 = SURFACE_CURVE('',#3166,(#3171,#3178),.PCURVE_S1.);
#3166 = CIRCLE('',#3167,3.5);
#3167 = AXIS2_PLACEMENT_3D('',#3168,#3169,#3170);
#3168 = CARTESIAN_POINT('',(23.685533905933,35.685533905933,2.2));
#3169 = DIRECTION('',(0.,0.,1.));
#3170 = DIRECTION('',(1.,0.,-0.));
#3171 = PCURVE('',#704,#3172);
#3172 = DEFINITIONAL_REPRESENTATION('',(#3173),#3177);
#3173 = LINE('',#3174,#3175);
#3174 = CARTESIAN_POINT('',(6.28318530718,4.923438300723));
#3175 = VECTOR('',#3176,1.);
#3176 = DIRECTION('',(1.,0.));
#3177 = ( GEOMETRIC_REPRESENTATION_CONTEXT(2) 
PARAMETRIC_REPRESENTATION_CONTEXT() REPRESENTATION_CONTEXT('2D SPACE',''
  ) );
#3178 = PCURVE('',#2919,#3179);
#3179 = DEFINITIONAL_REPRESENTATION('',(#3180),#3184);
#3180 = CIRCLE('',#3181,3.5);
#3181 = AXIS2_PLACEMENT_2D('',#3182,#3183);
#3182 = CARTESIAN_POINT('',(42.685533905933,4.035533905933));
#3183 = DIRECTION('',(1.,0.));
#3184 = ( GEOMETRIC_REPRESENTATION_CONTEXT(2) 
PARAMETRIC_REPRESENTATION_CONTEXT() REPRESENTATION_CONTEXT('2D SPACE',''
  ) );
#3185 = ORIENTED_EDGE('',*,*,#2960,.F.);
#3186 = ADVANCED_FACE('',(#3187),#619,.F.);
#3187 = FACE_BOUND('',#3188,.F.);
#3188 = EDGE_LOOP('',(#3189,#3212,#3213,#3236));
#3189 = ORIENTED_EDGE('',*,*,#3190,.F.);
#3190 = EDGE_CURVE('',#576,#3191,#3193,.T.);
#3191 = VERTEX_POINT('',#3192);
#3192 = CARTESIAN_POINT('',(25.15,-15.2,5.3));
#3193 = SURFACE_CURVE('',#3194,(#3198,#3205),.PCURVE_S1.);
#3194 = LINE('',#3195,#3196);
#3195 = CARTESIAN_POINT('',(25.15,-15.2,-1.5));
#3196 = VECTOR('',#3197,1.);
#3197 = DIRECTION('',(0.,0.,1.));
#3198 = PCURVE('',#619,#3199);
#3199 = DEFINITIONAL_REPRESENTATION('',(#3200),#3204);
#3200 = LINE('',#3201,#3202);
#3201 = CARTESIAN_POINT('',(0.,0.));
#3202 = VECTOR('',#3203,1.);
#3203 = DIRECTION('',(1.,0.));
#3204 = ( GEOMETRIC_REPRESENTATION_CONTEXT(2) 
PARAMETRIC_REPRESENTATION_CONTEXT() REPRESENTATION_CONTEXT('2D SPACE',''
  ) );
#3205 = PCURVE('',#3052,#3206);
#3206 = DEFINITIONAL_REPRESENTATION('',(#3207),#3211);
#3207 = LINE('',#3208,#3209);
#3208 = CARTESIAN_POINT('',(0.,0.));
#3209 = VECTOR('',#3210,1.);
#3210 = DIRECTION('',(1.,0.));
#3211 = ( GEOMETRIC_REPRESENTATION_CONTEXT(2) 
PARAMETRIC_REPRESENTATION_CONTEXT() REPRESENTATION_CONTEXT('2D SPACE',''
  ) );
#3212 = ORIENTED_EDGE('',*,*,#603,.T.);
#3213 = ORIENTED_EDGE('',*,*,#3214,.T.);
#3214 = EDGE_CURVE('',#604,#3215,#3217,.T.);
#3215 = VERTEX_POINT('',#3216);
#3216 = CARTESIAN_POINT('',(25.15,15.2,5.3));
#3217 = SURFACE_CURVE('',#3218,(#3222,#3229),.PCURVE_S1.);
#3218 = LINE('',#3219,#3220);
#3219 = CARTESIAN_POINT('',(25.15,15.2,-1.5));
#3220 = VECTOR('',#3221,1.);
#3221 = DIRECTION('',(0.,0.,1.));
#3222 = PCURVE('',#619,#3223);
#3223 = DEFINITIONAL_REPRESENTATION('',(#3224),#3228);
#3224 = LINE('',#3225,#3226);
#3225 = CARTESIAN_POINT('',(0.,-30.4));
#3226 = VECTOR('',#3227,1.);
#3227 = DIRECTION('',(1.,0.));
#3228 = ( GEOMETRIC_REPRESENTATION_CONTEXT(2) 
PARAMETRIC_REPRESENTATION_CONTEXT() REPRESENTATION_CONTEXT('2D SPACE',''
  ) );
#3229 = PCURVE('',#3106,#3230);
#3230 = DEFINITIONAL_REPRESENTATION('',(#3231),#3235);
#3231 = LINE('',#3232,#3233);
#3232 = CARTESIAN_POINT('',(0.,0.));
#3233 = VECTOR('',#3234,1.);
#3234 = DIRECTION('',(1.,0.));
#3235 = ( GEOMETRIC_REPRESENTATION_CONTEXT(2) 
PARAMETRIC_REPRESENTATION_CONTEXT() REPRESENTATION_CONTEXT('2D SPACE',''
  ) );
#3236 = ORIENTED_EDGE('',*,*,#3237,.F.);
#3237 = EDGE_CURVE('',#3191,#3215,#3238,.T.);
#3238 = SURFACE_CURVE('',#3239,(#3243,#3250),.PCURVE_S1.);
#3239 = LINE('',#3240,#3241);
#3240 = CARTESIAN_POINT('',(25.15,-15.2,5.3));
#3241 = VECTOR('',#3242,1.);
#3242 = DIRECTION('',(-0.,1.,0.));
#3243 = PCURVE('',#619,#3244);
#3244 = DEFINITIONAL_REPRESENTATION('',(#3245),#3249);
#3245 = LINE('',#3246,#3247);
#3246 = CARTESIAN_POINT('',(6.8,0.));
#3247 = VECTOR('',#3248,1.);
#3248 = DIRECTION('',(0.,-1.));
#3249 = ( GEOMETRIC_REPRESENTATION_CONTEXT(2) 
PARAMETRIC_REPRESENTATION_CONTEXT() REPRESENTATION_CONTEXT('2D SPACE',''
  ) );
#3250 = PCURVE('',#3251,#3256);
#3251 = PLANE('',#3252);
#3252 = AXIS2_PLACEMENT_3D('',#3253,#3254,#3255);
#3253 = CARTESIAN_POINT('',(25.15,-15.2,5.3));
#3254 = DIRECTION('',(0.,0.,1.));
#3255 = DIRECTION('',(1.,0.,-0.));
#3256 = DEFINITIONAL_REPRESENTATION('',(#3257),#3261);
#3257 = LINE('',#3258,#3259);
#3258 = CARTESIAN_POINT('',(0.,0.));
#3259 = VECTOR('',#3260,1.);
#3260 = DIRECTION('',(0.,1.));
#3261 = ( GEOMETRIC_REPRESENTATION_CONTEXT(2) 
PARAMETRIC_REPRESENTATION_CONTEXT() REPRESENTATION_CONTEXT('2D SPACE',''
  ) );
#3262 = ADVANCED_FACE('',(#3263),#675,.T.);
#3263 = FACE_BOUND('',#3264,.T.);
#3264 = EDGE_LOOP('',(#3265,#3266,#3267,#3268));
#3265 = ORIENTED_EDGE('',*,*,#2130,.T.);
#3266 = ORIENTED_EDGE('',*,*,#3123,.F.);
#3267 = ORIENTED_EDGE('',*,*,#654,.T.);
#3268 = ORIENTED_EDGE('',*,*,#3012,.F.);
#3269 = ADVANCED_FACE('',(#3270),#879,.F.);
#3270 = FACE_BOUND('',#3271,.F.);
#3271 = EDGE_LOOP('',(#3272,#3273,#3296,#3323));
#3272 = ORIENTED_EDGE('',*,*,#862,.F.);
#3273 = ORIENTED_EDGE('',*,*,#3274,.F.);
#3274 = EDGE_CURVE('',#3275,#863,#3277,.T.);
#3275 = VERTEX_POINT('',#3276);
#3276 = CARTESIAN_POINT('',(-22.83553390593,-35.68553390593,-1.2));
#3277 = SEAM_CURVE('',#3278,(#3282,#3289),.PCURVE_S1.);
#3278 = LINE('',#3279,#3280);
#3279 = CARTESIAN_POINT('',(-22.83553390593,-35.68553390593,-1.2));
#3280 = VECTOR('',#3281,1.);
#3281 = DIRECTION('',(0.,0.,1.));
#3282 = PCURVE('',#879,#3283);
#3283 = DEFINITIONAL_REPRESENTATION('',(#3284),#3288);
#3284 = LINE('',#3285,#3286);
#3285 = CARTESIAN_POINT('',(6.28318530718,-0.));
#3286 = VECTOR('',#3287,1.);
#3287 = DIRECTION('',(0.,1.));
#3288 = ( GEOMETRIC_REPRESENTATION_CONTEXT(2) 
PARAMETRIC_REPRESENTATION_CONTEXT() REPRESENTATION_CONTEXT('2D SPACE',''
  ) );
#3289 = PCURVE('',#879,#3290);
#3290 = DEFINITIONAL_REPRESENTATION('',(#3291),#3295);
#3291 = LINE('',#3292,#3293);
#3292 = CARTESIAN_POINT('',(0.,-0.));
#3293 = VECTOR('',#3294,1.);
#3294 = DIRECTION('',(0.,1.));
#3295 = ( GEOMETRIC_REPRESENTATION_CONTEXT(2) 
PARAMETRIC_REPRESENTATION_CONTEXT() REPRESENTATION_CONTEXT('2D SPACE',''
  ) );
#3296 = ORIENTED_EDGE('',*,*,#3297,.T.);
#3297 = EDGE_CURVE('',#3275,#3275,#3298,.T.);
#3298 = SURFACE_CURVE('',#3299,(#3304,#3311),.PCURVE_S1.);
#3299 = CIRCLE('',#3300,0.85);
#3300 = AXIS2_PLACEMENT_3D('',#3301,#3302,#3303);
#3301 = CARTESIAN_POINT('',(-23.68553390593,-35.68553390593,-1.2));
#3302 = DIRECTION('',(0.,0.,1.));
#3303 = DIRECTION('',(1.,0.,-0.));
#3304 = PCURVE('',#879,#3305);
#3305 = DEFINITIONAL_REPRESENTATION('',(#3306),#3310);
#3306 = LINE('',#3307,#3308);
#3307 = CARTESIAN_POINT('',(0.,0.));
#3308 = VECTOR('',#3309,1.);
#3309 = DIRECTION('',(1.,0.));
#3310 = ( GEOMETRIC_REPRESENTATION_CONTEXT(2) 
PARAMETRIC_REPRESENTATION_CONTEXT() REPRESENTATION_CONTEXT('2D SPACE',''
  ) );
#3311 = PCURVE('',#3312,#3317);
#3312 = PLANE('',#3313);
#3313 = AXIS2_PLACEMENT_3D('',#3314,#3315,#3316);
#3314 = CARTESIAN_POINT('',(-23.68553390593,-35.68553390593,-1.2));
#3315 = DIRECTION('',(0.,0.,1.));
#3316 = DIRECTION('',(1.,0.,-0.));
#3317 = DEFINITIONAL_REPRESENTATION('',(#3318),#3322);
#3318 = CIRCLE('',#3319,0.85);
#3319 = AXIS2_PLACEMENT_2D('',#3320,#3321);
#3320 = CARTESIAN_POINT('',(0.,0.));
#3321 = DIRECTION('',(1.,0.));
#3322 = ( GEOMETRIC_REPRESENTATION_CONTEXT(2) 
PARAMETRIC_REPRESENTATION_CONTEXT() REPRESENTATION_CONTEXT('2D SPACE',''
  ) );
#3323 = ORIENTED_EDGE('',*,*,#3274,.T.);
#3324 = ADVANCED_FACE('',(#3325),#910,.F.);
#3325 = FACE_BOUND('',#3326,.F.);
#3326 = EDGE_LOOP('',(#3327,#3328,#3351,#3378));
#3327 = ORIENTED_EDGE('',*,*,#893,.F.);
#3328 = ORIENTED_EDGE('',*,*,#3329,.F.);
#3329 = EDGE_CURVE('',#3330,#894,#3332,.T.);
#3330 = VERTEX_POINT('',#3331);
#3331 = CARTESIAN_POINT('',(24.535533905933,-35.68553390593,-1.2));
#3332 = SEAM_CURVE('',#3333,(#3337,#3344),.PCURVE_S1.);
#3333 = LINE('',#3334,#3335);
#3334 = CARTESIAN_POINT('',(24.535533905933,-35.68553390593,-1.2));
#3335 = VECTOR('',#3336,1.);
#3336 = DIRECTION('',(0.,0.,1.));
#3337 = PCURVE('',#910,#3338);
#3338 = DEFINITIONAL_REPRESENTATION('',(#3339),#3343);
#3339 = LINE('',#3340,#3341);
#3340 = CARTESIAN_POINT('',(6.28318530718,-0.));
#3341 = VECTOR('',#3342,1.);
#3342 = DIRECTION('',(0.,1.));
#3343 = ( GEOMETRIC_REPRESENTATION_CONTEXT(2) 
PARAMETRIC_REPRESENTATION_CONTEXT() REPRESENTATION_CONTEXT('2D SPACE',''
  ) );
#3344 = PCURVE('',#910,#3345);
#3345 = DEFINITIONAL_REPRESENTATION('',(#3346),#3350);
#3346 = LINE('',#3347,#3348);
#3347 = CARTESIAN_POINT('',(0.,-0.));
#3348 = VECTOR('',#3349,1.);
#3349 = DIRECTION('',(0.,1.));
#3350 = ( GEOMETRIC_REPRESENTATION_CONTEXT(2) 
PARAMETRIC_REPRESENTATION_CONTEXT() REPRESENTATION_CONTEXT('2D SPACE',''
  ) );
#3351 = ORIENTED_EDGE('',*,*,#3352,.T.);
#3352 = EDGE_CURVE('',#3330,#3330,#3353,.T.);
#3353 = SURFACE_CURVE('',#3354,(#3359,#3366),.PCURVE_S1.);
#3354 = CIRCLE('',#3355,0.85);
#3355 = AXIS2_PLACEMENT_3D('',#3356,#3357,#3358);
#3356 = CARTESIAN_POINT('',(23.685533905933,-35.68553390593,-1.2));
#3357 = DIRECTION('',(0.,0.,1.));
#3358 = DIRECTION('',(1.,0.,-0.));
#3359 = PCURVE('',#910,#3360);
#3360 = DEFINITIONAL_REPRESENTATION('',(#3361),#3365);
#3361 = LINE('',#3362,#3363);
#3362 = CARTESIAN_POINT('',(0.,0.));
#3363 = VECTOR('',#3364,1.);
#3364 = DIRECTION('',(1.,0.));
#3365 = ( GEOMETRIC_REPRESENTATION_CONTEXT(2) 
PARAMETRIC_REPRESENTATION_CONTEXT() REPRESENTATION_CONTEXT('2D SPACE',''
  ) );
#3366 = PCURVE('',#3367,#3372);
#3367 = PLANE('',#3368);
#3368 = AXIS2_PLACEMENT_3D('',#3369,#3370,#3371);
#3369 = CARTESIAN_POINT('',(23.685533905933,-35.68553390593,-1.2));
#3370 = DIRECTION('',(0.,0.,1.));
#3371 = DIRECTION('',(1.,0.,-0.));
#3372 = DEFINITIONAL_REPRESENTATION('',(#3373),#3377);
#3373 = CIRCLE('',#3374,0.85);
#3374 = AXIS2_PLACEMENT_2D('',#3375,#3376);
#3375 = CARTESIAN_POINT('',(0.,0.));
#3376 = DIRECTION('',(1.,0.));
#3377 = ( GEOMETRIC_REPRESENTATION_CONTEXT(2) 
PARAMETRIC_REPRESENTATION_CONTEXT() REPRESENTATION_CONTEXT('2D SPACE',''
  ) );
#3378 = ORIENTED_EDGE('',*,*,#3329,.T.);
#3379 = ADVANCED_FACE('',(#3380),#941,.F.);
#3380 = FACE_BOUND('',#3381,.F.);
#3381 = EDGE_LOOP('',(#3382,#3412,#3433,#3434));
#3382 = ORIENTED_EDGE('',*,*,#3383,.F.);
#3383 = EDGE_CURVE('',#3384,#3386,#3388,.T.);
#3384 = VERTEX_POINT('',#3385);
#3385 = CARTESIAN_POINT('',(-23.35,-32.15,3.2));
#3386 = VERTEX_POINT('',#3387);
#3387 = CARTESIAN_POINT('',(-23.35,32.15,3.2));
#3388 = SURFACE_CURVE('',#3389,(#3393,#3400),.PCURVE_S1.);
#3389 = LINE('',#3390,#3391);
#3390 = CARTESIAN_POINT('',(-23.35,-32.15,3.2));
#3391 = VECTOR('',#3392,1.);
#3392 = DIRECTION('',(0.,1.,0.));
#3393 = PCURVE('',#941,#3394);
#3394 = DEFINITIONAL_REPRESENTATION('',(#3395),#3399);
#3395 = LINE('',#3396,#3397);
#3396 = CARTESIAN_POINT('',(0.,-1.8));
#3397 = VECTOR('',#3398,1.);
#3398 = DIRECTION('',(1.,0.));
#3399 = ( GEOMETRIC_REPRESENTATION_CONTEXT(2) 
PARAMETRIC_REPRESENTATION_CONTEXT() REPRESENTATION_CONTEXT('2D SPACE',''
  ) );
#3400 = PCURVE('',#3401,#3406);
#3401 = PLANE('',#3402);
#3402 = AXIS2_PLACEMENT_3D('',#3403,#3404,#3405);
#3403 = CARTESIAN_POINT('',(1.178668669698E-15,6.2035193142E-16,3.2));
#3404 = DIRECTION('',(0.,0.,1.));
#3405 = DIRECTION('',(1.,0.,-0.));
#3406 = DEFINITIONAL_REPRESENTATION('',(#3407),#3411);
#3407 = LINE('',#3408,#3409);
#3408 = CARTESIAN_POINT('',(-23.35,-32.15));
#3409 = VECTOR('',#3410,1.);
#3410 = DIRECTION('',(0.,1.));
#3411 = ( GEOMETRIC_REPRESENTATION_CONTEXT(2) 
PARAMETRIC_REPRESENTATION_CONTEXT() REPRESENTATION_CONTEXT('2D SPACE',''
  ) );
#3412 = ORIENTED_EDGE('',*,*,#3413,.T.);
#3413 = EDGE_CURVE('',#3384,#927,#3414,.T.);
#3414 = SURFACE_CURVE('',#3415,(#3419,#3426),.PCURVE_S1.);
#3415 = LINE('',#3416,#3417);
#3416 = CARTESIAN_POINT('',(-23.35,-32.15,1.4));
#3417 = VECTOR('',#3418,1.);
#3418 = DIRECTION('',(0.,0.,1.));
#3419 = PCURVE('',#941,#3420);
#3420 = DEFINITIONAL_REPRESENTATION('',(#3421),#3425);
#3421 = LINE('',#3422,#3423);
#3422 = CARTESIAN_POINT('',(0.,0.));
#3423 = VECTOR('',#3424,1.);
#3424 = DIRECTION('',(0.,-1.));
#3425 = ( GEOMETRIC_REPRESENTATION_CONTEXT(2) 
PARAMETRIC_REPRESENTATION_CONTEXT() REPRESENTATION_CONTEXT('2D SPACE',''
  ) );
#3426 = PCURVE('',#1148,#3427);
#3427 = DEFINITIONAL_REPRESENTATION('',(#3428),#3432);
#3428 = LINE('',#3429,#3430);
#3429 = CARTESIAN_POINT('',(-3.14159265359,0.));
#3430 = VECTOR('',#3431,1.);
#3431 = DIRECTION('',(-0.,-1.));
#3432 = ( GEOMETRIC_REPRESENTATION_CONTEXT(2) 
PARAMETRIC_REPRESENTATION_CONTEXT() REPRESENTATION_CONTEXT('2D SPACE',''
  ) );
#3433 = ORIENTED_EDGE('',*,*,#924,.F.);
#3434 = ORIENTED_EDGE('',*,*,#3435,.F.);
#3435 = EDGE_CURVE('',#3386,#925,#3436,.T.);
#3436 = SURFACE_CURVE('',#3437,(#3441,#3448),.PCURVE_S1.);
#3437 = LINE('',#3438,#3439);
#3438 = CARTESIAN_POINT('',(-23.35,32.15,1.4));
#3439 = VECTOR('',#3440,1.);
#3440 = DIRECTION('',(0.,0.,1.));
#3441 = PCURVE('',#941,#3442);
#3442 = DEFINITIONAL_REPRESENTATION('',(#3443),#3447);
#3443 = LINE('',#3444,#3445);
#3444 = CARTESIAN_POINT('',(64.3,0.));
#3445 = VECTOR('',#3446,1.);
#3446 = DIRECTION('',(0.,-1.));
#3447 = ( GEOMETRIC_REPRESENTATION_CONTEXT(2) 
PARAMETRIC_REPRESENTATION_CONTEXT() REPRESENTATION_CONTEXT('2D SPACE',''
  ) );
#3448 = PCURVE('',#973,#3449);
#3449 = DEFINITIONAL_REPRESENTATION('',(#3450),#3454);
#3450 = LINE('',#3451,#3452);
#3451 = CARTESIAN_POINT('',(-3.14159265359,0.));
#3452 = VECTOR('',#3453,1.);
#3453 = DIRECTION('',(-0.,-1.));
#3454 = ( GEOMETRIC_REPRESENTATION_CONTEXT(2) 
PARAMETRIC_REPRESENTATION_CONTEXT() REPRESENTATION_CONTEXT('2D SPACE',''
  ) );
#3455 = ADVANCED_FACE('',(#3456),#973,.F.);
#3456 = FACE_BOUND('',#3457,.T.);
#3457 = EDGE_LOOP('',(#3458,#3482,#3503,#3504));
#3458 = ORIENTED_EDGE('',*,*,#3459,.F.);
#3459 = EDGE_CURVE('',#3460,#3386,#3462,.T.);
#3460 = VERTEX_POINT('',#3461);
#3461 = CARTESIAN_POINT('',(-20.15,35.35,3.2));
#3462 = SURFACE_CURVE('',#3463,(#3468,#3475),.PCURVE_S1.);
#3463 = CIRCLE('',#3464,3.2);
#3464 = AXIS2_PLACEMENT_3D('',#3465,#3466,#3467);
#3465 = CARTESIAN_POINT('',(-20.15,32.15,3.2));
#3466 = DIRECTION('',(0.,0.,1.));
#3467 = DIRECTION('',(1.,0.,0.));
#3468 = PCURVE('',#973,#3469);
#3469 = DEFINITIONAL_REPRESENTATION('',(#3470),#3474);
#3470 = LINE('',#3471,#3472);
#3471 = CARTESIAN_POINT('',(-0.,-1.8));
#3472 = VECTOR('',#3473,1.);
#3473 = DIRECTION('',(-1.,0.));
#3474 = ( GEOMETRIC_REPRESENTATION_CONTEXT(2) 
PARAMETRIC_REPRESENTATION_CONTEXT() REPRESENTATION_CONTEXT('2D SPACE',''
  ) );
#3475 = PCURVE('',#3401,#3476);
#3476 = DEFINITIONAL_REPRESENTATION('',(#3477),#3481);
#3477 = CIRCLE('',#3478,3.2);
#3478 = AXIS2_PLACEMENT_2D('',#3479,#3480);
#3479 = CARTESIAN_POINT('',(-20.15,32.15));
#3480 = DIRECTION('',(1.,0.));
#3481 = ( GEOMETRIC_REPRESENTATION_CONTEXT(2) 
PARAMETRIC_REPRESENTATION_CONTEXT() REPRESENTATION_CONTEXT('2D SPACE',''
  ) );
#3482 = ORIENTED_EDGE('',*,*,#3483,.T.);
#3483 = EDGE_CURVE('',#3460,#953,#3484,.T.);
#3484 = SURFACE_CURVE('',#3485,(#3489,#3496),.PCURVE_S1.);
#3485 = LINE('',#3486,#3487);
#3486 = CARTESIAN_POINT('',(-20.15,35.35,1.4));
#3487 = VECTOR('',#3488,1.);
#3488 = DIRECTION('',(0.,0.,1.));
#3489 = PCURVE('',#973,#3490);
#3490 = DEFINITIONAL_REPRESENTATION('',(#3491),#3495);
#3491 = LINE('',#3492,#3493);
#3492 = CARTESIAN_POINT('',(-1.570796326795,0.));
#3493 = VECTOR('',#3494,1.);
#3494 = DIRECTION('',(-0.,-1.));
#3495 = ( GEOMETRIC_REPRESENTATION_CONTEXT(2) 
PARAMETRIC_REPRESENTATION_CONTEXT() REPRESENTATION_CONTEXT('2D SPACE',''
  ) );
#3496 = PCURVE('',#1000,#3497);
#3497 = DEFINITIONAL_REPRESENTATION('',(#3498),#3502);
#3498 = LINE('',#3499,#3500);
#3499 = CARTESIAN_POINT('',(0.,0.));
#3500 = VECTOR('',#3501,1.);
#3501 = DIRECTION('',(0.,-1.));
#3502 = ( GEOMETRIC_REPRESENTATION_CONTEXT(2) 
PARAMETRIC_REPRESENTATION_CONTEXT() REPRESENTATION_CONTEXT('2D SPACE',''
  ) );
#3503 = ORIENTED_EDGE('',*,*,#952,.F.);
#3504 = ORIENTED_EDGE('',*,*,#3435,.F.);
#3505 = ADVANCED_FACE('',(#3506),#1148,.F.);
#3506 = FACE_BOUND('',#3507,.T.);
#3507 = EDGE_LOOP('',(#3508,#3536,#3537,#3538));
#3508 = ORIENTED_EDGE('',*,*,#3509,.T.);
#3509 = EDGE_CURVE('',#3510,#3384,#3512,.T.);
#3510 = VERTEX_POINT('',#3511);
#3511 = CARTESIAN_POINT('',(-20.15,-35.35,3.2));
#3512 = SURFACE_CURVE('',#3513,(#3518,#3525),.PCURVE_S1.);
#3513 = CIRCLE('',#3514,3.2);
#3514 = AXIS2_PLACEMENT_3D('',#3515,#3516,#3517);
#3515 = CARTESIAN_POINT('',(-20.15,-32.15,3.2));
#3516 = DIRECTION('',(0.,-0.,-1.));
#3517 = DIRECTION('',(0.,-1.,0.));
#3518 = PCURVE('',#1148,#3519);
#3519 = DEFINITIONAL_REPRESENTATION('',(#3520),#3524);
#3520 = LINE('',#3521,#3522);
#3521 = CARTESIAN_POINT('',(-4.712388980385,-1.8));
#3522 = VECTOR('',#3523,1.);
#3523 = DIRECTION('',(1.,-0.));
#3524 = ( GEOMETRIC_REPRESENTATION_CONTEXT(2) 
PARAMETRIC_REPRESENTATION_CONTEXT() REPRESENTATION_CONTEXT('2D SPACE',''
  ) );
#3525 = PCURVE('',#3401,#3526);
#3526 = DEFINITIONAL_REPRESENTATION('',(#3527),#3535);
#3527 = ( BOUNDED_CURVE() B_SPLINE_CURVE(2,(#3528,#3529,#3530,#3531,
#3532,#3533,#3534),.UNSPECIFIED.,.T.,.F.) B_SPLINE_CURVE_WITH_KNOTS((1,2
    ,2,2,2,1),(-2.094395102393,0.,2.094395102393,4.188790204786,
6.28318530718,8.377580409573),.UNSPECIFIED.) CURVE() 
GEOMETRIC_REPRESENTATION_ITEM() RATIONAL_B_SPLINE_CURVE((1.,0.5,1.,0.5,
1.,0.5,1.)) REPRESENTATION_ITEM('') );
#3528 = CARTESIAN_POINT('',(-20.15,-35.35));
#3529 = CARTESIAN_POINT('',(-25.69256258422,-35.35));
#3530 = CARTESIAN_POINT('',(-22.92128129211,-30.55));
#3531 = CARTESIAN_POINT('',(-20.15,-25.75));
#3532 = CARTESIAN_POINT('',(-17.37871870789,-30.55));
#3533 = CARTESIAN_POINT('',(-14.60743741578,-35.35));
#3534 = CARTESIAN_POINT('',(-20.15,-35.35));
#3535 = ( GEOMETRIC_REPRESENTATION_CONTEXT(2) 
PARAMETRIC_REPRESENTATION_CONTEXT() REPRESENTATION_CONTEXT('2D SPACE',''
  ) );
#3536 = ORIENTED_EDGE('',*,*,#3413,.T.);
#3537 = ORIENTED_EDGE('',*,*,#1129,.F.);
#3538 = ORIENTED_EDGE('',*,*,#3539,.F.);
#3539 = EDGE_CURVE('',#3510,#1104,#3540,.T.);
#3540 = SURFACE_CURVE('',#3541,(#3545,#3552),.PCURVE_S1.);
#3541 = LINE('',#3542,#3543);
#3542 = CARTESIAN_POINT('',(-20.15,-35.35,1.4));
#3543 = VECTOR('',#3544,1.);
#3544 = DIRECTION('',(0.,0.,1.));
#3545 = PCURVE('',#1148,#3546);
#3546 = DEFINITIONAL_REPRESENTATION('',(#3547),#3551);
#3547 = LINE('',#3548,#3549);
#3548 = CARTESIAN_POINT('',(-4.712388980385,0.));
#3549 = VECTOR('',#3550,1.);
#3550 = DIRECTION('',(-0.,-1.));
#3551 = ( GEOMETRIC_REPRESENTATION_CONTEXT(2) 
PARAMETRIC_REPRESENTATION_CONTEXT() REPRESENTATION_CONTEXT('2D SPACE',''
  ) );
#3552 = PCURVE('',#1118,#3553);
#3553 = DEFINITIONAL_REPRESENTATION('',(#3554),#3558);
#3554 = LINE('',#3555,#3556);
#3555 = CARTESIAN_POINT('',(0.,0.));
#3556 = VECTOR('',#3557,1.);
#3557 = DIRECTION('',(0.,-1.));
#3558 = ( GEOMETRIC_REPRESENTATION_CONTEXT(2) 
PARAMETRIC_REPRESENTATION_CONTEXT() REPRESENTATION_CONTEXT('2D SPACE',''
  ) );
#3559 = ADVANCED_FACE('',(#3560),#1000,.F.);
#3560 = FACE_BOUND('',#3561,.F.);
#3561 = EDGE_LOOP('',(#3562,#3592,#3620,#3648,#3675,#3696,#3697,#3698,
    #3721,#3749,#3776,#3804,#3827,#3848));
#3562 = ORIENTED_EDGE('',*,*,#3563,.F.);
#3563 = EDGE_CURVE('',#3564,#3566,#3568,.T.);
#3564 = VERTEX_POINT('',#3565);
#3565 = CARTESIAN_POINT('',(-20.15,35.35,1.4));
#3566 = VERTEX_POINT('',#3567);
#3567 = CARTESIAN_POINT('',(-19.,35.35,1.4));
#3568 = SURFACE_CURVE('',#3569,(#3573,#3580),.PCURVE_S1.);
#3569 = LINE('',#3570,#3571);
#3570 = CARTESIAN_POINT('',(0.,35.35,1.4));
#3571 = VECTOR('',#3572,1.);
#3572 = DIRECTION('',(1.,0.,0.));
#3573 = PCURVE('',#1000,#3574);
#3574 = DEFINITIONAL_REPRESENTATION('',(#3575),#3579);
#3575 = LINE('',#3576,#3577);
#3576 = CARTESIAN_POINT('',(20.15,0.));
#3577 = VECTOR('',#3578,1.);
#3578 = DIRECTION('',(1.,0.));
#3579 = ( GEOMETRIC_REPRESENTATION_CONTEXT(2) 
PARAMETRIC_REPRESENTATION_CONTEXT() REPRESENTATION_CONTEXT('2D SPACE',''
  ) );
#3580 = PCURVE('',#3581,#3586);
#3581 = PLANE('',#3582);
#3582 = AXIS2_PLACEMENT_3D('',#3583,#3584,#3585);
#3583 = CARTESIAN_POINT('',(1.178668669698E-15,6.2035193142E-16,1.4));
#3584 = DIRECTION('',(0.,0.,1.));
#3585 = DIRECTION('',(1.,0.,-0.));
#3586 = DEFINITIONAL_REPRESENTATION('',(#3587),#3591);
#3587 = LINE('',#3588,#3589);
#3588 = CARTESIAN_POINT('',(-1.178668669698E-15,35.35));
#3589 = VECTOR('',#3590,1.);
#3590 = DIRECTION('',(1.,0.));
#3591 = ( GEOMETRIC_REPRESENTATION_CONTEXT(2) 
PARAMETRIC_REPRESENTATION_CONTEXT() REPRESENTATION_CONTEXT('2D SPACE',''
  ) );
#3592 = ORIENTED_EDGE('',*,*,#3593,.T.);
#3593 = EDGE_CURVE('',#3564,#3594,#3596,.T.);
#3594 = VERTEX_POINT('',#3595);
#3595 = CARTESIAN_POINT('',(-20.15,35.35,2.4));
#3596 = SURFACE_CURVE('',#3597,(#3601,#3608),.PCURVE_S1.);
#3597 = LINE('',#3598,#3599);
#3598 = CARTESIAN_POINT('',(-20.15,35.35,1.4));
#3599 = VECTOR('',#3600,1.);
#3600 = DIRECTION('',(0.,0.,1.));
#3601 = PCURVE('',#1000,#3602);
#3602 = DEFINITIONAL_REPRESENTATION('',(#3603),#3607);
#3603 = LINE('',#3604,#3605);
#3604 = CARTESIAN_POINT('',(0.,0.));
#3605 = VECTOR('',#3606,1.);
#3606 = DIRECTION('',(0.,-1.));
#3607 = ( GEOMETRIC_REPRESENTATION_CONTEXT(2) 
PARAMETRIC_REPRESENTATION_CONTEXT() REPRESENTATION_CONTEXT('2D SPACE',''
  ) );
#3608 = PCURVE('',#3609,#3614);
#3609 = CYLINDRICAL_SURFACE('',#3610,3.2);
#3610 = AXIS2_PLACEMENT_3D('',#3611,#3612,#3613);
#3611 = CARTESIAN_POINT('',(-20.15,32.15,1.4));
#3612 = DIRECTION('',(-0.,-0.,-1.));
#3613 = DIRECTION('',(1.,0.,0.));
#3614 = DEFINITIONAL_REPRESENTATION('',(#3615),#3619);
#3615 = LINE('',#3616,#3617);
#3616 = CARTESIAN_POINT('',(-1.570796326795,0.));
#3617 = VECTOR('',#3618,1.);
#3618 = DIRECTION('',(-0.,-1.));
#3619 = ( GEOMETRIC_REPRESENTATION_CONTEXT(2) 
PARAMETRIC_REPRESENTATION_CONTEXT() REPRESENTATION_CONTEXT('2D SPACE',''
  ) );
#3620 = ORIENTED_EDGE('',*,*,#3621,.T.);
#3621 = EDGE_CURVE('',#3594,#3622,#3624,.T.);
#3622 = VERTEX_POINT('',#3623);
#3623 = CARTESIAN_POINT('',(-19.,35.35,2.4));
#3624 = SURFACE_CURVE('',#3625,(#3629,#3636),.PCURVE_S1.);
#3625 = LINE('',#3626,#3627);
#3626 = CARTESIAN_POINT('',(0.,35.35,2.4));
#3627 = VECTOR('',#3628,1.);
#3628 = DIRECTION('',(1.,0.,0.));
#3629 = PCURVE('',#1000,#3630);
#3630 = DEFINITIONAL_REPRESENTATION('',(#3631),#3635);
#3631 = LINE('',#3632,#3633);
#3632 = CARTESIAN_POINT('',(20.15,-1.));
#3633 = VECTOR('',#3634,1.);
#3634 = DIRECTION('',(1.,0.));
#3635 = ( GEOMETRIC_REPRESENTATION_CONTEXT(2) 
PARAMETRIC_REPRESENTATION_CONTEXT() REPRESENTATION_CONTEXT('2D SPACE',''
  ) );
#3636 = PCURVE('',#3637,#3642);
#3637 = PLANE('',#3638);
#3638 = AXIS2_PLACEMENT_3D('',#3639,#3640,#3641);
#3639 = CARTESIAN_POINT('',(1.178668669698E-15,6.2035193142E-16,2.4));
#3640 = DIRECTION('',(0.,0.,1.));
#3641 = DIRECTION('',(1.,0.,-0.));
#3642 = DEFINITIONAL_REPRESENTATION('',(#3643),#3647);
#3643 = LINE('',#3644,#3645);
#3644 = CARTESIAN_POINT('',(-1.178668669698E-15,35.35));
#3645 = VECTOR('',#3646,1.);
#3646 = DIRECTION('',(1.,0.));
#3647 = ( GEOMETRIC_REPRESENTATION_CONTEXT(2) 
PARAMETRIC_REPRESENTATION_CONTEXT() REPRESENTATION_CONTEXT('2D SPACE',''
  ) );
#3648 = ORIENTED_EDGE('',*,*,#3649,.F.);
#3649 = EDGE_CURVE('',#3650,#3622,#3652,.T.);
#3650 = VERTEX_POINT('',#3651);
#3651 = CARTESIAN_POINT('',(-19.,35.35,3.2));
#3652 = SURFACE_CURVE('',#3653,(#3657,#3664),.PCURVE_S1.);
#3653 = LINE('',#3654,#3655);
#3654 = CARTESIAN_POINT('',(-19.,35.35,2.15));
#3655 = VECTOR('',#3656,1.);
#3656 = DIRECTION('',(-0.,0.,-1.));
#3657 = PCURVE('',#1000,#3658);
#3658 = DEFINITIONAL_REPRESENTATION('',(#3659),#3663);
#3659 = LINE('',#3660,#3661);
#3660 = CARTESIAN_POINT('',(1.15,-0.75));
#3661 = VECTOR('',#3662,1.);
#3662 = DIRECTION('',(0.,1.));
#3663 = ( GEOMETRIC_REPRESENTATION_CONTEXT(2) 
PARAMETRIC_REPRESENTATION_CONTEXT() REPRESENTATION_CONTEXT('2D SPACE',''
  ) );
#3664 = PCURVE('',#3665,#3670);
#3665 = PLANE('',#3666);
#3666 = AXIS2_PLACEMENT_3D('',#3667,#3668,#3669);
#3667 = CARTESIAN_POINT('',(-19.,28.5,1.9));
#3668 = DIRECTION('',(1.,0.,-0.));
#3669 = DIRECTION('',(0.,0.,1.));
#3670 = DEFINITIONAL_REPRESENTATION('',(#3671),#3674);
#3671 = B_SPLINE_CURVE_WITH_KNOTS('',1,(#3672,#3673),.UNSPECIFIED.,.F.,
  .F.,(2,2),(-1.05,-0.25),.PIECEWISE_BEZIER_KNOTS.);
#3672 = CARTESIAN_POINT('',(1.3,-6.85));
#3673 = CARTESIAN_POINT('',(0.5,-6.85));
#3674 = ( GEOMETRIC_REPRESENTATION_CONTEXT(2) 
PARAMETRIC_REPRESENTATION_CONTEXT() REPRESENTATION_CONTEXT('2D SPACE',''
  ) );
#3675 = ORIENTED_EDGE('',*,*,#3676,.F.);
#3676 = EDGE_CURVE('',#3460,#3650,#3677,.T.);
#3677 = SURFACE_CURVE('',#3678,(#3682,#3689),.PCURVE_S1.);
#3678 = LINE('',#3679,#3680);
#3679 = CARTESIAN_POINT('',(0.,35.35,3.2));
#3680 = VECTOR('',#3681,1.);
#3681 = DIRECTION('',(1.,0.,0.));
#3682 = PCURVE('',#1000,#3683);
#3683 = DEFINITIONAL_REPRESENTATION('',(#3684),#3688);
#3684 = LINE('',#3685,#3686);
#3685 = CARTESIAN_POINT('',(20.15,-1.8));
#3686 = VECTOR('',#3687,1.);
#3687 = DIRECTION('',(1.,0.));
#3688 = ( GEOMETRIC_REPRESENTATION_CONTEXT(2) 
PARAMETRIC_REPRESENTATION_CONTEXT() REPRESENTATION_CONTEXT('2D SPACE',''
  ) );
#3689 = PCURVE('',#3401,#3690);
#3690 = DEFINITIONAL_REPRESENTATION('',(#3691),#3695);
#3691 = LINE('',#3692,#3693);
#3692 = CARTESIAN_POINT('',(-1.178668669698E-15,35.35));
#3693 = VECTOR('',#3694,1.);
#3694 = DIRECTION('',(1.,0.));
#3695 = ( GEOMETRIC_REPRESENTATION_CONTEXT(2) 
PARAMETRIC_REPRESENTATION_CONTEXT() REPRESENTATION_CONTEXT('2D SPACE',''
  ) );
#3696 = ORIENTED_EDGE('',*,*,#3483,.T.);
#3697 = ORIENTED_EDGE('',*,*,#985,.F.);
#3698 = ORIENTED_EDGE('',*,*,#3699,.F.);
#3699 = EDGE_CURVE('',#3700,#986,#3702,.T.);
#3700 = VERTEX_POINT('',#3701);
#3701 = CARTESIAN_POINT('',(20.15,35.35,3.2));
#3702 = SURFACE_CURVE('',#3703,(#3707,#3714),.PCURVE_S1.);
#3703 = LINE('',#3704,#3705);
#3704 = CARTESIAN_POINT('',(20.15,35.35,1.4));
#3705 = VECTOR('',#3706,1.);
#3706 = DIRECTION('',(0.,0.,1.));
#3707 = PCURVE('',#1000,#3708);
#3708 = DEFINITIONAL_REPRESENTATION('',(#3709),#3713);
#3709 = LINE('',#3710,#3711);
#3710 = CARTESIAN_POINT('',(40.3,0.));
#3711 = VECTOR('',#3712,1.);
#3712 = DIRECTION('',(0.,-1.));
#3713 = ( GEOMETRIC_REPRESENTATION_CONTEXT(2) 
PARAMETRIC_REPRESENTATION_CONTEXT() REPRESENTATION_CONTEXT('2D SPACE',''
  ) );
#3714 = PCURVE('',#1032,#3715);
#3715 = DEFINITIONAL_REPRESENTATION('',(#3716),#3720);
#3716 = LINE('',#3717,#3718);
#3717 = CARTESIAN_POINT('',(-1.570796326795,0.));
#3718 = VECTOR('',#3719,1.);
#3719 = DIRECTION('',(-0.,-1.));
#3720 = ( GEOMETRIC_REPRESENTATION_CONTEXT(2) 
PARAMETRIC_REPRESENTATION_CONTEXT() REPRESENTATION_CONTEXT('2D SPACE',''
  ) );
#3721 = ORIENTED_EDGE('',*,*,#3722,.F.);
#3722 = EDGE_CURVE('',#3723,#3700,#3725,.T.);
#3723 = VERTEX_POINT('',#3724);
#3724 = CARTESIAN_POINT('',(9.,35.35,3.2));
#3725 = SURFACE_CURVE('',#3726,(#3730,#3737),.PCURVE_S1.);
#3726 = LINE('',#3727,#3728);
#3727 = CARTESIAN_POINT('',(0.,35.35,3.2));
#3728 = VECTOR('',#3729,1.);
#3729 = DIRECTION('',(1.,0.,0.));
#3730 = PCURVE('',#1000,#3731);
#3731 = DEFINITIONAL_REPRESENTATION('',(#3732),#3736);
#3732 = LINE('',#3733,#3734);
#3733 = CARTESIAN_POINT('',(20.15,-1.8));
#3734 = VECTOR('',#3735,1.);
#3735 = DIRECTION('',(1.,0.));
#3736 = ( GEOMETRIC_REPRESENTATION_CONTEXT(2) 
PARAMETRIC_REPRESENTATION_CONTEXT() REPRESENTATION_CONTEXT('2D SPACE',''
  ) );
#3737 = PCURVE('',#3738,#3743);
#3738 = PLANE('',#3739);
#3739 = AXIS2_PLACEMENT_3D('',#3740,#3741,#3742);
#3740 = CARTESIAN_POINT('',(1.178668669698E-15,6.2035193142E-16,3.2));
#3741 = DIRECTION('',(0.,0.,1.));
#3742 = DIRECTION('',(1.,0.,-0.));
#3743 = DEFINITIONAL_REPRESENTATION('',(#3744),#3748);
#3744 = LINE('',#3745,#3746);
#3745 = CARTESIAN_POINT('',(-1.178668669698E-15,35.35));
#3746 = VECTOR('',#3747,1.);
#3747 = DIRECTION('',(1.,0.));
#3748 = ( GEOMETRIC_REPRESENTATION_CONTEXT(2) 
PARAMETRIC_REPRESENTATION_CONTEXT() REPRESENTATION_CONTEXT('2D SPACE',''
  ) );
#3749 = ORIENTED_EDGE('',*,*,#3750,.T.);
#3750 = EDGE_CURVE('',#3723,#3751,#3753,.T.);
#3751 = VERTEX_POINT('',#3752);
#3752 = CARTESIAN_POINT('',(9.,35.35,2.4));
#3753 = SURFACE_CURVE('',#3754,(#3758,#3765),.PCURVE_S1.);
#3754 = LINE('',#3755,#3756);
#3755 = CARTESIAN_POINT('',(9.,35.35,2.15));
#3756 = VECTOR('',#3757,1.);
#3757 = DIRECTION('',(-0.,0.,-1.));
#3758 = PCURVE('',#1000,#3759);
#3759 = DEFINITIONAL_REPRESENTATION('',(#3760),#3764);
#3760 = LINE('',#3761,#3762);
#3761 = CARTESIAN_POINT('',(29.15,-0.75));
#3762 = VECTOR('',#3763,1.);
#3763 = DIRECTION('',(0.,1.));
#3764 = ( GEOMETRIC_REPRESENTATION_CONTEXT(2) 
PARAMETRIC_REPRESENTATION_CONTEXT() REPRESENTATION_CONTEXT('2D SPACE',''
  ) );
#3765 = PCURVE('',#3766,#3771);
#3766 = PLANE('',#3767);
#3767 = AXIS2_PLACEMENT_3D('',#3768,#3769,#3770);
#3768 = CARTESIAN_POINT('',(9.,28.5,1.9));
#3769 = DIRECTION('',(1.,0.,-0.));
#3770 = DIRECTION('',(0.,0.,1.));
#3771 = DEFINITIONAL_REPRESENTATION('',(#3772),#3775);
#3772 = B_SPLINE_CURVE_WITH_KNOTS('',1,(#3773,#3774),.UNSPECIFIED.,.F.,
  .F.,(2,2),(-1.05,-0.25),.PIECEWISE_BEZIER_KNOTS.);
#3773 = CARTESIAN_POINT('',(1.3,-6.85));
#3774 = CARTESIAN_POINT('',(0.5,-6.85));
#3775 = ( GEOMETRIC_REPRESENTATION_CONTEXT(2) 
PARAMETRIC_REPRESENTATION_CONTEXT() REPRESENTATION_CONTEXT('2D SPACE',''
  ) );
#3776 = ORIENTED_EDGE('',*,*,#3777,.T.);
#3777 = EDGE_CURVE('',#3751,#3778,#3780,.T.);
#3778 = VERTEX_POINT('',#3779);
#3779 = CARTESIAN_POINT('',(20.15,35.35,2.4));
#3780 = SURFACE_CURVE('',#3781,(#3785,#3792),.PCURVE_S1.);
#3781 = LINE('',#3782,#3783);
#3782 = CARTESIAN_POINT('',(0.,35.35,2.4));
#3783 = VECTOR('',#3784,1.);
#3784 = DIRECTION('',(1.,0.,0.));
#3785 = PCURVE('',#1000,#3786);
#3786 = DEFINITIONAL_REPRESENTATION('',(#3787),#3791);
#3787 = LINE('',#3788,#3789);
#3788 = CARTESIAN_POINT('',(20.15,-1.));
#3789 = VECTOR('',#3790,1.);
#3790 = DIRECTION('',(1.,0.));
#3791 = ( GEOMETRIC_REPRESENTATION_CONTEXT(2) 
PARAMETRIC_REPRESENTATION_CONTEXT() REPRESENTATION_CONTEXT('2D SPACE',''
  ) );
#3792 = PCURVE('',#3793,#3798);
#3793 = PLANE('',#3794);
#3794 = AXIS2_PLACEMENT_3D('',#3795,#3796,#3797);
#3795 = CARTESIAN_POINT('',(1.178668669698E-15,6.2035193142E-16,2.4));
#3796 = DIRECTION('',(0.,0.,1.));
#3797 = DIRECTION('',(1.,0.,-0.));
#3798 = DEFINITIONAL_REPRESENTATION('',(#3799),#3803);
#3799 = LINE('',#3800,#3801);
#3800 = CARTESIAN_POINT('',(-1.178668669698E-15,35.35));
#3801 = VECTOR('',#3802,1.);
#3802 = DIRECTION('',(1.,0.));
#3803 = ( GEOMETRIC_REPRESENTATION_CONTEXT(2) 
PARAMETRIC_REPRESENTATION_CONTEXT() REPRESENTATION_CONTEXT('2D SPACE',''
  ) );
#3804 = ORIENTED_EDGE('',*,*,#3805,.F.);
#3805 = EDGE_CURVE('',#3806,#3778,#3808,.T.);
#3806 = VERTEX_POINT('',#3807);
#3807 = CARTESIAN_POINT('',(20.15,35.35,2.2));
#3808 = SURFACE_CURVE('',#3809,(#3813,#3820),.PCURVE_S1.);
#3809 = LINE('',#3810,#3811);
#3810 = CARTESIAN_POINT('',(20.15,35.35,1.4));
#3811 = VECTOR('',#3812,1.);
#3812 = DIRECTION('',(0.,0.,1.));
#3813 = PCURVE('',#1000,#3814);
#3814 = DEFINITIONAL_REPRESENTATION('',(#3815),#3819);
#3815 = LINE('',#3816,#3817);
#3816 = CARTESIAN_POINT('',(40.3,0.));
#3817 = VECTOR('',#3818,1.);
#3818 = DIRECTION('',(0.,-1.));
#3819 = ( GEOMETRIC_REPRESENTATION_CONTEXT(2) 
PARAMETRIC_REPRESENTATION_CONTEXT() REPRESENTATION_CONTEXT('2D SPACE',''
  ) );
#3820 = PCURVE('',#1032,#3821);
#3821 = DEFINITIONAL_REPRESENTATION('',(#3822),#3826);
#3822 = LINE('',#3823,#3824);
#3823 = CARTESIAN_POINT('',(-1.570796326795,0.));
#3824 = VECTOR('',#3825,1.);
#3825 = DIRECTION('',(-0.,-1.));
#3826 = ( GEOMETRIC_REPRESENTATION_CONTEXT(2) 
PARAMETRIC_REPRESENTATION_CONTEXT() REPRESENTATION_CONTEXT('2D SPACE',''
  ) );
#3827 = ORIENTED_EDGE('',*,*,#3828,.F.);
#3828 = EDGE_CURVE('',#3829,#3806,#3831,.T.);
#3829 = VERTEX_POINT('',#3830);
#3830 = CARTESIAN_POINT('',(-19.,35.35,2.2));
#3831 = SURFACE_CURVE('',#3832,(#3836,#3842),.PCURVE_S1.);
#3832 = LINE('',#3833,#3834);
#3833 = CARTESIAN_POINT('',(-19.575,35.35,2.2));
#3834 = VECTOR('',#3835,1.);
#3835 = DIRECTION('',(1.,0.,0.));
#3836 = PCURVE('',#1000,#3837);
#3837 = DEFINITIONAL_REPRESENTATION('',(#3838),#3841);
#3838 = B_SPLINE_CURVE_WITH_KNOTS('',1,(#3839,#3840),.UNSPECIFIED.,.F.,
  .F.,(2,2),(0.575,39.725),.PIECEWISE_BEZIER_KNOTS.);
#3839 = CARTESIAN_POINT('',(1.15,-0.8));
#3840 = CARTESIAN_POINT('',(40.3,-0.8));
#3841 = ( GEOMETRIC_REPRESENTATION_CONTEXT(2) 
PARAMETRIC_REPRESENTATION_CONTEXT() REPRESENTATION_CONTEXT('2D SPACE',''
  ) );
#3842 = PCURVE('',#2919,#3843);
#3843 = DEFINITIONAL_REPRESENTATION('',(#3844),#3847);
#3844 = B_SPLINE_CURVE_WITH_KNOTS('',1,(#3845,#3846),.UNSPECIFIED.,.F.,
  .F.,(2,2),(0.575,39.725),.PIECEWISE_BEZIER_KNOTS.);
#3845 = CARTESIAN_POINT('',(0.,3.7));
#3846 = CARTESIAN_POINT('',(39.15,3.7));
#3847 = ( GEOMETRIC_REPRESENTATION_CONTEXT(2) 
PARAMETRIC_REPRESENTATION_CONTEXT() REPRESENTATION_CONTEXT('2D SPACE',''
  ) );
#3848 = ORIENTED_EDGE('',*,*,#3849,.T.);
#3849 = EDGE_CURVE('',#3829,#3566,#3850,.T.);
#3850 = SURFACE_CURVE('',#3851,(#3855,#3861),.PCURVE_S1.);
#3851 = LINE('',#3852,#3853);
#3852 = CARTESIAN_POINT('',(-19.,35.35,-1.3));
#3853 = VECTOR('',#3854,1.);
#3854 = DIRECTION('',(-0.,0.,-1.));
#3855 = PCURVE('',#1000,#3856);
#3856 = DEFINITIONAL_REPRESENTATION('',(#3857),#3860);
#3857 = B_SPLINE_CURVE_WITH_KNOTS('',1,(#3858,#3859),.UNSPECIFIED.,.F.,
  .F.,(2,2),(-3.5,-2.7),.PIECEWISE_BEZIER_KNOTS.);
#3858 = CARTESIAN_POINT('',(1.15,-0.8));
#3859 = CARTESIAN_POINT('',(1.15,0.));
#3860 = ( GEOMETRIC_REPRESENTATION_CONTEXT(2) 
PARAMETRIC_REPRESENTATION_CONTEXT() REPRESENTATION_CONTEXT('2D SPACE',''
  ) );
#3861 = PCURVE('',#2462,#3862);
#3862 = DEFINITIONAL_REPRESENTATION('',(#3863),#3866);
#3863 = B_SPLINE_CURVE_WITH_KNOTS('',1,(#3864,#3865),.UNSPECIFIED.,.F.,
  .F.,(2,2),(-3.5,-2.7),.PIECEWISE_BEZIER_KNOTS.);
#3864 = CARTESIAN_POINT('',(6.2,-3.7));
#3865 = CARTESIAN_POINT('',(5.4,-3.7));
#3866 = ( GEOMETRIC_REPRESENTATION_CONTEXT(2) 
PARAMETRIC_REPRESENTATION_CONTEXT() REPRESENTATION_CONTEXT('2D SPACE',''
  ) );
#3867 = ADVANCED_FACE('',(#3868),#1118,.T.);
#3868 = FACE_BOUND('',#3869,.T.);
#3869 = EDGE_LOOP('',(#3870,#3893,#3894,#3895));
#3870 = ORIENTED_EDGE('',*,*,#3871,.F.);
#3871 = EDGE_CURVE('',#3510,#3872,#3874,.T.);
#3872 = VERTEX_POINT('',#3873);
#3873 = CARTESIAN_POINT('',(20.15,-35.35,3.2));
#3874 = SURFACE_CURVE('',#3875,(#3879,#3886),.PCURVE_S1.);
#3875 = LINE('',#3876,#3877);
#3876 = CARTESIAN_POINT('',(0.,-35.35,3.2));
#3877 = VECTOR('',#3878,1.);
#3878 = DIRECTION('',(1.,0.,0.));
#3879 = PCURVE('',#1118,#3880);
#3880 = DEFINITIONAL_REPRESENTATION('',(#3881),#3885);
#3881 = LINE('',#3882,#3883);
#3882 = CARTESIAN_POINT('',(20.15,-1.8));
#3883 = VECTOR('',#3884,1.);
#3884 = DIRECTION('',(1.,0.));
#3885 = ( GEOMETRIC_REPRESENTATION_CONTEXT(2) 
PARAMETRIC_REPRESENTATION_CONTEXT() REPRESENTATION_CONTEXT('2D SPACE',''
  ) );
#3886 = PCURVE('',#3401,#3887);
#3887 = DEFINITIONAL_REPRESENTATION('',(#3888),#3892);
#3888 = LINE('',#3889,#3890);
#3889 = CARTESIAN_POINT('',(-1.178668669698E-15,-35.35));
#3890 = VECTOR('',#3891,1.);
#3891 = DIRECTION('',(1.,0.));
#3892 = ( GEOMETRIC_REPRESENTATION_CONTEXT(2) 
PARAMETRIC_REPRESENTATION_CONTEXT() REPRESENTATION_CONTEXT('2D SPACE',''
  ) );
#3893 = ORIENTED_EDGE('',*,*,#3539,.T.);
#3894 = ORIENTED_EDGE('',*,*,#1103,.F.);
#3895 = ORIENTED_EDGE('',*,*,#3896,.F.);
#3896 = EDGE_CURVE('',#3872,#1071,#3897,.T.);
#3897 = SURFACE_CURVE('',#3898,(#3902,#3909),.PCURVE_S1.);
#3898 = LINE('',#3899,#3900);
#3899 = CARTESIAN_POINT('',(20.15,-35.35,1.4));
#3900 = VECTOR('',#3901,1.);
#3901 = DIRECTION('',(0.,0.,1.));
#3902 = PCURVE('',#1118,#3903);
#3903 = DEFINITIONAL_REPRESENTATION('',(#3904),#3908);
#3904 = LINE('',#3905,#3906);
#3905 = CARTESIAN_POINT('',(40.3,0.));
#3906 = VECTOR('',#3907,1.);
#3907 = DIRECTION('',(0.,-1.));
#3908 = ( GEOMETRIC_REPRESENTATION_CONTEXT(2) 
PARAMETRIC_REPRESENTATION_CONTEXT() REPRESENTATION_CONTEXT('2D SPACE',''
  ) );
#3909 = PCURVE('',#1091,#3910);
#3910 = DEFINITIONAL_REPRESENTATION('',(#3911),#3915);
#3911 = LINE('',#3912,#3913);
#3912 = CARTESIAN_POINT('',(-4.712388980385,0.));
#3913 = VECTOR('',#3914,1.);
#3914 = DIRECTION('',(-0.,-1.));
#3915 = ( GEOMETRIC_REPRESENTATION_CONTEXT(2) 
PARAMETRIC_REPRESENTATION_CONTEXT() REPRESENTATION_CONTEXT('2D SPACE',''
  ) );
#3916 = ADVANCED_FACE('',(#3917),#1032,.F.);
#3917 = FACE_BOUND('',#3918,.T.);
#3918 = EDGE_LOOP('',(#3919,#3945,#3966,#3967,#3968,#3992,#4019,#4041,
    #4042,#4070));
#3919 = ORIENTED_EDGE('',*,*,#3920,.F.);
#3920 = EDGE_CURVE('',#3921,#3923,#3925,.T.);
#3921 = VERTEX_POINT('',#3922);
#3922 = CARTESIAN_POINT('',(23.35,32.15,1.4));
#3923 = VERTEX_POINT('',#3924);
#3924 = CARTESIAN_POINT('',(22.,34.761034277829,1.4));
#3925 = SURFACE_CURVE('',#3926,(#3931,#3938),.PCURVE_S1.);
#3926 = CIRCLE('',#3927,3.2);
#3927 = AXIS2_PLACEMENT_3D('',#3928,#3929,#3930);
#3928 = CARTESIAN_POINT('',(20.15,32.15,1.4));
#3929 = DIRECTION('',(0.,0.,1.));
#3930 = DIRECTION('',(1.,0.,0.));
#3931 = PCURVE('',#1032,#3932);
#3932 = DEFINITIONAL_REPRESENTATION('',(#3933),#3937);
#3933 = LINE('',#3934,#3935);
#3934 = CARTESIAN_POINT('',(-0.,0.));
#3935 = VECTOR('',#3936,1.);
#3936 = DIRECTION('',(-1.,0.));
#3937 = ( GEOMETRIC_REPRESENTATION_CONTEXT(2) 
PARAMETRIC_REPRESENTATION_CONTEXT() REPRESENTATION_CONTEXT('2D SPACE',''
  ) );
#3938 = PCURVE('',#3581,#3939);
#3939 = DEFINITIONAL_REPRESENTATION('',(#3940),#3944);
#3940 = CIRCLE('',#3941,3.2);
#3941 = AXIS2_PLACEMENT_2D('',#3942,#3943);
#3942 = CARTESIAN_POINT('',(20.15,32.15));
#3943 = DIRECTION('',(1.,0.));
#3944 = ( GEOMETRIC_REPRESENTATION_CONTEXT(2) 
PARAMETRIC_REPRESENTATION_CONTEXT() REPRESENTATION_CONTEXT('2D SPACE',''
  ) );
#3945 = ORIENTED_EDGE('',*,*,#3946,.T.);
#3946 = EDGE_CURVE('',#3921,#1012,#3947,.T.);
#3947 = SURFACE_CURVE('',#3948,(#3952,#3959),.PCURVE_S1.);
#3948 = LINE('',#3949,#3950);
#3949 = CARTESIAN_POINT('',(23.35,32.15,1.4));
#3950 = VECTOR('',#3951,1.);
#3951 = DIRECTION('',(0.,0.,1.));
#3952 = PCURVE('',#1032,#3953);
#3953 = DEFINITIONAL_REPRESENTATION('',(#3954),#3958);
#3954 = LINE('',#3955,#3956);
#3955 = CARTESIAN_POINT('',(-0.,0.));
#3956 = VECTOR('',#3957,1.);
#3957 = DIRECTION('',(-0.,-1.));
#3958 = ( GEOMETRIC_REPRESENTATION_CONTEXT(2) 
PARAMETRIC_REPRESENTATION_CONTEXT() REPRESENTATION_CONTEXT('2D SPACE',''
  ) );
#3959 = PCURVE('',#1059,#3960);
#3960 = DEFINITIONAL_REPRESENTATION('',(#3961),#3965);
#3961 = LINE('',#3962,#3963);
#3962 = CARTESIAN_POINT('',(64.3,0.));
#3963 = VECTOR('',#3964,1.);
#3964 = DIRECTION('',(0.,-1.));
#3965 = ( GEOMETRIC_REPRESENTATION_CONTEXT(2) 
PARAMETRIC_REPRESENTATION_CONTEXT() REPRESENTATION_CONTEXT('2D SPACE',''
  ) );
#3966 = ORIENTED_EDGE('',*,*,#1011,.F.);
#3967 = ORIENTED_EDGE('',*,*,#3699,.F.);
#3968 = ORIENTED_EDGE('',*,*,#3969,.F.);
#3969 = EDGE_CURVE('',#3970,#3700,#3972,.T.);
#3970 = VERTEX_POINT('',#3971);
#3971 = CARTESIAN_POINT('',(20.4,35.34021942819,3.2));
#3972 = SURFACE_CURVE('',#3973,(#3978,#3985),.PCURVE_S1.);
#3973 = CIRCLE('',#3974,3.2);
#3974 = AXIS2_PLACEMENT_3D('',#3975,#3976,#3977);
#3975 = CARTESIAN_POINT('',(20.15,32.15,3.2));
#3976 = DIRECTION('',(0.,0.,1.));
#3977 = DIRECTION('',(1.,0.,0.));
#3978 = PCURVE('',#1032,#3979);
#3979 = DEFINITIONAL_REPRESENTATION('',(#3980),#3984);
#3980 = LINE('',#3981,#3982);
#3981 = CARTESIAN_POINT('',(-0.,-1.8));
#3982 = VECTOR('',#3983,1.);
#3983 = DIRECTION('',(-1.,0.));
#3984 = ( GEOMETRIC_REPRESENTATION_CONTEXT(2) 
PARAMETRIC_REPRESENTATION_CONTEXT() REPRESENTATION_CONTEXT('2D SPACE',''
  ) );
#3985 = PCURVE('',#3738,#3986);
#3986 = DEFINITIONAL_REPRESENTATION('',(#3987),#3991);
#3987 = CIRCLE('',#3988,3.2);
#3988 = AXIS2_PLACEMENT_2D('',#3989,#3990);
#3989 = CARTESIAN_POINT('',(20.15,32.15));
#3990 = DIRECTION('',(1.,0.));
#3991 = ( GEOMETRIC_REPRESENTATION_CONTEXT(2) 
PARAMETRIC_REPRESENTATION_CONTEXT() REPRESENTATION_CONTEXT('2D SPACE',''
  ) );
#3992 = ORIENTED_EDGE('',*,*,#3993,.T.);
#3993 = EDGE_CURVE('',#3970,#3994,#3996,.T.);
#3994 = VERTEX_POINT('',#3995);
#3995 = CARTESIAN_POINT('',(20.4,35.34021942819,2.4));
#3996 = SURFACE_CURVE('',#3997,(#4001,#4008),.PCURVE_S1.);
#3997 = LINE('',#3998,#3999);
#3998 = CARTESIAN_POINT('',(20.4,35.34021942819,2.4));
#3999 = VECTOR('',#4000,1.);
#4000 = DIRECTION('',(-0.,-0.,-1.));
#4001 = PCURVE('',#1032,#4002);
#4002 = DEFINITIONAL_REPRESENTATION('',(#4003),#4007);
#4003 = LINE('',#4004,#4005);
#4004 = CARTESIAN_POINT('',(-1.49259163486,-1.));
#4005 = VECTOR('',#4006,1.);
#4006 = DIRECTION('',(-0.,1.));
#4007 = ( GEOMETRIC_REPRESENTATION_CONTEXT(2) 
PARAMETRIC_REPRESENTATION_CONTEXT() REPRESENTATION_CONTEXT('2D SPACE',''
  ) );
#4008 = PCURVE('',#4009,#4014);
#4009 = PLANE('',#4010);
#4010 = AXIS2_PLACEMENT_3D('',#4011,#4012,#4013);
#4011 = CARTESIAN_POINT('',(20.4,-14.5,1.9));
#4012 = DIRECTION('',(1.,0.,-0.));
#4013 = DIRECTION('',(0.,0.,1.));
#4014 = DEFINITIONAL_REPRESENTATION('',(#4015),#4018);
#4015 = B_SPLINE_CURVE_WITH_KNOTS('',1,(#4016,#4017),.UNSPECIFIED.,.F.,
  .F.,(2,2),(-0.8000006,5.999999999062E-07),.PIECEWISE_BEZIER_KNOTS.);
#4016 = CARTESIAN_POINT('',(1.3000006,-49.84021942819));
#4017 = CARTESIAN_POINT('',(0.4999994,-49.84021942819));
#4018 = ( GEOMETRIC_REPRESENTATION_CONTEXT(2) 
PARAMETRIC_REPRESENTATION_CONTEXT() REPRESENTATION_CONTEXT('2D SPACE',''
  ) );
#4019 = ORIENTED_EDGE('',*,*,#4020,.T.);
#4020 = EDGE_CURVE('',#3994,#3778,#4021,.T.);
#4021 = SURFACE_CURVE('',#4022,(#4027,#4034),.PCURVE_S1.);
#4022 = CIRCLE('',#4023,3.2);
#4023 = AXIS2_PLACEMENT_3D('',#4024,#4025,#4026);
#4024 = CARTESIAN_POINT('',(20.15,32.15,2.4));
#4025 = DIRECTION('',(0.,0.,1.));
#4026 = DIRECTION('',(1.,0.,0.));
#4027 = PCURVE('',#1032,#4028);
#4028 = DEFINITIONAL_REPRESENTATION('',(#4029),#4033);
#4029 = LINE('',#4030,#4031);
#4030 = CARTESIAN_POINT('',(-0.,-1.));
#4031 = VECTOR('',#4032,1.);
#4032 = DIRECTION('',(-1.,0.));
#4033 = ( GEOMETRIC_REPRESENTATION_CONTEXT(2) 
PARAMETRIC_REPRESENTATION_CONTEXT() REPRESENTATION_CONTEXT('2D SPACE',''
  ) );
#4034 = PCURVE('',#3793,#4035);
#4035 = DEFINITIONAL_REPRESENTATION('',(#4036),#4040);
#4036 = CIRCLE('',#4037,3.2);
#4037 = AXIS2_PLACEMENT_2D('',#4038,#4039);
#4038 = CARTESIAN_POINT('',(20.15,32.15));
#4039 = DIRECTION('',(1.,0.));
#4040 = ( GEOMETRIC_REPRESENTATION_CONTEXT(2) 
PARAMETRIC_REPRESENTATION_CONTEXT() REPRESENTATION_CONTEXT('2D SPACE',''
  ) );
#4041 = ORIENTED_EDGE('',*,*,#3805,.F.);
#4042 = ORIENTED_EDGE('',*,*,#4043,.T.);
#4043 = EDGE_CURVE('',#3806,#4044,#4046,.T.);
#4044 = VERTEX_POINT('',#4045);
#4045 = CARTESIAN_POINT('',(22.,34.761034277829,2.2));
#4046 = SURFACE_CURVE('',#4047,(#4052,#4059),.PCURVE_S1.);
#4047 = CIRCLE('',#4048,3.2);
#4048 = AXIS2_PLACEMENT_3D('',#4049,#4050,#4051);
#4049 = CARTESIAN_POINT('',(20.15,32.15,2.2));
#4050 = DIRECTION('',(0.,0.,-1.));
#4051 = DIRECTION('',(1.,0.,0.));
#4052 = PCURVE('',#1032,#4053);
#4053 = DEFINITIONAL_REPRESENTATION('',(#4054),#4058);
#4054 = LINE('',#4055,#4056);
#4055 = CARTESIAN_POINT('',(-6.28318530718,-0.8));
#4056 = VECTOR('',#4057,1.);
#4057 = DIRECTION('',(1.,-0.));
#4058 = ( GEOMETRIC_REPRESENTATION_CONTEXT(2) 
PARAMETRIC_REPRESENTATION_CONTEXT() REPRESENTATION_CONTEXT('2D SPACE',''
  ) );
#4059 = PCURVE('',#2919,#4060);
#4060 = DEFINITIONAL_REPRESENTATION('',(#4061),#4069);
#4061 = ( BOUNDED_CURVE() B_SPLINE_CURVE(2,(#4062,#4063,#4064,#4065,
#4066,#4067,#4068),.UNSPECIFIED.,.T.,.F.) B_SPLINE_CURVE_WITH_KNOTS((1,2
    ,2,2,2,1),(-2.094395102393,0.,2.094395102393,4.188790204786,
6.28318530718,8.377580409573),.UNSPECIFIED.) CURVE() 
GEOMETRIC_REPRESENTATION_ITEM() RATIONAL_B_SPLINE_CURVE((1.,0.5,1.,0.5,
1.,0.5,1.)) REPRESENTATION_ITEM('') );
#4062 = CARTESIAN_POINT('',(42.35,0.5));
#4063 = CARTESIAN_POINT('',(42.35,-5.04256258422));
#4064 = CARTESIAN_POINT('',(37.55,-2.27128129211));
#4065 = CARTESIAN_POINT('',(32.75,0.5));
#4066 = CARTESIAN_POINT('',(37.55,3.27128129211));
#4067 = CARTESIAN_POINT('',(42.35,6.04256258422));
#4068 = CARTESIAN_POINT('',(42.35,0.5));
#4069 = ( GEOMETRIC_REPRESENTATION_CONTEXT(2) 
PARAMETRIC_REPRESENTATION_CONTEXT() REPRESENTATION_CONTEXT('2D SPACE',''
  ) );
#4070 = ORIENTED_EDGE('',*,*,#4071,.T.);
#4071 = EDGE_CURVE('',#4044,#3923,#4072,.T.);
#4072 = SURFACE_CURVE('',#4073,(#4077,#4083),.PCURVE_S1.);
#4073 = LINE('',#4074,#4075);
#4074 = CARTESIAN_POINT('',(22.,34.761034277829,1.4));
#4075 = VECTOR('',#4076,1.);
#4076 = DIRECTION('',(-0.,-0.,-1.));
#4077 = PCURVE('',#1032,#4078);
#4078 = DEFINITIONAL_REPRESENTATION('',(#4079),#4082);
#4079 = B_SPLINE_CURVE_WITH_KNOTS('',1,(#4080,#4081),.UNSPECIFIED.,.F.,
  .F.,(2,2),(-1.42,5.999999999062E-07),.PIECEWISE_BEZIER_KNOTS.);
#4080 = CARTESIAN_POINT('',(-0.954367451873,-1.42));
#4081 = CARTESIAN_POINT('',(-0.954367451873,5.999999999062E-07));
#4082 = ( GEOMETRIC_REPRESENTATION_CONTEXT(2) 
PARAMETRIC_REPRESENTATION_CONTEXT() REPRESENTATION_CONTEXT('2D SPACE',''
  ) );
#4083 = PCURVE('',#2403,#4084);
#4084 = DEFINITIONAL_REPRESENTATION('',(#4085),#4088);
#4085 = B_SPLINE_CURVE_WITH_KNOTS('',1,(#4086,#4087),.UNSPECIFIED.,.F.,
  .F.,(2,2),(-1.42,5.999999999062E-07),.PIECEWISE_BEZIER_KNOTS.);
#4086 = CARTESIAN_POINT('',(6.82,-3.111034277829));
#4087 = CARTESIAN_POINT('',(5.3999994,-3.111034277829));
#4088 = ( GEOMETRIC_REPRESENTATION_CONTEXT(2) 
PARAMETRIC_REPRESENTATION_CONTEXT() REPRESENTATION_CONTEXT('2D SPACE',''
  ) );
#4089 = ADVANCED_FACE('',(#4090),#1091,.F.);
#4090 = FACE_BOUND('',#4091,.T.);
#4091 = EDGE_LOOP('',(#4092,#4116,#4117,#4118));
#4092 = ORIENTED_EDGE('',*,*,#4093,.F.);
#4093 = EDGE_CURVE('',#3872,#4094,#4096,.T.);
#4094 = VERTEX_POINT('',#4095);
#4095 = CARTESIAN_POINT('',(23.35,-32.15,3.2));
#4096 = SURFACE_CURVE('',#4097,(#4102,#4109),.PCURVE_S1.);
#4097 = CIRCLE('',#4098,3.2);
#4098 = AXIS2_PLACEMENT_3D('',#4099,#4100,#4101);
#4099 = CARTESIAN_POINT('',(20.15,-32.15,3.2));
#4100 = DIRECTION('',(0.,0.,1.));
#4101 = DIRECTION('',(1.,0.,0.));
#4102 = PCURVE('',#1091,#4103);
#4103 = DEFINITIONAL_REPRESENTATION('',(#4104),#4108);
#4104 = LINE('',#4105,#4106);
#4105 = CARTESIAN_POINT('',(-0.,-1.8));
#4106 = VECTOR('',#4107,1.);
#4107 = DIRECTION('',(-1.,0.));
#4108 = ( GEOMETRIC_REPRESENTATION_CONTEXT(2) 
PARAMETRIC_REPRESENTATION_CONTEXT() REPRESENTATION_CONTEXT('2D SPACE',''
  ) );
#4109 = PCURVE('',#3401,#4110);
#4110 = DEFINITIONAL_REPRESENTATION('',(#4111),#4115);
#4111 = CIRCLE('',#4112,3.2);
#4112 = AXIS2_PLACEMENT_2D('',#4113,#4114);
#4113 = CARTESIAN_POINT('',(20.15,-32.15));
#4114 = DIRECTION('',(1.,0.));
#4115 = ( GEOMETRIC_REPRESENTATION_CONTEXT(2) 
PARAMETRIC_REPRESENTATION_CONTEXT() REPRESENTATION_CONTEXT('2D SPACE',''
  ) );
#4116 = ORIENTED_EDGE('',*,*,#3896,.T.);
#4117 = ORIENTED_EDGE('',*,*,#1070,.F.);
#4118 = ORIENTED_EDGE('',*,*,#4119,.F.);
#4119 = EDGE_CURVE('',#4094,#1045,#4120,.T.);
#4120 = SURFACE_CURVE('',#4121,(#4125,#4132),.PCURVE_S1.);
#4121 = LINE('',#4122,#4123);
#4122 = CARTESIAN_POINT('',(23.35,-32.15,1.4));
#4123 = VECTOR('',#4124,1.);
#4124 = DIRECTION('',(0.,0.,1.));
#4125 = PCURVE('',#1091,#4126);
#4126 = DEFINITIONAL_REPRESENTATION('',(#4127),#4131);
#4127 = LINE('',#4128,#4129);
#4128 = CARTESIAN_POINT('',(-6.28318530718,0.));
#4129 = VECTOR('',#4130,1.);
#4130 = DIRECTION('',(-0.,-1.));
#4131 = ( GEOMETRIC_REPRESENTATION_CONTEXT(2) 
PARAMETRIC_REPRESENTATION_CONTEXT() REPRESENTATION_CONTEXT('2D SPACE',''
  ) );
#4132 = PCURVE('',#1059,#4133);
#4133 = DEFINITIONAL_REPRESENTATION('',(#4134),#4138);
#4134 = LINE('',#4135,#4136);
#4135 = CARTESIAN_POINT('',(0.,0.));
#4136 = VECTOR('',#4137,1.);
#4137 = DIRECTION('',(0.,-1.));
#4138 = ( GEOMETRIC_REPRESENTATION_CONTEXT(2) 
PARAMETRIC_REPRESENTATION_CONTEXT() REPRESENTATION_CONTEXT('2D SPACE',''
  ) );
#4139 = ADVANCED_FACE('',(#4140),#1059,.T.);
#4140 = FACE_BOUND('',#4141,.T.);
#4141 = EDGE_LOOP('',(#4142,#4165,#4193,#4221,#4248,#4269,#4270,#4271));
#4142 = ORIENTED_EDGE('',*,*,#4143,.F.);
#4143 = EDGE_CURVE('',#4144,#3921,#4146,.T.);
#4144 = VERTEX_POINT('',#4145);
#4145 = CARTESIAN_POINT('',(23.35,-32.15,1.4));
#4146 = SURFACE_CURVE('',#4147,(#4151,#4158),.PCURVE_S1.);
#4147 = LINE('',#4148,#4149);
#4148 = CARTESIAN_POINT('',(23.35,0.,1.4));
#4149 = VECTOR('',#4150,1.);
#4150 = DIRECTION('',(0.,1.,0.));
#4151 = PCURVE('',#1059,#4152);
#4152 = DEFINITIONAL_REPRESENTATION('',(#4153),#4157);
#4153 = LINE('',#4154,#4155);
#4154 = CARTESIAN_POINT('',(32.15,0.));
#4155 = VECTOR('',#4156,1.);
#4156 = DIRECTION('',(1.,0.));
#4157 = ( GEOMETRIC_REPRESENTATION_CONTEXT(2) 
PARAMETRIC_REPRESENTATION_CONTEXT() REPRESENTATION_CONTEXT('2D SPACE',''
  ) );
#4158 = PCURVE('',#3581,#4159);
#4159 = DEFINITIONAL_REPRESENTATION('',(#4160),#4164);
#4160 = LINE('',#4161,#4162);
#4161 = CARTESIAN_POINT('',(23.35,-6.2035193142E-16));
#4162 = VECTOR('',#4163,1.);
#4163 = DIRECTION('',(0.,1.));
#4164 = ( GEOMETRIC_REPRESENTATION_CONTEXT(2) 
PARAMETRIC_REPRESENTATION_CONTEXT() REPRESENTATION_CONTEXT('2D SPACE',''
  ) );
#4165 = ORIENTED_EDGE('',*,*,#4166,.T.);
#4166 = EDGE_CURVE('',#4144,#4167,#4169,.T.);
#4167 = VERTEX_POINT('',#4168);
#4168 = CARTESIAN_POINT('',(23.35,-32.15,2.4));
#4169 = SURFACE_CURVE('',#4170,(#4174,#4181),.PCURVE_S1.);
#4170 = LINE('',#4171,#4172);
#4171 = CARTESIAN_POINT('',(23.35,-32.15,1.4));
#4172 = VECTOR('',#4173,1.);
#4173 = DIRECTION('',(0.,0.,1.));
#4174 = PCURVE('',#1059,#4175);
#4175 = DEFINITIONAL_REPRESENTATION('',(#4176),#4180);
#4176 = LINE('',#4177,#4178);
#4177 = CARTESIAN_POINT('',(0.,0.));
#4178 = VECTOR('',#4179,1.);
#4179 = DIRECTION('',(0.,-1.));
#4180 = ( GEOMETRIC_REPRESENTATION_CONTEXT(2) 
PARAMETRIC_REPRESENTATION_CONTEXT() REPRESENTATION_CONTEXT('2D SPACE',''
  ) );
#4181 = PCURVE('',#4182,#4187);
#4182 = CYLINDRICAL_SURFACE('',#4183,3.2);
#4183 = AXIS2_PLACEMENT_3D('',#4184,#4185,#4186);
#4184 = CARTESIAN_POINT('',(20.15,-32.15,1.4));
#4185 = DIRECTION('',(-0.,-0.,-1.));
#4186 = DIRECTION('',(1.,0.,0.));
#4187 = DEFINITIONAL_REPRESENTATION('',(#4188),#4192);
#4188 = LINE('',#4189,#4190);
#4189 = CARTESIAN_POINT('',(-6.28318530718,0.));
#4190 = VECTOR('',#4191,1.);
#4191 = DIRECTION('',(-0.,-1.));
#4192 = ( GEOMETRIC_REPRESENTATION_CONTEXT(2) 
PARAMETRIC_REPRESENTATION_CONTEXT() REPRESENTATION_CONTEXT('2D SPACE',''
  ) );
#4193 = ORIENTED_EDGE('',*,*,#4194,.T.);
#4194 = EDGE_CURVE('',#4167,#4195,#4197,.T.);
#4195 = VERTEX_POINT('',#4196);
#4196 = CARTESIAN_POINT('',(23.35,-14.5,2.4));
#4197 = SURFACE_CURVE('',#4198,(#4202,#4209),.PCURVE_S1.);
#4198 = LINE('',#4199,#4200);
#4199 = CARTESIAN_POINT('',(23.35,0.,2.4));
#4200 = VECTOR('',#4201,1.);
#4201 = DIRECTION('',(0.,1.,0.));
#4202 = PCURVE('',#1059,#4203);
#4203 = DEFINITIONAL_REPRESENTATION('',(#4204),#4208);
#4204 = LINE('',#4205,#4206);
#4205 = CARTESIAN_POINT('',(32.15,-1.));
#4206 = VECTOR('',#4207,1.);
#4207 = DIRECTION('',(1.,0.));
#4208 = ( GEOMETRIC_REPRESENTATION_CONTEXT(2) 
PARAMETRIC_REPRESENTATION_CONTEXT() REPRESENTATION_CONTEXT('2D SPACE',''
  ) );
#4209 = PCURVE('',#4210,#4215);
#4210 = PLANE('',#4211);
#4211 = AXIS2_PLACEMENT_3D('',#4212,#4213,#4214);
#4212 = CARTESIAN_POINT('',(1.178668669698E-15,6.2035193142E-16,2.4));
#4213 = DIRECTION('',(0.,0.,1.));
#4214 = DIRECTION('',(1.,0.,-0.));
#4215 = DEFINITIONAL_REPRESENTATION('',(#4216),#4220);
#4216 = LINE('',#4217,#4218);
#4217 = CARTESIAN_POINT('',(23.35,-6.2035193142E-16));
#4218 = VECTOR('',#4219,1.);
#4219 = DIRECTION('',(0.,1.));
#4220 = ( GEOMETRIC_REPRESENTATION_CONTEXT(2) 
PARAMETRIC_REPRESENTATION_CONTEXT() REPRESENTATION_CONTEXT('2D SPACE',''
  ) );
#4221 = ORIENTED_EDGE('',*,*,#4222,.F.);
#4222 = EDGE_CURVE('',#4223,#4195,#4225,.T.);
#4223 = VERTEX_POINT('',#4224);
#4224 = CARTESIAN_POINT('',(23.35,-14.5,3.2));
#4225 = SURFACE_CURVE('',#4226,(#4230,#4237),.PCURVE_S1.);
#4226 = LINE('',#4227,#4228);
#4227 = CARTESIAN_POINT('',(23.35,-14.5,2.15));
#4228 = VECTOR('',#4229,1.);
#4229 = DIRECTION('',(0.,0.,-1.));
#4230 = PCURVE('',#1059,#4231);
#4231 = DEFINITIONAL_REPRESENTATION('',(#4232),#4236);
#4232 = LINE('',#4233,#4234);
#4233 = CARTESIAN_POINT('',(17.65,-0.75));
#4234 = VECTOR('',#4235,1.);
#4235 = DIRECTION('',(0.,1.));
#4236 = ( GEOMETRIC_REPRESENTATION_CONTEXT(2) 
PARAMETRIC_REPRESENTATION_CONTEXT() REPRESENTATION_CONTEXT('2D SPACE',''
  ) );
#4237 = PCURVE('',#4238,#4243);
#4238 = PLANE('',#4239);
#4239 = AXIS2_PLACEMENT_3D('',#4240,#4241,#4242);
#4240 = CARTESIAN_POINT('',(20.4,-14.5,1.9));
#4241 = DIRECTION('',(-0.,1.,0.));
#4242 = DIRECTION('',(0.,0.,1.));
#4243 = DEFINITIONAL_REPRESENTATION('',(#4244),#4247);
#4244 = B_SPLINE_CURVE_WITH_KNOTS('',1,(#4245,#4246),.UNSPECIFIED.,.F.,
  .F.,(2,2),(-1.05,-0.25),.PIECEWISE_BEZIER_KNOTS.);
#4245 = CARTESIAN_POINT('',(1.3,2.95));
#4246 = CARTESIAN_POINT('',(0.5,2.95));
#4247 = ( GEOMETRIC_REPRESENTATION_CONTEXT(2) 
PARAMETRIC_REPRESENTATION_CONTEXT() REPRESENTATION_CONTEXT('2D SPACE',''
  ) );
#4248 = ORIENTED_EDGE('',*,*,#4249,.F.);
#4249 = EDGE_CURVE('',#4094,#4223,#4250,.T.);
#4250 = SURFACE_CURVE('',#4251,(#4255,#4262),.PCURVE_S1.);
#4251 = LINE('',#4252,#4253);
#4252 = CARTESIAN_POINT('',(23.35,0.,3.2));
#4253 = VECTOR('',#4254,1.);
#4254 = DIRECTION('',(0.,1.,0.));
#4255 = PCURVE('',#1059,#4256);
#4256 = DEFINITIONAL_REPRESENTATION('',(#4257),#4261);
#4257 = LINE('',#4258,#4259);
#4258 = CARTESIAN_POINT('',(32.15,-1.8));
#4259 = VECTOR('',#4260,1.);
#4260 = DIRECTION('',(1.,0.));
#4261 = ( GEOMETRIC_REPRESENTATION_CONTEXT(2) 
PARAMETRIC_REPRESENTATION_CONTEXT() REPRESENTATION_CONTEXT('2D SPACE',''
  ) );
#4262 = PCURVE('',#3401,#4263);
#4263 = DEFINITIONAL_REPRESENTATION('',(#4264),#4268);
#4264 = LINE('',#4265,#4266);
#4265 = CARTESIAN_POINT('',(23.35,-6.2035193142E-16));
#4266 = VECTOR('',#4267,1.);
#4267 = DIRECTION('',(0.,1.));
#4268 = ( GEOMETRIC_REPRESENTATION_CONTEXT(2) 
PARAMETRIC_REPRESENTATION_CONTEXT() REPRESENTATION_CONTEXT('2D SPACE',''
  ) );
#4269 = ORIENTED_EDGE('',*,*,#4119,.T.);
#4270 = ORIENTED_EDGE('',*,*,#1044,.F.);
#4271 = ORIENTED_EDGE('',*,*,#3946,.F.);
#4272 = ADVANCED_FACE('',(#4273),#1179,.F.);
#4273 = FACE_BOUND('',#4274,.F.);
#4274 = EDGE_LOOP('',(#4275,#4276,#4299,#4326));
#4275 = ORIENTED_EDGE('',*,*,#1162,.F.);
#4276 = ORIENTED_EDGE('',*,*,#4277,.F.);
#4277 = EDGE_CURVE('',#4278,#1163,#4280,.T.);
#4278 = VERTEX_POINT('',#4279);
#4279 = CARTESIAN_POINT('',(-22.83553390593,35.685533905933,-1.2));
#4280 = SEAM_CURVE('',#4281,(#4285,#4292),.PCURVE_S1.);
#4281 = LINE('',#4282,#4283);
#4282 = CARTESIAN_POINT('',(-22.83553390593,35.685533905933,-1.2));
#4283 = VECTOR('',#4284,1.);
#4284 = DIRECTION('',(0.,0.,1.));
#4285 = PCURVE('',#1179,#4286);
#4286 = DEFINITIONAL_REPRESENTATION('',(#4287),#4291);
#4287 = LINE('',#4288,#4289);
#4288 = CARTESIAN_POINT('',(6.28318530718,-0.));
#4289 = VECTOR('',#4290,1.);
#4290 = DIRECTION('',(0.,1.));
#4291 = ( GEOMETRIC_REPRESENTATION_CONTEXT(2) 
PARAMETRIC_REPRESENTATION_CONTEXT() REPRESENTATION_CONTEXT('2D SPACE',''
  ) );
#4292 = PCURVE('',#1179,#4293);
#4293 = DEFINITIONAL_REPRESENTATION('',(#4294),#4298);
#4294 = LINE('',#4295,#4296);
#4295 = CARTESIAN_POINT('',(0.,-0.));
#4296 = VECTOR('',#4297,1.);
#4297 = DIRECTION('',(0.,1.));
#4298 = ( GEOMETRIC_REPRESENTATION_CONTEXT(2) 
PARAMETRIC_REPRESENTATION_CONTEXT() REPRESENTATION_CONTEXT('2D SPACE',''
  ) );
#4299 = ORIENTED_EDGE('',*,*,#4300,.T.);
#4300 = EDGE_CURVE('',#4278,#4278,#4301,.T.);
#4301 = SURFACE_CURVE('',#4302,(#4307,#4314),.PCURVE_S1.);
#4302 = CIRCLE('',#4303,0.85);
#4303 = AXIS2_PLACEMENT_3D('',#4304,#4305,#4306);
#4304 = CARTESIAN_POINT('',(-23.68553390593,35.685533905933,-1.2));
#4305 = DIRECTION('',(0.,0.,1.));
#4306 = DIRECTION('',(1.,0.,-0.));
#4307 = PCURVE('',#1179,#4308);
#4308 = DEFINITIONAL_REPRESENTATION('',(#4309),#4313);
#4309 = LINE('',#4310,#4311);
#4310 = CARTESIAN_POINT('',(0.,0.));
#4311 = VECTOR('',#4312,1.);
#4312 = DIRECTION('',(1.,0.));
#4313 = ( GEOMETRIC_REPRESENTATION_CONTEXT(2) 
PARAMETRIC_REPRESENTATION_CONTEXT() REPRESENTATION_CONTEXT('2D SPACE',''
  ) );
#4314 = PCURVE('',#4315,#4320);
#4315 = PLANE('',#4316);
#4316 = AXIS2_PLACEMENT_3D('',#4317,#4318,#4319);
#4317 = CARTESIAN_POINT('',(-23.68553390593,35.685533905933,-1.2));
#4318 = DIRECTION('',(0.,0.,1.));
#4319 = DIRECTION('',(1.,0.,-0.));
#4320 = DEFINITIONAL_REPRESENTATION('',(#4321),#4325);
#4321 = CIRCLE('',#4322,0.85);
#4322 = AXIS2_PLACEMENT_2D('',#4323,#4324);
#4323 = CARTESIAN_POINT('',(0.,0.));
#4324 = DIRECTION('',(1.,0.));
#4325 = ( GEOMETRIC_REPRESENTATION_CONTEXT(2) 
PARAMETRIC_REPRESENTATION_CONTEXT() REPRESENTATION_CONTEXT('2D SPACE',''
  ) );
#4326 = ORIENTED_EDGE('',*,*,#4277,.T.);
#4327 = ADVANCED_FACE('',(#4328),#1210,.F.);
#4328 = FACE_BOUND('',#4329,.F.);
#4329 = EDGE_LOOP('',(#4330,#4331,#4354,#4381));
#4330 = ORIENTED_EDGE('',*,*,#1193,.F.);
#4331 = ORIENTED_EDGE('',*,*,#4332,.F.);
#4332 = EDGE_CURVE('',#4333,#1194,#4335,.T.);
#4333 = VERTEX_POINT('',#4334);
#4334 = CARTESIAN_POINT('',(24.535533905933,35.685533905933,-1.2));
#4335 = SEAM_CURVE('',#4336,(#4340,#4347),.PCURVE_S1.);
#4336 = LINE('',#4337,#4338);
#4337 = CARTESIAN_POINT('',(24.535533905933,35.685533905933,-1.2));
#4338 = VECTOR('',#4339,1.);
#4339 = DIRECTION('',(0.,0.,1.));
#4340 = PCURVE('',#1210,#4341);
#4341 = DEFINITIONAL_REPRESENTATION('',(#4342),#4346);
#4342 = LINE('',#4343,#4344);
#4343 = CARTESIAN_POINT('',(6.28318530718,-0.));
#4344 = VECTOR('',#4345,1.);
#4345 = DIRECTION('',(0.,1.));
#4346 = ( GEOMETRIC_REPRESENTATION_CONTEXT(2) 
PARAMETRIC_REPRESENTATION_CONTEXT() REPRESENTATION_CONTEXT('2D SPACE',''
  ) );
#4347 = PCURVE('',#1210,#4348);
#4348 = DEFINITIONAL_REPRESENTATION('',(#4349),#4353);
#4349 = LINE('',#4350,#4351);
#4350 = CARTESIAN_POINT('',(0.,-0.));
#4351 = VECTOR('',#4352,1.);
#4352 = DIRECTION('',(0.,1.));
#4353 = ( GEOMETRIC_REPRESENTATION_CONTEXT(2) 
PARAMETRIC_REPRESENTATION_CONTEXT() REPRESENTATION_CONTEXT('2D SPACE',''
  ) );
#4354 = ORIENTED_EDGE('',*,*,#4355,.T.);
#4355 = EDGE_CURVE('',#4333,#4333,#4356,.T.);
#4356 = SURFACE_CURVE('',#4357,(#4362,#4369),.PCURVE_S1.);
#4357 = CIRCLE('',#4358,0.85);
#4358 = AXIS2_PLACEMENT_3D('',#4359,#4360,#4361);
#4359 = CARTESIAN_POINT('',(23.685533905933,35.685533905933,-1.2));
#4360 = DIRECTION('',(0.,0.,1.));
#4361 = DIRECTION('',(1.,0.,-0.));
#4362 = PCURVE('',#1210,#4363);
#4363 = DEFINITIONAL_REPRESENTATION('',(#4364),#4368);
#4364 = LINE('',#4365,#4366);
#4365 = CARTESIAN_POINT('',(0.,0.));
#4366 = VECTOR('',#4367,1.);
#4367 = DIRECTION('',(1.,0.));
#4368 = ( GEOMETRIC_REPRESENTATION_CONTEXT(2) 
PARAMETRIC_REPRESENTATION_CONTEXT() REPRESENTATION_CONTEXT('2D SPACE',''
  ) );
#4369 = PCURVE('',#4370,#4375);
#4370 = PLANE('',#4371);
#4371 = AXIS2_PLACEMENT_3D('',#4372,#4373,#4374);
#4372 = CARTESIAN_POINT('',(23.685533905933,35.685533905933,-1.2));
#4373 = DIRECTION('',(0.,0.,1.));
#4374 = DIRECTION('',(1.,0.,-0.));
#4375 = DEFINITIONAL_REPRESENTATION('',(#4376),#4380);
#4376 = CIRCLE('',#4377,0.85);
#4377 = AXIS2_PLACEMENT_2D('',#4378,#4379);
#4378 = CARTESIAN_POINT('',(0.,0.));
#4379 = DIRECTION('',(1.,0.));
#4380 = ( GEOMETRIC_REPRESENTATION_CONTEXT(2) 
PARAMETRIC_REPRESENTATION_CONTEXT() REPRESENTATION_CONTEXT('2D SPACE',''
  ) );
#4381 = ORIENTED_EDGE('',*,*,#4332,.T.);
#4382 = ADVANCED_FACE('',(#4383),#1292,.T.);
#4383 = FACE_BOUND('',#4384,.T.);
#4384 = EDGE_LOOP('',(#4385,#4406,#4407,#4408));
#4385 = ORIENTED_EDGE('',*,*,#4386,.F.);
#4386 = EDGE_CURVE('',#1380,#1249,#4387,.T.);
#4387 = SURFACE_CURVE('',#4388,(#4392,#4399),.PCURVE_S1.);
#4388 = LINE('',#4389,#4390);
#4389 = CARTESIAN_POINT('',(-27.75,-15.2,5.3));
#4390 = VECTOR('',#4391,1.);
#4391 = DIRECTION('',(-0.,1.,0.));
#4392 = PCURVE('',#1292,#4393);
#4393 = DEFINITIONAL_REPRESENTATION('',(#4394),#4398);
#4394 = LINE('',#4395,#4396);
#4395 = CARTESIAN_POINT('',(0.,0.));
#4396 = VECTOR('',#4397,1.);
#4397 = DIRECTION('',(0.,1.));
#4398 = ( GEOMETRIC_REPRESENTATION_CONTEXT(2) 
PARAMETRIC_REPRESENTATION_CONTEXT() REPRESENTATION_CONTEXT('2D SPACE',''
  ) );
#4399 = PCURVE('',#1264,#4400);
#4400 = DEFINITIONAL_REPRESENTATION('',(#4401),#4405);
#4401 = LINE('',#4402,#4403);
#4402 = CARTESIAN_POINT('',(6.8,0.));
#4403 = VECTOR('',#4404,1.);
#4404 = DIRECTION('',(0.,-1.));
#4405 = ( GEOMETRIC_REPRESENTATION_CONTEXT(2) 
PARAMETRIC_REPRESENTATION_CONTEXT() REPRESENTATION_CONTEXT('2D SPACE',''
  ) );
#4406 = ORIENTED_EDGE('',*,*,#1402,.T.);
#4407 = ORIENTED_EDGE('',*,*,#2679,.T.);
#4408 = ORIENTED_EDGE('',*,*,#1276,.F.);
#4409 = ADVANCED_FACE('',(#4410,#4416),#1264,.F.);
#4410 = FACE_BOUND('',#4411,.F.);
#4411 = EDGE_LOOP('',(#4412,#4413,#4414,#4415));
#4412 = ORIENTED_EDGE('',*,*,#1379,.F.);
#4413 = ORIENTED_EDGE('',*,*,#1329,.T.);
#4414 = ORIENTED_EDGE('',*,*,#1248,.T.);
#4415 = ORIENTED_EDGE('',*,*,#4386,.F.);
#4416 = FACE_BOUND('',#4417,.F.);
#4417 = EDGE_LOOP('',(#4418,#4446,#4472,#4498));
#4418 = ORIENTED_EDGE('',*,*,#4419,.T.);
#4419 = EDGE_CURVE('',#4420,#4422,#4424,.T.);
#4420 = VERTEX_POINT('',#4421);
#4421 = CARTESIAN_POINT('',(-27.75,13.5,0.2));
#4422 = VERTEX_POINT('',#4423);
#4423 = CARTESIAN_POINT('',(-27.75,-13.5,0.2));
#4424 = SURFACE_CURVE('',#4425,(#4429,#4435),.PCURVE_S1.);
#4425 = LINE('',#4426,#4427);
#4426 = CARTESIAN_POINT('',(-27.75,-14.35,0.2));
#4427 = VECTOR('',#4428,1.);
#4428 = DIRECTION('',(0.,-1.,0.));
#4429 = PCURVE('',#1264,#4430);
#4430 = DEFINITIONAL_REPRESENTATION('',(#4431),#4434);
#4431 = B_SPLINE_CURVE_WITH_KNOTS('',1,(#4432,#4433),.UNSPECIFIED.,.F.,
  .F.,(2,2),(-27.85,-0.85),.PIECEWISE_BEZIER_KNOTS.);
#4432 = CARTESIAN_POINT('',(1.7,-28.7));
#4433 = CARTESIAN_POINT('',(1.7,-1.7));
#4434 = ( GEOMETRIC_REPRESENTATION_CONTEXT(2) 
PARAMETRIC_REPRESENTATION_CONTEXT() REPRESENTATION_CONTEXT('2D SPACE',''
  ) );
#4435 = PCURVE('',#4436,#4441);
#4436 = PLANE('',#4437);
#4437 = AXIS2_PLACEMENT_3D('',#4438,#4439,#4440);
#4438 = CARTESIAN_POINT('',(-28.75,-13.5,0.2));
#4439 = DIRECTION('',(0.,0.,1.));
#4440 = DIRECTION('',(1.,0.,-0.));
#4441 = DEFINITIONAL_REPRESENTATION('',(#4442),#4445);
#4442 = B_SPLINE_CURVE_WITH_KNOTS('',1,(#4443,#4444),.UNSPECIFIED.,.F.,
  .F.,(2,2),(-27.85,-0.85),.PIECEWISE_BEZIER_KNOTS.);
#4443 = CARTESIAN_POINT('',(1.,27.));
#4444 = CARTESIAN_POINT('',(1.,0.));
#4445 = ( GEOMETRIC_REPRESENTATION_CONTEXT(2) 
PARAMETRIC_REPRESENTATION_CONTEXT() REPRESENTATION_CONTEXT('2D SPACE',''
  ) );
#4446 = ORIENTED_EDGE('',*,*,#4447,.T.);
#4447 = EDGE_CURVE('',#4422,#4448,#4450,.T.);
#4448 = VERTEX_POINT('',#4449);
#4449 = CARTESIAN_POINT('',(-27.75,-13.5,3.6));
#4450 = SURFACE_CURVE('',#4451,(#4455,#4461),.PCURVE_S1.);
#4451 = LINE('',#4452,#4453);
#4452 = CARTESIAN_POINT('',(-27.75,-13.5,-0.65));
#4453 = VECTOR('',#4454,1.);
#4454 = DIRECTION('',(0.,0.,1.));
#4455 = PCURVE('',#1264,#4456);
#4456 = DEFINITIONAL_REPRESENTATION('',(#4457),#4460);
#4457 = B_SPLINE_CURVE_WITH_KNOTS('',1,(#4458,#4459),.UNSPECIFIED.,.F.,
  .F.,(2,2),(0.85,4.25),.PIECEWISE_BEZIER_KNOTS.);
#4458 = CARTESIAN_POINT('',(1.7,-1.7));
#4459 = CARTESIAN_POINT('',(5.1,-1.7));
#4460 = ( GEOMETRIC_REPRESENTATION_CONTEXT(2) 
PARAMETRIC_REPRESENTATION_CONTEXT() REPRESENTATION_CONTEXT('2D SPACE',''
  ) );
#4461 = PCURVE('',#4462,#4467);
#4462 = PLANE('',#4463);
#4463 = AXIS2_PLACEMENT_3D('',#4464,#4465,#4466);
#4464 = CARTESIAN_POINT('',(-28.75,-13.5,0.2));
#4465 = DIRECTION('',(-0.,1.,0.));
#4466 = DIRECTION('',(0.,0.,1.));
#4467 = DEFINITIONAL_REPRESENTATION('',(#4468),#4471);
#4468 = B_SPLINE_CURVE_WITH_KNOTS('',1,(#4469,#4470),.UNSPECIFIED.,.F.,
  .F.,(2,2),(0.85,4.25),.PIECEWISE_BEZIER_KNOTS.);
#4469 = CARTESIAN_POINT('',(0.,1.));
#4470 = CARTESIAN_POINT('',(3.4,1.));
#4471 = ( GEOMETRIC_REPRESENTATION_CONTEXT(2) 
PARAMETRIC_REPRESENTATION_CONTEXT() REPRESENTATION_CONTEXT('2D SPACE',''
  ) );
#4472 = ORIENTED_EDGE('',*,*,#4473,.F.);
#4473 = EDGE_CURVE('',#4474,#4448,#4476,.T.);
#4474 = VERTEX_POINT('',#4475);
#4475 = CARTESIAN_POINT('',(-27.75,13.5,3.6));
#4476 = SURFACE_CURVE('',#4477,(#4481,#4487),.PCURVE_S1.);
#4477 = LINE('',#4478,#4479);
#4478 = CARTESIAN_POINT('',(-27.75,-14.35,3.6));
#4479 = VECTOR('',#4480,1.);
#4480 = DIRECTION('',(0.,-1.,0.));
#4481 = PCURVE('',#1264,#4482);
#4482 = DEFINITIONAL_REPRESENTATION('',(#4483),#4486);
#4483 = B_SPLINE_CURVE_WITH_KNOTS('',1,(#4484,#4485),.UNSPECIFIED.,.F.,
  .F.,(2,2),(-27.85,-0.85),.PIECEWISE_BEZIER_KNOTS.);
#4484 = CARTESIAN_POINT('',(5.1,-28.7));
#4485 = CARTESIAN_POINT('',(5.1,-1.7));
#4486 = ( GEOMETRIC_REPRESENTATION_CONTEXT(2) 
PARAMETRIC_REPRESENTATION_CONTEXT() REPRESENTATION_CONTEXT('2D SPACE',''
  ) );
#4487 = PCURVE('',#4488,#4493);
#4488 = PLANE('',#4489);
#4489 = AXIS2_PLACEMENT_3D('',#4490,#4491,#4492);
#4490 = CARTESIAN_POINT('',(-28.75,-13.5,3.6));
#4491 = DIRECTION('',(0.,0.,1.));
#4492 = DIRECTION('',(1.,0.,-0.));
#4493 = DEFINITIONAL_REPRESENTATION('',(#4494),#4497);
#4494 = B_SPLINE_CURVE_WITH_KNOTS('',1,(#4495,#4496),.UNSPECIFIED.,.F.,
  .F.,(2,2),(-27.85,-0.85),.PIECEWISE_BEZIER_KNOTS.);
#4495 = CARTESIAN_POINT('',(1.,27.));
#4496 = CARTESIAN_POINT('',(1.,0.));
#4497 = ( GEOMETRIC_REPRESENTATION_CONTEXT(2) 
PARAMETRIC_REPRESENTATION_CONTEXT() REPRESENTATION_CONTEXT('2D SPACE',''
  ) );
#4498 = ORIENTED_EDGE('',*,*,#4499,.F.);
#4499 = EDGE_CURVE('',#4420,#4474,#4500,.T.);
#4500 = SURFACE_CURVE('',#4501,(#4505,#4511),.PCURVE_S1.);
#4501 = LINE('',#4502,#4503);
#4502 = CARTESIAN_POINT('',(-27.75,13.5,-0.65));
#4503 = VECTOR('',#4504,1.);
#4504 = DIRECTION('',(0.,0.,1.));
#4505 = PCURVE('',#1264,#4506);
#4506 = DEFINITIONAL_REPRESENTATION('',(#4507),#4510);
#4507 = B_SPLINE_CURVE_WITH_KNOTS('',1,(#4508,#4509),.UNSPECIFIED.,.F.,
  .F.,(2,2),(0.85,4.25),.PIECEWISE_BEZIER_KNOTS.);
#4508 = CARTESIAN_POINT('',(1.7,-28.7));
#4509 = CARTESIAN_POINT('',(5.1,-28.7));
#4510 = ( GEOMETRIC_REPRESENTATION_CONTEXT(2) 
PARAMETRIC_REPRESENTATION_CONTEXT() REPRESENTATION_CONTEXT('2D SPACE',''
  ) );
#4511 = PCURVE('',#4512,#4517);
#4512 = PLANE('',#4513);
#4513 = AXIS2_PLACEMENT_3D('',#4514,#4515,#4516);
#4514 = CARTESIAN_POINT('',(-28.75,13.5,0.2));
#4515 = DIRECTION('',(-0.,1.,0.));
#4516 = DIRECTION('',(0.,0.,1.));
#4517 = DEFINITIONAL_REPRESENTATION('',(#4518),#4521);
#4518 = B_SPLINE_CURVE_WITH_KNOTS('',1,(#4519,#4520),.UNSPECIFIED.,.F.,
  .F.,(2,2),(0.85,4.25),.PIECEWISE_BEZIER_KNOTS.);
#4519 = CARTESIAN_POINT('',(0.,1.));
#4520 = CARTESIAN_POINT('',(3.4,1.));
#4521 = ( GEOMETRIC_REPRESENTATION_CONTEXT(2) 
PARAMETRIC_REPRESENTATION_CONTEXT() REPRESENTATION_CONTEXT('2D SPACE',''
  ) );
#4522 = ADVANCED_FACE('',(#4523),#2462,.T.);
#4523 = FACE_BOUND('',#4524,.T.);
#4524 = EDGE_LOOP('',(#4525,#4548,#4549,#4550,#4571,#4572));
#4525 = ORIENTED_EDGE('',*,*,#4526,.F.);
#4526 = EDGE_CURVE('',#2415,#4527,#4529,.T.);
#4527 = VERTEX_POINT('',#4528);
#4528 = CARTESIAN_POINT('',(-19.,31.65,1.4));
#4529 = SURFACE_CURVE('',#4530,(#4534,#4541),.PCURVE_S1.);
#4530 = LINE('',#4531,#4532);
#4531 = CARTESIAN_POINT('',(-19.,31.65,-4.));
#4532 = VECTOR('',#4533,1.);
#4533 = DIRECTION('',(0.,0.,1.));
#4534 = PCURVE('',#2462,#4535);
#4535 = DEFINITIONAL_REPRESENTATION('',(#4536),#4540);
#4536 = LINE('',#4537,#4538);
#4537 = CARTESIAN_POINT('',(0.,0.));
#4538 = VECTOR('',#4539,1.);
#4539 = DIRECTION('',(1.,0.));
#4540 = ( GEOMETRIC_REPRESENTATION_CONTEXT(2) 
PARAMETRIC_REPRESENTATION_CONTEXT() REPRESENTATION_CONTEXT('2D SPACE',''
  ) );
#4541 = PCURVE('',#2431,#4542);
#4542 = DEFINITIONAL_REPRESENTATION('',(#4543),#4547);
#4543 = LINE('',#4544,#4545);
#4544 = CARTESIAN_POINT('',(0.,0.));
#4545 = VECTOR('',#4546,1.);
#4546 = DIRECTION('',(1.,0.));
#4547 = ( GEOMETRIC_REPRESENTATION_CONTEXT(2) 
PARAMETRIC_REPRESENTATION_CONTEXT() REPRESENTATION_CONTEXT('2D SPACE',''
  ) );
#4548 = ORIENTED_EDGE('',*,*,#2447,.F.);
#4549 = ORIENTED_EDGE('',*,*,#2859,.F.);
#4550 = ORIENTED_EDGE('',*,*,#4551,.F.);
#4551 = EDGE_CURVE('',#3829,#2860,#4552,.T.);
#4552 = SURFACE_CURVE('',#4553,(#4557,#4564),.PCURVE_S1.);
#4553 = LINE('',#4554,#4555);
#4554 = CARTESIAN_POINT('',(-19.,31.65,2.2));
#4555 = VECTOR('',#4556,1.);
#4556 = DIRECTION('',(-0.,1.,0.));
#4557 = PCURVE('',#2462,#4558);
#4558 = DEFINITIONAL_REPRESENTATION('',(#4559),#4563);
#4559 = LINE('',#4560,#4561);
#4560 = CARTESIAN_POINT('',(6.2,0.));
#4561 = VECTOR('',#4562,1.);
#4562 = DIRECTION('',(0.,-1.));
#4563 = ( GEOMETRIC_REPRESENTATION_CONTEXT(2) 
PARAMETRIC_REPRESENTATION_CONTEXT() REPRESENTATION_CONTEXT('2D SPACE',''
  ) );
#4564 = PCURVE('',#2919,#4565);
#4565 = DEFINITIONAL_REPRESENTATION('',(#4566),#4570);
#4566 = LINE('',#4567,#4568);
#4567 = CARTESIAN_POINT('',(0.,0.));
#4568 = VECTOR('',#4569,1.);
#4569 = DIRECTION('',(0.,1.));
#4570 = ( GEOMETRIC_REPRESENTATION_CONTEXT(2) 
PARAMETRIC_REPRESENTATION_CONTEXT() REPRESENTATION_CONTEXT('2D SPACE',''
  ) );
#4571 = ORIENTED_EDGE('',*,*,#3849,.T.);
#4572 = ORIENTED_EDGE('',*,*,#4573,.F.);
#4573 = EDGE_CURVE('',#4527,#3566,#4574,.T.);
#4574 = SURFACE_CURVE('',#4575,(#4579,#4585),.PCURVE_S1.);
#4575 = LINE('',#4576,#4577);
#4576 = CARTESIAN_POINT('',(-19.,15.825,1.4));
#4577 = VECTOR('',#4578,1.);
#4578 = DIRECTION('',(-0.,1.,0.));
#4579 = PCURVE('',#2462,#4580);
#4580 = DEFINITIONAL_REPRESENTATION('',(#4581),#4584);
#4581 = B_SPLINE_CURVE_WITH_KNOTS('',1,(#4582,#4583),.UNSPECIFIED.,.F.,
  .F.,(2,2),(15.825,19.525),.PIECEWISE_BEZIER_KNOTS.);
#4582 = CARTESIAN_POINT('',(5.4,0.));
#4583 = CARTESIAN_POINT('',(5.4,-3.7));
#4584 = ( GEOMETRIC_REPRESENTATION_CONTEXT(2) 
PARAMETRIC_REPRESENTATION_CONTEXT() REPRESENTATION_CONTEXT('2D SPACE',''
  ) );
#4585 = PCURVE('',#3581,#4586);
#4586 = DEFINITIONAL_REPRESENTATION('',(#4587),#4590);
#4587 = B_SPLINE_CURVE_WITH_KNOTS('',1,(#4588,#4589),.UNSPECIFIED.,.F.,
  .F.,(2,2),(15.825,19.525),.PIECEWISE_BEZIER_KNOTS.);
#4588 = CARTESIAN_POINT('',(-19.,31.65));
#4589 = CARTESIAN_POINT('',(-19.,35.35));
#4590 = ( GEOMETRIC_REPRESENTATION_CONTEXT(2) 
PARAMETRIC_REPRESENTATION_CONTEXT() REPRESENTATION_CONTEXT('2D SPACE',''
  ) );
#4591 = ADVANCED_FACE('',(#4592),#2431,.T.);
#4592 = FACE_BOUND('',#4593,.T.);
#4593 = EDGE_LOOP('',(#4594,#4617,#4618,#4619));
#4594 = ORIENTED_EDGE('',*,*,#4595,.F.);
#4595 = EDGE_CURVE('',#2389,#4596,#4598,.T.);
#4596 = VERTEX_POINT('',#4597);
#4597 = CARTESIAN_POINT('',(22.,31.65,1.4));
#4598 = SURFACE_CURVE('',#4599,(#4603,#4610),.PCURVE_S1.);
#4599 = LINE('',#4600,#4601);
#4600 = CARTESIAN_POINT('',(22.,31.65,-4.));
#4601 = VECTOR('',#4602,1.);
#4602 = DIRECTION('',(0.,0.,1.));
#4603 = PCURVE('',#2431,#4604);
#4604 = DEFINITIONAL_REPRESENTATION('',(#4605),#4609);
#4605 = LINE('',#4606,#4607);
#4606 = CARTESIAN_POINT('',(0.,41.));
#4607 = VECTOR('',#4608,1.);
#4608 = DIRECTION('',(1.,0.));
#4609 = ( GEOMETRIC_REPRESENTATION_CONTEXT(2) 
PARAMETRIC_REPRESENTATION_CONTEXT() REPRESENTATION_CONTEXT('2D SPACE',''
  ) );
#4610 = PCURVE('',#2403,#4611);
#4611 = DEFINITIONAL_REPRESENTATION('',(#4612),#4616);
#4612 = LINE('',#4613,#4614);
#4613 = CARTESIAN_POINT('',(0.,0.));
#4614 = VECTOR('',#4615,1.);
#4615 = DIRECTION('',(1.,0.));
#4616 = ( GEOMETRIC_REPRESENTATION_CONTEXT(2) 
PARAMETRIC_REPRESENTATION_CONTEXT() REPRESENTATION_CONTEXT('2D SPACE',''
  ) );
#4617 = ORIENTED_EDGE('',*,*,#2414,.T.);
#4618 = ORIENTED_EDGE('',*,*,#4526,.T.);
#4619 = ORIENTED_EDGE('',*,*,#4620,.F.);
#4620 = EDGE_CURVE('',#4596,#4527,#4621,.T.);
#4621 = SURFACE_CURVE('',#4622,(#4626,#4632),.PCURVE_S1.);
#4622 = LINE('',#4623,#4624);
#4623 = CARTESIAN_POINT('',(-9.5,31.65,1.4));
#4624 = VECTOR('',#4625,1.);
#4625 = DIRECTION('',(-1.,-0.,0.));
#4626 = PCURVE('',#2431,#4627);
#4627 = DEFINITIONAL_REPRESENTATION('',(#4628),#4631);
#4628 = B_SPLINE_CURVE_WITH_KNOTS('',1,(#4629,#4630),.UNSPECIFIED.,.F.,
  .F.,(2,2),(-31.5,9.5),.PIECEWISE_BEZIER_KNOTS.);
#4629 = CARTESIAN_POINT('',(5.4,41.));
#4630 = CARTESIAN_POINT('',(5.4,0.));
#4631 = ( GEOMETRIC_REPRESENTATION_CONTEXT(2) 
PARAMETRIC_REPRESENTATION_CONTEXT() REPRESENTATION_CONTEXT('2D SPACE',''
  ) );
#4632 = PCURVE('',#3581,#4633);
#4633 = DEFINITIONAL_REPRESENTATION('',(#4634),#4637);
#4634 = B_SPLINE_CURVE_WITH_KNOTS('',1,(#4635,#4636),.UNSPECIFIED.,.F.,
  .F.,(2,2),(-31.5,9.5),.PIECEWISE_BEZIER_KNOTS.);
#4635 = CARTESIAN_POINT('',(22.,31.65));
#4636 = CARTESIAN_POINT('',(-19.,31.65));
#4637 = ( GEOMETRIC_REPRESENTATION_CONTEXT(2) 
PARAMETRIC_REPRESENTATION_CONTEXT() REPRESENTATION_CONTEXT('2D SPACE',''
  ) );
#4638 = ADVANCED_FACE('',(#4639),#2403,.F.);
#4639 = FACE_BOUND('',#4640,.F.);
#4640 = EDGE_LOOP('',(#4641,#4642,#4643,#4666,#4687,#4688));
#4641 = ORIENTED_EDGE('',*,*,#4595,.F.);
#4642 = ORIENTED_EDGE('',*,*,#2388,.F.);
#4643 = ORIENTED_EDGE('',*,*,#4644,.T.);
#4644 = EDGE_CURVE('',#2356,#4645,#4647,.T.);
#4645 = VERTEX_POINT('',#4646);
#4646 = CARTESIAN_POINT('',(22.,37.65,2.2));
#4647 = SURFACE_CURVE('',#4648,(#4652,#4659),.PCURVE_S1.);
#4648 = LINE('',#4649,#4650);
#4649 = CARTESIAN_POINT('',(22.,37.65,-4.));
#4650 = VECTOR('',#4651,1.);
#4651 = DIRECTION('',(0.,0.,1.));
#4652 = PCURVE('',#2403,#4653);
#4653 = DEFINITIONAL_REPRESENTATION('',(#4654),#4658);
#4654 = LINE('',#4655,#4656);
#4655 = CARTESIAN_POINT('',(0.,-6.));
#4656 = VECTOR('',#4657,1.);
#4657 = DIRECTION('',(1.,0.));
#4658 = ( GEOMETRIC_REPRESENTATION_CONTEXT(2) 
PARAMETRIC_REPRESENTATION_CONTEXT() REPRESENTATION_CONTEXT('2D SPACE',''
  ) );
#4659 = PCURVE('',#2372,#4660);
#4660 = DEFINITIONAL_REPRESENTATION('',(#4661),#4665);
#4661 = LINE('',#4662,#4663);
#4662 = CARTESIAN_POINT('',(0.,41.));
#4663 = VECTOR('',#4664,1.);
#4664 = DIRECTION('',(1.,0.));
#4665 = ( GEOMETRIC_REPRESENTATION_CONTEXT(2) 
PARAMETRIC_REPRESENTATION_CONTEXT() REPRESENTATION_CONTEXT('2D SPACE',''
  ) );
#4666 = ORIENTED_EDGE('',*,*,#4667,.F.);
#4667 = EDGE_CURVE('',#4044,#4645,#4668,.T.);
#4668 = SURFACE_CURVE('',#4669,(#4673,#4680),.PCURVE_S1.);
#4669 = LINE('',#4670,#4671);
#4670 = CARTESIAN_POINT('',(22.,31.65,2.2));
#4671 = VECTOR('',#4672,1.);
#4672 = DIRECTION('',(-0.,1.,0.));
#4673 = PCURVE('',#2403,#4674);
#4674 = DEFINITIONAL_REPRESENTATION('',(#4675),#4679);
#4675 = LINE('',#4676,#4677);
#4676 = CARTESIAN_POINT('',(6.2,0.));
#4677 = VECTOR('',#4678,1.);
#4678 = DIRECTION('',(0.,-1.));
#4679 = ( GEOMETRIC_REPRESENTATION_CONTEXT(2) 
PARAMETRIC_REPRESENTATION_CONTEXT() REPRESENTATION_CONTEXT('2D SPACE',''
  ) );
#4680 = PCURVE('',#2919,#4681);
#4681 = DEFINITIONAL_REPRESENTATION('',(#4682),#4686);
#4682 = LINE('',#4683,#4684);
#4683 = CARTESIAN_POINT('',(41.,0.));
#4684 = VECTOR('',#4685,1.);
#4685 = DIRECTION('',(0.,1.));
#4686 = ( GEOMETRIC_REPRESENTATION_CONTEXT(2) 
PARAMETRIC_REPRESENTATION_CONTEXT() REPRESENTATION_CONTEXT('2D SPACE',''
  ) );
#4687 = ORIENTED_EDGE('',*,*,#4071,.T.);
#4688 = ORIENTED_EDGE('',*,*,#4689,.F.);
#4689 = EDGE_CURVE('',#4596,#3923,#4690,.T.);
#4690 = SURFACE_CURVE('',#4691,(#4695,#4701),.PCURVE_S1.);
#4691 = LINE('',#4692,#4693);
#4692 = CARTESIAN_POINT('',(22.,15.825,1.4));
#4693 = VECTOR('',#4694,1.);
#4694 = DIRECTION('',(-0.,1.,0.));
#4695 = PCURVE('',#2403,#4696);
#4696 = DEFINITIONAL_REPRESENTATION('',(#4697),#4700);
#4697 = B_SPLINE_CURVE_WITH_KNOTS('',1,(#4698,#4699),.UNSPECIFIED.,.F.,
  .F.,(2,2),(15.825,19.525),.PIECEWISE_BEZIER_KNOTS.);
#4698 = CARTESIAN_POINT('',(5.4,0.));
#4699 = CARTESIAN_POINT('',(5.4,-3.7));
#4700 = ( GEOMETRIC_REPRESENTATION_CONTEXT(2) 
PARAMETRIC_REPRESENTATION_CONTEXT() REPRESENTATION_CONTEXT('2D SPACE',''
  ) );
#4701 = PCURVE('',#3581,#4702);
#4702 = DEFINITIONAL_REPRESENTATION('',(#4703),#4706);
#4703 = B_SPLINE_CURVE_WITH_KNOTS('',1,(#4704,#4705),.UNSPECIFIED.,.F.,
  .F.,(2,2),(15.825,19.525),.PIECEWISE_BEZIER_KNOTS.);
#4704 = CARTESIAN_POINT('',(22.,31.65));
#4705 = CARTESIAN_POINT('',(22.,35.35));
#4706 = ( GEOMETRIC_REPRESENTATION_CONTEXT(2) 
PARAMETRIC_REPRESENTATION_CONTEXT() REPRESENTATION_CONTEXT('2D SPACE',''
  ) );
#4707 = ADVANCED_FACE('',(#4708),#2372,.F.);
#4708 = FACE_BOUND('',#4709,.F.);
#4709 = EDGE_LOOP('',(#4710,#4711,#4712,#4713));
#4710 = ORIENTED_EDGE('',*,*,#4644,.F.);
#4711 = ORIENTED_EDGE('',*,*,#2355,.T.);
#4712 = ORIENTED_EDGE('',*,*,#3143,.T.);
#4713 = ORIENTED_EDGE('',*,*,#4714,.T.);
#4714 = EDGE_CURVE('',#3144,#4645,#4715,.T.);
#4715 = SURFACE_CURVE('',#4716,(#4720,#4727),.PCURVE_S1.);
#4716 = LINE('',#4717,#4718);
#4717 = CARTESIAN_POINT('',(-19.,37.65,2.2));
#4718 = VECTOR('',#4719,1.);
#4719 = DIRECTION('',(1.,0.,-0.));
#4720 = PCURVE('',#2372,#4721);
#4721 = DEFINITIONAL_REPRESENTATION('',(#4722),#4726);
#4722 = LINE('',#4723,#4724);
#4723 = CARTESIAN_POINT('',(6.2,0.));
#4724 = VECTOR('',#4725,1.);
#4725 = DIRECTION('',(0.,1.));
#4726 = ( GEOMETRIC_REPRESENTATION_CONTEXT(2) 
PARAMETRIC_REPRESENTATION_CONTEXT() REPRESENTATION_CONTEXT('2D SPACE',''
  ) );
#4727 = PCURVE('',#2919,#4728);
#4728 = DEFINITIONAL_REPRESENTATION('',(#4729),#4733);
#4729 = LINE('',#4730,#4731);
#4730 = CARTESIAN_POINT('',(0.,6.));
#4731 = VECTOR('',#4732,1.);
#4732 = DIRECTION('',(1.,0.));
#4733 = ( GEOMETRIC_REPRESENTATION_CONTEXT(2) 
PARAMETRIC_REPRESENTATION_CONTEXT() REPRESENTATION_CONTEXT('2D SPACE',''
  ) );
#4734 = ADVANCED_FACE('',(#4735),#2547,.T.);
#4735 = FACE_BOUND('',#4736,.T.);
#4736 = EDGE_LOOP('',(#4737,#4760,#4761,#4784));
#4737 = ORIENTED_EDGE('',*,*,#4738,.F.);
#4738 = EDGE_CURVE('',#2533,#4739,#4741,.T.);
#4739 = VERTEX_POINT('',#4740);
#4740 = CARTESIAN_POINT('',(-18.,15.,1.4));
#4741 = SURFACE_CURVE('',#4742,(#4746,#4753),.PCURVE_S1.);
#4742 = LINE('',#4743,#4744);
#4743 = CARTESIAN_POINT('',(-18.,15.,-2.723438300723));
#4744 = VECTOR('',#4745,1.);
#4745 = DIRECTION('',(0.,0.,1.));
#4746 = PCURVE('',#2547,#4747);
#4747 = DEFINITIONAL_REPRESENTATION('',(#4748),#4752);
#4748 = LINE('',#4749,#4750);
#4749 = CARTESIAN_POINT('',(0.,0.));
#4750 = VECTOR('',#4751,1.);
#4751 = DIRECTION('',(1.,0.));
#4752 = ( GEOMETRIC_REPRESENTATION_CONTEXT(2) 
PARAMETRIC_REPRESENTATION_CONTEXT() REPRESENTATION_CONTEXT('2D SPACE',''
  ) );
#4753 = PCURVE('',#2632,#4754);
#4754 = DEFINITIONAL_REPRESENTATION('',(#4755),#4759);
#4755 = LINE('',#4756,#4757);
#4756 = CARTESIAN_POINT('',(0.,0.));
#4757 = VECTOR('',#4758,1.);
#4758 = DIRECTION('',(1.,0.));
#4759 = ( GEOMETRIC_REPRESENTATION_CONTEXT(2) 
PARAMETRIC_REPRESENTATION_CONTEXT() REPRESENTATION_CONTEXT('2D SPACE',''
  ) );
#4760 = ORIENTED_EDGE('',*,*,#2530,.F.);
#4761 = ORIENTED_EDGE('',*,*,#4762,.T.);
#4762 = EDGE_CURVE('',#2531,#4763,#4765,.T.);
#4763 = VERTEX_POINT('',#4764);
#4764 = CARTESIAN_POINT('',(-18.,30.5,1.4));
#4765 = SURFACE_CURVE('',#4766,(#4770,#4777),.PCURVE_S1.);
#4766 = LINE('',#4767,#4768);
#4767 = CARTESIAN_POINT('',(-18.,30.5,-2.723438300723));
#4768 = VECTOR('',#4769,1.);
#4769 = DIRECTION('',(0.,0.,1.));
#4770 = PCURVE('',#2547,#4771);
#4771 = DEFINITIONAL_REPRESENTATION('',(#4772),#4776);
#4772 = LINE('',#4773,#4774);
#4773 = CARTESIAN_POINT('',(0.,-15.5));
#4774 = VECTOR('',#4775,1.);
#4775 = DIRECTION('',(1.,0.));
#4776 = ( GEOMETRIC_REPRESENTATION_CONTEXT(2) 
PARAMETRIC_REPRESENTATION_CONTEXT() REPRESENTATION_CONTEXT('2D SPACE',''
  ) );
#4777 = PCURVE('',#2575,#4778);
#4778 = DEFINITIONAL_REPRESENTATION('',(#4779),#4783);
#4779 = LINE('',#4780,#4781);
#4780 = CARTESIAN_POINT('',(0.,0.));
#4781 = VECTOR('',#4782,1.);
#4782 = DIRECTION('',(1.,0.));
#4783 = ( GEOMETRIC_REPRESENTATION_CONTEXT(2) 
PARAMETRIC_REPRESENTATION_CONTEXT() REPRESENTATION_CONTEXT('2D SPACE',''
  ) );
#4784 = ORIENTED_EDGE('',*,*,#4785,.F.);
#4785 = EDGE_CURVE('',#4739,#4763,#4786,.T.);
#4786 = SURFACE_CURVE('',#4787,(#4791,#4797),.PCURVE_S1.);
#4787 = LINE('',#4788,#4789);
#4788 = CARTESIAN_POINT('',(-18.,7.5,1.4));
#4789 = VECTOR('',#4790,1.);
#4790 = DIRECTION('',(-0.,1.,0.));
#4791 = PCURVE('',#2547,#4792);
#4792 = DEFINITIONAL_REPRESENTATION('',(#4793),#4796);
#4793 = B_SPLINE_CURVE_WITH_KNOTS('',1,(#4794,#4795),.UNSPECIFIED.,.F.,
  .F.,(2,2),(7.5,23.),.PIECEWISE_BEZIER_KNOTS.);
#4794 = CARTESIAN_POINT('',(4.123438300723,0.));
#4795 = CARTESIAN_POINT('',(4.123438300723,-15.5));
#4796 = ( GEOMETRIC_REPRESENTATION_CONTEXT(2) 
PARAMETRIC_REPRESENTATION_CONTEXT() REPRESENTATION_CONTEXT('2D SPACE',''
  ) );
#4797 = PCURVE('',#3581,#4798);
#4798 = DEFINITIONAL_REPRESENTATION('',(#4799),#4802);
#4799 = B_SPLINE_CURVE_WITH_KNOTS('',1,(#4800,#4801),.UNSPECIFIED.,.F.,
  .F.,(2,2),(7.5,23.),.PIECEWISE_BEZIER_KNOTS.);
#4800 = CARTESIAN_POINT('',(-18.,15.));
#4801 = CARTESIAN_POINT('',(-18.,30.5));
#4802 = ( GEOMETRIC_REPRESENTATION_CONTEXT(2) 
PARAMETRIC_REPRESENTATION_CONTEXT() REPRESENTATION_CONTEXT('2D SPACE',''
  ) );
#4803 = ADVANCED_FACE('',(#4804),#2575,.F.);
#4804 = FACE_BOUND('',#4805,.F.);
#4805 = EDGE_LOOP('',(#4806,#4829,#4830,#4831));
#4806 = ORIENTED_EDGE('',*,*,#4807,.F.);
#4807 = EDGE_CURVE('',#2559,#4808,#4810,.T.);
#4808 = VERTEX_POINT('',#4809);
#4809 = CARTESIAN_POINT('',(8.,30.5,1.4));
#4810 = SURFACE_CURVE('',#4811,(#4815,#4822),.PCURVE_S1.);
#4811 = LINE('',#4812,#4813);
#4812 = CARTESIAN_POINT('',(8.,30.5,-2.723438300723));
#4813 = VECTOR('',#4814,1.);
#4814 = DIRECTION('',(0.,0.,1.));
#4815 = PCURVE('',#2575,#4816);
#4816 = DEFINITIONAL_REPRESENTATION('',(#4817),#4821);
#4817 = LINE('',#4818,#4819);
#4818 = CARTESIAN_POINT('',(0.,26.));
#4819 = VECTOR('',#4820,1.);
#4820 = DIRECTION('',(1.,0.));
#4821 = ( GEOMETRIC_REPRESENTATION_CONTEXT(2) 
PARAMETRIC_REPRESENTATION_CONTEXT() REPRESENTATION_CONTEXT('2D SPACE',''
  ) );
#4822 = PCURVE('',#2606,#4823);
#4823 = DEFINITIONAL_REPRESENTATION('',(#4824),#4828);
#4824 = LINE('',#4825,#4826);
#4825 = CARTESIAN_POINT('',(0.,-15.5));
#4826 = VECTOR('',#4827,1.);
#4827 = DIRECTION('',(1.,0.));
#4828 = ( GEOMETRIC_REPRESENTATION_CONTEXT(2) 
PARAMETRIC_REPRESENTATION_CONTEXT() REPRESENTATION_CONTEXT('2D SPACE',''
  ) );
#4829 = ORIENTED_EDGE('',*,*,#2558,.T.);
#4830 = ORIENTED_EDGE('',*,*,#4762,.T.);
#4831 = ORIENTED_EDGE('',*,*,#4832,.F.);
#4832 = EDGE_CURVE('',#4808,#4763,#4833,.T.);
#4833 = SURFACE_CURVE('',#4834,(#4838,#4844),.PCURVE_S1.);
#4834 = LINE('',#4835,#4836);
#4835 = CARTESIAN_POINT('',(-9.,30.5,1.4));
#4836 = VECTOR('',#4837,1.);
#4837 = DIRECTION('',(-1.,-0.,0.));
#4838 = PCURVE('',#2575,#4839);
#4839 = DEFINITIONAL_REPRESENTATION('',(#4840),#4843);
#4840 = B_SPLINE_CURVE_WITH_KNOTS('',1,(#4841,#4842),.UNSPECIFIED.,.F.,
  .F.,(2,2),(-17.,9.),.PIECEWISE_BEZIER_KNOTS.);
#4841 = CARTESIAN_POINT('',(4.123438300723,26.));
#4842 = CARTESIAN_POINT('',(4.123438300723,0.));
#4843 = ( GEOMETRIC_REPRESENTATION_CONTEXT(2) 
PARAMETRIC_REPRESENTATION_CONTEXT() REPRESENTATION_CONTEXT('2D SPACE',''
  ) );
#4844 = PCURVE('',#3581,#4845);
#4845 = DEFINITIONAL_REPRESENTATION('',(#4846),#4849);
#4846 = B_SPLINE_CURVE_WITH_KNOTS('',1,(#4847,#4848),.UNSPECIFIED.,.F.,
  .F.,(2,2),(-17.,9.),.PIECEWISE_BEZIER_KNOTS.);
#4847 = CARTESIAN_POINT('',(8.,30.5));
#4848 = CARTESIAN_POINT('',(-18.,30.5));
#4849 = ( GEOMETRIC_REPRESENTATION_CONTEXT(2) 
PARAMETRIC_REPRESENTATION_CONTEXT() REPRESENTATION_CONTEXT('2D SPACE',''
  ) );
#4850 = ADVANCED_FACE('',(#4851),#2632,.T.);
#4851 = FACE_BOUND('',#4852,.T.);
#4852 = EDGE_LOOP('',(#4853,#4876,#4877,#4878));
#4853 = ORIENTED_EDGE('',*,*,#4854,.F.);
#4854 = EDGE_CURVE('',#2592,#4855,#4857,.T.);
#4855 = VERTEX_POINT('',#4856);
#4856 = CARTESIAN_POINT('',(8.,15.,1.4));
#4857 = SURFACE_CURVE('',#4858,(#4862,#4869),.PCURVE_S1.);
#4858 = LINE('',#4859,#4860);
#4859 = CARTESIAN_POINT('',(8.,15.,-2.723438300723));
#4860 = VECTOR('',#4861,1.);
#4861 = DIRECTION('',(0.,0.,1.));
#4862 = PCURVE('',#2632,#4863);
#4863 = DEFINITIONAL_REPRESENTATION('',(#4864),#4868);
#4864 = LINE('',#4865,#4866);
#4865 = CARTESIAN_POINT('',(0.,26.));
#4866 = VECTOR('',#4867,1.);
#4867 = DIRECTION('',(1.,0.));
#4868 = ( GEOMETRIC_REPRESENTATION_CONTEXT(2) 
PARAMETRIC_REPRESENTATION_CONTEXT() REPRESENTATION_CONTEXT('2D SPACE',''
  ) );
#4869 = PCURVE('',#2606,#4870);
#4870 = DEFINITIONAL_REPRESENTATION('',(#4871),#4875);
#4871 = LINE('',#4872,#4873);
#4872 = CARTESIAN_POINT('',(0.,0.));
#4873 = VECTOR('',#4874,1.);
#4874 = DIRECTION('',(1.,0.));
#4875 = ( GEOMETRIC_REPRESENTATION_CONTEXT(2) 
PARAMETRIC_REPRESENTATION_CONTEXT() REPRESENTATION_CONTEXT('2D SPACE',''
  ) );
#4876 = ORIENTED_EDGE('',*,*,#2617,.T.);
#4877 = ORIENTED_EDGE('',*,*,#4738,.T.);
#4878 = ORIENTED_EDGE('',*,*,#4879,.F.);
#4879 = EDGE_CURVE('',#4855,#4739,#4880,.T.);
#4880 = SURFACE_CURVE('',#4881,(#4885,#4891),.PCURVE_S1.);
#4881 = LINE('',#4882,#4883);
#4882 = CARTESIAN_POINT('',(-9.,15.,1.4));
#4883 = VECTOR('',#4884,1.);
#4884 = DIRECTION('',(-1.,-0.,0.));
#4885 = PCURVE('',#2632,#4886);
#4886 = DEFINITIONAL_REPRESENTATION('',(#4887),#4890);
#4887 = B_SPLINE_CURVE_WITH_KNOTS('',1,(#4888,#4889),.UNSPECIFIED.,.F.,
  .F.,(2,2),(-17.,9.),.PIECEWISE_BEZIER_KNOTS.);
#4888 = CARTESIAN_POINT('',(4.123438300723,26.));
#4889 = CARTESIAN_POINT('',(4.123438300723,0.));
#4890 = ( GEOMETRIC_REPRESENTATION_CONTEXT(2) 
PARAMETRIC_REPRESENTATION_CONTEXT() REPRESENTATION_CONTEXT('2D SPACE',''
  ) );
#4891 = PCURVE('',#3581,#4892);
#4892 = DEFINITIONAL_REPRESENTATION('',(#4893),#4896);
#4893 = B_SPLINE_CURVE_WITH_KNOTS('',1,(#4894,#4895),.UNSPECIFIED.,.F.,
  .F.,(2,2),(-17.,9.),.PIECEWISE_BEZIER_KNOTS.);
#4894 = CARTESIAN_POINT('',(8.,15.));
#4895 = CARTESIAN_POINT('',(-18.,15.));
#4896 = ( GEOMETRIC_REPRESENTATION_CONTEXT(2) 
PARAMETRIC_REPRESENTATION_CONTEXT() REPRESENTATION_CONTEXT('2D SPACE',''
  ) );
#4897 = ADVANCED_FACE('',(#4898),#2606,.F.);
#4898 = FACE_BOUND('',#4899,.F.);
#4899 = EDGE_LOOP('',(#4900,#4901,#4902,#4903));
#4900 = ORIENTED_EDGE('',*,*,#4854,.F.);
#4901 = ORIENTED_EDGE('',*,*,#2591,.F.);
#4902 = ORIENTED_EDGE('',*,*,#4807,.T.);
#4903 = ORIENTED_EDGE('',*,*,#4904,.F.);
#4904 = EDGE_CURVE('',#4855,#4808,#4905,.T.);
#4905 = SURFACE_CURVE('',#4906,(#4910,#4916),.PCURVE_S1.);
#4906 = LINE('',#4907,#4908);
#4907 = CARTESIAN_POINT('',(8.,7.5,1.4));
#4908 = VECTOR('',#4909,1.);
#4909 = DIRECTION('',(-0.,1.,0.));
#4910 = PCURVE('',#2606,#4911);
#4911 = DEFINITIONAL_REPRESENTATION('',(#4912),#4915);
#4912 = B_SPLINE_CURVE_WITH_KNOTS('',1,(#4913,#4914),.UNSPECIFIED.,.F.,
  .F.,(2,2),(7.5,23.),.PIECEWISE_BEZIER_KNOTS.);
#4913 = CARTESIAN_POINT('',(4.123438300723,0.));
#4914 = CARTESIAN_POINT('',(4.123438300723,-15.5));
#4915 = ( GEOMETRIC_REPRESENTATION_CONTEXT(2) 
PARAMETRIC_REPRESENTATION_CONTEXT() REPRESENTATION_CONTEXT('2D SPACE',''
  ) );
#4916 = PCURVE('',#3581,#4917);
#4917 = DEFINITIONAL_REPRESENTATION('',(#4918),#4921);
#4918 = B_SPLINE_CURVE_WITH_KNOTS('',1,(#4919,#4920),.UNSPECIFIED.,.F.,
  .F.,(2,2),(7.5,23.),.PIECEWISE_BEZIER_KNOTS.);
#4919 = CARTESIAN_POINT('',(8.,15.));
#4920 = CARTESIAN_POINT('',(8.,30.5));
#4921 = ( GEOMETRIC_REPRESENTATION_CONTEXT(2) 
PARAMETRIC_REPRESENTATION_CONTEXT() REPRESENTATION_CONTEXT('2D SPACE',''
  ) );
#4922 = ADVANCED_FACE('',(#4923),#2919,.F.);
#4923 = FACE_BOUND('',#4924,.F.);
#4924 = EDGE_LOOP('',(#4925,#4926,#4927,#4928,#4929,#4930,#4931,#4932));
#4925 = ORIENTED_EDGE('',*,*,#4551,.F.);
#4926 = ORIENTED_EDGE('',*,*,#3828,.T.);
#4927 = ORIENTED_EDGE('',*,*,#4043,.T.);
#4928 = ORIENTED_EDGE('',*,*,#4667,.T.);
#4929 = ORIENTED_EDGE('',*,*,#4714,.F.);
#4930 = ORIENTED_EDGE('',*,*,#3164,.T.);
#4931 = ORIENTED_EDGE('',*,*,#2981,.F.);
#4932 = ORIENTED_EDGE('',*,*,#2906,.F.);
#4933 = ADVANCED_FACE('',(#4934),#3106,.T.);
#4934 = FACE_BOUND('',#4935,.T.);
#4935 = EDGE_LOOP('',(#4936,#4959,#4960,#4961,#4984));
#4936 = ORIENTED_EDGE('',*,*,#4937,.F.);
#4937 = EDGE_CURVE('',#3065,#4938,#4940,.T.);
#4938 = VERTEX_POINT('',#4939);
#4939 = CARTESIAN_POINT('',(27.75,15.2,-1.5));
#4940 = SURFACE_CURVE('',#4941,(#4945,#4952),.PCURVE_S1.);
#4941 = LINE('',#4942,#4943);
#4942 = CARTESIAN_POINT('',(25.15,15.2,-1.5));
#4943 = VECTOR('',#4944,1.);
#4944 = DIRECTION('',(1.,0.,-0.));
#4945 = PCURVE('',#3106,#4946);
#4946 = DEFINITIONAL_REPRESENTATION('',(#4947),#4951);
#4947 = LINE('',#4948,#4949);
#4948 = CARTESIAN_POINT('',(0.,0.));
#4949 = VECTOR('',#4950,1.);
#4950 = DIRECTION('',(0.,1.));
#4951 = ( GEOMETRIC_REPRESENTATION_CONTEXT(2) 
PARAMETRIC_REPRESENTATION_CONTEXT() REPRESENTATION_CONTEXT('2D SPACE',''
  ) );
#4952 = PCURVE('',#3080,#4953);
#4953 = DEFINITIONAL_REPRESENTATION('',(#4954),#4958);
#4954 = LINE('',#4955,#4956);
#4955 = CARTESIAN_POINT('',(0.,30.4));
#4956 = VECTOR('',#4957,1.);
#4957 = DIRECTION('',(1.,0.));
#4958 = ( GEOMETRIC_REPRESENTATION_CONTEXT(2) 
PARAMETRIC_REPRESENTATION_CONTEXT() REPRESENTATION_CONTEXT('2D SPACE',''
  ) );
#4959 = ORIENTED_EDGE('',*,*,#3092,.T.);
#4960 = ORIENTED_EDGE('',*,*,#3214,.T.);
#4961 = ORIENTED_EDGE('',*,*,#4962,.T.);
#4962 = EDGE_CURVE('',#3215,#4963,#4965,.T.);
#4963 = VERTEX_POINT('',#4964);
#4964 = CARTESIAN_POINT('',(27.75,15.2,5.3));
#4965 = SURFACE_CURVE('',#4966,(#4970,#4977),.PCURVE_S1.);
#4966 = LINE('',#4967,#4968);
#4967 = CARTESIAN_POINT('',(25.15,15.2,5.3));
#4968 = VECTOR('',#4969,1.);
#4969 = DIRECTION('',(1.,0.,-0.));
#4970 = PCURVE('',#3106,#4971);
#4971 = DEFINITIONAL_REPRESENTATION('',(#4972),#4976);
#4972 = LINE('',#4973,#4974);
#4973 = CARTESIAN_POINT('',(6.8,0.));
#4974 = VECTOR('',#4975,1.);
#4975 = DIRECTION('',(0.,1.));
#4976 = ( GEOMETRIC_REPRESENTATION_CONTEXT(2) 
PARAMETRIC_REPRESENTATION_CONTEXT() REPRESENTATION_CONTEXT('2D SPACE',''
  ) );
#4977 = PCURVE('',#3251,#4978);
#4978 = DEFINITIONAL_REPRESENTATION('',(#4979),#4983);
#4979 = LINE('',#4980,#4981);
#4980 = CARTESIAN_POINT('',(0.,30.4));
#4981 = VECTOR('',#4982,1.);
#4982 = DIRECTION('',(1.,0.));
#4983 = ( GEOMETRIC_REPRESENTATION_CONTEXT(2) 
PARAMETRIC_REPRESENTATION_CONTEXT() REPRESENTATION_CONTEXT('2D SPACE',''
  ) );
#4984 = ORIENTED_EDGE('',*,*,#4985,.F.);
#4985 = EDGE_CURVE('',#4938,#4963,#4986,.T.);
#4986 = SURFACE_CURVE('',#4987,(#4991,#4998),.PCURVE_S1.);
#4987 = LINE('',#4988,#4989);
#4988 = CARTESIAN_POINT('',(27.75,15.2,-1.5));
#4989 = VECTOR('',#4990,1.);
#4990 = DIRECTION('',(0.,0.,1.));
#4991 = PCURVE('',#3106,#4992);
#4992 = DEFINITIONAL_REPRESENTATION('',(#4993),#4997);
#4993 = LINE('',#4994,#4995);
#4994 = CARTESIAN_POINT('',(0.,2.6));
#4995 = VECTOR('',#4996,1.);
#4996 = DIRECTION('',(1.,0.));
#4997 = ( GEOMETRIC_REPRESENTATION_CONTEXT(2) 
PARAMETRIC_REPRESENTATION_CONTEXT() REPRESENTATION_CONTEXT('2D SPACE',''
  ) );
#4998 = PCURVE('',#4999,#5004);
#4999 = PLANE('',#5000);
#5000 = AXIS2_PLACEMENT_3D('',#5001,#5002,#5003);
#5001 = CARTESIAN_POINT('',(27.75,-15.2,-1.5));
#5002 = DIRECTION('',(1.,0.,-0.));
#5003 = DIRECTION('',(0.,0.,1.));
#5004 = DEFINITIONAL_REPRESENTATION('',(#5005),#5009);
#5005 = LINE('',#5006,#5007);
#5006 = CARTESIAN_POINT('',(0.,-30.4));
#5007 = VECTOR('',#5008,1.);
#5008 = DIRECTION('',(1.,0.));
#5009 = ( GEOMETRIC_REPRESENTATION_CONTEXT(2) 
PARAMETRIC_REPRESENTATION_CONTEXT() REPRESENTATION_CONTEXT('2D SPACE',''
  ) );
#5010 = ADVANCED_FACE('',(#5011),#3080,.F.);
#5011 = FACE_BOUND('',#5012,.F.);
#5012 = EDGE_LOOP('',(#5013,#5014,#5037,#5058));
#5013 = ORIENTED_EDGE('',*,*,#3064,.F.);
#5014 = ORIENTED_EDGE('',*,*,#5015,.T.);
#5015 = EDGE_CURVE('',#3037,#5016,#5018,.T.);
#5016 = VERTEX_POINT('',#5017);
#5017 = CARTESIAN_POINT('',(27.75,-15.2,-1.5));
#5018 = SURFACE_CURVE('',#5019,(#5023,#5030),.PCURVE_S1.);
#5019 = LINE('',#5020,#5021);
#5020 = CARTESIAN_POINT('',(25.15,-15.2,-1.5));
#5021 = VECTOR('',#5022,1.);
#5022 = DIRECTION('',(1.,0.,-0.));
#5023 = PCURVE('',#3080,#5024);
#5024 = DEFINITIONAL_REPRESENTATION('',(#5025),#5029);
#5025 = LINE('',#5026,#5027);
#5026 = CARTESIAN_POINT('',(0.,0.));
#5027 = VECTOR('',#5028,1.);
#5028 = DIRECTION('',(1.,0.));
#5029 = ( GEOMETRIC_REPRESENTATION_CONTEXT(2) 
PARAMETRIC_REPRESENTATION_CONTEXT() REPRESENTATION_CONTEXT('2D SPACE',''
  ) );
#5030 = PCURVE('',#3052,#5031);
#5031 = DEFINITIONAL_REPRESENTATION('',(#5032),#5036);
#5032 = LINE('',#5033,#5034);
#5033 = CARTESIAN_POINT('',(0.,0.));
#5034 = VECTOR('',#5035,1.);
#5035 = DIRECTION('',(0.,1.));
#5036 = ( GEOMETRIC_REPRESENTATION_CONTEXT(2) 
PARAMETRIC_REPRESENTATION_CONTEXT() REPRESENTATION_CONTEXT('2D SPACE',''
  ) );
#5037 = ORIENTED_EDGE('',*,*,#5038,.T.);
#5038 = EDGE_CURVE('',#5016,#4938,#5039,.T.);
#5039 = SURFACE_CURVE('',#5040,(#5044,#5051),.PCURVE_S1.);
#5040 = LINE('',#5041,#5042);
#5041 = CARTESIAN_POINT('',(27.75,-15.2,-1.5));
#5042 = VECTOR('',#5043,1.);
#5043 = DIRECTION('',(-0.,1.,0.));
#5044 = PCURVE('',#3080,#5045);
#5045 = DEFINITIONAL_REPRESENTATION('',(#5046),#5050);
#5046 = LINE('',#5047,#5048);
#5047 = CARTESIAN_POINT('',(2.6,0.));
#5048 = VECTOR('',#5049,1.);
#5049 = DIRECTION('',(0.,1.));
#5050 = ( GEOMETRIC_REPRESENTATION_CONTEXT(2) 
PARAMETRIC_REPRESENTATION_CONTEXT() REPRESENTATION_CONTEXT('2D SPACE',''
  ) );
#5051 = PCURVE('',#4999,#5052);
#5052 = DEFINITIONAL_REPRESENTATION('',(#5053),#5057);
#5053 = LINE('',#5054,#5055);
#5054 = CARTESIAN_POINT('',(0.,0.));
#5055 = VECTOR('',#5056,1.);
#5056 = DIRECTION('',(0.,-1.));
#5057 = ( GEOMETRIC_REPRESENTATION_CONTEXT(2) 
PARAMETRIC_REPRESENTATION_CONTEXT() REPRESENTATION_CONTEXT('2D SPACE',''
  ) );
#5058 = ORIENTED_EDGE('',*,*,#4937,.F.);
#5059 = ADVANCED_FACE('',(#5060),#3052,.F.);
#5060 = FACE_BOUND('',#5061,.F.);
#5061 = EDGE_LOOP('',(#5062,#5063,#5064,#5065,#5088));
#5062 = ORIENTED_EDGE('',*,*,#5015,.F.);
#5063 = ORIENTED_EDGE('',*,*,#3036,.T.);
#5064 = ORIENTED_EDGE('',*,*,#3190,.T.);
#5065 = ORIENTED_EDGE('',*,*,#5066,.T.);
#5066 = EDGE_CURVE('',#3191,#5067,#5069,.T.);
#5067 = VERTEX_POINT('',#5068);
#5068 = CARTESIAN_POINT('',(27.75,-15.2,5.3));
#5069 = SURFACE_CURVE('',#5070,(#5074,#5081),.PCURVE_S1.);
#5070 = LINE('',#5071,#5072);
#5071 = CARTESIAN_POINT('',(25.15,-15.2,5.3));
#5072 = VECTOR('',#5073,1.);
#5073 = DIRECTION('',(1.,0.,-0.));
#5074 = PCURVE('',#3052,#5075);
#5075 = DEFINITIONAL_REPRESENTATION('',(#5076),#5080);
#5076 = LINE('',#5077,#5078);
#5077 = CARTESIAN_POINT('',(6.8,0.));
#5078 = VECTOR('',#5079,1.);
#5079 = DIRECTION('',(0.,1.));
#5080 = ( GEOMETRIC_REPRESENTATION_CONTEXT(2) 
PARAMETRIC_REPRESENTATION_CONTEXT() REPRESENTATION_CONTEXT('2D SPACE',''
  ) );
#5081 = PCURVE('',#3251,#5082);
#5082 = DEFINITIONAL_REPRESENTATION('',(#5083),#5087);
#5083 = LINE('',#5084,#5085);
#5084 = CARTESIAN_POINT('',(0.,0.));
#5085 = VECTOR('',#5086,1.);
#5086 = DIRECTION('',(1.,0.));
#5087 = ( GEOMETRIC_REPRESENTATION_CONTEXT(2) 
PARAMETRIC_REPRESENTATION_CONTEXT() REPRESENTATION_CONTEXT('2D SPACE',''
  ) );
#5088 = ORIENTED_EDGE('',*,*,#5089,.F.);
#5089 = EDGE_CURVE('',#5016,#5067,#5090,.T.);
#5090 = SURFACE_CURVE('',#5091,(#5095,#5102),.PCURVE_S1.);
#5091 = LINE('',#5092,#5093);
#5092 = CARTESIAN_POINT('',(27.75,-15.2,-1.5));
#5093 = VECTOR('',#5094,1.);
#5094 = DIRECTION('',(0.,0.,1.));
#5095 = PCURVE('',#3052,#5096);
#5096 = DEFINITIONAL_REPRESENTATION('',(#5097),#5101);
#5097 = LINE('',#5098,#5099);
#5098 = CARTESIAN_POINT('',(0.,2.6));
#5099 = VECTOR('',#5100,1.);
#5100 = DIRECTION('',(1.,0.));
#5101 = ( GEOMETRIC_REPRESENTATION_CONTEXT(2) 
PARAMETRIC_REPRESENTATION_CONTEXT() REPRESENTATION_CONTEXT('2D SPACE',''
  ) );
#5102 = PCURVE('',#4999,#5103);
#5103 = DEFINITIONAL_REPRESENTATION('',(#5104),#5108);
#5104 = LINE('',#5105,#5106);
#5105 = CARTESIAN_POINT('',(0.,0.));
#5106 = VECTOR('',#5107,1.);
#5107 = DIRECTION('',(1.,0.));
#5108 = ( GEOMETRIC_REPRESENTATION_CONTEXT(2) 
PARAMETRIC_REPRESENTATION_CONTEXT() REPRESENTATION_CONTEXT('2D SPACE',''
  ) );
#5109 = ADVANCED_FACE('',(#5110),#3251,.T.);
#5110 = FACE_BOUND('',#5111,.T.);
#5111 = EDGE_LOOP('',(#5112,#5113,#5114,#5135));
#5112 = ORIENTED_EDGE('',*,*,#3237,.F.);
#5113 = ORIENTED_EDGE('',*,*,#5066,.T.);
#5114 = ORIENTED_EDGE('',*,*,#5115,.T.);
#5115 = EDGE_CURVE('',#5067,#4963,#5116,.T.);
#5116 = SURFACE_CURVE('',#5117,(#5121,#5128),.PCURVE_S1.);
#5117 = LINE('',#5118,#5119);
#5118 = CARTESIAN_POINT('',(27.75,-15.2,5.3));
#5119 = VECTOR('',#5120,1.);
#5120 = DIRECTION('',(-0.,1.,0.));
#5121 = PCURVE('',#3251,#5122);
#5122 = DEFINITIONAL_REPRESENTATION('',(#5123),#5127);
#5123 = LINE('',#5124,#5125);
#5124 = CARTESIAN_POINT('',(2.6,0.));
#5125 = VECTOR('',#5126,1.);
#5126 = DIRECTION('',(0.,1.));
#5127 = ( GEOMETRIC_REPRESENTATION_CONTEXT(2) 
PARAMETRIC_REPRESENTATION_CONTEXT() REPRESENTATION_CONTEXT('2D SPACE',''
  ) );
#5128 = PCURVE('',#4999,#5129);
#5129 = DEFINITIONAL_REPRESENTATION('',(#5130),#5134);
#5130 = LINE('',#5131,#5132);
#5131 = CARTESIAN_POINT('',(6.8,0.));
#5132 = VECTOR('',#5133,1.);
#5133 = DIRECTION('',(0.,-1.));
#5134 = ( GEOMETRIC_REPRESENTATION_CONTEXT(2) 
PARAMETRIC_REPRESENTATION_CONTEXT() REPRESENTATION_CONTEXT('2D SPACE',''
  ) );
#5135 = ORIENTED_EDGE('',*,*,#4962,.F.);
#5136 = ADVANCED_FACE('',(#5137),#3312,.T.);
#5137 = FACE_BOUND('',#5138,.F.);
#5138 = EDGE_LOOP('',(#5139));
#5139 = ORIENTED_EDGE('',*,*,#3297,.F.);
#5140 = ADVANCED_FACE('',(#5141),#3367,.T.);
#5141 = FACE_BOUND('',#5142,.F.);
#5142 = EDGE_LOOP('',(#5143));
#5143 = ORIENTED_EDGE('',*,*,#3352,.F.);
#5144 = ADVANCED_FACE('',(#5145,#5484,#5515),#3401,.T.);
#5145 = FACE_BOUND('',#5146,.T.);
#5146 = EDGE_LOOP('',(#5147,#5148,#5149,#5150,#5151,#5152,#5174,#5202,
    #5235,#5263,#5292,#5320,#5349,#5373,#5401,#5434,#5462,#5482,#5483));
#5147 = ORIENTED_EDGE('',*,*,#3383,.F.);
#5148 = ORIENTED_EDGE('',*,*,#3509,.F.);
#5149 = ORIENTED_EDGE('',*,*,#3871,.T.);
#5150 = ORIENTED_EDGE('',*,*,#4093,.T.);
#5151 = ORIENTED_EDGE('',*,*,#4249,.T.);
#5152 = ORIENTED_EDGE('',*,*,#5153,.T.);
#5153 = EDGE_CURVE('',#4223,#5154,#5156,.T.);
#5154 = VERTEX_POINT('',#5155);
#5155 = CARTESIAN_POINT('',(21.65,-14.5,3.2));
#5156 = SURFACE_CURVE('',#5157,(#5161,#5168),.PCURVE_S1.);
#5157 = LINE('',#5158,#5159);
#5158 = CARTESIAN_POINT('',(10.2,-14.5,3.2));
#5159 = VECTOR('',#5160,1.);
#5160 = DIRECTION('',(-1.,-0.,0.));
#5161 = PCURVE('',#3401,#5162);
#5162 = DEFINITIONAL_REPRESENTATION('',(#5163),#5167);
#5163 = LINE('',#5164,#5165);
#5164 = CARTESIAN_POINT('',(10.2,-14.5));
#5165 = VECTOR('',#5166,1.);
#5166 = DIRECTION('',(-1.,0.));
#5167 = ( GEOMETRIC_REPRESENTATION_CONTEXT(2) 
PARAMETRIC_REPRESENTATION_CONTEXT() REPRESENTATION_CONTEXT('2D SPACE',''
  ) );
#5168 = PCURVE('',#4238,#5169);
#5169 = DEFINITIONAL_REPRESENTATION('',(#5170),#5173);
#5170 = B_SPLINE_CURVE_WITH_KNOTS('',1,(#5171,#5172),.UNSPECIFIED.,.F.,
  .F.,(2,2),(-13.15,-10.2),.PIECEWISE_BEZIER_KNOTS.);
#5171 = CARTESIAN_POINT('',(1.3,2.95));
#5172 = CARTESIAN_POINT('',(1.3,0.));
#5173 = ( GEOMETRIC_REPRESENTATION_CONTEXT(2) 
PARAMETRIC_REPRESENTATION_CONTEXT() REPRESENTATION_CONTEXT('2D SPACE',''
  ) );
#5174 = ORIENTED_EDGE('',*,*,#5175,.F.);
#5175 = EDGE_CURVE('',#5176,#5154,#5178,.T.);
#5176 = VERTEX_POINT('',#5177);
#5177 = CARTESIAN_POINT('',(21.65,-32.15,3.2));
#5178 = SURFACE_CURVE('',#5179,(#5183,#5190),.PCURVE_S1.);
#5179 = LINE('',#5180,#5181);
#5180 = CARTESIAN_POINT('',(21.65,0.,3.2));
#5181 = VECTOR('',#5182,1.);
#5182 = DIRECTION('',(0.,1.,0.));
#5183 = PCURVE('',#3401,#5184);
#5184 = DEFINITIONAL_REPRESENTATION('',(#5185),#5189);
#5185 = LINE('',#5186,#5187);
#5186 = CARTESIAN_POINT('',(21.65,-6.2035193142E-16));
#5187 = VECTOR('',#5188,1.);
#5188 = DIRECTION('',(0.,1.));
#5189 = ( GEOMETRIC_REPRESENTATION_CONTEXT(2) 
PARAMETRIC_REPRESENTATION_CONTEXT() REPRESENTATION_CONTEXT('2D SPACE',''
  ) );
#5190 = PCURVE('',#5191,#5196);
#5191 = PLANE('',#5192);
#5192 = AXIS2_PLACEMENT_3D('',#5193,#5194,#5195);
#5193 = CARTESIAN_POINT('',(21.65,-32.15,2.4));
#5194 = DIRECTION('',(-1.,0.,0.));
#5195 = DIRECTION('',(0.,1.,0.));
#5196 = DEFINITIONAL_REPRESENTATION('',(#5197),#5201);
#5197 = LINE('',#5198,#5199);
#5198 = CARTESIAN_POINT('',(32.15,-0.8));
#5199 = VECTOR('',#5200,1.);
#5200 = DIRECTION('',(1.,0.));
#5201 = ( GEOMETRIC_REPRESENTATION_CONTEXT(2) 
PARAMETRIC_REPRESENTATION_CONTEXT() REPRESENTATION_CONTEXT('2D SPACE',''
  ) );
#5202 = ORIENTED_EDGE('',*,*,#5203,.T.);
#5203 = EDGE_CURVE('',#5176,#5204,#5206,.T.);
#5204 = VERTEX_POINT('',#5205);
#5205 = CARTESIAN_POINT('',(20.15,-33.65,3.2));
#5206 = SURFACE_CURVE('',#5207,(#5212,#5223),.PCURVE_S1.);
#5207 = CIRCLE('',#5208,1.5);
#5208 = AXIS2_PLACEMENT_3D('',#5209,#5210,#5211);
#5209 = CARTESIAN_POINT('',(20.15,-32.15,3.2));
#5210 = DIRECTION('',(0.,0.,-1.));
#5211 = DIRECTION('',(-1.,0.,0.));
#5212 = PCURVE('',#3401,#5213);
#5213 = DEFINITIONAL_REPRESENTATION('',(#5214),#5222);
#5214 = ( BOUNDED_CURVE() B_SPLINE_CURVE(2,(#5215,#5216,#5217,#5218,
#5219,#5220,#5221),.UNSPECIFIED.,.T.,.F.) B_SPLINE_CURVE_WITH_KNOTS((1,2
    ,2,2,2,1),(-2.094395102393,0.,2.094395102393,4.188790204786,
6.28318530718,8.377580409573),.UNSPECIFIED.) CURVE() 
GEOMETRIC_REPRESENTATION_ITEM() RATIONAL_B_SPLINE_CURVE((1.,0.5,1.,0.5,
1.,0.5,1.)) REPRESENTATION_ITEM('') );
#5215 = CARTESIAN_POINT('',(18.65,-32.15));
#5216 = CARTESIAN_POINT('',(18.65,-29.55192378864));
#5217 = CARTESIAN_POINT('',(20.9,-30.85096189432));
#5218 = CARTESIAN_POINT('',(23.15,-32.15));
#5219 = CARTESIAN_POINT('',(20.9,-33.44903810567));
#5220 = CARTESIAN_POINT('',(18.65,-34.74807621135));
#5221 = CARTESIAN_POINT('',(18.65,-32.15));
#5222 = ( GEOMETRIC_REPRESENTATION_CONTEXT(2) 
PARAMETRIC_REPRESENTATION_CONTEXT() REPRESENTATION_CONTEXT('2D SPACE',''
  ) );
#5223 = PCURVE('',#5224,#5229);
#5224 = CYLINDRICAL_SURFACE('',#5225,1.5);
#5225 = AXIS2_PLACEMENT_3D('',#5226,#5227,#5228);
#5226 = CARTESIAN_POINT('',(20.15,-32.15,2.4));
#5227 = DIRECTION('',(0.,0.,-1.));
#5228 = DIRECTION('',(-1.,0.,0.));
#5229 = DEFINITIONAL_REPRESENTATION('',(#5230),#5234);
#5230 = LINE('',#5231,#5232);
#5231 = CARTESIAN_POINT('',(0.,-0.8));
#5232 = VECTOR('',#5233,1.);
#5233 = DIRECTION('',(1.,0.));
#5234 = ( GEOMETRIC_REPRESENTATION_CONTEXT(2) 
PARAMETRIC_REPRESENTATION_CONTEXT() REPRESENTATION_CONTEXT('2D SPACE',''
  ) );
#5235 = ORIENTED_EDGE('',*,*,#5236,.F.);
#5236 = EDGE_CURVE('',#5237,#5204,#5239,.T.);
#5237 = VERTEX_POINT('',#5238);
#5238 = CARTESIAN_POINT('',(-19.95567314356,-33.65,3.2));
#5239 = SURFACE_CURVE('',#5240,(#5244,#5251),.PCURVE_S1.);
#5240 = LINE('',#5241,#5242);
#5241 = CARTESIAN_POINT('',(0.,-33.65,3.2));
#5242 = VECTOR('',#5243,1.);
#5243 = DIRECTION('',(1.,0.,0.));
#5244 = PCURVE('',#3401,#5245);
#5245 = DEFINITIONAL_REPRESENTATION('',(#5246),#5250);
#5246 = LINE('',#5247,#5248);
#5247 = CARTESIAN_POINT('',(-1.178668669698E-15,-33.65));
#5248 = VECTOR('',#5249,1.);
#5249 = DIRECTION('',(1.,0.));
#5250 = ( GEOMETRIC_REPRESENTATION_CONTEXT(2) 
PARAMETRIC_REPRESENTATION_CONTEXT() REPRESENTATION_CONTEXT('2D SPACE',''
  ) );
#5251 = PCURVE('',#5252,#5257);
#5252 = PLANE('',#5253);
#5253 = AXIS2_PLACEMENT_3D('',#5254,#5255,#5256);
#5254 = CARTESIAN_POINT('',(-20.15,-33.65,2.4));
#5255 = DIRECTION('',(0.,1.,0.));
#5256 = DIRECTION('',(1.,0.,0.));
#5257 = DEFINITIONAL_REPRESENTATION('',(#5258),#5262);
#5258 = LINE('',#5259,#5260);
#5259 = CARTESIAN_POINT('',(20.15,-0.8));
#5260 = VECTOR('',#5261,1.);
#5261 = DIRECTION('',(1.,0.));
#5262 = ( GEOMETRIC_REPRESENTATION_CONTEXT(2) 
PARAMETRIC_REPRESENTATION_CONTEXT() REPRESENTATION_CONTEXT('2D SPACE',''
  ) );
#5263 = ORIENTED_EDGE('',*,*,#5264,.T.);
#5264 = EDGE_CURVE('',#5237,#5265,#5267,.T.);
#5265 = VERTEX_POINT('',#5266);
#5266 = CARTESIAN_POINT('',(-21.65,-29.43940556793,3.2));
#5267 = SURFACE_CURVE('',#5268,(#5273,#5280),.PCURVE_S1.);
#5268 = CIRCLE('',#5269,2.3);
#5269 = AXIS2_PLACEMENT_3D('',#5270,#5271,#5272);
#5270 = CARTESIAN_POINT('',(-21.15,-31.6844,3.2));
#5271 = DIRECTION('',(-0.,0.,1.));
#5272 = DIRECTION('',(0.519272546276,-0.854608695652,0.));
#5273 = PCURVE('',#3401,#5274);
#5274 = DEFINITIONAL_REPRESENTATION('',(#5275),#5279);
#5275 = CIRCLE('',#5276,2.3);
#5276 = AXIS2_PLACEMENT_2D('',#5277,#5278);
#5277 = CARTESIAN_POINT('',(-21.15,-31.6844));
#5278 = DIRECTION('',(0.519272546276,-0.854608695652));
#5279 = ( GEOMETRIC_REPRESENTATION_CONTEXT(2) 
PARAMETRIC_REPRESENTATION_CONTEXT() REPRESENTATION_CONTEXT('2D SPACE',''
  ) );
#5280 = PCURVE('',#5281,#5286);
#5281 = CYLINDRICAL_SURFACE('',#5282,2.3);
#5282 = AXIS2_PLACEMENT_3D('',#5283,#5284,#5285);
#5283 = CARTESIAN_POINT('',(-21.15,-31.6844,1.4));
#5284 = DIRECTION('',(0.,0.,1.));
#5285 = DIRECTION('',(1.,0.,-0.));
#5286 = DEFINITIONAL_REPRESENTATION('',(#5287),#5291);
#5287 = LINE('',#5288,#5289);
#5288 = CARTESIAN_POINT('',(5.258388498096,1.8));
#5289 = VECTOR('',#5290,1.);
#5290 = DIRECTION('',(1.,0.));
#5291 = ( GEOMETRIC_REPRESENTATION_CONTEXT(2) 
PARAMETRIC_REPRESENTATION_CONTEXT() REPRESENTATION_CONTEXT('2D SPACE',''
  ) );
#5292 = ORIENTED_EDGE('',*,*,#5293,.T.);
#5293 = EDGE_CURVE('',#5265,#5294,#5296,.T.);
#5294 = VERTEX_POINT('',#5295);
#5295 = CARTESIAN_POINT('',(-21.65,-28.61817345763,3.2));
#5296 = SURFACE_CURVE('',#5297,(#5301,#5308),.PCURVE_S1.);
#5297 = LINE('',#5298,#5299);
#5298 = CARTESIAN_POINT('',(-21.65,0.,3.2));
#5299 = VECTOR('',#5300,1.);
#5300 = DIRECTION('',(0.,1.,0.));
#5301 = PCURVE('',#3401,#5302);
#5302 = DEFINITIONAL_REPRESENTATION('',(#5303),#5307);
#5303 = LINE('',#5304,#5305);
#5304 = CARTESIAN_POINT('',(-21.65,-6.2035193142E-16));
#5305 = VECTOR('',#5306,1.);
#5306 = DIRECTION('',(0.,1.));
#5307 = ( GEOMETRIC_REPRESENTATION_CONTEXT(2) 
PARAMETRIC_REPRESENTATION_CONTEXT() REPRESENTATION_CONTEXT('2D SPACE',''
  ) );
#5308 = PCURVE('',#5309,#5314);
#5309 = PLANE('',#5310);
#5310 = AXIS2_PLACEMENT_3D('',#5311,#5312,#5313);
#5311 = CARTESIAN_POINT('',(-21.65,-32.15,2.4));
#5312 = DIRECTION('',(-1.,0.,0.));
#5313 = DIRECTION('',(0.,1.,0.));
#5314 = DEFINITIONAL_REPRESENTATION('',(#5315),#5319);
#5315 = LINE('',#5316,#5317);
#5316 = CARTESIAN_POINT('',(32.15,-0.8));
#5317 = VECTOR('',#5318,1.);
#5318 = DIRECTION('',(1.,0.));
#5319 = ( GEOMETRIC_REPRESENTATION_CONTEXT(2) 
PARAMETRIC_REPRESENTATION_CONTEXT() REPRESENTATION_CONTEXT('2D SPACE',''
  ) );
#5320 = ORIENTED_EDGE('',*,*,#5321,.T.);
#5321 = EDGE_CURVE('',#5294,#5322,#5324,.T.);
#5322 = VERTEX_POINT('',#5323);
#5323 = CARTESIAN_POINT('',(-18.1,-26.6875,3.2));
#5324 = SURFACE_CURVE('',#5325,(#5330,#5337),.PCURVE_S1.);
#5325 = CIRCLE('',#5326,2.3);
#5326 = AXIS2_PLACEMENT_3D('',#5327,#5328,#5329);
#5327 = CARTESIAN_POINT('',(-20.4,-26.6875,3.2));
#5328 = DIRECTION('',(0.,0.,1.));
#5329 = DIRECTION('',(1.,0.,-0.));
#5330 = PCURVE('',#3401,#5331);
#5331 = DEFINITIONAL_REPRESENTATION('',(#5332),#5336);
#5332 = CIRCLE('',#5333,2.3);
#5333 = AXIS2_PLACEMENT_2D('',#5334,#5335);
#5334 = CARTESIAN_POINT('',(-20.4,-26.6875));
#5335 = DIRECTION('',(1.,0.));
#5336 = ( GEOMETRIC_REPRESENTATION_CONTEXT(2) 
PARAMETRIC_REPRESENTATION_CONTEXT() REPRESENTATION_CONTEXT('2D SPACE',''
  ) );
#5337 = PCURVE('',#5338,#5343);
#5338 = CYLINDRICAL_SURFACE('',#5339,2.3);
#5339 = AXIS2_PLACEMENT_3D('',#5340,#5341,#5342);
#5340 = CARTESIAN_POINT('',(-20.4,-26.6875,1.4));
#5341 = DIRECTION('',(0.,0.,1.));
#5342 = DIRECTION('',(1.,0.,-0.));
#5343 = DEFINITIONAL_REPRESENTATION('',(#5344),#5348);
#5344 = LINE('',#5345,#5346);
#5345 = CARTESIAN_POINT('',(0.,1.8));
#5346 = VECTOR('',#5347,1.);
#5347 = DIRECTION('',(1.,0.));
#5348 = ( GEOMETRIC_REPRESENTATION_CONTEXT(2) 
PARAMETRIC_REPRESENTATION_CONTEXT() REPRESENTATION_CONTEXT('2D SPACE',''
  ) );
#5349 = ORIENTED_EDGE('',*,*,#5350,.T.);
#5350 = EDGE_CURVE('',#5322,#5351,#5353,.T.);
#5351 = VERTEX_POINT('',#5352);
#5352 = CARTESIAN_POINT('',(-21.65,-24.75682654236,3.2));
#5353 = SURFACE_CURVE('',#5354,(#5359,#5366),.PCURVE_S1.);
#5354 = CIRCLE('',#5355,2.3);
#5355 = AXIS2_PLACEMENT_3D('',#5356,#5357,#5358);
#5356 = CARTESIAN_POINT('',(-20.4,-26.6875,3.2));
#5357 = DIRECTION('',(0.,0.,1.));
#5358 = DIRECTION('',(1.,0.,-0.));
#5359 = PCURVE('',#3401,#5360);
#5360 = DEFINITIONAL_REPRESENTATION('',(#5361),#5365);
#5361 = CIRCLE('',#5362,2.3);
#5362 = AXIS2_PLACEMENT_2D('',#5363,#5364);
#5363 = CARTESIAN_POINT('',(-20.4,-26.6875));
#5364 = DIRECTION('',(1.,0.));
#5365 = ( GEOMETRIC_REPRESENTATION_CONTEXT(2) 
PARAMETRIC_REPRESENTATION_CONTEXT() REPRESENTATION_CONTEXT('2D SPACE',''
  ) );
#5366 = PCURVE('',#5338,#5367);
#5367 = DEFINITIONAL_REPRESENTATION('',(#5368),#5372);
#5368 = LINE('',#5369,#5370);
#5369 = CARTESIAN_POINT('',(0.,1.8));
#5370 = VECTOR('',#5371,1.);
#5371 = DIRECTION('',(1.,0.));
#5372 = ( GEOMETRIC_REPRESENTATION_CONTEXT(2) 
PARAMETRIC_REPRESENTATION_CONTEXT() REPRESENTATION_CONTEXT('2D SPACE',''
  ) );
#5373 = ORIENTED_EDGE('',*,*,#5374,.T.);
#5374 = EDGE_CURVE('',#5351,#5375,#5377,.T.);
#5375 = VERTEX_POINT('',#5376);
#5376 = CARTESIAN_POINT('',(-21.65,32.15,3.2));
#5377 = SURFACE_CURVE('',#5378,(#5382,#5389),.PCURVE_S1.);
#5378 = LINE('',#5379,#5380);
#5379 = CARTESIAN_POINT('',(-21.65,0.,3.2));
#5380 = VECTOR('',#5381,1.);
#5381 = DIRECTION('',(0.,1.,0.));
#5382 = PCURVE('',#3401,#5383);
#5383 = DEFINITIONAL_REPRESENTATION('',(#5384),#5388);
#5384 = LINE('',#5385,#5386);
#5385 = CARTESIAN_POINT('',(-21.65,-6.2035193142E-16));
#5386 = VECTOR('',#5387,1.);
#5387 = DIRECTION('',(0.,1.));
#5388 = ( GEOMETRIC_REPRESENTATION_CONTEXT(2) 
PARAMETRIC_REPRESENTATION_CONTEXT() REPRESENTATION_CONTEXT('2D SPACE',''
  ) );
#5389 = PCURVE('',#5390,#5395);
#5390 = PLANE('',#5391);
#5391 = AXIS2_PLACEMENT_3D('',#5392,#5393,#5394);
#5392 = CARTESIAN_POINT('',(-21.65,-32.15,2.4));
#5393 = DIRECTION('',(-1.,0.,0.));
#5394 = DIRECTION('',(0.,1.,0.));
#5395 = DEFINITIONAL_REPRESENTATION('',(#5396),#5400);
#5396 = LINE('',#5397,#5398);
#5397 = CARTESIAN_POINT('',(32.15,-0.8));
#5398 = VECTOR('',#5399,1.);
#5399 = DIRECTION('',(1.,0.));
#5400 = ( GEOMETRIC_REPRESENTATION_CONTEXT(2) 
PARAMETRIC_REPRESENTATION_CONTEXT() REPRESENTATION_CONTEXT('2D SPACE',''
  ) );
#5401 = ORIENTED_EDGE('',*,*,#5402,.T.);
#5402 = EDGE_CURVE('',#5375,#5403,#5405,.T.);
#5403 = VERTEX_POINT('',#5404);
#5404 = CARTESIAN_POINT('',(-20.15,33.65,3.2));
#5405 = SURFACE_CURVE('',#5406,(#5411,#5422),.PCURVE_S1.);
#5406 = CIRCLE('',#5407,1.5);
#5407 = AXIS2_PLACEMENT_3D('',#5408,#5409,#5410);
#5408 = CARTESIAN_POINT('',(-20.15,32.15,3.2));
#5409 = DIRECTION('',(0.,0.,-1.));
#5410 = DIRECTION('',(-1.,0.,0.));
#5411 = PCURVE('',#3401,#5412);
#5412 = DEFINITIONAL_REPRESENTATION('',(#5413),#5421);
#5413 = ( BOUNDED_CURVE() B_SPLINE_CURVE(2,(#5414,#5415,#5416,#5417,
#5418,#5419,#5420),.UNSPECIFIED.,.T.,.F.) B_SPLINE_CURVE_WITH_KNOTS((1,2
    ,2,2,2,1),(-2.094395102393,0.,2.094395102393,4.188790204786,
6.28318530718,8.377580409573),.UNSPECIFIED.) CURVE() 
GEOMETRIC_REPRESENTATION_ITEM() RATIONAL_B_SPLINE_CURVE((1.,0.5,1.,0.5,
1.,0.5,1.)) REPRESENTATION_ITEM('') );
#5414 = CARTESIAN_POINT('',(-21.65,32.15));
#5415 = CARTESIAN_POINT('',(-21.65,34.748076211353));
#5416 = CARTESIAN_POINT('',(-19.4,33.449038105677));
#5417 = CARTESIAN_POINT('',(-17.15,32.15));
#5418 = CARTESIAN_POINT('',(-19.4,30.850961894323));
#5419 = CARTESIAN_POINT('',(-21.65,29.551923788647));
#5420 = CARTESIAN_POINT('',(-21.65,32.15));
#5421 = ( GEOMETRIC_REPRESENTATION_CONTEXT(2) 
PARAMETRIC_REPRESENTATION_CONTEXT() REPRESENTATION_CONTEXT('2D SPACE',''
  ) );
#5422 = PCURVE('',#5423,#5428);
#5423 = CYLINDRICAL_SURFACE('',#5424,1.5);
#5424 = AXIS2_PLACEMENT_3D('',#5425,#5426,#5427);
#5425 = CARTESIAN_POINT('',(-20.15,32.15,2.4));
#5426 = DIRECTION('',(0.,0.,-1.));
#5427 = DIRECTION('',(-1.,0.,0.));
#5428 = DEFINITIONAL_REPRESENTATION('',(#5429),#5433);
#5429 = LINE('',#5430,#5431);
#5430 = CARTESIAN_POINT('',(0.,-0.8));
#5431 = VECTOR('',#5432,1.);
#5432 = DIRECTION('',(1.,0.));
#5433 = ( GEOMETRIC_REPRESENTATION_CONTEXT(2) 
PARAMETRIC_REPRESENTATION_CONTEXT() REPRESENTATION_CONTEXT('2D SPACE',''
  ) );
#5434 = ORIENTED_EDGE('',*,*,#5435,.T.);
#5435 = EDGE_CURVE('',#5403,#5436,#5438,.T.);
#5436 = VERTEX_POINT('',#5437);
#5437 = CARTESIAN_POINT('',(-19.,33.65,3.2));
#5438 = SURFACE_CURVE('',#5439,(#5443,#5450),.PCURVE_S1.);
#5439 = LINE('',#5440,#5441);
#5440 = CARTESIAN_POINT('',(0.,33.65,3.2));
#5441 = VECTOR('',#5442,1.);
#5442 = DIRECTION('',(1.,0.,0.));
#5443 = PCURVE('',#3401,#5444);
#5444 = DEFINITIONAL_REPRESENTATION('',(#5445),#5449);
#5445 = LINE('',#5446,#5447);
#5446 = CARTESIAN_POINT('',(-1.178668669698E-15,33.65));
#5447 = VECTOR('',#5448,1.);
#5448 = DIRECTION('',(1.,0.));
#5449 = ( GEOMETRIC_REPRESENTATION_CONTEXT(2) 
PARAMETRIC_REPRESENTATION_CONTEXT() REPRESENTATION_CONTEXT('2D SPACE',''
  ) );
#5450 = PCURVE('',#5451,#5456);
#5451 = PLANE('',#5452);
#5452 = AXIS2_PLACEMENT_3D('',#5453,#5454,#5455);
#5453 = CARTESIAN_POINT('',(-20.15,33.65,2.4));
#5454 = DIRECTION('',(0.,1.,0.));
#5455 = DIRECTION('',(1.,0.,0.));
#5456 = DEFINITIONAL_REPRESENTATION('',(#5457),#5461);
#5457 = LINE('',#5458,#5459);
#5458 = CARTESIAN_POINT('',(20.15,-0.8));
#5459 = VECTOR('',#5460,1.);
#5460 = DIRECTION('',(1.,0.));
#5461 = ( GEOMETRIC_REPRESENTATION_CONTEXT(2) 
PARAMETRIC_REPRESENTATION_CONTEXT() REPRESENTATION_CONTEXT('2D SPACE',''
  ) );
#5462 = ORIENTED_EDGE('',*,*,#5463,.T.);
#5463 = EDGE_CURVE('',#5436,#3650,#5464,.T.);
#5464 = SURFACE_CURVE('',#5465,(#5469,#5476),.PCURVE_S1.);
#5465 = LINE('',#5466,#5467);
#5466 = CARTESIAN_POINT('',(-19.,14.25,3.2));
#5467 = VECTOR('',#5468,1.);
#5468 = DIRECTION('',(-0.,1.,0.));
#5469 = PCURVE('',#3401,#5470);
#5470 = DEFINITIONAL_REPRESENTATION('',(#5471),#5475);
#5471 = LINE('',#5472,#5473);
#5472 = CARTESIAN_POINT('',(-19.,14.25));
#5473 = VECTOR('',#5474,1.);
#5474 = DIRECTION('',(0.,1.));
#5475 = ( GEOMETRIC_REPRESENTATION_CONTEXT(2) 
PARAMETRIC_REPRESENTATION_CONTEXT() REPRESENTATION_CONTEXT('2D SPACE',''
  ) );
#5476 = PCURVE('',#3665,#5477);
#5477 = DEFINITIONAL_REPRESENTATION('',(#5478),#5481);
#5478 = B_SPLINE_CURVE_WITH_KNOTS('',1,(#5479,#5480),.UNSPECIFIED.,.F.,
  .F.,(2,2),(14.25,21.1),.PIECEWISE_BEZIER_KNOTS.);
#5479 = CARTESIAN_POINT('',(1.3,0.));
#5480 = CARTESIAN_POINT('',(1.3,-6.85));
#5481 = ( GEOMETRIC_REPRESENTATION_CONTEXT(2) 
PARAMETRIC_REPRESENTATION_CONTEXT() REPRESENTATION_CONTEXT('2D SPACE',''
  ) );
#5482 = ORIENTED_EDGE('',*,*,#3676,.F.);
#5483 = ORIENTED_EDGE('',*,*,#3459,.T.);
#5484 = FACE_BOUND('',#5485,.T.);
#5485 = EDGE_LOOP('',(#5486));
#5486 = ORIENTED_EDGE('',*,*,#5487,.F.);
#5487 = EDGE_CURVE('',#5488,#5488,#5490,.T.);
#5488 = VERTEX_POINT('',#5489);
#5489 = CARTESIAN_POINT('',(-20.2,-31.6844,3.2));
#5490 = SURFACE_CURVE('',#5491,(#5496,#5503),.PCURVE_S1.);
#5491 = CIRCLE('',#5492,0.95);
#5492 = AXIS2_PLACEMENT_3D('',#5493,#5494,#5495);
#5493 = CARTESIAN_POINT('',(-21.15,-31.6844,3.2));
#5494 = DIRECTION('',(0.,0.,1.));
#5495 = DIRECTION('',(1.,0.,-0.));
#5496 = PCURVE('',#3401,#5497);
#5497 = DEFINITIONAL_REPRESENTATION('',(#5498),#5502);
#5498 = CIRCLE('',#5499,0.95);
#5499 = AXIS2_PLACEMENT_2D('',#5500,#5501);
#5500 = CARTESIAN_POINT('',(-21.15,-31.6844));
#5501 = DIRECTION('',(1.,0.));
#5502 = ( GEOMETRIC_REPRESENTATION_CONTEXT(2) 
PARAMETRIC_REPRESENTATION_CONTEXT() REPRESENTATION_CONTEXT('2D SPACE',''
  ) );
#5503 = PCURVE('',#5504,#5509);
#5504 = CYLINDRICAL_SURFACE('',#5505,0.95);
#5505 = AXIS2_PLACEMENT_3D('',#5506,#5507,#5508);
#5506 = CARTESIAN_POINT('',(-21.15,-31.6844,3.2));
#5507 = DIRECTION('',(0.,0.,1.));
#5508 = DIRECTION('',(1.,0.,-0.));
#5509 = DEFINITIONAL_REPRESENTATION('',(#5510),#5514);
#5510 = LINE('',#5511,#5512);
#5511 = CARTESIAN_POINT('',(0.,0.));
#5512 = VECTOR('',#5513,1.);
#5513 = DIRECTION('',(1.,0.));
#5514 = ( GEOMETRIC_REPRESENTATION_CONTEXT(2) 
PARAMETRIC_REPRESENTATION_CONTEXT() REPRESENTATION_CONTEXT('2D SPACE',''
  ) );
#5515 = FACE_BOUND('',#5516,.T.);
#5516 = EDGE_LOOP('',(#5517));
#5517 = ORIENTED_EDGE('',*,*,#5518,.F.);
#5518 = EDGE_CURVE('',#5519,#5519,#5521,.T.);
#5519 = VERTEX_POINT('',#5520);
#5520 = CARTESIAN_POINT('',(-19.45,-26.6875,3.2));
#5521 = SURFACE_CURVE('',#5522,(#5527,#5534),.PCURVE_S1.);
#5522 = CIRCLE('',#5523,0.95);
#5523 = AXIS2_PLACEMENT_3D('',#5524,#5525,#5526);
#5524 = CARTESIAN_POINT('',(-20.4,-26.6875,3.2));
#5525 = DIRECTION('',(0.,0.,1.));
#5526 = DIRECTION('',(1.,0.,-0.));
#5527 = PCURVE('',#3401,#5528);
#5528 = DEFINITIONAL_REPRESENTATION('',(#5529),#5533);
#5529 = CIRCLE('',#5530,0.95);
#5530 = AXIS2_PLACEMENT_2D('',#5531,#5532);
#5531 = CARTESIAN_POINT('',(-20.4,-26.6875));
#5532 = DIRECTION('',(1.,0.));
#5533 = ( GEOMETRIC_REPRESENTATION_CONTEXT(2) 
PARAMETRIC_REPRESENTATION_CONTEXT() REPRESENTATION_CONTEXT('2D SPACE',''
  ) );
#5534 = PCURVE('',#5535,#5540);
#5535 = CYLINDRICAL_SURFACE('',#5536,0.95);
#5536 = AXIS2_PLACEMENT_3D('',#5537,#5538,#5539);
#5537 = CARTESIAN_POINT('',(-20.4,-26.6875,3.2));
#5538 = DIRECTION('',(0.,0.,1.));
#5539 = DIRECTION('',(1.,0.,-0.));
#5540 = DEFINITIONAL_REPRESENTATION('',(#5541),#5545);
#5541 = LINE('',#5542,#5543);
#5542 = CARTESIAN_POINT('',(0.,0.));
#5543 = VECTOR('',#5544,1.);
#5544 = DIRECTION('',(1.,0.));
#5545 = ( GEOMETRIC_REPRESENTATION_CONTEXT(2) 
PARAMETRIC_REPRESENTATION_CONTEXT() REPRESENTATION_CONTEXT('2D SPACE',''
  ) );
#5546 = ADVANCED_FACE('',(#5547,#5714,#5740),#3581,.T.);
#5547 = FACE_BOUND('',#5548,.T.);
#5548 = EDGE_LOOP('',(#5549,#5579,#5607,#5636,#5664,#5686,#5687,#5688,
    #5689,#5690,#5691,#5692));
#5549 = ORIENTED_EDGE('',*,*,#5550,.F.);
#5550 = EDGE_CURVE('',#5551,#5553,#5555,.T.);
#5551 = VERTEX_POINT('',#5552);
#5552 = CARTESIAN_POINT('',(-23.35,-31.01357960675,1.4));
#5553 = VERTEX_POINT('',#5554);
#5554 = CARTESIAN_POINT('',(-23.35,32.15,1.4));
#5555 = SURFACE_CURVE('',#5556,(#5560,#5567),.PCURVE_S1.);
#5556 = LINE('',#5557,#5558);
#5557 = CARTESIAN_POINT('',(-23.35,0.,1.4));
#5558 = VECTOR('',#5559,1.);
#5559 = DIRECTION('',(0.,1.,0.));
#5560 = PCURVE('',#3581,#5561);
#5561 = DEFINITIONAL_REPRESENTATION('',(#5562),#5566);
#5562 = LINE('',#5563,#5564);
#5563 = CARTESIAN_POINT('',(-23.35,-6.2035193142E-16));
#5564 = VECTOR('',#5565,1.);
#5565 = DIRECTION('',(0.,1.));
#5566 = ( GEOMETRIC_REPRESENTATION_CONTEXT(2) 
PARAMETRIC_REPRESENTATION_CONTEXT() REPRESENTATION_CONTEXT('2D SPACE',''
  ) );
#5567 = PCURVE('',#5568,#5573);
#5568 = PLANE('',#5569);
#5569 = AXIS2_PLACEMENT_3D('',#5570,#5571,#5572);
#5570 = CARTESIAN_POINT('',(-23.35,-32.15,1.4));
#5571 = DIRECTION('',(-1.,0.,0.));
#5572 = DIRECTION('',(0.,1.,0.));
#5573 = DEFINITIONAL_REPRESENTATION('',(#5574),#5578);
#5574 = LINE('',#5575,#5576);
#5575 = CARTESIAN_POINT('',(32.15,0.));
#5576 = VECTOR('',#5577,1.);
#5577 = DIRECTION('',(1.,0.));
#5578 = ( GEOMETRIC_REPRESENTATION_CONTEXT(2) 
PARAMETRIC_REPRESENTATION_CONTEXT() REPRESENTATION_CONTEXT('2D SPACE',''
  ) );
#5579 = ORIENTED_EDGE('',*,*,#5580,.T.);
#5580 = EDGE_CURVE('',#5551,#5581,#5583,.T.);
#5581 = VERTEX_POINT('',#5582);
#5582 = CARTESIAN_POINT('',(-23.34155621411,-32.38231214372,1.4));
#5583 = SURFACE_CURVE('',#5584,(#5589,#5600),.PCURVE_S1.);
#5584 = CIRCLE('',#5585,2.3);
#5585 = AXIS2_PLACEMENT_3D('',#5586,#5587,#5588);
#5586 = CARTESIAN_POINT('',(-21.15,-31.6844,1.4));
#5587 = DIRECTION('',(0.,0.,-1.));
#5588 = DIRECTION('',(-0.95652173913,0.291661040543,0.));
#5589 = PCURVE('',#3581,#5590);
#5590 = DEFINITIONAL_REPRESENTATION('',(#5591),#5599);
#5591 = ( BOUNDED_CURVE() B_SPLINE_CURVE(2,(#5592,#5593,#5594,#5595,
#5596,#5597,#5598),.UNSPECIFIED.,.T.,.F.) B_SPLINE_CURVE_WITH_KNOTS((1,2
    ,2,2,2,1),(-2.094395102393,0.,2.094395102393,4.188790204786,
6.28318530718,8.377580409573),.UNSPECIFIED.) CURVE() 
GEOMETRIC_REPRESENTATION_ITEM() RATIONAL_B_SPLINE_CURVE((1.,0.5,1.,0.5,
1.,0.5,1.)) REPRESENTATION_ITEM('') );
#5592 = CARTESIAN_POINT('',(-23.35,-31.01357960675));
#5593 = CARTESIAN_POINT('',(-22.18810499613,-27.20306783009));
#5594 = CARTESIAN_POINT('',(-19.46905249806,-30.11455430829));
#5595 = CARTESIAN_POINT('',(-16.75,-33.0260407865));
#5596 = CARTESIAN_POINT('',(-20.63094750193,-33.92506608495));
#5597 = CARTESIAN_POINT('',(-24.51189500386,-34.8240913834));
#5598 = CARTESIAN_POINT('',(-23.35,-31.01357960675));
#5599 = ( GEOMETRIC_REPRESENTATION_CONTEXT(2) 
PARAMETRIC_REPRESENTATION_CONTEXT() REPRESENTATION_CONTEXT('2D SPACE',''
  ) );
#5600 = PCURVE('',#5281,#5601);
#5601 = DEFINITIONAL_REPRESENTATION('',(#5602),#5606);
#5602 = LINE('',#5603,#5604);
#5603 = CARTESIAN_POINT('',(9.128815039272,0.));
#5604 = VECTOR('',#5605,1.);
#5605 = DIRECTION('',(-1.,-0.));
#5606 = ( GEOMETRIC_REPRESENTATION_CONTEXT(2) 
PARAMETRIC_REPRESENTATION_CONTEXT() REPRESENTATION_CONTEXT('2D SPACE',''
  ) );
#5607 = ORIENTED_EDGE('',*,*,#5608,.T.);
#5608 = EDGE_CURVE('',#5581,#5609,#5611,.T.);
#5609 = VERTEX_POINT('',#5610);
#5610 = CARTESIAN_POINT('',(-20.15,-35.35,1.4));
#5611 = SURFACE_CURVE('',#5612,(#5617,#5624),.PCURVE_S1.);
#5612 = CIRCLE('',#5613,3.2);
#5613 = AXIS2_PLACEMENT_3D('',#5614,#5615,#5616);
#5614 = CARTESIAN_POINT('',(-20.15,-32.15,1.4));
#5615 = DIRECTION('',(0.,0.,1.));
#5616 = DIRECTION('',(1.,0.,0.));
#5617 = PCURVE('',#3581,#5618);
#5618 = DEFINITIONAL_REPRESENTATION('',(#5619),#5623);
#5619 = CIRCLE('',#5620,3.2);
#5620 = AXIS2_PLACEMENT_2D('',#5621,#5622);
#5621 = CARTESIAN_POINT('',(-20.15,-32.15));
#5622 = DIRECTION('',(1.,0.));
#5623 = ( GEOMETRIC_REPRESENTATION_CONTEXT(2) 
PARAMETRIC_REPRESENTATION_CONTEXT() REPRESENTATION_CONTEXT('2D SPACE',''
  ) );
#5624 = PCURVE('',#5625,#5630);
#5625 = CYLINDRICAL_SURFACE('',#5626,3.2);
#5626 = AXIS2_PLACEMENT_3D('',#5627,#5628,#5629);
#5627 = CARTESIAN_POINT('',(-20.15,-32.15,1.4));
#5628 = DIRECTION('',(-0.,-0.,-1.));
#5629 = DIRECTION('',(1.,0.,0.));
#5630 = DEFINITIONAL_REPRESENTATION('',(#5631),#5635);
#5631 = LINE('',#5632,#5633);
#5632 = CARTESIAN_POINT('',(-0.,0.));
#5633 = VECTOR('',#5634,1.);
#5634 = DIRECTION('',(-1.,0.));
#5635 = ( GEOMETRIC_REPRESENTATION_CONTEXT(2) 
PARAMETRIC_REPRESENTATION_CONTEXT() REPRESENTATION_CONTEXT('2D SPACE',''
  ) );
#5636 = ORIENTED_EDGE('',*,*,#5637,.T.);
#5637 = EDGE_CURVE('',#5609,#5638,#5640,.T.);
#5638 = VERTEX_POINT('',#5639);
#5639 = CARTESIAN_POINT('',(20.15,-35.35,1.4));
#5640 = SURFACE_CURVE('',#5641,(#5645,#5652),.PCURVE_S1.);
#5641 = LINE('',#5642,#5643);
#5642 = CARTESIAN_POINT('',(0.,-35.35,1.4));
#5643 = VECTOR('',#5644,1.);
#5644 = DIRECTION('',(1.,0.,0.));
#5645 = PCURVE('',#3581,#5646);
#5646 = DEFINITIONAL_REPRESENTATION('',(#5647),#5651);
#5647 = LINE('',#5648,#5649);
#5648 = CARTESIAN_POINT('',(-1.178668669698E-15,-35.35));
#5649 = VECTOR('',#5650,1.);
#5650 = DIRECTION('',(1.,0.));
#5651 = ( GEOMETRIC_REPRESENTATION_CONTEXT(2) 
PARAMETRIC_REPRESENTATION_CONTEXT() REPRESENTATION_CONTEXT('2D SPACE',''
  ) );
#5652 = PCURVE('',#5653,#5658);
#5653 = PLANE('',#5654);
#5654 = AXIS2_PLACEMENT_3D('',#5655,#5656,#5657);
#5655 = CARTESIAN_POINT('',(-20.15,-35.35,1.4));
#5656 = DIRECTION('',(0.,1.,0.));
#5657 = DIRECTION('',(1.,0.,0.));
#5658 = DEFINITIONAL_REPRESENTATION('',(#5659),#5663);
#5659 = LINE('',#5660,#5661);
#5660 = CARTESIAN_POINT('',(20.15,0.));
#5661 = VECTOR('',#5662,1.);
#5662 = DIRECTION('',(1.,0.));
#5663 = ( GEOMETRIC_REPRESENTATION_CONTEXT(2) 
PARAMETRIC_REPRESENTATION_CONTEXT() REPRESENTATION_CONTEXT('2D SPACE',''
  ) );
#5664 = ORIENTED_EDGE('',*,*,#5665,.T.);
#5665 = EDGE_CURVE('',#5638,#4144,#5666,.T.);
#5666 = SURFACE_CURVE('',#5667,(#5672,#5679),.PCURVE_S1.);
#5667 = CIRCLE('',#5668,3.2);
#5668 = AXIS2_PLACEMENT_3D('',#5669,#5670,#5671);
#5669 = CARTESIAN_POINT('',(20.15,-32.15,1.4));
#5670 = DIRECTION('',(0.,0.,1.));
#5671 = DIRECTION('',(1.,0.,0.));
#5672 = PCURVE('',#3581,#5673);
#5673 = DEFINITIONAL_REPRESENTATION('',(#5674),#5678);
#5674 = CIRCLE('',#5675,3.2);
#5675 = AXIS2_PLACEMENT_2D('',#5676,#5677);
#5676 = CARTESIAN_POINT('',(20.15,-32.15));
#5677 = DIRECTION('',(1.,0.));
#5678 = ( GEOMETRIC_REPRESENTATION_CONTEXT(2) 
PARAMETRIC_REPRESENTATION_CONTEXT() REPRESENTATION_CONTEXT('2D SPACE',''
  ) );
#5679 = PCURVE('',#4182,#5680);
#5680 = DEFINITIONAL_REPRESENTATION('',(#5681),#5685);
#5681 = LINE('',#5682,#5683);
#5682 = CARTESIAN_POINT('',(-0.,0.));
#5683 = VECTOR('',#5684,1.);
#5684 = DIRECTION('',(-1.,0.));
#5685 = ( GEOMETRIC_REPRESENTATION_CONTEXT(2) 
PARAMETRIC_REPRESENTATION_CONTEXT() REPRESENTATION_CONTEXT('2D SPACE',''
  ) );
#5686 = ORIENTED_EDGE('',*,*,#4143,.T.);
#5687 = ORIENTED_EDGE('',*,*,#3920,.T.);
#5688 = ORIENTED_EDGE('',*,*,#4689,.F.);
#5689 = ORIENTED_EDGE('',*,*,#4620,.T.);
#5690 = ORIENTED_EDGE('',*,*,#4573,.T.);
#5691 = ORIENTED_EDGE('',*,*,#3563,.F.);
#5692 = ORIENTED_EDGE('',*,*,#5693,.T.);
#5693 = EDGE_CURVE('',#3564,#5553,#5694,.T.);
#5694 = SURFACE_CURVE('',#5695,(#5700,#5707),.PCURVE_S1.);
#5695 = CIRCLE('',#5696,3.2);
#5696 = AXIS2_PLACEMENT_3D('',#5697,#5698,#5699);
#5697 = CARTESIAN_POINT('',(-20.15,32.15,1.4));
#5698 = DIRECTION('',(0.,0.,1.));
#5699 = DIRECTION('',(1.,0.,0.));
#5700 = PCURVE('',#3581,#5701);
#5701 = DEFINITIONAL_REPRESENTATION('',(#5702),#5706);
#5702 = CIRCLE('',#5703,3.2);
#5703 = AXIS2_PLACEMENT_2D('',#5704,#5705);
#5704 = CARTESIAN_POINT('',(-20.15,32.15));
#5705 = DIRECTION('',(1.,0.));
#5706 = ( GEOMETRIC_REPRESENTATION_CONTEXT(2) 
PARAMETRIC_REPRESENTATION_CONTEXT() REPRESENTATION_CONTEXT('2D SPACE',''
  ) );
#5707 = PCURVE('',#3609,#5708);
#5708 = DEFINITIONAL_REPRESENTATION('',(#5709),#5713);
#5709 = LINE('',#5710,#5711);
#5710 = CARTESIAN_POINT('',(-0.,0.));
#5711 = VECTOR('',#5712,1.);
#5712 = DIRECTION('',(-1.,0.));
#5713 = ( GEOMETRIC_REPRESENTATION_CONTEXT(2) 
PARAMETRIC_REPRESENTATION_CONTEXT() REPRESENTATION_CONTEXT('2D SPACE',''
  ) );
#5714 = FACE_BOUND('',#5715,.T.);
#5715 = EDGE_LOOP('',(#5716));
#5716 = ORIENTED_EDGE('',*,*,#5717,.F.);
#5717 = EDGE_CURVE('',#5718,#5718,#5720,.T.);
#5718 = VERTEX_POINT('',#5719);
#5719 = CARTESIAN_POINT('',(-18.1,-26.6875,1.4));
#5720 = SURFACE_CURVE('',#5721,(#5726,#5733),.PCURVE_S1.);
#5721 = CIRCLE('',#5722,2.3);
#5722 = AXIS2_PLACEMENT_3D('',#5723,#5724,#5725);
#5723 = CARTESIAN_POINT('',(-20.4,-26.6875,1.4));
#5724 = DIRECTION('',(0.,0.,1.));
#5725 = DIRECTION('',(1.,0.,-0.));
#5726 = PCURVE('',#3581,#5727);
#5727 = DEFINITIONAL_REPRESENTATION('',(#5728),#5732);
#5728 = CIRCLE('',#5729,2.3);
#5729 = AXIS2_PLACEMENT_2D('',#5730,#5731);
#5730 = CARTESIAN_POINT('',(-20.4,-26.6875));
#5731 = DIRECTION('',(1.,0.));
#5732 = ( GEOMETRIC_REPRESENTATION_CONTEXT(2) 
PARAMETRIC_REPRESENTATION_CONTEXT() REPRESENTATION_CONTEXT('2D SPACE',''
  ) );
#5733 = PCURVE('',#5338,#5734);
#5734 = DEFINITIONAL_REPRESENTATION('',(#5735),#5739);
#5735 = LINE('',#5736,#5737);
#5736 = CARTESIAN_POINT('',(0.,0.));
#5737 = VECTOR('',#5738,1.);
#5738 = DIRECTION('',(1.,0.));
#5739 = ( GEOMETRIC_REPRESENTATION_CONTEXT(2) 
PARAMETRIC_REPRESENTATION_CONTEXT() REPRESENTATION_CONTEXT('2D SPACE',''
  ) );
#5740 = FACE_BOUND('',#5741,.T.);
#5741 = EDGE_LOOP('',(#5742,#5743,#5744,#5745));
#5742 = ORIENTED_EDGE('',*,*,#4879,.T.);
#5743 = ORIENTED_EDGE('',*,*,#4785,.T.);
#5744 = ORIENTED_EDGE('',*,*,#4832,.F.);
#5745 = ORIENTED_EDGE('',*,*,#4904,.F.);
#5746 = ADVANCED_FACE('',(#5747),#3793,.F.);
#5747 = FACE_BOUND('',#5748,.F.);
#5748 = EDGE_LOOP('',(#5749,#5750,#5771,#5799,#5832,#5851));
#5749 = ORIENTED_EDGE('',*,*,#3777,.F.);
#5750 = ORIENTED_EDGE('',*,*,#5751,.F.);
#5751 = EDGE_CURVE('',#5752,#3751,#5754,.T.);
#5752 = VERTEX_POINT('',#5753);
#5753 = CARTESIAN_POINT('',(9.,33.65,2.4));
#5754 = SURFACE_CURVE('',#5755,(#5759,#5765),.PCURVE_S1.);
#5755 = LINE('',#5756,#5757);
#5756 = CARTESIAN_POINT('',(9.,14.25,2.4));
#5757 = VECTOR('',#5758,1.);
#5758 = DIRECTION('',(-0.,1.,0.));
#5759 = PCURVE('',#3793,#5760);
#5760 = DEFINITIONAL_REPRESENTATION('',(#5761),#5764);
#5761 = B_SPLINE_CURVE_WITH_KNOTS('',1,(#5762,#5763),.UNSPECIFIED.,.F.,
  .F.,(2,2),(14.25,21.1),.PIECEWISE_BEZIER_KNOTS.);
#5762 = CARTESIAN_POINT('',(9.,28.5));
#5763 = CARTESIAN_POINT('',(9.,35.35));
#5764 = ( GEOMETRIC_REPRESENTATION_CONTEXT(2) 
PARAMETRIC_REPRESENTATION_CONTEXT() REPRESENTATION_CONTEXT('2D SPACE',''
  ) );
#5765 = PCURVE('',#3766,#5766);
#5766 = DEFINITIONAL_REPRESENTATION('',(#5767),#5770);
#5767 = B_SPLINE_CURVE_WITH_KNOTS('',1,(#5768,#5769),.UNSPECIFIED.,.F.,
  .F.,(2,2),(14.25,21.1),.PIECEWISE_BEZIER_KNOTS.);
#5768 = CARTESIAN_POINT('',(0.5,0.));
#5769 = CARTESIAN_POINT('',(0.5,-6.85));
#5770 = ( GEOMETRIC_REPRESENTATION_CONTEXT(2) 
PARAMETRIC_REPRESENTATION_CONTEXT() REPRESENTATION_CONTEXT('2D SPACE',''
  ) );
#5771 = ORIENTED_EDGE('',*,*,#5772,.T.);
#5772 = EDGE_CURVE('',#5752,#5773,#5775,.T.);
#5773 = VERTEX_POINT('',#5774);
#5774 = CARTESIAN_POINT('',(20.15,33.65,2.4));
#5775 = SURFACE_CURVE('',#5776,(#5780,#5787),.PCURVE_S1.);
#5776 = LINE('',#5777,#5778);
#5777 = CARTESIAN_POINT('',(0.,33.65,2.4));
#5778 = VECTOR('',#5779,1.);
#5779 = DIRECTION('',(1.,0.,0.));
#5780 = PCURVE('',#3793,#5781);
#5781 = DEFINITIONAL_REPRESENTATION('',(#5782),#5786);
#5782 = LINE('',#5783,#5784);
#5783 = CARTESIAN_POINT('',(-1.178668669698E-15,33.65));
#5784 = VECTOR('',#5785,1.);
#5785 = DIRECTION('',(1.,0.));
#5786 = ( GEOMETRIC_REPRESENTATION_CONTEXT(2) 
PARAMETRIC_REPRESENTATION_CONTEXT() REPRESENTATION_CONTEXT('2D SPACE',''
  ) );
#5787 = PCURVE('',#5788,#5793);
#5788 = PLANE('',#5789);
#5789 = AXIS2_PLACEMENT_3D('',#5790,#5791,#5792);
#5790 = CARTESIAN_POINT('',(-20.15,33.65,2.4));
#5791 = DIRECTION('',(0.,1.,0.));
#5792 = DIRECTION('',(1.,0.,0.));
#5793 = DEFINITIONAL_REPRESENTATION('',(#5794),#5798);
#5794 = LINE('',#5795,#5796);
#5795 = CARTESIAN_POINT('',(20.15,0.));
#5796 = VECTOR('',#5797,1.);
#5797 = DIRECTION('',(1.,0.));
#5798 = ( GEOMETRIC_REPRESENTATION_CONTEXT(2) 
PARAMETRIC_REPRESENTATION_CONTEXT() REPRESENTATION_CONTEXT('2D SPACE',''
  ) );
#5799 = ORIENTED_EDGE('',*,*,#5800,.T.);
#5800 = EDGE_CURVE('',#5773,#5801,#5803,.T.);
#5801 = VERTEX_POINT('',#5802);
#5802 = CARTESIAN_POINT('',(20.4,33.629019945775,2.4));
#5803 = SURFACE_CURVE('',#5804,(#5809,#5820),.PCURVE_S1.);
#5804 = CIRCLE('',#5805,1.5);
#5805 = AXIS2_PLACEMENT_3D('',#5806,#5807,#5808);
#5806 = CARTESIAN_POINT('',(20.15,32.15,2.4));
#5807 = DIRECTION('',(0.,0.,-1.));
#5808 = DIRECTION('',(-1.,0.,0.));
#5809 = PCURVE('',#3793,#5810);
#5810 = DEFINITIONAL_REPRESENTATION('',(#5811),#5819);
#5811 = ( BOUNDED_CURVE() B_SPLINE_CURVE(2,(#5812,#5813,#5814,#5815,
#5816,#5817,#5818),.UNSPECIFIED.,.T.,.F.) B_SPLINE_CURVE_WITH_KNOTS((1,2
    ,2,2,2,1),(-2.094395102393,0.,2.094395102393,4.188790204786,
6.28318530718,8.377580409573),.UNSPECIFIED.) CURVE() 
GEOMETRIC_REPRESENTATION_ITEM() RATIONAL_B_SPLINE_CURVE((1.,0.5,1.,0.5,
1.,0.5,1.)) REPRESENTATION_ITEM('') );
#5812 = CARTESIAN_POINT('',(18.65,32.15));
#5813 = CARTESIAN_POINT('',(18.65,34.748076211353));
#5814 = CARTESIAN_POINT('',(20.9,33.449038105677));
#5815 = CARTESIAN_POINT('',(23.15,32.15));
#5816 = CARTESIAN_POINT('',(20.9,30.850961894323));
#5817 = CARTESIAN_POINT('',(18.65,29.551923788647));
#5818 = CARTESIAN_POINT('',(18.65,32.15));
#5819 = ( GEOMETRIC_REPRESENTATION_CONTEXT(2) 
PARAMETRIC_REPRESENTATION_CONTEXT() REPRESENTATION_CONTEXT('2D SPACE',''
  ) );
#5820 = PCURVE('',#5821,#5826);
#5821 = CYLINDRICAL_SURFACE('',#5822,1.5);
#5822 = AXIS2_PLACEMENT_3D('',#5823,#5824,#5825);
#5823 = CARTESIAN_POINT('',(20.15,32.15,2.4));
#5824 = DIRECTION('',(0.,0.,-1.));
#5825 = DIRECTION('',(-1.,0.,0.));
#5826 = DEFINITIONAL_REPRESENTATION('',(#5827),#5831);
#5827 = LINE('',#5828,#5829);
#5828 = CARTESIAN_POINT('',(0.,0.));
#5829 = VECTOR('',#5830,1.);
#5830 = DIRECTION('',(1.,0.));
#5831 = ( GEOMETRIC_REPRESENTATION_CONTEXT(2) 
PARAMETRIC_REPRESENTATION_CONTEXT() REPRESENTATION_CONTEXT('2D SPACE',''
  ) );
#5832 = ORIENTED_EDGE('',*,*,#5833,.T.);
#5833 = EDGE_CURVE('',#5801,#3994,#5834,.T.);
#5834 = SURFACE_CURVE('',#5835,(#5839,#5845),.PCURVE_S1.);
#5835 = LINE('',#5836,#5837);
#5836 = CARTESIAN_POINT('',(20.4,-7.25,2.4));
#5837 = VECTOR('',#5838,1.);
#5838 = DIRECTION('',(-0.,1.,0.));
#5839 = PCURVE('',#3793,#5840);
#5840 = DEFINITIONAL_REPRESENTATION('',(#5841),#5844);
#5841 = B_SPLINE_CURVE_WITH_KNOTS('',1,(#5842,#5843),.UNSPECIFIED.,.F.,
  .F.,(2,2),(-7.25,42.6),.PIECEWISE_BEZIER_KNOTS.);
#5842 = CARTESIAN_POINT('',(20.4,-14.5));
#5843 = CARTESIAN_POINT('',(20.4,35.35));
#5844 = ( GEOMETRIC_REPRESENTATION_CONTEXT(2) 
PARAMETRIC_REPRESENTATION_CONTEXT() REPRESENTATION_CONTEXT('2D SPACE',''
  ) );
#5845 = PCURVE('',#4009,#5846);
#5846 = DEFINITIONAL_REPRESENTATION('',(#5847),#5850);
#5847 = B_SPLINE_CURVE_WITH_KNOTS('',1,(#5848,#5849),.UNSPECIFIED.,.F.,
  .F.,(2,2),(-7.25,42.6),.PIECEWISE_BEZIER_KNOTS.);
#5848 = CARTESIAN_POINT('',(0.5,0.));
#5849 = CARTESIAN_POINT('',(0.5,-49.85));
#5850 = ( GEOMETRIC_REPRESENTATION_CONTEXT(2) 
PARAMETRIC_REPRESENTATION_CONTEXT() REPRESENTATION_CONTEXT('2D SPACE',''
  ) );
#5851 = ORIENTED_EDGE('',*,*,#4020,.T.);
#5852 = ADVANCED_FACE('',(#5853),#3766,.F.);
#5853 = FACE_BOUND('',#5854,.F.);
#5854 = EDGE_LOOP('',(#5855,#5876,#5877,#5878));
#5855 = ORIENTED_EDGE('',*,*,#5856,.T.);
#5856 = EDGE_CURVE('',#5857,#5752,#5859,.T.);
#5857 = VERTEX_POINT('',#5858);
#5858 = CARTESIAN_POINT('',(9.,33.65,3.2));
#5859 = SURFACE_CURVE('',#5860,(#5864,#5870),.PCURVE_S1.);
#5860 = LINE('',#5861,#5862);
#5861 = CARTESIAN_POINT('',(9.,33.65,2.15));
#5862 = VECTOR('',#5863,1.);
#5863 = DIRECTION('',(-0.,0.,-1.));
#5864 = PCURVE('',#3766,#5865);
#5865 = DEFINITIONAL_REPRESENTATION('',(#5866),#5869);
#5866 = B_SPLINE_CURVE_WITH_KNOTS('',1,(#5867,#5868),.UNSPECIFIED.,.F.,
  .F.,(2,2),(-1.05,-0.25),.PIECEWISE_BEZIER_KNOTS.);
#5867 = CARTESIAN_POINT('',(1.3,-5.15));
#5868 = CARTESIAN_POINT('',(0.5,-5.15));
#5869 = ( GEOMETRIC_REPRESENTATION_CONTEXT(2) 
PARAMETRIC_REPRESENTATION_CONTEXT() REPRESENTATION_CONTEXT('2D SPACE',''
  ) );
#5870 = PCURVE('',#5788,#5871);
#5871 = DEFINITIONAL_REPRESENTATION('',(#5872),#5875);
#5872 = B_SPLINE_CURVE_WITH_KNOTS('',1,(#5873,#5874),.UNSPECIFIED.,.F.,
  .F.,(2,2),(-1.05,-0.25),.PIECEWISE_BEZIER_KNOTS.);
#5873 = CARTESIAN_POINT('',(29.15,-0.8));
#5874 = CARTESIAN_POINT('',(29.15,0.));
#5875 = ( GEOMETRIC_REPRESENTATION_CONTEXT(2) 
PARAMETRIC_REPRESENTATION_CONTEXT() REPRESENTATION_CONTEXT('2D SPACE',''
  ) );
#5876 = ORIENTED_EDGE('',*,*,#5751,.T.);
#5877 = ORIENTED_EDGE('',*,*,#3750,.F.);
#5878 = ORIENTED_EDGE('',*,*,#5879,.F.);
#5879 = EDGE_CURVE('',#5857,#3723,#5880,.T.);
#5880 = SURFACE_CURVE('',#5881,(#5885,#5891),.PCURVE_S1.);
#5881 = LINE('',#5882,#5883);
#5882 = CARTESIAN_POINT('',(9.,14.25,3.2));
#5883 = VECTOR('',#5884,1.);
#5884 = DIRECTION('',(-0.,1.,0.));
#5885 = PCURVE('',#3766,#5886);
#5886 = DEFINITIONAL_REPRESENTATION('',(#5887),#5890);
#5887 = B_SPLINE_CURVE_WITH_KNOTS('',1,(#5888,#5889),.UNSPECIFIED.,.F.,
  .F.,(2,2),(14.25,21.1),.PIECEWISE_BEZIER_KNOTS.);
#5888 = CARTESIAN_POINT('',(1.3,0.));
#5889 = CARTESIAN_POINT('',(1.3,-6.85));
#5890 = ( GEOMETRIC_REPRESENTATION_CONTEXT(2) 
PARAMETRIC_REPRESENTATION_CONTEXT() REPRESENTATION_CONTEXT('2D SPACE',''
  ) );
#5891 = PCURVE('',#3738,#5892);
#5892 = DEFINITIONAL_REPRESENTATION('',(#5893),#5896);
#5893 = B_SPLINE_CURVE_WITH_KNOTS('',1,(#5894,#5895),.UNSPECIFIED.,.F.,
  .F.,(2,2),(14.25,21.1),.PIECEWISE_BEZIER_KNOTS.);
#5894 = CARTESIAN_POINT('',(9.,28.5));
#5895 = CARTESIAN_POINT('',(9.,35.35));
#5896 = ( GEOMETRIC_REPRESENTATION_CONTEXT(2) 
PARAMETRIC_REPRESENTATION_CONTEXT() REPRESENTATION_CONTEXT('2D SPACE',''
  ) );
#5897 = ADVANCED_FACE('',(#5898),#3738,.T.);
#5898 = FACE_BOUND('',#5899,.T.);
#5899 = EDGE_LOOP('',(#5900,#5901,#5902,#5925,#5953,#5972));
#5900 = ORIENTED_EDGE('',*,*,#3722,.F.);
#5901 = ORIENTED_EDGE('',*,*,#5879,.F.);
#5902 = ORIENTED_EDGE('',*,*,#5903,.T.);
#5903 = EDGE_CURVE('',#5857,#5904,#5906,.T.);
#5904 = VERTEX_POINT('',#5905);
#5905 = CARTESIAN_POINT('',(20.15,33.65,3.2));
#5906 = SURFACE_CURVE('',#5907,(#5911,#5918),.PCURVE_S1.);
#5907 = LINE('',#5908,#5909);
#5908 = CARTESIAN_POINT('',(0.,33.65,3.2));
#5909 = VECTOR('',#5910,1.);
#5910 = DIRECTION('',(1.,0.,0.));
#5911 = PCURVE('',#3738,#5912);
#5912 = DEFINITIONAL_REPRESENTATION('',(#5913),#5917);
#5913 = LINE('',#5914,#5915);
#5914 = CARTESIAN_POINT('',(-1.178668669698E-15,33.65));
#5915 = VECTOR('',#5916,1.);
#5916 = DIRECTION('',(1.,0.));
#5917 = ( GEOMETRIC_REPRESENTATION_CONTEXT(2) 
PARAMETRIC_REPRESENTATION_CONTEXT() REPRESENTATION_CONTEXT('2D SPACE',''
  ) );
#5918 = PCURVE('',#5788,#5919);
#5919 = DEFINITIONAL_REPRESENTATION('',(#5920),#5924);
#5920 = LINE('',#5921,#5922);
#5921 = CARTESIAN_POINT('',(20.15,-0.8));
#5922 = VECTOR('',#5923,1.);
#5923 = DIRECTION('',(1.,0.));
#5924 = ( GEOMETRIC_REPRESENTATION_CONTEXT(2) 
PARAMETRIC_REPRESENTATION_CONTEXT() REPRESENTATION_CONTEXT('2D SPACE',''
  ) );
#5925 = ORIENTED_EDGE('',*,*,#5926,.T.);
#5926 = EDGE_CURVE('',#5904,#5927,#5929,.T.);
#5927 = VERTEX_POINT('',#5928);
#5928 = CARTESIAN_POINT('',(20.4,33.629019945775,3.2));
#5929 = SURFACE_CURVE('',#5930,(#5935,#5946),.PCURVE_S1.);
#5930 = CIRCLE('',#5931,1.5);
#5931 = AXIS2_PLACEMENT_3D('',#5932,#5933,#5934);
#5932 = CARTESIAN_POINT('',(20.15,32.15,3.2));
#5933 = DIRECTION('',(0.,0.,-1.));
#5934 = DIRECTION('',(-1.,0.,0.));
#5935 = PCURVE('',#3738,#5936);
#5936 = DEFINITIONAL_REPRESENTATION('',(#5937),#5945);
#5937 = ( BOUNDED_CURVE() B_SPLINE_CURVE(2,(#5938,#5939,#5940,#5941,
#5942,#5943,#5944),.UNSPECIFIED.,.T.,.F.) B_SPLINE_CURVE_WITH_KNOTS((1,2
    ,2,2,2,1),(-2.094395102393,0.,2.094395102393,4.188790204786,
6.28318530718,8.377580409573),.UNSPECIFIED.) CURVE() 
GEOMETRIC_REPRESENTATION_ITEM() RATIONAL_B_SPLINE_CURVE((1.,0.5,1.,0.5,
1.,0.5,1.)) REPRESENTATION_ITEM('') );
#5938 = CARTESIAN_POINT('',(18.65,32.15));
#5939 = CARTESIAN_POINT('',(18.65,34.748076211353));
#5940 = CARTESIAN_POINT('',(20.9,33.449038105677));
#5941 = CARTESIAN_POINT('',(23.15,32.15));
#5942 = CARTESIAN_POINT('',(20.9,30.850961894323));
#5943 = CARTESIAN_POINT('',(18.65,29.551923788647));
#5944 = CARTESIAN_POINT('',(18.65,32.15));
#5945 = ( GEOMETRIC_REPRESENTATION_CONTEXT(2) 
PARAMETRIC_REPRESENTATION_CONTEXT() REPRESENTATION_CONTEXT('2D SPACE',''
  ) );
#5946 = PCURVE('',#5821,#5947);
#5947 = DEFINITIONAL_REPRESENTATION('',(#5948),#5952);
#5948 = LINE('',#5949,#5950);
#5949 = CARTESIAN_POINT('',(0.,-0.8));
#5950 = VECTOR('',#5951,1.);
#5951 = DIRECTION('',(1.,0.));
#5952 = ( GEOMETRIC_REPRESENTATION_CONTEXT(2) 
PARAMETRIC_REPRESENTATION_CONTEXT() REPRESENTATION_CONTEXT('2D SPACE',''
  ) );
#5953 = ORIENTED_EDGE('',*,*,#5954,.T.);
#5954 = EDGE_CURVE('',#5927,#3970,#5955,.T.);
#5955 = SURFACE_CURVE('',#5956,(#5960,#5966),.PCURVE_S1.);
#5956 = LINE('',#5957,#5958);
#5957 = CARTESIAN_POINT('',(20.4,-7.25,3.2));
#5958 = VECTOR('',#5959,1.);
#5959 = DIRECTION('',(-0.,1.,0.));
#5960 = PCURVE('',#3738,#5961);
#5961 = DEFINITIONAL_REPRESENTATION('',(#5962),#5965);
#5962 = B_SPLINE_CURVE_WITH_KNOTS('',1,(#5963,#5964),.UNSPECIFIED.,.F.,
  .F.,(2,2),(-7.25,42.6),.PIECEWISE_BEZIER_KNOTS.);
#5963 = CARTESIAN_POINT('',(20.4,-14.5));
#5964 = CARTESIAN_POINT('',(20.4,35.35));
#5965 = ( GEOMETRIC_REPRESENTATION_CONTEXT(2) 
PARAMETRIC_REPRESENTATION_CONTEXT() REPRESENTATION_CONTEXT('2D SPACE',''
  ) );
#5966 = PCURVE('',#4009,#5967);
#5967 = DEFINITIONAL_REPRESENTATION('',(#5968),#5971);
#5968 = B_SPLINE_CURVE_WITH_KNOTS('',1,(#5969,#5970),.UNSPECIFIED.,.F.,
  .F.,(2,2),(-7.25,42.6),.PIECEWISE_BEZIER_KNOTS.);
#5969 = CARTESIAN_POINT('',(1.3,0.));
#5970 = CARTESIAN_POINT('',(1.3,-49.85));
#5971 = ( GEOMETRIC_REPRESENTATION_CONTEXT(2) 
PARAMETRIC_REPRESENTATION_CONTEXT() REPRESENTATION_CONTEXT('2D SPACE',''
  ) );
#5972 = ORIENTED_EDGE('',*,*,#3969,.T.);
#5973 = ADVANCED_FACE('',(#5974),#3665,.T.);
#5974 = FACE_BOUND('',#5975,.T.);
#5975 = EDGE_LOOP('',(#5976,#5997,#6016,#6017));
#5976 = ORIENTED_EDGE('',*,*,#5977,.T.);
#5977 = EDGE_CURVE('',#5436,#5978,#5980,.T.);
#5978 = VERTEX_POINT('',#5979);
#5979 = CARTESIAN_POINT('',(-19.,33.65,2.4));
#5980 = SURFACE_CURVE('',#5981,(#5985,#5991),.PCURVE_S1.);
#5981 = LINE('',#5982,#5983);
#5982 = CARTESIAN_POINT('',(-19.,33.65,2.15));
#5983 = VECTOR('',#5984,1.);
#5984 = DIRECTION('',(-0.,0.,-1.));
#5985 = PCURVE('',#3665,#5986);
#5986 = DEFINITIONAL_REPRESENTATION('',(#5987),#5990);
#5987 = B_SPLINE_CURVE_WITH_KNOTS('',1,(#5988,#5989),.UNSPECIFIED.,.F.,
  .F.,(2,2),(-1.05,-0.25),.PIECEWISE_BEZIER_KNOTS.);
#5988 = CARTESIAN_POINT('',(1.3,-5.15));
#5989 = CARTESIAN_POINT('',(0.5,-5.15));
#5990 = ( GEOMETRIC_REPRESENTATION_CONTEXT(2) 
PARAMETRIC_REPRESENTATION_CONTEXT() REPRESENTATION_CONTEXT('2D SPACE',''
  ) );
#5991 = PCURVE('',#5451,#5992);
#5992 = DEFINITIONAL_REPRESENTATION('',(#5993),#5996);
#5993 = B_SPLINE_CURVE_WITH_KNOTS('',1,(#5994,#5995),.UNSPECIFIED.,.F.,
  .F.,(2,2),(-1.05,-0.25),.PIECEWISE_BEZIER_KNOTS.);
#5994 = CARTESIAN_POINT('',(1.15,-0.8));
#5995 = CARTESIAN_POINT('',(1.15,0.));
#5996 = ( GEOMETRIC_REPRESENTATION_CONTEXT(2) 
PARAMETRIC_REPRESENTATION_CONTEXT() REPRESENTATION_CONTEXT('2D SPACE',''
  ) );
#5997 = ORIENTED_EDGE('',*,*,#5998,.T.);
#5998 = EDGE_CURVE('',#5978,#3622,#5999,.T.);
#5999 = SURFACE_CURVE('',#6000,(#6004,#6010),.PCURVE_S1.);
#6000 = LINE('',#6001,#6002);
#6001 = CARTESIAN_POINT('',(-19.,14.25,2.4));
#6002 = VECTOR('',#6003,1.);
#6003 = DIRECTION('',(-0.,1.,0.));
#6004 = PCURVE('',#3665,#6005);
#6005 = DEFINITIONAL_REPRESENTATION('',(#6006),#6009);
#6006 = B_SPLINE_CURVE_WITH_KNOTS('',1,(#6007,#6008),.UNSPECIFIED.,.F.,
  .F.,(2,2),(14.25,21.1),.PIECEWISE_BEZIER_KNOTS.);
#6007 = CARTESIAN_POINT('',(0.5,0.));
#6008 = CARTESIAN_POINT('',(0.5,-6.85));
#6009 = ( GEOMETRIC_REPRESENTATION_CONTEXT(2) 
PARAMETRIC_REPRESENTATION_CONTEXT() REPRESENTATION_CONTEXT('2D SPACE',''
  ) );
#6010 = PCURVE('',#3637,#6011);
#6011 = DEFINITIONAL_REPRESENTATION('',(#6012),#6015);
#6012 = B_SPLINE_CURVE_WITH_KNOTS('',1,(#6013,#6014),.UNSPECIFIED.,.F.,
  .F.,(2,2),(14.25,21.1),.PIECEWISE_BEZIER_KNOTS.);
#6013 = CARTESIAN_POINT('',(-19.,28.5));
#6014 = CARTESIAN_POINT('',(-19.,35.35));
#6015 = ( GEOMETRIC_REPRESENTATION_CONTEXT(2) 
PARAMETRIC_REPRESENTATION_CONTEXT() REPRESENTATION_CONTEXT('2D SPACE',''
  ) );
#6016 = ORIENTED_EDGE('',*,*,#3649,.F.);
#6017 = ORIENTED_EDGE('',*,*,#5463,.F.);
#6018 = ADVANCED_FACE('',(#6019),#3637,.F.);
#6019 = FACE_BOUND('',#6020,.F.);
#6020 = EDGE_LOOP('',(#6021,#6046,#6069,#6092,#6116,#6139,#6167,#6188,
    #6189,#6190));
#6021 = ORIENTED_EDGE('',*,*,#6022,.F.);
#6022 = EDGE_CURVE('',#6023,#6025,#6027,.T.);
#6023 = VERTEX_POINT('',#6024);
#6024 = CARTESIAN_POINT('',(-23.35,-31.01357960675,2.4));
#6025 = VERTEX_POINT('',#6026);
#6026 = CARTESIAN_POINT('',(-23.35,32.15,2.4));
#6027 = SURFACE_CURVE('',#6028,(#6032,#6039),.PCURVE_S1.);
#6028 = LINE('',#6029,#6030);
#6029 = CARTESIAN_POINT('',(-23.35,0.,2.4));
#6030 = VECTOR('',#6031,1.);
#6031 = DIRECTION('',(0.,1.,0.));
#6032 = PCURVE('',#3637,#6033);
#6033 = DEFINITIONAL_REPRESENTATION('',(#6034),#6038);
#6034 = LINE('',#6035,#6036);
#6035 = CARTESIAN_POINT('',(-23.35,-6.2035193142E-16));
#6036 = VECTOR('',#6037,1.);
#6037 = DIRECTION('',(0.,1.));
#6038 = ( GEOMETRIC_REPRESENTATION_CONTEXT(2) 
PARAMETRIC_REPRESENTATION_CONTEXT() REPRESENTATION_CONTEXT('2D SPACE',''
  ) );
#6039 = PCURVE('',#5568,#6040);
#6040 = DEFINITIONAL_REPRESENTATION('',(#6041),#6045);
#6041 = LINE('',#6042,#6043);
#6042 = CARTESIAN_POINT('',(32.15,-1.));
#6043 = VECTOR('',#6044,1.);
#6044 = DIRECTION('',(1.,0.));
#6045 = ( GEOMETRIC_REPRESENTATION_CONTEXT(2) 
PARAMETRIC_REPRESENTATION_CONTEXT() REPRESENTATION_CONTEXT('2D SPACE',''
  ) );
#6046 = ORIENTED_EDGE('',*,*,#6047,.F.);
#6047 = EDGE_CURVE('',#6048,#6023,#6050,.T.);
#6048 = VERTEX_POINT('',#6049);
#6049 = CARTESIAN_POINT('',(-21.65,-29.43940556793,2.4));
#6050 = SURFACE_CURVE('',#6051,(#6056,#6063),.PCURVE_S1.);
#6051 = CIRCLE('',#6052,2.3);
#6052 = AXIS2_PLACEMENT_3D('',#6053,#6054,#6055);
#6053 = CARTESIAN_POINT('',(-21.15,-31.6844,2.4));
#6054 = DIRECTION('',(0.,0.,1.));
#6055 = DIRECTION('',(1.,0.,-0.));
#6056 = PCURVE('',#3637,#6057);
#6057 = DEFINITIONAL_REPRESENTATION('',(#6058),#6062);
#6058 = CIRCLE('',#6059,2.3);
#6059 = AXIS2_PLACEMENT_2D('',#6060,#6061);
#6060 = CARTESIAN_POINT('',(-21.15,-31.6844));
#6061 = DIRECTION('',(1.,0.));
#6062 = ( GEOMETRIC_REPRESENTATION_CONTEXT(2) 
PARAMETRIC_REPRESENTATION_CONTEXT() REPRESENTATION_CONTEXT('2D SPACE',''
  ) );
#6063 = PCURVE('',#5281,#6064);
#6064 = DEFINITIONAL_REPRESENTATION('',(#6065),#6068);
#6065 = B_SPLINE_CURVE_WITH_KNOTS('',1,(#6066,#6067),.UNSPECIFIED.,.F.,
  .F.,(2,2),(1.789937385792,2.845629732092),.PIECEWISE_BEZIER_KNOTS.);
#6066 = CARTESIAN_POINT('',(8.073122692972,1.));
#6067 = CARTESIAN_POINT('',(9.128815039272,1.));
#6068 = ( GEOMETRIC_REPRESENTATION_CONTEXT(2) 
PARAMETRIC_REPRESENTATION_CONTEXT() REPRESENTATION_CONTEXT('2D SPACE',''
  ) );
#6069 = ORIENTED_EDGE('',*,*,#6070,.T.);
#6070 = EDGE_CURVE('',#6048,#6071,#6073,.T.);
#6071 = VERTEX_POINT('',#6072);
#6072 = CARTESIAN_POINT('',(-21.65,-28.61817345763,2.4));
#6073 = SURFACE_CURVE('',#6074,(#6078,#6085),.PCURVE_S1.);
#6074 = LINE('',#6075,#6076);
#6075 = CARTESIAN_POINT('',(-21.65,0.,2.4));
#6076 = VECTOR('',#6077,1.);
#6077 = DIRECTION('',(0.,1.,0.));
#6078 = PCURVE('',#3637,#6079);
#6079 = DEFINITIONAL_REPRESENTATION('',(#6080),#6084);
#6080 = LINE('',#6081,#6082);
#6081 = CARTESIAN_POINT('',(-21.65,-6.2035193142E-16));
#6082 = VECTOR('',#6083,1.);
#6083 = DIRECTION('',(0.,1.));
#6084 = ( GEOMETRIC_REPRESENTATION_CONTEXT(2) 
PARAMETRIC_REPRESENTATION_CONTEXT() REPRESENTATION_CONTEXT('2D SPACE',''
  ) );
#6085 = PCURVE('',#5309,#6086);
#6086 = DEFINITIONAL_REPRESENTATION('',(#6087),#6091);
#6087 = LINE('',#6088,#6089);
#6088 = CARTESIAN_POINT('',(32.15,0.));
#6089 = VECTOR('',#6090,1.);
#6090 = DIRECTION('',(1.,0.));
#6091 = ( GEOMETRIC_REPRESENTATION_CONTEXT(2) 
PARAMETRIC_REPRESENTATION_CONTEXT() REPRESENTATION_CONTEXT('2D SPACE',''
  ) );
#6092 = ORIENTED_EDGE('',*,*,#6093,.F.);
#6093 = EDGE_CURVE('',#6094,#6071,#6096,.T.);
#6094 = VERTEX_POINT('',#6095);
#6095 = CARTESIAN_POINT('',(-21.65,-24.75682654236,2.4));
#6096 = SURFACE_CURVE('',#6097,(#6102,#6109),.PCURVE_S1.);
#6097 = CIRCLE('',#6098,2.3);
#6098 = AXIS2_PLACEMENT_3D('',#6099,#6100,#6101);
#6099 = CARTESIAN_POINT('',(-20.4,-26.6875,2.4));
#6100 = DIRECTION('',(0.,0.,1.));
#6101 = DIRECTION('',(1.,0.,-0.));
#6102 = PCURVE('',#3637,#6103);
#6103 = DEFINITIONAL_REPRESENTATION('',(#6104),#6108);
#6104 = CIRCLE('',#6105,2.3);
#6105 = AXIS2_PLACEMENT_2D('',#6106,#6107);
#6106 = CARTESIAN_POINT('',(-20.4,-26.6875));
#6107 = DIRECTION('',(1.,0.));
#6108 = ( GEOMETRIC_REPRESENTATION_CONTEXT(2) 
PARAMETRIC_REPRESENTATION_CONTEXT() REPRESENTATION_CONTEXT('2D SPACE',''
  ) );
#6109 = PCURVE('',#5338,#6110);
#6110 = DEFINITIONAL_REPRESENTATION('',(#6111),#6115);
#6111 = LINE('',#6112,#6113);
#6112 = CARTESIAN_POINT('',(0.,1.));
#6113 = VECTOR('',#6114,1.);
#6114 = DIRECTION('',(1.,0.));
#6115 = ( GEOMETRIC_REPRESENTATION_CONTEXT(2) 
PARAMETRIC_REPRESENTATION_CONTEXT() REPRESENTATION_CONTEXT('2D SPACE',''
  ) );
#6116 = ORIENTED_EDGE('',*,*,#6117,.T.);
#6117 = EDGE_CURVE('',#6094,#6118,#6120,.T.);
#6118 = VERTEX_POINT('',#6119);
#6119 = CARTESIAN_POINT('',(-21.65,32.15,2.4));
#6120 = SURFACE_CURVE('',#6121,(#6125,#6132),.PCURVE_S1.);
#6121 = LINE('',#6122,#6123);
#6122 = CARTESIAN_POINT('',(-21.65,0.,2.4));
#6123 = VECTOR('',#6124,1.);
#6124 = DIRECTION('',(0.,1.,0.));
#6125 = PCURVE('',#3637,#6126);
#6126 = DEFINITIONAL_REPRESENTATION('',(#6127),#6131);
#6127 = LINE('',#6128,#6129);
#6128 = CARTESIAN_POINT('',(-21.65,-6.2035193142E-16));
#6129 = VECTOR('',#6130,1.);
#6130 = DIRECTION('',(0.,1.));
#6131 = ( GEOMETRIC_REPRESENTATION_CONTEXT(2) 
PARAMETRIC_REPRESENTATION_CONTEXT() REPRESENTATION_CONTEXT('2D SPACE',''
  ) );
#6132 = PCURVE('',#5390,#6133);
#6133 = DEFINITIONAL_REPRESENTATION('',(#6134),#6138);
#6134 = LINE('',#6135,#6136);
#6135 = CARTESIAN_POINT('',(32.15,0.));
#6136 = VECTOR('',#6137,1.);
#6137 = DIRECTION('',(1.,0.));
#6138 = ( GEOMETRIC_REPRESENTATION_CONTEXT(2) 
PARAMETRIC_REPRESENTATION_CONTEXT() REPRESENTATION_CONTEXT('2D SPACE',''
  ) );
#6139 = ORIENTED_EDGE('',*,*,#6140,.T.);
#6140 = EDGE_CURVE('',#6118,#6141,#6143,.T.);
#6141 = VERTEX_POINT('',#6142);
#6142 = CARTESIAN_POINT('',(-20.15,33.65,2.4));
#6143 = SURFACE_CURVE('',#6144,(#6149,#6160),.PCURVE_S1.);
#6144 = CIRCLE('',#6145,1.5);
#6145 = AXIS2_PLACEMENT_3D('',#6146,#6147,#6148);
#6146 = CARTESIAN_POINT('',(-20.15,32.15,2.4));
#6147 = DIRECTION('',(0.,0.,-1.));
#6148 = DIRECTION('',(-1.,0.,0.));
#6149 = PCURVE('',#3637,#6150);
#6150 = DEFINITIONAL_REPRESENTATION('',(#6151),#6159);
#6151 = ( BOUNDED_CURVE() B_SPLINE_CURVE(2,(#6152,#6153,#6154,#6155,
#6156,#6157,#6158),.UNSPECIFIED.,.T.,.F.) B_SPLINE_CURVE_WITH_KNOTS((1,2
    ,2,2,2,1),(-2.094395102393,0.,2.094395102393,4.188790204786,
6.28318530718,8.377580409573),.UNSPECIFIED.) CURVE() 
GEOMETRIC_REPRESENTATION_ITEM() RATIONAL_B_SPLINE_CURVE((1.,0.5,1.,0.5,
1.,0.5,1.)) REPRESENTATION_ITEM('') );
#6152 = CARTESIAN_POINT('',(-21.65,32.15));
#6153 = CARTESIAN_POINT('',(-21.65,34.748076211353));
#6154 = CARTESIAN_POINT('',(-19.4,33.449038105677));
#6155 = CARTESIAN_POINT('',(-17.15,32.15));
#6156 = CARTESIAN_POINT('',(-19.4,30.850961894323));
#6157 = CARTESIAN_POINT('',(-21.65,29.551923788647));
#6158 = CARTESIAN_POINT('',(-21.65,32.15));
#6159 = ( GEOMETRIC_REPRESENTATION_CONTEXT(2) 
PARAMETRIC_REPRESENTATION_CONTEXT() REPRESENTATION_CONTEXT('2D SPACE',''
  ) );
#6160 = PCURVE('',#5423,#6161);
#6161 = DEFINITIONAL_REPRESENTATION('',(#6162),#6166);
#6162 = LINE('',#6163,#6164);
#6163 = CARTESIAN_POINT('',(0.,0.));
#6164 = VECTOR('',#6165,1.);
#6165 = DIRECTION('',(1.,0.));
#6166 = ( GEOMETRIC_REPRESENTATION_CONTEXT(2) 
PARAMETRIC_REPRESENTATION_CONTEXT() REPRESENTATION_CONTEXT('2D SPACE',''
  ) );
#6167 = ORIENTED_EDGE('',*,*,#6168,.T.);
#6168 = EDGE_CURVE('',#6141,#5978,#6169,.T.);
#6169 = SURFACE_CURVE('',#6170,(#6174,#6181),.PCURVE_S1.);
#6170 = LINE('',#6171,#6172);
#6171 = CARTESIAN_POINT('',(0.,33.65,2.4));
#6172 = VECTOR('',#6173,1.);
#6173 = DIRECTION('',(1.,0.,0.));
#6174 = PCURVE('',#3637,#6175);
#6175 = DEFINITIONAL_REPRESENTATION('',(#6176),#6180);
#6176 = LINE('',#6177,#6178);
#6177 = CARTESIAN_POINT('',(-1.178668669698E-15,33.65));
#6178 = VECTOR('',#6179,1.);
#6179 = DIRECTION('',(1.,0.));
#6180 = ( GEOMETRIC_REPRESENTATION_CONTEXT(2) 
PARAMETRIC_REPRESENTATION_CONTEXT() REPRESENTATION_CONTEXT('2D SPACE',''
  ) );
#6181 = PCURVE('',#5451,#6182);
#6182 = DEFINITIONAL_REPRESENTATION('',(#6183),#6187);
#6183 = LINE('',#6184,#6185);
#6184 = CARTESIAN_POINT('',(20.15,0.));
#6185 = VECTOR('',#6186,1.);
#6186 = DIRECTION('',(1.,0.));
#6187 = ( GEOMETRIC_REPRESENTATION_CONTEXT(2) 
PARAMETRIC_REPRESENTATION_CONTEXT() REPRESENTATION_CONTEXT('2D SPACE',''
  ) );
#6188 = ORIENTED_EDGE('',*,*,#5998,.T.);
#6189 = ORIENTED_EDGE('',*,*,#3621,.F.);
#6190 = ORIENTED_EDGE('',*,*,#6191,.T.);
#6191 = EDGE_CURVE('',#3594,#6025,#6192,.T.);
#6192 = SURFACE_CURVE('',#6193,(#6198,#6205),.PCURVE_S1.);
#6193 = CIRCLE('',#6194,3.2);
#6194 = AXIS2_PLACEMENT_3D('',#6195,#6196,#6197);
#6195 = CARTESIAN_POINT('',(-20.15,32.15,2.4));
#6196 = DIRECTION('',(0.,0.,1.));
#6197 = DIRECTION('',(1.,0.,0.));
#6198 = PCURVE('',#3637,#6199);
#6199 = DEFINITIONAL_REPRESENTATION('',(#6200),#6204);
#6200 = CIRCLE('',#6201,3.2);
#6201 = AXIS2_PLACEMENT_2D('',#6202,#6203);
#6202 = CARTESIAN_POINT('',(-20.15,32.15));
#6203 = DIRECTION('',(1.,0.));
#6204 = ( GEOMETRIC_REPRESENTATION_CONTEXT(2) 
PARAMETRIC_REPRESENTATION_CONTEXT() REPRESENTATION_CONTEXT('2D SPACE',''
  ) );
#6205 = PCURVE('',#3609,#6206);
#6206 = DEFINITIONAL_REPRESENTATION('',(#6207),#6211);
#6207 = LINE('',#6208,#6209);
#6208 = CARTESIAN_POINT('',(-0.,-1.));
#6209 = VECTOR('',#6210,1.);
#6210 = DIRECTION('',(-1.,0.));
#6211 = ( GEOMETRIC_REPRESENTATION_CONTEXT(2) 
PARAMETRIC_REPRESENTATION_CONTEXT() REPRESENTATION_CONTEXT('2D SPACE',''
  ) );
#6212 = ADVANCED_FACE('',(#6213),#3609,.F.);
#6213 = FACE_BOUND('',#6214,.T.);
#6214 = EDGE_LOOP('',(#6215,#6216,#6217,#6218));
#6215 = ORIENTED_EDGE('',*,*,#5693,.F.);
#6216 = ORIENTED_EDGE('',*,*,#3593,.T.);
#6217 = ORIENTED_EDGE('',*,*,#6191,.T.);
#6218 = ORIENTED_EDGE('',*,*,#6219,.F.);
#6219 = EDGE_CURVE('',#5553,#6025,#6220,.T.);
#6220 = SURFACE_CURVE('',#6221,(#6225,#6232),.PCURVE_S1.);
#6221 = LINE('',#6222,#6223);
#6222 = CARTESIAN_POINT('',(-23.35,32.15,1.4));
#6223 = VECTOR('',#6224,1.);
#6224 = DIRECTION('',(0.,0.,1.));
#6225 = PCURVE('',#3609,#6226);
#6226 = DEFINITIONAL_REPRESENTATION('',(#6227),#6231);
#6227 = LINE('',#6228,#6229);
#6228 = CARTESIAN_POINT('',(-3.14159265359,0.));
#6229 = VECTOR('',#6230,1.);
#6230 = DIRECTION('',(-0.,-1.));
#6231 = ( GEOMETRIC_REPRESENTATION_CONTEXT(2) 
PARAMETRIC_REPRESENTATION_CONTEXT() REPRESENTATION_CONTEXT('2D SPACE',''
  ) );
#6232 = PCURVE('',#5568,#6233);
#6233 = DEFINITIONAL_REPRESENTATION('',(#6234),#6238);
#6234 = LINE('',#6235,#6236);
#6235 = CARTESIAN_POINT('',(64.3,0.));
#6236 = VECTOR('',#6237,1.);
#6237 = DIRECTION('',(0.,-1.));
#6238 = ( GEOMETRIC_REPRESENTATION_CONTEXT(2) 
PARAMETRIC_REPRESENTATION_CONTEXT() REPRESENTATION_CONTEXT('2D SPACE',''
  ) );
#6239 = ADVANCED_FACE('',(#6240),#4009,.T.);
#6240 = FACE_BOUND('',#6241,.T.);
#6241 = EDGE_LOOP('',(#6242,#6261,#6262,#6263));
#6242 = ORIENTED_EDGE('',*,*,#6243,.T.);
#6243 = EDGE_CURVE('',#5927,#5801,#6244,.T.);
#6244 = SURFACE_CURVE('',#6245,(#6249,#6255),.PCURVE_S1.);
#6245 = LINE('',#6246,#6247);
#6246 = CARTESIAN_POINT('',(20.4,33.629019945775,2.4));
#6247 = VECTOR('',#6248,1.);
#6248 = DIRECTION('',(0.,0.,-1.));
#6249 = PCURVE('',#4009,#6250);
#6250 = DEFINITIONAL_REPRESENTATION('',(#6251),#6254);
#6251 = B_SPLINE_CURVE_WITH_KNOTS('',1,(#6252,#6253),.UNSPECIFIED.,.F.,
  .F.,(2,2),(-0.8000006,5.999999999062E-07),.PIECEWISE_BEZIER_KNOTS.);
#6252 = CARTESIAN_POINT('',(1.3000006,-48.12901994577));
#6253 = CARTESIAN_POINT('',(0.4999994,-48.12901994577));
#6254 = ( GEOMETRIC_REPRESENTATION_CONTEXT(2) 
PARAMETRIC_REPRESENTATION_CONTEXT() REPRESENTATION_CONTEXT('2D SPACE',''
  ) );
#6255 = PCURVE('',#5821,#6256);
#6256 = DEFINITIONAL_REPRESENTATION('',(#6257),#6260);
#6257 = B_SPLINE_CURVE_WITH_KNOTS('',1,(#6258,#6259),.UNSPECIFIED.,.F.,
  .F.,(2,2),(-0.8000006,5.999999999062E-07),.PIECEWISE_BEZIER_KNOTS.);
#6258 = CARTESIAN_POINT('',(1.738244406015,-0.8000006));
#6259 = CARTESIAN_POINT('',(1.738244406015,5.999999999062E-07));
#6260 = ( GEOMETRIC_REPRESENTATION_CONTEXT(2) 
PARAMETRIC_REPRESENTATION_CONTEXT() REPRESENTATION_CONTEXT('2D SPACE',''
  ) );
#6261 = ORIENTED_EDGE('',*,*,#5833,.T.);
#6262 = ORIENTED_EDGE('',*,*,#3993,.F.);
#6263 = ORIENTED_EDGE('',*,*,#5954,.F.);
#6264 = ADVANCED_FACE('',(#6265),#4238,.T.);
#6265 = FACE_BOUND('',#6266,.T.);
#6266 = EDGE_LOOP('',(#6267,#6268,#6289,#6308));
#6267 = ORIENTED_EDGE('',*,*,#4222,.T.);
#6268 = ORIENTED_EDGE('',*,*,#6269,.T.);
#6269 = EDGE_CURVE('',#4195,#6270,#6272,.T.);
#6270 = VERTEX_POINT('',#6271);
#6271 = CARTESIAN_POINT('',(21.65,-14.5,2.4));
#6272 = SURFACE_CURVE('',#6273,(#6277,#6283),.PCURVE_S1.);
#6273 = LINE('',#6274,#6275);
#6274 = CARTESIAN_POINT('',(10.2,-14.5,2.4));
#6275 = VECTOR('',#6276,1.);
#6276 = DIRECTION('',(-1.,-0.,0.));
#6277 = PCURVE('',#4238,#6278);
#6278 = DEFINITIONAL_REPRESENTATION('',(#6279),#6282);
#6279 = B_SPLINE_CURVE_WITH_KNOTS('',1,(#6280,#6281),.UNSPECIFIED.,.F.,
  .F.,(2,2),(-13.15,-10.2),.PIECEWISE_BEZIER_KNOTS.);
#6280 = CARTESIAN_POINT('',(0.5,2.95));
#6281 = CARTESIAN_POINT('',(0.5,0.));
#6282 = ( GEOMETRIC_REPRESENTATION_CONTEXT(2) 
PARAMETRIC_REPRESENTATION_CONTEXT() REPRESENTATION_CONTEXT('2D SPACE',''
  ) );
#6283 = PCURVE('',#4210,#6284);
#6284 = DEFINITIONAL_REPRESENTATION('',(#6285),#6288);
#6285 = B_SPLINE_CURVE_WITH_KNOTS('',1,(#6286,#6287),.UNSPECIFIED.,.F.,
  .F.,(2,2),(-13.15,-10.2),.PIECEWISE_BEZIER_KNOTS.);
#6286 = CARTESIAN_POINT('',(23.35,-14.5));
#6287 = CARTESIAN_POINT('',(20.4,-14.5));
#6288 = ( GEOMETRIC_REPRESENTATION_CONTEXT(2) 
PARAMETRIC_REPRESENTATION_CONTEXT() REPRESENTATION_CONTEXT('2D SPACE',''
  ) );
#6289 = ORIENTED_EDGE('',*,*,#6290,.F.);
#6290 = EDGE_CURVE('',#5154,#6270,#6291,.T.);
#6291 = SURFACE_CURVE('',#6292,(#6296,#6302),.PCURVE_S1.);
#6292 = LINE('',#6293,#6294);
#6293 = CARTESIAN_POINT('',(21.65,-14.5,2.15));
#6294 = VECTOR('',#6295,1.);
#6295 = DIRECTION('',(0.,0.,-1.));
#6296 = PCURVE('',#4238,#6297);
#6297 = DEFINITIONAL_REPRESENTATION('',(#6298),#6301);
#6298 = B_SPLINE_CURVE_WITH_KNOTS('',1,(#6299,#6300),.UNSPECIFIED.,.F.,
  .F.,(2,2),(-1.05,-0.25),.PIECEWISE_BEZIER_KNOTS.);
#6299 = CARTESIAN_POINT('',(1.3,1.25));
#6300 = CARTESIAN_POINT('',(0.5,1.25));
#6301 = ( GEOMETRIC_REPRESENTATION_CONTEXT(2) 
PARAMETRIC_REPRESENTATION_CONTEXT() REPRESENTATION_CONTEXT('2D SPACE',''
  ) );
#6302 = PCURVE('',#5191,#6303);
#6303 = DEFINITIONAL_REPRESENTATION('',(#6304),#6307);
#6304 = B_SPLINE_CURVE_WITH_KNOTS('',1,(#6305,#6306),.UNSPECIFIED.,.F.,
  .F.,(2,2),(-1.05,-0.25),.PIECEWISE_BEZIER_KNOTS.);
#6305 = CARTESIAN_POINT('',(17.65,-0.8));
#6306 = CARTESIAN_POINT('',(17.65,0.));
#6307 = ( GEOMETRIC_REPRESENTATION_CONTEXT(2) 
PARAMETRIC_REPRESENTATION_CONTEXT() REPRESENTATION_CONTEXT('2D SPACE',''
  ) );
#6308 = ORIENTED_EDGE('',*,*,#5153,.F.);
#6309 = ADVANCED_FACE('',(#6310),#4210,.F.);
#6310 = FACE_BOUND('',#6311,.F.);
#6311 = EDGE_LOOP('',(#6312,#6337,#6361,#6384,#6406,#6407,#6408,#6431,
    #6459));
#6312 = ORIENTED_EDGE('',*,*,#6313,.F.);
#6313 = EDGE_CURVE('',#6314,#6316,#6318,.T.);
#6314 = VERTEX_POINT('',#6315);
#6315 = CARTESIAN_POINT('',(-23.34155621411,-32.38231214372,2.4));
#6316 = VERTEX_POINT('',#6317);
#6317 = CARTESIAN_POINT('',(-19.95567314356,-33.65,2.4));
#6318 = SURFACE_CURVE('',#6319,(#6324,#6331),.PCURVE_S1.);
#6319 = CIRCLE('',#6320,2.3);
#6320 = AXIS2_PLACEMENT_3D('',#6321,#6322,#6323);
#6321 = CARTESIAN_POINT('',(-21.15,-31.6844,2.4));
#6322 = DIRECTION('',(0.,0.,1.));
#6323 = DIRECTION('',(1.,0.,-0.));
#6324 = PCURVE('',#4210,#6325);
#6325 = DEFINITIONAL_REPRESENTATION('',(#6326),#6330);
#6326 = CIRCLE('',#6327,2.3);
#6327 = AXIS2_PLACEMENT_2D('',#6328,#6329);
#6328 = CARTESIAN_POINT('',(-21.15,-31.6844));
#6329 = DIRECTION('',(1.,0.));
#6330 = ( GEOMETRIC_REPRESENTATION_CONTEXT(2) 
PARAMETRIC_REPRESENTATION_CONTEXT() REPRESENTATION_CONTEXT('2D SPACE',''
  ) );
#6331 = PCURVE('',#5281,#6332);
#6332 = DEFINITIONAL_REPRESENTATION('',(#6333),#6336);
#6333 = B_SPLINE_CURVE_WITH_KNOTS('',1,(#6334,#6335),.UNSPECIFIED.,.F.,
  .F.,(2,2),(3.44989352796,5.258388498096),.PIECEWISE_BEZIER_KNOTS.);
#6334 = CARTESIAN_POINT('',(3.44989352796,1.));
#6335 = CARTESIAN_POINT('',(5.258388498096,1.));
#6336 = ( GEOMETRIC_REPRESENTATION_CONTEXT(2) 
PARAMETRIC_REPRESENTATION_CONTEXT() REPRESENTATION_CONTEXT('2D SPACE',''
  ) );
#6337 = ORIENTED_EDGE('',*,*,#6338,.T.);
#6338 = EDGE_CURVE('',#6314,#6339,#6341,.T.);
#6339 = VERTEX_POINT('',#6340);
#6340 = CARTESIAN_POINT('',(-20.15,-35.35,2.4));
#6341 = SURFACE_CURVE('',#6342,(#6347,#6354),.PCURVE_S1.);
#6342 = CIRCLE('',#6343,3.2);
#6343 = AXIS2_PLACEMENT_3D('',#6344,#6345,#6346);
#6344 = CARTESIAN_POINT('',(-20.15,-32.15,2.4));
#6345 = DIRECTION('',(0.,0.,1.));
#6346 = DIRECTION('',(1.,0.,0.));
#6347 = PCURVE('',#4210,#6348);
#6348 = DEFINITIONAL_REPRESENTATION('',(#6349),#6353);
#6349 = CIRCLE('',#6350,3.2);
#6350 = AXIS2_PLACEMENT_2D('',#6351,#6352);
#6351 = CARTESIAN_POINT('',(-20.15,-32.15));
#6352 = DIRECTION('',(1.,0.));
#6353 = ( GEOMETRIC_REPRESENTATION_CONTEXT(2) 
PARAMETRIC_REPRESENTATION_CONTEXT() REPRESENTATION_CONTEXT('2D SPACE',''
  ) );
#6354 = PCURVE('',#5625,#6355);
#6355 = DEFINITIONAL_REPRESENTATION('',(#6356),#6360);
#6356 = LINE('',#6357,#6358);
#6357 = CARTESIAN_POINT('',(-0.,-1.));
#6358 = VECTOR('',#6359,1.);
#6359 = DIRECTION('',(-1.,0.));
#6360 = ( GEOMETRIC_REPRESENTATION_CONTEXT(2) 
PARAMETRIC_REPRESENTATION_CONTEXT() REPRESENTATION_CONTEXT('2D SPACE',''
  ) );
#6361 = ORIENTED_EDGE('',*,*,#6362,.T.);
#6362 = EDGE_CURVE('',#6339,#6363,#6365,.T.);
#6363 = VERTEX_POINT('',#6364);
#6364 = CARTESIAN_POINT('',(20.15,-35.35,2.4));
#6365 = SURFACE_CURVE('',#6366,(#6370,#6377),.PCURVE_S1.);
#6366 = LINE('',#6367,#6368);
#6367 = CARTESIAN_POINT('',(0.,-35.35,2.4));
#6368 = VECTOR('',#6369,1.);
#6369 = DIRECTION('',(1.,0.,0.));
#6370 = PCURVE('',#4210,#6371);
#6371 = DEFINITIONAL_REPRESENTATION('',(#6372),#6376);
#6372 = LINE('',#6373,#6374);
#6373 = CARTESIAN_POINT('',(-1.178668669698E-15,-35.35));
#6374 = VECTOR('',#6375,1.);
#6375 = DIRECTION('',(1.,0.));
#6376 = ( GEOMETRIC_REPRESENTATION_CONTEXT(2) 
PARAMETRIC_REPRESENTATION_CONTEXT() REPRESENTATION_CONTEXT('2D SPACE',''
  ) );
#6377 = PCURVE('',#5653,#6378);
#6378 = DEFINITIONAL_REPRESENTATION('',(#6379),#6383);
#6379 = LINE('',#6380,#6381);
#6380 = CARTESIAN_POINT('',(20.15,-1.));
#6381 = VECTOR('',#6382,1.);
#6382 = DIRECTION('',(1.,0.));
#6383 = ( GEOMETRIC_REPRESENTATION_CONTEXT(2) 
PARAMETRIC_REPRESENTATION_CONTEXT() REPRESENTATION_CONTEXT('2D SPACE',''
  ) );
#6384 = ORIENTED_EDGE('',*,*,#6385,.T.);
#6385 = EDGE_CURVE('',#6363,#4167,#6386,.T.);
#6386 = SURFACE_CURVE('',#6387,(#6392,#6399),.PCURVE_S1.);
#6387 = CIRCLE('',#6388,3.2);
#6388 = AXIS2_PLACEMENT_3D('',#6389,#6390,#6391);
#6389 = CARTESIAN_POINT('',(20.15,-32.15,2.4));
#6390 = DIRECTION('',(0.,0.,1.));
#6391 = DIRECTION('',(1.,0.,0.));
#6392 = PCURVE('',#4210,#6393);
#6393 = DEFINITIONAL_REPRESENTATION('',(#6394),#6398);
#6394 = CIRCLE('',#6395,3.2);
#6395 = AXIS2_PLACEMENT_2D('',#6396,#6397);
#6396 = CARTESIAN_POINT('',(20.15,-32.15));
#6397 = DIRECTION('',(1.,0.));
#6398 = ( GEOMETRIC_REPRESENTATION_CONTEXT(2) 
PARAMETRIC_REPRESENTATION_CONTEXT() REPRESENTATION_CONTEXT('2D SPACE',''
  ) );
#6399 = PCURVE('',#4182,#6400);
#6400 = DEFINITIONAL_REPRESENTATION('',(#6401),#6405);
#6401 = LINE('',#6402,#6403);
#6402 = CARTESIAN_POINT('',(-0.,-1.));
#6403 = VECTOR('',#6404,1.);
#6404 = DIRECTION('',(-1.,0.));
#6405 = ( GEOMETRIC_REPRESENTATION_CONTEXT(2) 
PARAMETRIC_REPRESENTATION_CONTEXT() REPRESENTATION_CONTEXT('2D SPACE',''
  ) );
#6406 = ORIENTED_EDGE('',*,*,#4194,.T.);
#6407 = ORIENTED_EDGE('',*,*,#6269,.T.);
#6408 = ORIENTED_EDGE('',*,*,#6409,.F.);
#6409 = EDGE_CURVE('',#6410,#6270,#6412,.T.);
#6410 = VERTEX_POINT('',#6411);
#6411 = CARTESIAN_POINT('',(21.65,-32.15,2.4));
#6412 = SURFACE_CURVE('',#6413,(#6417,#6424),.PCURVE_S1.);
#6413 = LINE('',#6414,#6415);
#6414 = CARTESIAN_POINT('',(21.65,0.,2.4));
#6415 = VECTOR('',#6416,1.);
#6416 = DIRECTION('',(0.,1.,0.));
#6417 = PCURVE('',#4210,#6418);
#6418 = DEFINITIONAL_REPRESENTATION('',(#6419),#6423);
#6419 = LINE('',#6420,#6421);
#6420 = CARTESIAN_POINT('',(21.65,-6.2035193142E-16));
#6421 = VECTOR('',#6422,1.);
#6422 = DIRECTION('',(0.,1.));
#6423 = ( GEOMETRIC_REPRESENTATION_CONTEXT(2) 
PARAMETRIC_REPRESENTATION_CONTEXT() REPRESENTATION_CONTEXT('2D SPACE',''
  ) );
#6424 = PCURVE('',#5191,#6425);
#6425 = DEFINITIONAL_REPRESENTATION('',(#6426),#6430);
#6426 = LINE('',#6427,#6428);
#6427 = CARTESIAN_POINT('',(32.15,0.));
#6428 = VECTOR('',#6429,1.);
#6429 = DIRECTION('',(1.,0.));
#6430 = ( GEOMETRIC_REPRESENTATION_CONTEXT(2) 
PARAMETRIC_REPRESENTATION_CONTEXT() REPRESENTATION_CONTEXT('2D SPACE',''
  ) );
#6431 = ORIENTED_EDGE('',*,*,#6432,.T.);
#6432 = EDGE_CURVE('',#6410,#6433,#6435,.T.);
#6433 = VERTEX_POINT('',#6434);
#6434 = CARTESIAN_POINT('',(20.15,-33.65,2.4));
#6435 = SURFACE_CURVE('',#6436,(#6441,#6452),.PCURVE_S1.);
#6436 = CIRCLE('',#6437,1.5);
#6437 = AXIS2_PLACEMENT_3D('',#6438,#6439,#6440);
#6438 = CARTESIAN_POINT('',(20.15,-32.15,2.4));
#6439 = DIRECTION('',(0.,0.,-1.));
#6440 = DIRECTION('',(-1.,0.,0.));
#6441 = PCURVE('',#4210,#6442);
#6442 = DEFINITIONAL_REPRESENTATION('',(#6443),#6451);
#6443 = ( BOUNDED_CURVE() B_SPLINE_CURVE(2,(#6444,#6445,#6446,#6447,
#6448,#6449,#6450),.UNSPECIFIED.,.T.,.F.) B_SPLINE_CURVE_WITH_KNOTS((1,2
    ,2,2,2,1),(-2.094395102393,0.,2.094395102393,4.188790204786,
6.28318530718,8.377580409573),.UNSPECIFIED.) CURVE() 
GEOMETRIC_REPRESENTATION_ITEM() RATIONAL_B_SPLINE_CURVE((1.,0.5,1.,0.5,
1.,0.5,1.)) REPRESENTATION_ITEM('') );
#6444 = CARTESIAN_POINT('',(18.65,-32.15));
#6445 = CARTESIAN_POINT('',(18.65,-29.55192378864));
#6446 = CARTESIAN_POINT('',(20.9,-30.85096189432));
#6447 = CARTESIAN_POINT('',(23.15,-32.15));
#6448 = CARTESIAN_POINT('',(20.9,-33.44903810567));
#6449 = CARTESIAN_POINT('',(18.65,-34.74807621135));
#6450 = CARTESIAN_POINT('',(18.65,-32.15));
#6451 = ( GEOMETRIC_REPRESENTATION_CONTEXT(2) 
PARAMETRIC_REPRESENTATION_CONTEXT() REPRESENTATION_CONTEXT('2D SPACE',''
  ) );
#6452 = PCURVE('',#5224,#6453);
#6453 = DEFINITIONAL_REPRESENTATION('',(#6454),#6458);
#6454 = LINE('',#6455,#6456);
#6455 = CARTESIAN_POINT('',(0.,0.));
#6456 = VECTOR('',#6457,1.);
#6457 = DIRECTION('',(1.,0.));
#6458 = ( GEOMETRIC_REPRESENTATION_CONTEXT(2) 
PARAMETRIC_REPRESENTATION_CONTEXT() REPRESENTATION_CONTEXT('2D SPACE',''
  ) );
#6459 = ORIENTED_EDGE('',*,*,#6460,.F.);
#6460 = EDGE_CURVE('',#6316,#6433,#6461,.T.);
#6461 = SURFACE_CURVE('',#6462,(#6466,#6473),.PCURVE_S1.);
#6462 = LINE('',#6463,#6464);
#6463 = CARTESIAN_POINT('',(0.,-33.65,2.4));
#6464 = VECTOR('',#6465,1.);
#6465 = DIRECTION('',(1.,0.,0.));
#6466 = PCURVE('',#4210,#6467);
#6467 = DEFINITIONAL_REPRESENTATION('',(#6468),#6472);
#6468 = LINE('',#6469,#6470);
#6469 = CARTESIAN_POINT('',(-1.178668669698E-15,-33.65));
#6470 = VECTOR('',#6471,1.);
#6471 = DIRECTION('',(1.,0.));
#6472 = ( GEOMETRIC_REPRESENTATION_CONTEXT(2) 
PARAMETRIC_REPRESENTATION_CONTEXT() REPRESENTATION_CONTEXT('2D SPACE',''
  ) );
#6473 = PCURVE('',#5252,#6474);
#6474 = DEFINITIONAL_REPRESENTATION('',(#6475),#6479);
#6475 = LINE('',#6476,#6477);
#6476 = CARTESIAN_POINT('',(20.15,0.));
#6477 = VECTOR('',#6478,1.);
#6478 = DIRECTION('',(1.,0.));
#6479 = ( GEOMETRIC_REPRESENTATION_CONTEXT(2) 
PARAMETRIC_REPRESENTATION_CONTEXT() REPRESENTATION_CONTEXT('2D SPACE',''
  ) );
#6480 = ADVANCED_FACE('',(#6481),#4182,.F.);
#6481 = FACE_BOUND('',#6482,.T.);
#6482 = EDGE_LOOP('',(#6483,#6484,#6505,#6506));
#6483 = ORIENTED_EDGE('',*,*,#5665,.F.);
#6484 = ORIENTED_EDGE('',*,*,#6485,.T.);
#6485 = EDGE_CURVE('',#5638,#6363,#6486,.T.);
#6486 = SURFACE_CURVE('',#6487,(#6491,#6498),.PCURVE_S1.);
#6487 = LINE('',#6488,#6489);
#6488 = CARTESIAN_POINT('',(20.15,-35.35,1.4));
#6489 = VECTOR('',#6490,1.);
#6490 = DIRECTION('',(0.,0.,1.));
#6491 = PCURVE('',#4182,#6492);
#6492 = DEFINITIONAL_REPRESENTATION('',(#6493),#6497);
#6493 = LINE('',#6494,#6495);
#6494 = CARTESIAN_POINT('',(-4.712388980385,0.));
#6495 = VECTOR('',#6496,1.);
#6496 = DIRECTION('',(-0.,-1.));
#6497 = ( GEOMETRIC_REPRESENTATION_CONTEXT(2) 
PARAMETRIC_REPRESENTATION_CONTEXT() REPRESENTATION_CONTEXT('2D SPACE',''
  ) );
#6498 = PCURVE('',#5653,#6499);
#6499 = DEFINITIONAL_REPRESENTATION('',(#6500),#6504);
#6500 = LINE('',#6501,#6502);
#6501 = CARTESIAN_POINT('',(40.3,0.));
#6502 = VECTOR('',#6503,1.);
#6503 = DIRECTION('',(0.,-1.));
#6504 = ( GEOMETRIC_REPRESENTATION_CONTEXT(2) 
PARAMETRIC_REPRESENTATION_CONTEXT() REPRESENTATION_CONTEXT('2D SPACE',''
  ) );
#6505 = ORIENTED_EDGE('',*,*,#6385,.T.);
#6506 = ORIENTED_EDGE('',*,*,#4166,.F.);
#6507 = ADVANCED_FACE('',(#6508),#4315,.T.);
#6508 = FACE_BOUND('',#6509,.F.);
#6509 = EDGE_LOOP('',(#6510));
#6510 = ORIENTED_EDGE('',*,*,#4300,.F.);
#6511 = ADVANCED_FACE('',(#6512),#4370,.T.);
#6512 = FACE_BOUND('',#6513,.F.);
#6513 = EDGE_LOOP('',(#6514));
#6514 = ORIENTED_EDGE('',*,*,#4355,.F.);
#6515 = ADVANCED_FACE('',(#6516),#4436,.T.);
#6516 = FACE_BOUND('',#6517,.T.);
#6517 = EDGE_LOOP('',(#6518,#6541,#6542,#6565));
#6518 = ORIENTED_EDGE('',*,*,#6519,.F.);
#6519 = EDGE_CURVE('',#4420,#6520,#6522,.T.);
#6520 = VERTEX_POINT('',#6521);
#6521 = CARTESIAN_POINT('',(-25.15,13.5,0.2));
#6522 = SURFACE_CURVE('',#6523,(#6527,#6534),.PCURVE_S1.);
#6523 = LINE('',#6524,#6525);
#6524 = CARTESIAN_POINT('',(-28.75,13.5,0.2));
#6525 = VECTOR('',#6526,1.);
#6526 = DIRECTION('',(1.,0.,-0.));
#6527 = PCURVE('',#4436,#6528);
#6528 = DEFINITIONAL_REPRESENTATION('',(#6529),#6533);
#6529 = LINE('',#6530,#6531);
#6530 = CARTESIAN_POINT('',(0.,27.));
#6531 = VECTOR('',#6532,1.);
#6532 = DIRECTION('',(1.,0.));
#6533 = ( GEOMETRIC_REPRESENTATION_CONTEXT(2) 
PARAMETRIC_REPRESENTATION_CONTEXT() REPRESENTATION_CONTEXT('2D SPACE',''
  ) );
#6534 = PCURVE('',#4512,#6535);
#6535 = DEFINITIONAL_REPRESENTATION('',(#6536),#6540);
#6536 = LINE('',#6537,#6538);
#6537 = CARTESIAN_POINT('',(0.,0.));
#6538 = VECTOR('',#6539,1.);
#6539 = DIRECTION('',(0.,1.));
#6540 = ( GEOMETRIC_REPRESENTATION_CONTEXT(2) 
PARAMETRIC_REPRESENTATION_CONTEXT() REPRESENTATION_CONTEXT('2D SPACE',''
  ) );
#6541 = ORIENTED_EDGE('',*,*,#4419,.T.);
#6542 = ORIENTED_EDGE('',*,*,#6543,.T.);
#6543 = EDGE_CURVE('',#4422,#6544,#6546,.T.);
#6544 = VERTEX_POINT('',#6545);
#6545 = CARTESIAN_POINT('',(-25.15,-13.5,0.2));
#6546 = SURFACE_CURVE('',#6547,(#6551,#6558),.PCURVE_S1.);
#6547 = LINE('',#6548,#6549);
#6548 = CARTESIAN_POINT('',(-28.75,-13.5,0.2));
#6549 = VECTOR('',#6550,1.);
#6550 = DIRECTION('',(1.,0.,-0.));
#6551 = PCURVE('',#4436,#6552);
#6552 = DEFINITIONAL_REPRESENTATION('',(#6553),#6557);
#6553 = LINE('',#6554,#6555);
#6554 = CARTESIAN_POINT('',(0.,0.));
#6555 = VECTOR('',#6556,1.);
#6556 = DIRECTION('',(1.,0.));
#6557 = ( GEOMETRIC_REPRESENTATION_CONTEXT(2) 
PARAMETRIC_REPRESENTATION_CONTEXT() REPRESENTATION_CONTEXT('2D SPACE',''
  ) );
#6558 = PCURVE('',#4462,#6559);
#6559 = DEFINITIONAL_REPRESENTATION('',(#6560),#6564);
#6560 = LINE('',#6561,#6562);
#6561 = CARTESIAN_POINT('',(0.,0.));
#6562 = VECTOR('',#6563,1.);
#6563 = DIRECTION('',(0.,1.));
#6564 = ( GEOMETRIC_REPRESENTATION_CONTEXT(2) 
PARAMETRIC_REPRESENTATION_CONTEXT() REPRESENTATION_CONTEXT('2D SPACE',''
  ) );
#6565 = ORIENTED_EDGE('',*,*,#6566,.T.);
#6566 = EDGE_CURVE('',#6544,#6520,#6567,.T.);
#6567 = SURFACE_CURVE('',#6568,(#6572,#6579),.PCURVE_S1.);
#6568 = LINE('',#6569,#6570);
#6569 = CARTESIAN_POINT('',(-25.15,-13.5,0.2));
#6570 = VECTOR('',#6571,1.);
#6571 = DIRECTION('',(-0.,1.,0.));
#6572 = PCURVE('',#4436,#6573);
#6573 = DEFINITIONAL_REPRESENTATION('',(#6574),#6578);
#6574 = LINE('',#6575,#6576);
#6575 = CARTESIAN_POINT('',(3.6,0.));
#6576 = VECTOR('',#6577,1.);
#6577 = DIRECTION('',(0.,1.));
#6578 = ( GEOMETRIC_REPRESENTATION_CONTEXT(2) 
PARAMETRIC_REPRESENTATION_CONTEXT() REPRESENTATION_CONTEXT('2D SPACE',''
  ) );
#6579 = PCURVE('',#6580,#6585);
#6580 = PLANE('',#6581);
#6581 = AXIS2_PLACEMENT_3D('',#6582,#6583,#6584);
#6582 = CARTESIAN_POINT('',(-25.15,-32.15,-2.723438300723));
#6583 = DIRECTION('',(-1.,0.,0.));
#6584 = DIRECTION('',(0.,1.,0.));
#6585 = DEFINITIONAL_REPRESENTATION('',(#6586),#6590);
#6586 = LINE('',#6587,#6588);
#6587 = CARTESIAN_POINT('',(18.65,-2.923438300723));
#6588 = VECTOR('',#6589,1.);
#6589 = DIRECTION('',(1.,0.));
#6590 = ( GEOMETRIC_REPRESENTATION_CONTEXT(2) 
PARAMETRIC_REPRESENTATION_CONTEXT() REPRESENTATION_CONTEXT('2D SPACE',''
  ) );
#6591 = ADVANCED_FACE('',(#6592),#4512,.F.);
#6592 = FACE_BOUND('',#6593,.F.);
#6593 = EDGE_LOOP('',(#6594,#6595,#6596,#6619));
#6594 = ORIENTED_EDGE('',*,*,#6519,.F.);
#6595 = ORIENTED_EDGE('',*,*,#4499,.T.);
#6596 = ORIENTED_EDGE('',*,*,#6597,.T.);
#6597 = EDGE_CURVE('',#4474,#6598,#6600,.T.);
#6598 = VERTEX_POINT('',#6599);
#6599 = CARTESIAN_POINT('',(-25.15,13.5,3.6));
#6600 = SURFACE_CURVE('',#6601,(#6605,#6612),.PCURVE_S1.);
#6601 = LINE('',#6602,#6603);
#6602 = CARTESIAN_POINT('',(-28.75,13.5,3.6));
#6603 = VECTOR('',#6604,1.);
#6604 = DIRECTION('',(1.,0.,-0.));
#6605 = PCURVE('',#4512,#6606);
#6606 = DEFINITIONAL_REPRESENTATION('',(#6607),#6611);
#6607 = LINE('',#6608,#6609);
#6608 = CARTESIAN_POINT('',(3.4,0.));
#6609 = VECTOR('',#6610,1.);
#6610 = DIRECTION('',(0.,1.));
#6611 = ( GEOMETRIC_REPRESENTATION_CONTEXT(2) 
PARAMETRIC_REPRESENTATION_CONTEXT() REPRESENTATION_CONTEXT('2D SPACE',''
  ) );
#6612 = PCURVE('',#4488,#6613);
#6613 = DEFINITIONAL_REPRESENTATION('',(#6614),#6618);
#6614 = LINE('',#6615,#6616);
#6615 = CARTESIAN_POINT('',(0.,27.));
#6616 = VECTOR('',#6617,1.);
#6617 = DIRECTION('',(1.,0.));
#6618 = ( GEOMETRIC_REPRESENTATION_CONTEXT(2) 
PARAMETRIC_REPRESENTATION_CONTEXT() REPRESENTATION_CONTEXT('2D SPACE',''
  ) );
#6619 = ORIENTED_EDGE('',*,*,#6620,.F.);
#6620 = EDGE_CURVE('',#6520,#6598,#6621,.T.);
#6621 = SURFACE_CURVE('',#6622,(#6626,#6633),.PCURVE_S1.);
#6622 = LINE('',#6623,#6624);
#6623 = CARTESIAN_POINT('',(-25.15,13.5,0.2));
#6624 = VECTOR('',#6625,1.);
#6625 = DIRECTION('',(0.,0.,1.));
#6626 = PCURVE('',#4512,#6627);
#6627 = DEFINITIONAL_REPRESENTATION('',(#6628),#6632);
#6628 = LINE('',#6629,#6630);
#6629 = CARTESIAN_POINT('',(0.,3.6));
#6630 = VECTOR('',#6631,1.);
#6631 = DIRECTION('',(1.,0.));
#6632 = ( GEOMETRIC_REPRESENTATION_CONTEXT(2) 
PARAMETRIC_REPRESENTATION_CONTEXT() REPRESENTATION_CONTEXT('2D SPACE',''
  ) );
#6633 = PCURVE('',#6580,#6634);
#6634 = DEFINITIONAL_REPRESENTATION('',(#6635),#6639);
#6635 = LINE('',#6636,#6637);
#6636 = CARTESIAN_POINT('',(45.65,-2.923438300723));
#6637 = VECTOR('',#6638,1.);
#6638 = DIRECTION('',(0.,-1.));
#6639 = ( GEOMETRIC_REPRESENTATION_CONTEXT(2) 
PARAMETRIC_REPRESENTATION_CONTEXT() REPRESENTATION_CONTEXT('2D SPACE',''
  ) );
#6640 = ADVANCED_FACE('',(#6641),#4488,.F.);
#6641 = FACE_BOUND('',#6642,.F.);
#6642 = EDGE_LOOP('',(#6643,#6644,#6645,#6668));
#6643 = ORIENTED_EDGE('',*,*,#6597,.F.);
#6644 = ORIENTED_EDGE('',*,*,#4473,.T.);
#6645 = ORIENTED_EDGE('',*,*,#6646,.T.);
#6646 = EDGE_CURVE('',#4448,#6647,#6649,.T.);
#6647 = VERTEX_POINT('',#6648);
#6648 = CARTESIAN_POINT('',(-25.15,-13.5,3.6));
#6649 = SURFACE_CURVE('',#6650,(#6654,#6661),.PCURVE_S1.);
#6650 = LINE('',#6651,#6652);
#6651 = CARTESIAN_POINT('',(-28.75,-13.5,3.6));
#6652 = VECTOR('',#6653,1.);
#6653 = DIRECTION('',(1.,0.,-0.));
#6654 = PCURVE('',#4488,#6655);
#6655 = DEFINITIONAL_REPRESENTATION('',(#6656),#6660);
#6656 = LINE('',#6657,#6658);
#6657 = CARTESIAN_POINT('',(0.,0.));
#6658 = VECTOR('',#6659,1.);
#6659 = DIRECTION('',(1.,0.));
#6660 = ( GEOMETRIC_REPRESENTATION_CONTEXT(2) 
PARAMETRIC_REPRESENTATION_CONTEXT() REPRESENTATION_CONTEXT('2D SPACE',''
  ) );
#6661 = PCURVE('',#4462,#6662);
#6662 = DEFINITIONAL_REPRESENTATION('',(#6663),#6667);
#6663 = LINE('',#6664,#6665);
#6664 = CARTESIAN_POINT('',(3.4,0.));
#6665 = VECTOR('',#6666,1.);
#6666 = DIRECTION('',(0.,1.));
#6667 = ( GEOMETRIC_REPRESENTATION_CONTEXT(2) 
PARAMETRIC_REPRESENTATION_CONTEXT() REPRESENTATION_CONTEXT('2D SPACE',''
  ) );
#6668 = ORIENTED_EDGE('',*,*,#6669,.T.);
#6669 = EDGE_CURVE('',#6647,#6598,#6670,.T.);
#6670 = SURFACE_CURVE('',#6671,(#6675,#6682),.PCURVE_S1.);
#6671 = LINE('',#6672,#6673);
#6672 = CARTESIAN_POINT('',(-25.15,-13.5,3.6));
#6673 = VECTOR('',#6674,1.);
#6674 = DIRECTION('',(-0.,1.,0.));
#6675 = PCURVE('',#4488,#6676);
#6676 = DEFINITIONAL_REPRESENTATION('',(#6677),#6681);
#6677 = LINE('',#6678,#6679);
#6678 = CARTESIAN_POINT('',(3.6,0.));
#6679 = VECTOR('',#6680,1.);
#6680 = DIRECTION('',(0.,1.));
#6681 = ( GEOMETRIC_REPRESENTATION_CONTEXT(2) 
PARAMETRIC_REPRESENTATION_CONTEXT() REPRESENTATION_CONTEXT('2D SPACE',''
  ) );
#6682 = PCURVE('',#6580,#6683);
#6683 = DEFINITIONAL_REPRESENTATION('',(#6684),#6688);
#6684 = LINE('',#6685,#6686);
#6685 = CARTESIAN_POINT('',(18.65,-6.323438300723));
#6686 = VECTOR('',#6687,1.);
#6687 = DIRECTION('',(1.,0.));
#6688 = ( GEOMETRIC_REPRESENTATION_CONTEXT(2) 
PARAMETRIC_REPRESENTATION_CONTEXT() REPRESENTATION_CONTEXT('2D SPACE',''
  ) );
#6689 = ADVANCED_FACE('',(#6690),#4462,.T.);
#6690 = FACE_BOUND('',#6691,.T.);
#6691 = EDGE_LOOP('',(#6692,#6693,#6694,#6695));
#6692 = ORIENTED_EDGE('',*,*,#6543,.F.);
#6693 = ORIENTED_EDGE('',*,*,#4447,.T.);
#6694 = ORIENTED_EDGE('',*,*,#6646,.T.);
#6695 = ORIENTED_EDGE('',*,*,#6696,.F.);
#6696 = EDGE_CURVE('',#6544,#6647,#6697,.T.);
#6697 = SURFACE_CURVE('',#6698,(#6702,#6709),.PCURVE_S1.);
#6698 = LINE('',#6699,#6700);
#6699 = CARTESIAN_POINT('',(-25.15,-13.5,0.2));
#6700 = VECTOR('',#6701,1.);
#6701 = DIRECTION('',(0.,0.,1.));
#6702 = PCURVE('',#4462,#6703);
#6703 = DEFINITIONAL_REPRESENTATION('',(#6704),#6708);
#6704 = LINE('',#6705,#6706);
#6705 = CARTESIAN_POINT('',(0.,3.6));
#6706 = VECTOR('',#6707,1.);
#6707 = DIRECTION('',(1.,0.));
#6708 = ( GEOMETRIC_REPRESENTATION_CONTEXT(2) 
PARAMETRIC_REPRESENTATION_CONTEXT() REPRESENTATION_CONTEXT('2D SPACE',''
  ) );
#6709 = PCURVE('',#6580,#6710);
#6710 = DEFINITIONAL_REPRESENTATION('',(#6711),#6715);
#6711 = LINE('',#6712,#6713);
#6712 = CARTESIAN_POINT('',(18.65,-2.923438300723));
#6713 = VECTOR('',#6714,1.);
#6714 = DIRECTION('',(0.,-1.));
#6715 = ( GEOMETRIC_REPRESENTATION_CONTEXT(2) 
PARAMETRIC_REPRESENTATION_CONTEXT() REPRESENTATION_CONTEXT('2D SPACE',''
  ) );
#6716 = ADVANCED_FACE('',(#6717,#6723),#4999,.T.);
#6717 = FACE_BOUND('',#6718,.T.);
#6718 = EDGE_LOOP('',(#6719,#6720,#6721,#6722));
#6719 = ORIENTED_EDGE('',*,*,#5089,.F.);
#6720 = ORIENTED_EDGE('',*,*,#5038,.T.);
#6721 = ORIENTED_EDGE('',*,*,#4985,.T.);
#6722 = ORIENTED_EDGE('',*,*,#5115,.F.);
#6723 = FACE_BOUND('',#6724,.T.);
#6724 = EDGE_LOOP('',(#6725,#6753,#6779,#6805));
#6725 = ORIENTED_EDGE('',*,*,#6726,.T.);
#6726 = EDGE_CURVE('',#6727,#6729,#6731,.T.);
#6727 = VERTEX_POINT('',#6728);
#6728 = CARTESIAN_POINT('',(27.75,13.5,0.2));
#6729 = VERTEX_POINT('',#6730);
#6730 = CARTESIAN_POINT('',(27.75,-13.5,0.2));
#6731 = SURFACE_CURVE('',#6732,(#6736,#6742),.PCURVE_S1.);
#6732 = LINE('',#6733,#6734);
#6733 = CARTESIAN_POINT('',(27.75,-14.35,0.2));
#6734 = VECTOR('',#6735,1.);
#6735 = DIRECTION('',(0.,-1.,0.));
#6736 = PCURVE('',#4999,#6737);
#6737 = DEFINITIONAL_REPRESENTATION('',(#6738),#6741);
#6738 = B_SPLINE_CURVE_WITH_KNOTS('',1,(#6739,#6740),.UNSPECIFIED.,.F.,
  .F.,(2,2),(-27.85,-0.85),.PIECEWISE_BEZIER_KNOTS.);
#6739 = CARTESIAN_POINT('',(1.7,-28.7));
#6740 = CARTESIAN_POINT('',(1.7,-1.7));
#6741 = ( GEOMETRIC_REPRESENTATION_CONTEXT(2) 
PARAMETRIC_REPRESENTATION_CONTEXT() REPRESENTATION_CONTEXT('2D SPACE',''
  ) );
#6742 = PCURVE('',#6743,#6748);
#6743 = PLANE('',#6744);
#6744 = AXIS2_PLACEMENT_3D('',#6745,#6746,#6747);
#6745 = CARTESIAN_POINT('',(25.15,-13.5,0.2));
#6746 = DIRECTION('',(0.,0.,1.));
#6747 = DIRECTION('',(1.,0.,-0.));
#6748 = DEFINITIONAL_REPRESENTATION('',(#6749),#6752);
#6749 = B_SPLINE_CURVE_WITH_KNOTS('',1,(#6750,#6751),.UNSPECIFIED.,.F.,
  .F.,(2,2),(-27.85,-0.85),.PIECEWISE_BEZIER_KNOTS.);
#6750 = CARTESIAN_POINT('',(2.6,27.));
#6751 = CARTESIAN_POINT('',(2.6,0.));
#6752 = ( GEOMETRIC_REPRESENTATION_CONTEXT(2) 
PARAMETRIC_REPRESENTATION_CONTEXT() REPRESENTATION_CONTEXT('2D SPACE',''
  ) );
#6753 = ORIENTED_EDGE('',*,*,#6754,.T.);
#6754 = EDGE_CURVE('',#6729,#6755,#6757,.T.);
#6755 = VERTEX_POINT('',#6756);
#6756 = CARTESIAN_POINT('',(27.75,-13.5,3.6));
#6757 = SURFACE_CURVE('',#6758,(#6762,#6768),.PCURVE_S1.);
#6758 = LINE('',#6759,#6760);
#6759 = CARTESIAN_POINT('',(27.75,-13.5,-0.65));
#6760 = VECTOR('',#6761,1.);
#6761 = DIRECTION('',(0.,0.,1.));
#6762 = PCURVE('',#4999,#6763);
#6763 = DEFINITIONAL_REPRESENTATION('',(#6764),#6767);
#6764 = B_SPLINE_CURVE_WITH_KNOTS('',1,(#6765,#6766),.UNSPECIFIED.,.F.,
  .F.,(2,2),(0.85,4.25),.PIECEWISE_BEZIER_KNOTS.);
#6765 = CARTESIAN_POINT('',(1.7,-1.7));
#6766 = CARTESIAN_POINT('',(5.1,-1.7));
#6767 = ( GEOMETRIC_REPRESENTATION_CONTEXT(2) 
PARAMETRIC_REPRESENTATION_CONTEXT() REPRESENTATION_CONTEXT('2D SPACE',''
  ) );
#6768 = PCURVE('',#6769,#6774);
#6769 = PLANE('',#6770);
#6770 = AXIS2_PLACEMENT_3D('',#6771,#6772,#6773);
#6771 = CARTESIAN_POINT('',(25.15,-13.5,0.2));
#6772 = DIRECTION('',(-0.,1.,0.));
#6773 = DIRECTION('',(0.,0.,1.));
#6774 = DEFINITIONAL_REPRESENTATION('',(#6775),#6778);
#6775 = B_SPLINE_CURVE_WITH_KNOTS('',1,(#6776,#6777),.UNSPECIFIED.,.F.,
  .F.,(2,2),(0.85,4.25),.PIECEWISE_BEZIER_KNOTS.);
#6776 = CARTESIAN_POINT('',(0.,2.6));
#6777 = CARTESIAN_POINT('',(3.4,2.6));
#6778 = ( GEOMETRIC_REPRESENTATION_CONTEXT(2) 
PARAMETRIC_REPRESENTATION_CONTEXT() REPRESENTATION_CONTEXT('2D SPACE',''
  ) );
#6779 = ORIENTED_EDGE('',*,*,#6780,.F.);
#6780 = EDGE_CURVE('',#6781,#6755,#6783,.T.);
#6781 = VERTEX_POINT('',#6782);
#6782 = CARTESIAN_POINT('',(27.75,13.5,3.6));
#6783 = SURFACE_CURVE('',#6784,(#6788,#6794),.PCURVE_S1.);
#6784 = LINE('',#6785,#6786);
#6785 = CARTESIAN_POINT('',(27.75,-14.35,3.6));
#6786 = VECTOR('',#6787,1.);
#6787 = DIRECTION('',(0.,-1.,0.));
#6788 = PCURVE('',#4999,#6789);
#6789 = DEFINITIONAL_REPRESENTATION('',(#6790),#6793);
#6790 = B_SPLINE_CURVE_WITH_KNOTS('',1,(#6791,#6792),.UNSPECIFIED.,.F.,
  .F.,(2,2),(-27.85,-0.85),.PIECEWISE_BEZIER_KNOTS.);
#6791 = CARTESIAN_POINT('',(5.1,-28.7));
#6792 = CARTESIAN_POINT('',(5.1,-1.7));
#6793 = ( GEOMETRIC_REPRESENTATION_CONTEXT(2) 
PARAMETRIC_REPRESENTATION_CONTEXT() REPRESENTATION_CONTEXT('2D SPACE',''
  ) );
#6794 = PCURVE('',#6795,#6800);
#6795 = PLANE('',#6796);
#6796 = AXIS2_PLACEMENT_3D('',#6797,#6798,#6799);
#6797 = CARTESIAN_POINT('',(25.15,-13.5,3.6));
#6798 = DIRECTION('',(0.,0.,1.));
#6799 = DIRECTION('',(1.,0.,-0.));
#6800 = DEFINITIONAL_REPRESENTATION('',(#6801),#6804);
#6801 = B_SPLINE_CURVE_WITH_KNOTS('',1,(#6802,#6803),.UNSPECIFIED.,.F.,
  .F.,(2,2),(-27.85,-0.85),.PIECEWISE_BEZIER_KNOTS.);
#6802 = CARTESIAN_POINT('',(2.6,27.));
#6803 = CARTESIAN_POINT('',(2.6,0.));
#6804 = ( GEOMETRIC_REPRESENTATION_CONTEXT(2) 
PARAMETRIC_REPRESENTATION_CONTEXT() REPRESENTATION_CONTEXT('2D SPACE',''
  ) );
#6805 = ORIENTED_EDGE('',*,*,#6806,.F.);
#6806 = EDGE_CURVE('',#6727,#6781,#6807,.T.);
#6807 = SURFACE_CURVE('',#6808,(#6812,#6818),.PCURVE_S1.);
#6808 = LINE('',#6809,#6810);
#6809 = CARTESIAN_POINT('',(27.75,13.5,-0.65));
#6810 = VECTOR('',#6811,1.);
#6811 = DIRECTION('',(0.,0.,1.));
#6812 = PCURVE('',#4999,#6813);
#6813 = DEFINITIONAL_REPRESENTATION('',(#6814),#6817);
#6814 = B_SPLINE_CURVE_WITH_KNOTS('',1,(#6815,#6816),.UNSPECIFIED.,.F.,
  .F.,(2,2),(0.85,4.25),.PIECEWISE_BEZIER_KNOTS.);
#6815 = CARTESIAN_POINT('',(1.7,-28.7));
#6816 = CARTESIAN_POINT('',(5.1,-28.7));
#6817 = ( GEOMETRIC_REPRESENTATION_CONTEXT(2) 
PARAMETRIC_REPRESENTATION_CONTEXT() REPRESENTATION_CONTEXT('2D SPACE',''
  ) );
#6818 = PCURVE('',#6819,#6824);
#6819 = PLANE('',#6820);
#6820 = AXIS2_PLACEMENT_3D('',#6821,#6822,#6823);
#6821 = CARTESIAN_POINT('',(25.15,13.5,0.2));
#6822 = DIRECTION('',(-0.,1.,0.));
#6823 = DIRECTION('',(0.,0.,1.));
#6824 = DEFINITIONAL_REPRESENTATION('',(#6825),#6828);
#6825 = B_SPLINE_CURVE_WITH_KNOTS('',1,(#6826,#6827),.UNSPECIFIED.,.F.,
  .F.,(2,2),(0.85,4.25),.PIECEWISE_BEZIER_KNOTS.);
#6826 = CARTESIAN_POINT('',(0.,2.6));
#6827 = CARTESIAN_POINT('',(3.4,2.6));
#6828 = ( GEOMETRIC_REPRESENTATION_CONTEXT(2) 
PARAMETRIC_REPRESENTATION_CONTEXT() REPRESENTATION_CONTEXT('2D SPACE',''
  ) );
#6829 = ADVANCED_FACE('',(#6830),#5451,.F.);
#6830 = FACE_BOUND('',#6831,.F.);
#6831 = EDGE_LOOP('',(#6832,#6833,#6854,#6855));
#6832 = ORIENTED_EDGE('',*,*,#6168,.F.);
#6833 = ORIENTED_EDGE('',*,*,#6834,.T.);
#6834 = EDGE_CURVE('',#6141,#5403,#6835,.T.);
#6835 = SURFACE_CURVE('',#6836,(#6840,#6847),.PCURVE_S1.);
#6836 = LINE('',#6837,#6838);
#6837 = CARTESIAN_POINT('',(-20.15,33.65,2.4));
#6838 = VECTOR('',#6839,1.);
#6839 = DIRECTION('',(0.,0.,1.));
#6840 = PCURVE('',#5451,#6841);
#6841 = DEFINITIONAL_REPRESENTATION('',(#6842),#6846);
#6842 = LINE('',#6843,#6844);
#6843 = CARTESIAN_POINT('',(0.,0.));
#6844 = VECTOR('',#6845,1.);
#6845 = DIRECTION('',(0.,-1.));
#6846 = ( GEOMETRIC_REPRESENTATION_CONTEXT(2) 
PARAMETRIC_REPRESENTATION_CONTEXT() REPRESENTATION_CONTEXT('2D SPACE',''
  ) );
#6847 = PCURVE('',#5423,#6848);
#6848 = DEFINITIONAL_REPRESENTATION('',(#6849),#6853);
#6849 = LINE('',#6850,#6851);
#6850 = CARTESIAN_POINT('',(1.570796326795,0.));
#6851 = VECTOR('',#6852,1.);
#6852 = DIRECTION('',(0.,-1.));
#6853 = ( GEOMETRIC_REPRESENTATION_CONTEXT(2) 
PARAMETRIC_REPRESENTATION_CONTEXT() REPRESENTATION_CONTEXT('2D SPACE',''
  ) );
#6854 = ORIENTED_EDGE('',*,*,#5435,.T.);
#6855 = ORIENTED_EDGE('',*,*,#5977,.T.);
#6856 = ADVANCED_FACE('',(#6857),#5423,.F.);
#6857 = FACE_BOUND('',#6858,.F.);
#6858 = EDGE_LOOP('',(#6859,#6880,#6881,#6882));
#6859 = ORIENTED_EDGE('',*,*,#6860,.T.);
#6860 = EDGE_CURVE('',#6118,#5375,#6861,.T.);
#6861 = SURFACE_CURVE('',#6862,(#6866,#6873),.PCURVE_S1.);
#6862 = LINE('',#6863,#6864);
#6863 = CARTESIAN_POINT('',(-21.65,32.15,2.4));
#6864 = VECTOR('',#6865,1.);
#6865 = DIRECTION('',(0.,0.,1.));
#6866 = PCURVE('',#5423,#6867);
#6867 = DEFINITIONAL_REPRESENTATION('',(#6868),#6872);
#6868 = LINE('',#6869,#6870);
#6869 = CARTESIAN_POINT('',(0.,0.));
#6870 = VECTOR('',#6871,1.);
#6871 = DIRECTION('',(0.,-1.));
#6872 = ( GEOMETRIC_REPRESENTATION_CONTEXT(2) 
PARAMETRIC_REPRESENTATION_CONTEXT() REPRESENTATION_CONTEXT('2D SPACE',''
  ) );
#6873 = PCURVE('',#5390,#6874);
#6874 = DEFINITIONAL_REPRESENTATION('',(#6875),#6879);
#6875 = LINE('',#6876,#6877);
#6876 = CARTESIAN_POINT('',(64.3,0.));
#6877 = VECTOR('',#6878,1.);
#6878 = DIRECTION('',(0.,-1.));
#6879 = ( GEOMETRIC_REPRESENTATION_CONTEXT(2) 
PARAMETRIC_REPRESENTATION_CONTEXT() REPRESENTATION_CONTEXT('2D SPACE',''
  ) );
#6880 = ORIENTED_EDGE('',*,*,#5402,.T.);
#6881 = ORIENTED_EDGE('',*,*,#6834,.F.);
#6882 = ORIENTED_EDGE('',*,*,#6140,.F.);
#6883 = ADVANCED_FACE('',(#6884),#5191,.T.);
#6884 = FACE_BOUND('',#6885,.T.);
#6885 = EDGE_LOOP('',(#6886,#6887,#6908,#6909));
#6886 = ORIENTED_EDGE('',*,*,#6409,.F.);
#6887 = ORIENTED_EDGE('',*,*,#6888,.T.);
#6888 = EDGE_CURVE('',#6410,#5176,#6889,.T.);
#6889 = SURFACE_CURVE('',#6890,(#6894,#6901),.PCURVE_S1.);
#6890 = LINE('',#6891,#6892);
#6891 = CARTESIAN_POINT('',(21.65,-32.15,2.4));
#6892 = VECTOR('',#6893,1.);
#6893 = DIRECTION('',(0.,0.,1.));
#6894 = PCURVE('',#5191,#6895);
#6895 = DEFINITIONAL_REPRESENTATION('',(#6896),#6900);
#6896 = LINE('',#6897,#6898);
#6897 = CARTESIAN_POINT('',(0.,0.));
#6898 = VECTOR('',#6899,1.);
#6899 = DIRECTION('',(0.,-1.));
#6900 = ( GEOMETRIC_REPRESENTATION_CONTEXT(2) 
PARAMETRIC_REPRESENTATION_CONTEXT() REPRESENTATION_CONTEXT('2D SPACE',''
  ) );
#6901 = PCURVE('',#5224,#6902);
#6902 = DEFINITIONAL_REPRESENTATION('',(#6903),#6907);
#6903 = LINE('',#6904,#6905);
#6904 = CARTESIAN_POINT('',(3.14159265359,0.));
#6905 = VECTOR('',#6906,1.);
#6906 = DIRECTION('',(0.,-1.));
#6907 = ( GEOMETRIC_REPRESENTATION_CONTEXT(2) 
PARAMETRIC_REPRESENTATION_CONTEXT() REPRESENTATION_CONTEXT('2D SPACE',''
  ) );
#6908 = ORIENTED_EDGE('',*,*,#5175,.T.);
#6909 = ORIENTED_EDGE('',*,*,#6290,.T.);
#6910 = ADVANCED_FACE('',(#6911),#5390,.F.);
#6911 = FACE_BOUND('',#6912,.F.);
#6912 = EDGE_LOOP('',(#6913,#6914,#6933,#6934));
#6913 = ORIENTED_EDGE('',*,*,#6117,.F.);
#6914 = ORIENTED_EDGE('',*,*,#6915,.T.);
#6915 = EDGE_CURVE('',#6094,#5351,#6916,.T.);
#6916 = SURFACE_CURVE('',#6917,(#6921,#6927),.PCURVE_S1.);
#6917 = LINE('',#6918,#6919);
#6918 = CARTESIAN_POINT('',(-21.65,-24.75682654236,1.4));
#6919 = VECTOR('',#6920,1.);
#6920 = DIRECTION('',(0.,0.,1.));
#6921 = PCURVE('',#5390,#6922);
#6922 = DEFINITIONAL_REPRESENTATION('',(#6923),#6926);
#6923 = B_SPLINE_CURVE_WITH_KNOTS('',1,(#6924,#6925),.UNSPECIFIED.,.F.,
  .F.,(2,2),(0.92,1.8000024),.PIECEWISE_BEZIER_KNOTS.);
#6924 = CARTESIAN_POINT('',(7.393173457631,8.E-02));
#6925 = CARTESIAN_POINT('',(7.393173457631,-0.8000024));
#6926 = ( GEOMETRIC_REPRESENTATION_CONTEXT(2) 
PARAMETRIC_REPRESENTATION_CONTEXT() REPRESENTATION_CONTEXT('2D SPACE',''
  ) );
#6927 = PCURVE('',#5338,#6928);
#6928 = DEFINITIONAL_REPRESENTATION('',(#6929),#6932);
#6929 = B_SPLINE_CURVE_WITH_KNOTS('',1,(#6930,#6931),.UNSPECIFIED.,.F.,
  .F.,(2,2),(0.92,1.8000024),.PIECEWISE_BEZIER_KNOTS.);
#6930 = CARTESIAN_POINT('',(2.145371536485,0.92));
#6931 = CARTESIAN_POINT('',(2.145371536485,1.8000024));
#6932 = ( GEOMETRIC_REPRESENTATION_CONTEXT(2) 
PARAMETRIC_REPRESENTATION_CONTEXT() REPRESENTATION_CONTEXT('2D SPACE',''
  ) );
#6933 = ORIENTED_EDGE('',*,*,#5374,.T.);
#6934 = ORIENTED_EDGE('',*,*,#6860,.F.);
#6935 = ADVANCED_FACE('',(#6936),#5224,.F.);
#6936 = FACE_BOUND('',#6937,.F.);
#6937 = EDGE_LOOP('',(#6938,#6939,#6940,#6961));
#6938 = ORIENTED_EDGE('',*,*,#6888,.T.);
#6939 = ORIENTED_EDGE('',*,*,#5203,.T.);
#6940 = ORIENTED_EDGE('',*,*,#6941,.F.);
#6941 = EDGE_CURVE('',#6433,#5204,#6942,.T.);
#6942 = SURFACE_CURVE('',#6943,(#6947,#6954),.PCURVE_S1.);
#6943 = LINE('',#6944,#6945);
#6944 = CARTESIAN_POINT('',(20.15,-33.65,2.4));
#6945 = VECTOR('',#6946,1.);
#6946 = DIRECTION('',(0.,0.,1.));
#6947 = PCURVE('',#5224,#6948);
#6948 = DEFINITIONAL_REPRESENTATION('',(#6949),#6953);
#6949 = LINE('',#6950,#6951);
#6950 = CARTESIAN_POINT('',(4.712388980385,0.));
#6951 = VECTOR('',#6952,1.);
#6952 = DIRECTION('',(0.,-1.));
#6953 = ( GEOMETRIC_REPRESENTATION_CONTEXT(2) 
PARAMETRIC_REPRESENTATION_CONTEXT() REPRESENTATION_CONTEXT('2D SPACE',''
  ) );
#6954 = PCURVE('',#5252,#6955);
#6955 = DEFINITIONAL_REPRESENTATION('',(#6956),#6960);
#6956 = LINE('',#6957,#6958);
#6957 = CARTESIAN_POINT('',(40.3,0.));
#6958 = VECTOR('',#6959,1.);
#6959 = DIRECTION('',(0.,-1.));
#6960 = ( GEOMETRIC_REPRESENTATION_CONTEXT(2) 
PARAMETRIC_REPRESENTATION_CONTEXT() REPRESENTATION_CONTEXT('2D SPACE',''
  ) );
#6961 = ORIENTED_EDGE('',*,*,#6432,.F.);
#6962 = ADVANCED_FACE('',(#6963),#5338,.T.);
#6963 = FACE_BOUND('',#6964,.T.);
#6964 = EDGE_LOOP('',(#6965,#6986,#6987,#7006,#7007,#7008,#7009,#7010));
#6965 = ORIENTED_EDGE('',*,*,#6966,.T.);
#6966 = EDGE_CURVE('',#5718,#5322,#6967,.T.);
#6967 = SEAM_CURVE('',#6968,(#6972,#6979),.PCURVE_S1.);
#6968 = LINE('',#6969,#6970);
#6969 = CARTESIAN_POINT('',(-18.1,-26.6875,1.4));
#6970 = VECTOR('',#6971,1.);
#6971 = DIRECTION('',(0.,0.,1.));
#6972 = PCURVE('',#5338,#6973);
#6973 = DEFINITIONAL_REPRESENTATION('',(#6974),#6978);
#6974 = LINE('',#6975,#6976);
#6975 = CARTESIAN_POINT('',(6.28318530718,-0.));
#6976 = VECTOR('',#6977,1.);
#6977 = DIRECTION('',(0.,1.));
#6978 = ( GEOMETRIC_REPRESENTATION_CONTEXT(2) 
PARAMETRIC_REPRESENTATION_CONTEXT() REPRESENTATION_CONTEXT('2D SPACE',''
  ) );
#6979 = PCURVE('',#5338,#6980);
#6980 = DEFINITIONAL_REPRESENTATION('',(#6981),#6985);
#6981 = LINE('',#6982,#6983);
#6982 = CARTESIAN_POINT('',(0.,-0.));
#6983 = VECTOR('',#6984,1.);
#6984 = DIRECTION('',(0.,1.));
#6985 = ( GEOMETRIC_REPRESENTATION_CONTEXT(2) 
PARAMETRIC_REPRESENTATION_CONTEXT() REPRESENTATION_CONTEXT('2D SPACE',''
  ) );
#6986 = ORIENTED_EDGE('',*,*,#5321,.F.);
#6987 = ORIENTED_EDGE('',*,*,#6988,.F.);
#6988 = EDGE_CURVE('',#6071,#5294,#6989,.T.);
#6989 = SURFACE_CURVE('',#6990,(#6994,#7000),.PCURVE_S1.);
#6990 = LINE('',#6991,#6992);
#6991 = CARTESIAN_POINT('',(-21.65,-28.61817345763,1.4));
#6992 = VECTOR('',#6993,1.);
#6993 = DIRECTION('',(0.,0.,1.));
#6994 = PCURVE('',#5338,#6995);
#6995 = DEFINITIONAL_REPRESENTATION('',(#6996),#6999);
#6996 = B_SPLINE_CURVE_WITH_KNOTS('',1,(#6997,#6998),.UNSPECIFIED.,.F.,
  .F.,(2,2),(0.92,1.8000024),.PIECEWISE_BEZIER_KNOTS.);
#6997 = CARTESIAN_POINT('',(4.137813770695,0.92));
#6998 = CARTESIAN_POINT('',(4.137813770695,1.8000024));
#6999 = ( GEOMETRIC_REPRESENTATION_CONTEXT(2) 
PARAMETRIC_REPRESENTATION_CONTEXT() REPRESENTATION_CONTEXT('2D SPACE',''
  ) );
#7000 = PCURVE('',#5309,#7001);
#7001 = DEFINITIONAL_REPRESENTATION('',(#7002),#7005);
#7002 = B_SPLINE_CURVE_WITH_KNOTS('',1,(#7003,#7004),.UNSPECIFIED.,.F.,
  .F.,(2,2),(0.92,1.8000024),.PIECEWISE_BEZIER_KNOTS.);
#7003 = CARTESIAN_POINT('',(3.531826542369,8.E-02));
#7004 = CARTESIAN_POINT('',(3.531826542369,-0.8000024));
#7005 = ( GEOMETRIC_REPRESENTATION_CONTEXT(2) 
PARAMETRIC_REPRESENTATION_CONTEXT() REPRESENTATION_CONTEXT('2D SPACE',''
  ) );
#7006 = ORIENTED_EDGE('',*,*,#6093,.F.);
#7007 = ORIENTED_EDGE('',*,*,#6915,.T.);
#7008 = ORIENTED_EDGE('',*,*,#5350,.F.);
#7009 = ORIENTED_EDGE('',*,*,#6966,.F.);
#7010 = ORIENTED_EDGE('',*,*,#5717,.T.);
#7011 = ADVANCED_FACE('',(#7012),#5252,.T.);
#7012 = FACE_BOUND('',#7013,.T.);
#7013 = EDGE_LOOP('',(#7014,#7015,#7034,#7035));
#7014 = ORIENTED_EDGE('',*,*,#6460,.F.);
#7015 = ORIENTED_EDGE('',*,*,#7016,.T.);
#7016 = EDGE_CURVE('',#6316,#5237,#7017,.T.);
#7017 = SURFACE_CURVE('',#7018,(#7022,#7028),.PCURVE_S1.);
#7018 = LINE('',#7019,#7020);
#7019 = CARTESIAN_POINT('',(-19.95567314356,-33.65,1.4));
#7020 = VECTOR('',#7021,1.);
#7021 = DIRECTION('',(0.,0.,1.));
#7022 = PCURVE('',#5252,#7023);
#7023 = DEFINITIONAL_REPRESENTATION('',(#7024),#7027);
#7024 = B_SPLINE_CURVE_WITH_KNOTS('',1,(#7025,#7026),.UNSPECIFIED.,.F.,
  .F.,(2,2),(0.92,1.8000024),.PIECEWISE_BEZIER_KNOTS.);
#7025 = CARTESIAN_POINT('',(0.194326856434,8.E-02));
#7026 = CARTESIAN_POINT('',(0.194326856434,-0.8000024));
#7027 = ( GEOMETRIC_REPRESENTATION_CONTEXT(2) 
PARAMETRIC_REPRESENTATION_CONTEXT() REPRESENTATION_CONTEXT('2D SPACE',''
  ) );
#7028 = PCURVE('',#5281,#7029);
#7029 = DEFINITIONAL_REPRESENTATION('',(#7030),#7033);
#7030 = B_SPLINE_CURVE_WITH_KNOTS('',1,(#7031,#7032),.UNSPECIFIED.,.F.,
  .F.,(2,2),(1.,1.8),.PIECEWISE_BEZIER_KNOTS.);
#7031 = CARTESIAN_POINT('',(5.258388498096,1.));
#7032 = CARTESIAN_POINT('',(5.258388498096,1.8));
#7033 = ( GEOMETRIC_REPRESENTATION_CONTEXT(2) 
PARAMETRIC_REPRESENTATION_CONTEXT() REPRESENTATION_CONTEXT('2D SPACE',''
  ) );
#7034 = ORIENTED_EDGE('',*,*,#5236,.T.);
#7035 = ORIENTED_EDGE('',*,*,#6941,.F.);
#7036 = ADVANCED_FACE('',(#7037),#5281,.T.);
#7037 = FACE_BOUND('',#7038,.T.);
#7038 = EDGE_LOOP('',(#7039,#7040,#7059,#7060,#7079,#7080,#7081,#7082));
#7039 = ORIENTED_EDGE('',*,*,#5580,.F.);
#7040 = ORIENTED_EDGE('',*,*,#7041,.T.);
#7041 = EDGE_CURVE('',#5551,#6023,#7042,.T.);
#7042 = SURFACE_CURVE('',#7043,(#7047,#7053),.PCURVE_S1.);
#7043 = LINE('',#7044,#7045);
#7044 = CARTESIAN_POINT('',(-23.35,-31.01357960675,1.4));
#7045 = VECTOR('',#7046,1.);
#7046 = DIRECTION('',(0.,0.,1.));
#7047 = PCURVE('',#5281,#7048);
#7048 = DEFINITIONAL_REPRESENTATION('',(#7049),#7052);
#7049 = B_SPLINE_CURVE_WITH_KNOTS('',1,(#7050,#7051),.UNSPECIFIED.,.F.,
  .F.,(2,2),(0.,1.),.PIECEWISE_BEZIER_KNOTS.);
#7050 = CARTESIAN_POINT('',(9.128815039272,0.));
#7051 = CARTESIAN_POINT('',(9.128815039272,1.));
#7052 = ( GEOMETRIC_REPRESENTATION_CONTEXT(2) 
PARAMETRIC_REPRESENTATION_CONTEXT() REPRESENTATION_CONTEXT('2D SPACE',''
  ) );
#7053 = PCURVE('',#5568,#7054);
#7054 = DEFINITIONAL_REPRESENTATION('',(#7055),#7058);
#7055 = B_SPLINE_CURVE_WITH_KNOTS('',1,(#7056,#7057),.UNSPECIFIED.,.F.,
  .F.,(2,2),(-2.400000000069E-06,1.1),.PIECEWISE_BEZIER_KNOTS.);
#7056 = CARTESIAN_POINT('',(1.13642039325,2.400000000069E-06));
#7057 = CARTESIAN_POINT('',(1.13642039325,-1.1));
#7058 = ( GEOMETRIC_REPRESENTATION_CONTEXT(2) 
PARAMETRIC_REPRESENTATION_CONTEXT() REPRESENTATION_CONTEXT('2D SPACE',''
  ) );
#7059 = ORIENTED_EDGE('',*,*,#6047,.F.);
#7060 = ORIENTED_EDGE('',*,*,#7061,.T.);
#7061 = EDGE_CURVE('',#6048,#5265,#7062,.T.);
#7062 = SURFACE_CURVE('',#7063,(#7067,#7073),.PCURVE_S1.);
#7063 = LINE('',#7064,#7065);
#7064 = CARTESIAN_POINT('',(-21.65,-29.43940556793,1.4));
#7065 = VECTOR('',#7066,1.);
#7066 = DIRECTION('',(0.,0.,1.));
#7067 = PCURVE('',#5281,#7068);
#7068 = DEFINITIONAL_REPRESENTATION('',(#7069),#7072);
#7069 = B_SPLINE_CURVE_WITH_KNOTS('',1,(#7070,#7071),.UNSPECIFIED.,.F.,
  .F.,(2,2),(1.,1.8),.PIECEWISE_BEZIER_KNOTS.);
#7070 = CARTESIAN_POINT('',(8.073122692972,1.));
#7071 = CARTESIAN_POINT('',(8.073122692972,1.8));
#7072 = ( GEOMETRIC_REPRESENTATION_CONTEXT(2) 
PARAMETRIC_REPRESENTATION_CONTEXT() REPRESENTATION_CONTEXT('2D SPACE',''
  ) );
#7073 = PCURVE('',#5309,#7074);
#7074 = DEFINITIONAL_REPRESENTATION('',(#7075),#7078);
#7075 = B_SPLINE_CURVE_WITH_KNOTS('',1,(#7076,#7077),.UNSPECIFIED.,.F.,
  .F.,(2,2),(0.92,1.8000024),.PIECEWISE_BEZIER_KNOTS.);
#7076 = CARTESIAN_POINT('',(2.710594432064,8.E-02));
#7077 = CARTESIAN_POINT('',(2.710594432064,-0.8000024));
#7078 = ( GEOMETRIC_REPRESENTATION_CONTEXT(2) 
PARAMETRIC_REPRESENTATION_CONTEXT() REPRESENTATION_CONTEXT('2D SPACE',''
  ) );
#7079 = ORIENTED_EDGE('',*,*,#5264,.F.);
#7080 = ORIENTED_EDGE('',*,*,#7016,.F.);
#7081 = ORIENTED_EDGE('',*,*,#6313,.F.);
#7082 = ORIENTED_EDGE('',*,*,#7083,.T.);
#7083 = EDGE_CURVE('',#6314,#5581,#7084,.T.);
#7084 = SURFACE_CURVE('',#7085,(#7089,#7095),.PCURVE_S1.);
#7085 = LINE('',#7086,#7087);
#7086 = CARTESIAN_POINT('',(-23.34155621411,-32.38231214372,1.4));
#7087 = VECTOR('',#7088,1.);
#7088 = DIRECTION('',(-0.,-0.,-1.));
#7089 = PCURVE('',#5281,#7090);
#7090 = DEFINITIONAL_REPRESENTATION('',(#7091),#7094);
#7091 = B_SPLINE_CURVE_WITH_KNOTS('',1,(#7092,#7093),.UNSPECIFIED.,.F.,
  .F.,(2,2),(-1.,0.),.PIECEWISE_BEZIER_KNOTS.);
#7092 = CARTESIAN_POINT('',(3.44989352796,1.));
#7093 = CARTESIAN_POINT('',(3.44989352796,0.));
#7094 = ( GEOMETRIC_REPRESENTATION_CONTEXT(2) 
PARAMETRIC_REPRESENTATION_CONTEXT() REPRESENTATION_CONTEXT('2D SPACE',''
  ) );
#7095 = PCURVE('',#5625,#7096);
#7096 = DEFINITIONAL_REPRESENTATION('',(#7097),#7100);
#7097 = B_SPLINE_CURVE_WITH_KNOTS('',1,(#7098,#7099),.UNSPECIFIED.,.F.,
  .F.,(2,2),(-1.0000024,2.400000000069E-06),.PIECEWISE_BEZIER_KNOTS.);
#7098 = CARTESIAN_POINT('',(-3.214254119948,-1.0000024));
#7099 = CARTESIAN_POINT('',(-3.214254119948,2.400000000069E-06));
#7100 = ( GEOMETRIC_REPRESENTATION_CONTEXT(2) 
PARAMETRIC_REPRESENTATION_CONTEXT() REPRESENTATION_CONTEXT('2D SPACE',''
  ) );
#7101 = ADVANCED_FACE('',(#7102),#5309,.F.);
#7102 = FACE_BOUND('',#7103,.F.);
#7103 = EDGE_LOOP('',(#7104,#7105,#7106,#7107));
#7104 = ORIENTED_EDGE('',*,*,#6070,.F.);
#7105 = ORIENTED_EDGE('',*,*,#7061,.T.);
#7106 = ORIENTED_EDGE('',*,*,#5293,.T.);
#7107 = ORIENTED_EDGE('',*,*,#6988,.F.);
#7108 = ADVANCED_FACE('',(#7109),#5504,.T.);
#7109 = FACE_BOUND('',#7110,.T.);
#7110 = EDGE_LOOP('',(#7111,#7140,#7161,#7162));
#7111 = ORIENTED_EDGE('',*,*,#7112,.F.);
#7112 = EDGE_CURVE('',#7113,#7113,#7115,.T.);
#7113 = VERTEX_POINT('',#7114);
#7114 = CARTESIAN_POINT('',(-20.2,-31.6844,4.9));
#7115 = SURFACE_CURVE('',#7116,(#7121,#7128),.PCURVE_S1.);
#7116 = CIRCLE('',#7117,0.95);
#7117 = AXIS2_PLACEMENT_3D('',#7118,#7119,#7120);
#7118 = CARTESIAN_POINT('',(-21.15,-31.6844,4.9));
#7119 = DIRECTION('',(0.,0.,1.));
#7120 = DIRECTION('',(1.,0.,-0.));
#7121 = PCURVE('',#5504,#7122);
#7122 = DEFINITIONAL_REPRESENTATION('',(#7123),#7127);
#7123 = LINE('',#7124,#7125);
#7124 = CARTESIAN_POINT('',(0.,1.7));
#7125 = VECTOR('',#7126,1.);
#7126 = DIRECTION('',(1.,0.));
#7127 = ( GEOMETRIC_REPRESENTATION_CONTEXT(2) 
PARAMETRIC_REPRESENTATION_CONTEXT() REPRESENTATION_CONTEXT('2D SPACE',''
  ) );
#7128 = PCURVE('',#7129,#7134);
#7129 = PLANE('',#7130);
#7130 = AXIS2_PLACEMENT_3D('',#7131,#7132,#7133);
#7131 = CARTESIAN_POINT('',(-21.15,-31.6844,4.9));
#7132 = DIRECTION('',(0.,0.,1.));
#7133 = DIRECTION('',(1.,0.,-0.));
#7134 = DEFINITIONAL_REPRESENTATION('',(#7135),#7139);
#7135 = CIRCLE('',#7136,0.95);
#7136 = AXIS2_PLACEMENT_2D('',#7137,#7138);
#7137 = CARTESIAN_POINT('',(0.,0.));
#7138 = DIRECTION('',(1.,0.));
#7139 = ( GEOMETRIC_REPRESENTATION_CONTEXT(2) 
PARAMETRIC_REPRESENTATION_CONTEXT() REPRESENTATION_CONTEXT('2D SPACE',''
  ) );
#7140 = ORIENTED_EDGE('',*,*,#7141,.F.);
#7141 = EDGE_CURVE('',#5488,#7113,#7142,.T.);
#7142 = SEAM_CURVE('',#7143,(#7147,#7154),.PCURVE_S1.);
#7143 = LINE('',#7144,#7145);
#7144 = CARTESIAN_POINT('',(-20.2,-31.6844,3.2));
#7145 = VECTOR('',#7146,1.);
#7146 = DIRECTION('',(0.,0.,1.));
#7147 = PCURVE('',#5504,#7148);
#7148 = DEFINITIONAL_REPRESENTATION('',(#7149),#7153);
#7149 = LINE('',#7150,#7151);
#7150 = CARTESIAN_POINT('',(6.28318530718,-0.));
#7151 = VECTOR('',#7152,1.);
#7152 = DIRECTION('',(0.,1.));
#7153 = ( GEOMETRIC_REPRESENTATION_CONTEXT(2) 
PARAMETRIC_REPRESENTATION_CONTEXT() REPRESENTATION_CONTEXT('2D SPACE',''
  ) );
#7154 = PCURVE('',#5504,#7155);
#7155 = DEFINITIONAL_REPRESENTATION('',(#7156),#7160);
#7156 = LINE('',#7157,#7158);
#7157 = CARTESIAN_POINT('',(0.,-0.));
#7158 = VECTOR('',#7159,1.);
#7159 = DIRECTION('',(0.,1.));
#7160 = ( GEOMETRIC_REPRESENTATION_CONTEXT(2) 
PARAMETRIC_REPRESENTATION_CONTEXT() REPRESENTATION_CONTEXT('2D SPACE',''
  ) );
#7161 = ORIENTED_EDGE('',*,*,#5487,.T.);
#7162 = ORIENTED_EDGE('',*,*,#7141,.T.);
#7163 = ADVANCED_FACE('',(#7164),#5535,.T.);
#7164 = FACE_BOUND('',#7165,.T.);
#7165 = EDGE_LOOP('',(#7166,#7195,#7216,#7217));
#7166 = ORIENTED_EDGE('',*,*,#7167,.F.);
#7167 = EDGE_CURVE('',#7168,#7168,#7170,.T.);
#7168 = VERTEX_POINT('',#7169);
#7169 = CARTESIAN_POINT('',(-19.45,-26.6875,4.9));
#7170 = SURFACE_CURVE('',#7171,(#7176,#7183),.PCURVE_S1.);
#7171 = CIRCLE('',#7172,0.95);
#7172 = AXIS2_PLACEMENT_3D('',#7173,#7174,#7175);
#7173 = CARTESIAN_POINT('',(-20.4,-26.6875,4.9));
#7174 = DIRECTION('',(0.,0.,1.));
#7175 = DIRECTION('',(1.,0.,-0.));
#7176 = PCURVE('',#5535,#7177);
#7177 = DEFINITIONAL_REPRESENTATION('',(#7178),#7182);
#7178 = LINE('',#7179,#7180);
#7179 = CARTESIAN_POINT('',(0.,1.7));
#7180 = VECTOR('',#7181,1.);
#7181 = DIRECTION('',(1.,0.));
#7182 = ( GEOMETRIC_REPRESENTATION_CONTEXT(2) 
PARAMETRIC_REPRESENTATION_CONTEXT() REPRESENTATION_CONTEXT('2D SPACE',''
  ) );
#7183 = PCURVE('',#7184,#7189);
#7184 = PLANE('',#7185);
#7185 = AXIS2_PLACEMENT_3D('',#7186,#7187,#7188);
#7186 = CARTESIAN_POINT('',(-20.4,-26.6875,4.9));
#7187 = DIRECTION('',(0.,0.,1.));
#7188 = DIRECTION('',(1.,0.,-0.));
#7189 = DEFINITIONAL_REPRESENTATION('',(#7190),#7194);
#7190 = CIRCLE('',#7191,0.95);
#7191 = AXIS2_PLACEMENT_2D('',#7192,#7193);
#7192 = CARTESIAN_POINT('',(0.,0.));
#7193 = DIRECTION('',(1.,0.));
#7194 = ( GEOMETRIC_REPRESENTATION_CONTEXT(2) 
PARAMETRIC_REPRESENTATION_CONTEXT() REPRESENTATION_CONTEXT('2D SPACE',''
  ) );
#7195 = ORIENTED_EDGE('',*,*,#7196,.F.);
#7196 = EDGE_CURVE('',#5519,#7168,#7197,.T.);
#7197 = SEAM_CURVE('',#7198,(#7202,#7209),.PCURVE_S1.);
#7198 = LINE('',#7199,#7200);
#7199 = CARTESIAN_POINT('',(-19.45,-26.6875,3.2));
#7200 = VECTOR('',#7201,1.);
#7201 = DIRECTION('',(0.,0.,1.));
#7202 = PCURVE('',#5535,#7203);
#7203 = DEFINITIONAL_REPRESENTATION('',(#7204),#7208);
#7204 = LINE('',#7205,#7206);
#7205 = CARTESIAN_POINT('',(6.28318530718,-0.));
#7206 = VECTOR('',#7207,1.);
#7207 = DIRECTION('',(0.,1.));
#7208 = ( GEOMETRIC_REPRESENTATION_CONTEXT(2) 
PARAMETRIC_REPRESENTATION_CONTEXT() REPRESENTATION_CONTEXT('2D SPACE',''
  ) );
#7209 = PCURVE('',#5535,#7210);
#7210 = DEFINITIONAL_REPRESENTATION('',(#7211),#7215);
#7211 = LINE('',#7212,#7213);
#7212 = CARTESIAN_POINT('',(0.,-0.));
#7213 = VECTOR('',#7214,1.);
#7214 = DIRECTION('',(0.,1.));
#7215 = ( GEOMETRIC_REPRESENTATION_CONTEXT(2) 
PARAMETRIC_REPRESENTATION_CONTEXT() REPRESENTATION_CONTEXT('2D SPACE',''
  ) );
#7216 = ORIENTED_EDGE('',*,*,#5518,.T.);
#7217 = ORIENTED_EDGE('',*,*,#7196,.T.);
#7218 = ADVANCED_FACE('',(#7219),#5568,.F.);
#7219 = FACE_BOUND('',#7220,.F.);
#7220 = EDGE_LOOP('',(#7221,#7222,#7223,#7224));
#7221 = ORIENTED_EDGE('',*,*,#5550,.F.);
#7222 = ORIENTED_EDGE('',*,*,#7041,.T.);
#7223 = ORIENTED_EDGE('',*,*,#6022,.T.);
#7224 = ORIENTED_EDGE('',*,*,#6219,.F.);
#7225 = ADVANCED_FACE('',(#7226),#5653,.T.);
#7226 = FACE_BOUND('',#7227,.T.);
#7227 = EDGE_LOOP('',(#7228,#7229,#7250,#7251));
#7228 = ORIENTED_EDGE('',*,*,#5637,.F.);
#7229 = ORIENTED_EDGE('',*,*,#7230,.T.);
#7230 = EDGE_CURVE('',#5609,#6339,#7231,.T.);
#7231 = SURFACE_CURVE('',#7232,(#7236,#7243),.PCURVE_S1.);
#7232 = LINE('',#7233,#7234);
#7233 = CARTESIAN_POINT('',(-20.15,-35.35,1.4));
#7234 = VECTOR('',#7235,1.);
#7235 = DIRECTION('',(0.,0.,1.));
#7236 = PCURVE('',#5653,#7237);
#7237 = DEFINITIONAL_REPRESENTATION('',(#7238),#7242);
#7238 = LINE('',#7239,#7240);
#7239 = CARTESIAN_POINT('',(0.,0.));
#7240 = VECTOR('',#7241,1.);
#7241 = DIRECTION('',(0.,-1.));
#7242 = ( GEOMETRIC_REPRESENTATION_CONTEXT(2) 
PARAMETRIC_REPRESENTATION_CONTEXT() REPRESENTATION_CONTEXT('2D SPACE',''
  ) );
#7243 = PCURVE('',#5625,#7244);
#7244 = DEFINITIONAL_REPRESENTATION('',(#7245),#7249);
#7245 = LINE('',#7246,#7247);
#7246 = CARTESIAN_POINT('',(-4.712388980385,0.));
#7247 = VECTOR('',#7248,1.);
#7248 = DIRECTION('',(-0.,-1.));
#7249 = ( GEOMETRIC_REPRESENTATION_CONTEXT(2) 
PARAMETRIC_REPRESENTATION_CONTEXT() REPRESENTATION_CONTEXT('2D SPACE',''
  ) );
#7250 = ORIENTED_EDGE('',*,*,#6362,.T.);
#7251 = ORIENTED_EDGE('',*,*,#6485,.F.);
#7252 = ADVANCED_FACE('',(#7253),#5625,.F.);
#7253 = FACE_BOUND('',#7254,.T.);
#7254 = EDGE_LOOP('',(#7255,#7256,#7257,#7258));
#7255 = ORIENTED_EDGE('',*,*,#5608,.F.);
#7256 = ORIENTED_EDGE('',*,*,#7083,.F.);
#7257 = ORIENTED_EDGE('',*,*,#6338,.T.);
#7258 = ORIENTED_EDGE('',*,*,#7230,.F.);
#7259 = ADVANCED_FACE('',(#7260),#5821,.F.);
#7260 = FACE_BOUND('',#7261,.F.);
#7261 = EDGE_LOOP('',(#7262,#7263,#7284,#7285));
#7262 = ORIENTED_EDGE('',*,*,#5800,.F.);
#7263 = ORIENTED_EDGE('',*,*,#7264,.T.);
#7264 = EDGE_CURVE('',#5773,#5904,#7265,.T.);
#7265 = SURFACE_CURVE('',#7266,(#7270,#7277),.PCURVE_S1.);
#7266 = LINE('',#7267,#7268);
#7267 = CARTESIAN_POINT('',(20.15,33.65,2.4));
#7268 = VECTOR('',#7269,1.);
#7269 = DIRECTION('',(0.,0.,1.));
#7270 = PCURVE('',#5821,#7271);
#7271 = DEFINITIONAL_REPRESENTATION('',(#7272),#7276);
#7272 = LINE('',#7273,#7274);
#7273 = CARTESIAN_POINT('',(1.570796326795,0.));
#7274 = VECTOR('',#7275,1.);
#7275 = DIRECTION('',(0.,-1.));
#7276 = ( GEOMETRIC_REPRESENTATION_CONTEXT(2) 
PARAMETRIC_REPRESENTATION_CONTEXT() REPRESENTATION_CONTEXT('2D SPACE',''
  ) );
#7277 = PCURVE('',#5788,#7278);
#7278 = DEFINITIONAL_REPRESENTATION('',(#7279),#7283);
#7279 = LINE('',#7280,#7281);
#7280 = CARTESIAN_POINT('',(40.3,0.));
#7281 = VECTOR('',#7282,1.);
#7282 = DIRECTION('',(0.,-1.));
#7283 = ( GEOMETRIC_REPRESENTATION_CONTEXT(2) 
PARAMETRIC_REPRESENTATION_CONTEXT() REPRESENTATION_CONTEXT('2D SPACE',''
  ) );
#7284 = ORIENTED_EDGE('',*,*,#5926,.T.);
#7285 = ORIENTED_EDGE('',*,*,#6243,.T.);
#7286 = ADVANCED_FACE('',(#7287),#5788,.F.);
#7287 = FACE_BOUND('',#7288,.F.);
#7288 = EDGE_LOOP('',(#7289,#7290,#7291,#7292));
#7289 = ORIENTED_EDGE('',*,*,#5772,.F.);
#7290 = ORIENTED_EDGE('',*,*,#5856,.F.);
#7291 = ORIENTED_EDGE('',*,*,#5903,.T.);
#7292 = ORIENTED_EDGE('',*,*,#7264,.F.);
#7293 = ADVANCED_FACE('',(#7294),#6580,.T.);
#7294 = FACE_BOUND('',#7295,.T.);
#7295 = EDGE_LOOP('',(#7296,#7297,#7298,#7299));
#7296 = ORIENTED_EDGE('',*,*,#6620,.F.);
#7297 = ORIENTED_EDGE('',*,*,#6566,.F.);
#7298 = ORIENTED_EDGE('',*,*,#6696,.T.);
#7299 = ORIENTED_EDGE('',*,*,#6669,.T.);
#7300 = ADVANCED_FACE('',(#7301),#6743,.T.);
#7301 = FACE_BOUND('',#7302,.T.);
#7302 = EDGE_LOOP('',(#7303,#7326,#7354,#7375));
#7303 = ORIENTED_EDGE('',*,*,#7304,.F.);
#7304 = EDGE_CURVE('',#7305,#6727,#7307,.T.);
#7305 = VERTEX_POINT('',#7306);
#7306 = CARTESIAN_POINT('',(25.15,13.5,0.2));
#7307 = SURFACE_CURVE('',#7308,(#7312,#7319),.PCURVE_S1.);
#7308 = LINE('',#7309,#7310);
#7309 = CARTESIAN_POINT('',(25.15,13.5,0.2));
#7310 = VECTOR('',#7311,1.);
#7311 = DIRECTION('',(1.,0.,-0.));
#7312 = PCURVE('',#6743,#7313);
#7313 = DEFINITIONAL_REPRESENTATION('',(#7314),#7318);
#7314 = LINE('',#7315,#7316);
#7315 = CARTESIAN_POINT('',(0.,27.));
#7316 = VECTOR('',#7317,1.);
#7317 = DIRECTION('',(1.,0.));
#7318 = ( GEOMETRIC_REPRESENTATION_CONTEXT(2) 
PARAMETRIC_REPRESENTATION_CONTEXT() REPRESENTATION_CONTEXT('2D SPACE',''
  ) );
#7319 = PCURVE('',#6819,#7320);
#7320 = DEFINITIONAL_REPRESENTATION('',(#7321),#7325);
#7321 = LINE('',#7322,#7323);
#7322 = CARTESIAN_POINT('',(0.,0.));
#7323 = VECTOR('',#7324,1.);
#7324 = DIRECTION('',(0.,1.));
#7325 = ( GEOMETRIC_REPRESENTATION_CONTEXT(2) 
PARAMETRIC_REPRESENTATION_CONTEXT() REPRESENTATION_CONTEXT('2D SPACE',''
  ) );
#7326 = ORIENTED_EDGE('',*,*,#7327,.F.);
#7327 = EDGE_CURVE('',#7328,#7305,#7330,.T.);
#7328 = VERTEX_POINT('',#7329);
#7329 = CARTESIAN_POINT('',(25.15,-13.5,0.2));
#7330 = SURFACE_CURVE('',#7331,(#7335,#7342),.PCURVE_S1.);
#7331 = LINE('',#7332,#7333);
#7332 = CARTESIAN_POINT('',(25.15,-13.5,0.2));
#7333 = VECTOR('',#7334,1.);
#7334 = DIRECTION('',(-0.,1.,0.));
#7335 = PCURVE('',#6743,#7336);
#7336 = DEFINITIONAL_REPRESENTATION('',(#7337),#7341);
#7337 = LINE('',#7338,#7339);
#7338 = CARTESIAN_POINT('',(0.,0.));
#7339 = VECTOR('',#7340,1.);
#7340 = DIRECTION('',(0.,1.));
#7341 = ( GEOMETRIC_REPRESENTATION_CONTEXT(2) 
PARAMETRIC_REPRESENTATION_CONTEXT() REPRESENTATION_CONTEXT('2D SPACE',''
  ) );
#7342 = PCURVE('',#7343,#7348);
#7343 = PLANE('',#7344);
#7344 = AXIS2_PLACEMENT_3D('',#7345,#7346,#7347);
#7345 = CARTESIAN_POINT('',(25.15,-32.15,-2.723438300723));
#7346 = DIRECTION('',(-1.,0.,0.));
#7347 = DIRECTION('',(0.,1.,0.));
#7348 = DEFINITIONAL_REPRESENTATION('',(#7349),#7353);
#7349 = LINE('',#7350,#7351);
#7350 = CARTESIAN_POINT('',(18.65,-2.923438300723));
#7351 = VECTOR('',#7352,1.);
#7352 = DIRECTION('',(1.,0.));
#7353 = ( GEOMETRIC_REPRESENTATION_CONTEXT(2) 
PARAMETRIC_REPRESENTATION_CONTEXT() REPRESENTATION_CONTEXT('2D SPACE',''
  ) );
#7354 = ORIENTED_EDGE('',*,*,#7355,.T.);
#7355 = EDGE_CURVE('',#7328,#6729,#7356,.T.);
#7356 = SURFACE_CURVE('',#7357,(#7361,#7368),.PCURVE_S1.);
#7357 = LINE('',#7358,#7359);
#7358 = CARTESIAN_POINT('',(25.15,-13.5,0.2));
#7359 = VECTOR('',#7360,1.);
#7360 = DIRECTION('',(1.,0.,-0.));
#7361 = PCURVE('',#6743,#7362);
#7362 = DEFINITIONAL_REPRESENTATION('',(#7363),#7367);
#7363 = LINE('',#7364,#7365);
#7364 = CARTESIAN_POINT('',(0.,0.));
#7365 = VECTOR('',#7366,1.);
#7366 = DIRECTION('',(1.,0.));
#7367 = ( GEOMETRIC_REPRESENTATION_CONTEXT(2) 
PARAMETRIC_REPRESENTATION_CONTEXT() REPRESENTATION_CONTEXT('2D SPACE',''
  ) );
#7368 = PCURVE('',#6769,#7369);
#7369 = DEFINITIONAL_REPRESENTATION('',(#7370),#7374);
#7370 = LINE('',#7371,#7372);
#7371 = CARTESIAN_POINT('',(0.,0.));
#7372 = VECTOR('',#7373,1.);
#7373 = DIRECTION('',(0.,1.));
#7374 = ( GEOMETRIC_REPRESENTATION_CONTEXT(2) 
PARAMETRIC_REPRESENTATION_CONTEXT() REPRESENTATION_CONTEXT('2D SPACE',''
  ) );
#7375 = ORIENTED_EDGE('',*,*,#6726,.F.);
#7376 = ADVANCED_FACE('',(#7377),#6819,.F.);
#7377 = FACE_BOUND('',#7378,.F.);
#7378 = EDGE_LOOP('',(#7379,#7380,#7403,#7424));
#7379 = ORIENTED_EDGE('',*,*,#7304,.F.);
#7380 = ORIENTED_EDGE('',*,*,#7381,.T.);
#7381 = EDGE_CURVE('',#7305,#7382,#7384,.T.);
#7382 = VERTEX_POINT('',#7383);
#7383 = CARTESIAN_POINT('',(25.15,13.5,3.6));
#7384 = SURFACE_CURVE('',#7385,(#7389,#7396),.PCURVE_S1.);
#7385 = LINE('',#7386,#7387);
#7386 = CARTESIAN_POINT('',(25.15,13.5,0.2));
#7387 = VECTOR('',#7388,1.);
#7388 = DIRECTION('',(0.,0.,1.));
#7389 = PCURVE('',#6819,#7390);
#7390 = DEFINITIONAL_REPRESENTATION('',(#7391),#7395);
#7391 = LINE('',#7392,#7393);
#7392 = CARTESIAN_POINT('',(0.,0.));
#7393 = VECTOR('',#7394,1.);
#7394 = DIRECTION('',(1.,0.));
#7395 = ( GEOMETRIC_REPRESENTATION_CONTEXT(2) 
PARAMETRIC_REPRESENTATION_CONTEXT() REPRESENTATION_CONTEXT('2D SPACE',''
  ) );
#7396 = PCURVE('',#7343,#7397);
#7397 = DEFINITIONAL_REPRESENTATION('',(#7398),#7402);
#7398 = LINE('',#7399,#7400);
#7399 = CARTESIAN_POINT('',(45.65,-2.923438300723));
#7400 = VECTOR('',#7401,1.);
#7401 = DIRECTION('',(0.,-1.));
#7402 = ( GEOMETRIC_REPRESENTATION_CONTEXT(2) 
PARAMETRIC_REPRESENTATION_CONTEXT() REPRESENTATION_CONTEXT('2D SPACE',''
  ) );
#7403 = ORIENTED_EDGE('',*,*,#7404,.T.);
#7404 = EDGE_CURVE('',#7382,#6781,#7405,.T.);
#7405 = SURFACE_CURVE('',#7406,(#7410,#7417),.PCURVE_S1.);
#7406 = LINE('',#7407,#7408);
#7407 = CARTESIAN_POINT('',(25.15,13.5,3.6));
#7408 = VECTOR('',#7409,1.);
#7409 = DIRECTION('',(1.,0.,-0.));
#7410 = PCURVE('',#6819,#7411);
#7411 = DEFINITIONAL_REPRESENTATION('',(#7412),#7416);
#7412 = LINE('',#7413,#7414);
#7413 = CARTESIAN_POINT('',(3.4,0.));
#7414 = VECTOR('',#7415,1.);
#7415 = DIRECTION('',(0.,1.));
#7416 = ( GEOMETRIC_REPRESENTATION_CONTEXT(2) 
PARAMETRIC_REPRESENTATION_CONTEXT() REPRESENTATION_CONTEXT('2D SPACE',''
  ) );
#7417 = PCURVE('',#6795,#7418);
#7418 = DEFINITIONAL_REPRESENTATION('',(#7419),#7423);
#7419 = LINE('',#7420,#7421);
#7420 = CARTESIAN_POINT('',(0.,27.));
#7421 = VECTOR('',#7422,1.);
#7422 = DIRECTION('',(1.,0.));
#7423 = ( GEOMETRIC_REPRESENTATION_CONTEXT(2) 
PARAMETRIC_REPRESENTATION_CONTEXT() REPRESENTATION_CONTEXT('2D SPACE',''
  ) );
#7424 = ORIENTED_EDGE('',*,*,#6806,.F.);
#7425 = ADVANCED_FACE('',(#7426),#6795,.F.);
#7426 = FACE_BOUND('',#7427,.F.);
#7427 = EDGE_LOOP('',(#7428,#7429,#7452,#7473));
#7428 = ORIENTED_EDGE('',*,*,#7404,.F.);
#7429 = ORIENTED_EDGE('',*,*,#7430,.F.);
#7430 = EDGE_CURVE('',#7431,#7382,#7433,.T.);
#7431 = VERTEX_POINT('',#7432);
#7432 = CARTESIAN_POINT('',(25.15,-13.5,3.6));
#7433 = SURFACE_CURVE('',#7434,(#7438,#7445),.PCURVE_S1.);
#7434 = LINE('',#7435,#7436);
#7435 = CARTESIAN_POINT('',(25.15,-13.5,3.6));
#7436 = VECTOR('',#7437,1.);
#7437 = DIRECTION('',(-0.,1.,0.));
#7438 = PCURVE('',#6795,#7439);
#7439 = DEFINITIONAL_REPRESENTATION('',(#7440),#7444);
#7440 = LINE('',#7441,#7442);
#7441 = CARTESIAN_POINT('',(0.,0.));
#7442 = VECTOR('',#7443,1.);
#7443 = DIRECTION('',(0.,1.));
#7444 = ( GEOMETRIC_REPRESENTATION_CONTEXT(2) 
PARAMETRIC_REPRESENTATION_CONTEXT() REPRESENTATION_CONTEXT('2D SPACE',''
  ) );
#7445 = PCURVE('',#7343,#7446);
#7446 = DEFINITIONAL_REPRESENTATION('',(#7447),#7451);
#7447 = LINE('',#7448,#7449);
#7448 = CARTESIAN_POINT('',(18.65,-6.323438300723));
#7449 = VECTOR('',#7450,1.);
#7450 = DIRECTION('',(1.,0.));
#7451 = ( GEOMETRIC_REPRESENTATION_CONTEXT(2) 
PARAMETRIC_REPRESENTATION_CONTEXT() REPRESENTATION_CONTEXT('2D SPACE',''
  ) );
#7452 = ORIENTED_EDGE('',*,*,#7453,.T.);
#7453 = EDGE_CURVE('',#7431,#6755,#7454,.T.);
#7454 = SURFACE_CURVE('',#7455,(#7459,#7466),.PCURVE_S1.);
#7455 = LINE('',#7456,#7457);
#7456 = CARTESIAN_POINT('',(25.15,-13.5,3.6));
#7457 = VECTOR('',#7458,1.);
#7458 = DIRECTION('',(1.,0.,-0.));
#7459 = PCURVE('',#6795,#7460);
#7460 = DEFINITIONAL_REPRESENTATION('',(#7461),#7465);
#7461 = LINE('',#7462,#7463);
#7462 = CARTESIAN_POINT('',(0.,0.));
#7463 = VECTOR('',#7464,1.);
#7464 = DIRECTION('',(1.,0.));
#7465 = ( GEOMETRIC_REPRESENTATION_CONTEXT(2) 
PARAMETRIC_REPRESENTATION_CONTEXT() REPRESENTATION_CONTEXT('2D SPACE',''
  ) );
#7466 = PCURVE('',#6769,#7467);
#7467 = DEFINITIONAL_REPRESENTATION('',(#7468),#7472);
#7468 = LINE('',#7469,#7470);
#7469 = CARTESIAN_POINT('',(3.4,0.));
#7470 = VECTOR('',#7471,1.);
#7471 = DIRECTION('',(0.,1.));
#7472 = ( GEOMETRIC_REPRESENTATION_CONTEXT(2) 
PARAMETRIC_REPRESENTATION_CONTEXT() REPRESENTATION_CONTEXT('2D SPACE',''
  ) );
#7473 = ORIENTED_EDGE('',*,*,#6780,.F.);
#7474 = ADVANCED_FACE('',(#7475),#6769,.T.);
#7475 = FACE_BOUND('',#7476,.T.);
#7476 = EDGE_LOOP('',(#7477,#7478,#7499,#7500));
#7477 = ORIENTED_EDGE('',*,*,#7355,.F.);
#7478 = ORIENTED_EDGE('',*,*,#7479,.T.);
#7479 = EDGE_CURVE('',#7328,#7431,#7480,.T.);
#7480 = SURFACE_CURVE('',#7481,(#7485,#7492),.PCURVE_S1.);
#7481 = LINE('',#7482,#7483);
#7482 = CARTESIAN_POINT('',(25.15,-13.5,0.2));
#7483 = VECTOR('',#7484,1.);
#7484 = DIRECTION('',(0.,0.,1.));
#7485 = PCURVE('',#6769,#7486);
#7486 = DEFINITIONAL_REPRESENTATION('',(#7487),#7491);
#7487 = LINE('',#7488,#7489);
#7488 = CARTESIAN_POINT('',(0.,0.));
#7489 = VECTOR('',#7490,1.);
#7490 = DIRECTION('',(1.,0.));
#7491 = ( GEOMETRIC_REPRESENTATION_CONTEXT(2) 
PARAMETRIC_REPRESENTATION_CONTEXT() REPRESENTATION_CONTEXT('2D SPACE',''
  ) );
#7492 = PCURVE('',#7343,#7493);
#7493 = DEFINITIONAL_REPRESENTATION('',(#7494),#7498);
#7494 = LINE('',#7495,#7496);
#7495 = CARTESIAN_POINT('',(18.65,-2.923438300723));
#7496 = VECTOR('',#7497,1.);
#7497 = DIRECTION('',(0.,-1.));
#7498 = ( GEOMETRIC_REPRESENTATION_CONTEXT(2) 
PARAMETRIC_REPRESENTATION_CONTEXT() REPRESENTATION_CONTEXT('2D SPACE',''
  ) );
#7499 = ORIENTED_EDGE('',*,*,#7453,.T.);
#7500 = ORIENTED_EDGE('',*,*,#6754,.F.);
#7501 = ADVANCED_FACE('',(#7502),#7129,.T.);
#7502 = FACE_BOUND('',#7503,.T.);
#7503 = EDGE_LOOP('',(#7504));
#7504 = ORIENTED_EDGE('',*,*,#7112,.T.);
#7505 = ADVANCED_FACE('',(#7506),#7184,.T.);
#7506 = FACE_BOUND('',#7507,.T.);
#7507 = EDGE_LOOP('',(#7508));
#7508 = ORIENTED_EDGE('',*,*,#7167,.T.);
#7509 = ADVANCED_FACE('',(#7510),#7343,.F.);
#7510 = FACE_BOUND('',#7511,.F.);
#7511 = EDGE_LOOP('',(#7512,#7513,#7514,#7515));
#7512 = ORIENTED_EDGE('',*,*,#7479,.T.);
#7513 = ORIENTED_EDGE('',*,*,#7430,.T.);
#7514 = ORIENTED_EDGE('',*,*,#7381,.F.);
#7515 = ORIENTED_EDGE('',*,*,#7327,.F.);
#7516 = ( GEOMETRIC_REPRESENTATION_CONTEXT(3) 
GLOBAL_UNCERTAINTY_ASSIGNED_CONTEXT((#7520)) 
GLOBAL_UNIT_ASSIGNED_CONTEXT((#7517,#7518,#7519)) REPRESENTATION_CONTEXT
('Context #1','3D Context with UNIT and UNCERTAINTY') );
#7517 = ( LENGTH_UNIT() NAMED_UNIT(*) SI_UNIT(.MILLI.,.METRE.) );
#7518 = ( NAMED_UNIT(*) PLANE_ANGLE_UNIT() SI_UNIT($,.RADIAN.) );
#7519 = ( NAMED_UNIT(*) SI_UNIT($,.STERADIAN.) SOLID_ANGLE_UNIT() );
#7520 = UNCERTAINTY_MEASURE_WITH_UNIT(LENGTH_MEASURE(5.E-07),#7517,
  'distance_accuracy_value','confusion accuracy');
#7521 = CONTEXT_DEPENDENT_SHAPE_REPRESENTATION(#7522,#7524);
#7522 = ( REPRESENTATION_RELATIONSHIP('','',#44,#10) 
REPRESENTATION_RELATIONSHIP_WITH_TRANSFORMATION(#7523) 
SHAPE_REPRESENTATION_RELATIONSHIP() );
#7523 = ITEM_DEFINED_TRANSFORMATION('','',#11,#15);
#7524 = PRODUCT_DEFINITION_SHAPE('Placement','Placement of an item',
  #7525);
#7525 = NEXT_ASSEMBLY_USAGE_OCCURRENCE('1','=>[0:1:1:2]','',#5,#39,$);
#7526 = PRODUCT_RELATED_PRODUCT_CATEGORY('part',$,(#41));
#7527 = SHAPE_DEFINITION_REPRESENTATION(#7528,#7534);
#7528 = PRODUCT_DEFINITION_SHAPE('','',#7529);
#7529 = PRODUCT_DEFINITION('design','',#7530,#7533);
#7530 = PRODUCT_DEFINITION_FORMATION('','',#7531);
#7531 = PRODUCT('COMPOUND','COMPOUND','',(#7532));
#7532 = PRODUCT_CONTEXT('',#2,'mechanical');
#7533 = PRODUCT_DEFINITION_CONTEXT('part definition',#2,'design');
#7534 = ADVANCED_BREP_SHAPE_REPRESENTATION('',(#11,#7535),#13293);
#7535 = MANIFOLD_SOLID_BREP('',#7536);
#7536 = CLOSED_SHELL('',(#7537,#7655,#8481,#8534,#10113,#10138,#10163,
    #10188,#10215,#10242,#10375,#10402,#10427,#10452,#10477,#10502,
    #10529,#10556,#10563,#10618,#10673,#10728,#10804,#10948,#11092,
    #11141,#11276,#11425,#11569,#11596,#11646,#11742,#11838,#11934,
    #12030,#12106,#12175,#12202,#12251,#12260,#12269,#12278,#12653,
    #12662,#12669,#12745,#12794,#12843,#12870,#12946,#12995,#13044,
    #13071,#13147,#13196,#13245,#13272,#13279,#13286));
#7537 = ADVANCED_FACE('',(#7538),#7552,.T.);
#7538 = FACE_BOUND('',#7539,.T.);
#7539 = EDGE_LOOP('',(#7540,#7575,#7603,#7629));
#7540 = ORIENTED_EDGE('',*,*,#7541,.F.);
#7541 = EDGE_CURVE('',#7542,#7544,#7546,.T.);
#7542 = VERTEX_POINT('',#7543);
#7543 = CARTESIAN_POINT('',(-25.15,-32.15,4.8));
#7544 = VERTEX_POINT('',#7545);
#7545 = CARTESIAN_POINT('',(-25.15,32.15,4.8));
#7546 = SURFACE_CURVE('',#7547,(#7551,#7563),.PCURVE_S1.);
#7547 = LINE('',#7548,#7549);
#7548 = CARTESIAN_POINT('',(-25.15,0.,4.8));
#7549 = VECTOR('',#7550,1.);
#7550 = DIRECTION('',(0.,1.,0.));
#7551 = PCURVE('',#7552,#7557);
#7552 = PLANE('',#7553);
#7553 = AXIS2_PLACEMENT_3D('',#7554,#7555,#7556);
#7554 = CARTESIAN_POINT('',(-25.15,-32.15,4.8));
#7555 = DIRECTION('',(-1.,0.,0.));
#7556 = DIRECTION('',(0.,1.,0.));
#7557 = DEFINITIONAL_REPRESENTATION('',(#7558),#7562);
#7558 = LINE('',#7559,#7560);
#7559 = CARTESIAN_POINT('',(32.15,0.));
#7560 = VECTOR('',#7561,1.);
#7561 = DIRECTION('',(1.,0.));
#7562 = ( GEOMETRIC_REPRESENTATION_CONTEXT(2) 
PARAMETRIC_REPRESENTATION_CONTEXT() REPRESENTATION_CONTEXT('2D SPACE',''
  ) );
#7563 = PCURVE('',#7564,#7569);
#7564 = PLANE('',#7565);
#7565 = AXIS2_PLACEMENT_3D('',#7566,#7567,#7568);
#7566 = CARTESIAN_POINT('',(0.,-2.0701883982E-15,4.8));
#7567 = DIRECTION('',(0.,0.,1.));
#7568 = DIRECTION('',(1.,0.,-0.));
#7569 = DEFINITIONAL_REPRESENTATION('',(#7570),#7574);
#7570 = LINE('',#7571,#7572);
#7571 = CARTESIAN_POINT('',(-25.15,2.0701883982E-15));
#7572 = VECTOR('',#7573,1.);
#7573 = DIRECTION('',(0.,1.));
#7574 = ( GEOMETRIC_REPRESENTATION_CONTEXT(2) 
PARAMETRIC_REPRESENTATION_CONTEXT() REPRESENTATION_CONTEXT('2D SPACE',''
  ) );
#7575 = ORIENTED_EDGE('',*,*,#7576,.T.);
#7576 = EDGE_CURVE('',#7542,#7577,#7579,.T.);
#7577 = VERTEX_POINT('',#7578);
#7578 = CARTESIAN_POINT('',(-25.15,-32.15,9.376561699277));
#7579 = SURFACE_CURVE('',#7580,(#7584,#7591),.PCURVE_S1.);
#7580 = LINE('',#7581,#7582);
#7581 = CARTESIAN_POINT('',(-25.15,-32.15,4.8));
#7582 = VECTOR('',#7583,1.);
#7583 = DIRECTION('',(0.,0.,1.));
#7584 = PCURVE('',#7552,#7585);
#7585 = DEFINITIONAL_REPRESENTATION('',(#7586),#7590);
#7586 = LINE('',#7587,#7588);
#7587 = CARTESIAN_POINT('',(0.,0.));
#7588 = VECTOR('',#7589,1.);
#7589 = DIRECTION('',(0.,-1.));
#7590 = ( GEOMETRIC_REPRESENTATION_CONTEXT(2) 
PARAMETRIC_REPRESENTATION_CONTEXT() REPRESENTATION_CONTEXT('2D SPACE',''
  ) );
#7591 = PCURVE('',#7592,#7597);
#7592 = CYLINDRICAL_SURFACE('',#7593,5.);
#7593 = AXIS2_PLACEMENT_3D('',#7594,#7595,#7596);
#7594 = CARTESIAN_POINT('',(-20.15,-32.15,4.8));
#7595 = DIRECTION('',(0.,0.,-1.));
#7596 = DIRECTION('',(-1.,0.,0.));
#7597 = DEFINITIONAL_REPRESENTATION('',(#7598),#7602);
#7598 = LINE('',#7599,#7600);
#7599 = CARTESIAN_POINT('',(6.28318530718,0.));
#7600 = VECTOR('',#7601,1.);
#7601 = DIRECTION('',(0.,-1.));
#7602 = ( GEOMETRIC_REPRESENTATION_CONTEXT(2) 
PARAMETRIC_REPRESENTATION_CONTEXT() REPRESENTATION_CONTEXT('2D SPACE',''
  ) );
#7603 = ORIENTED_EDGE('',*,*,#7604,.F.);
#7604 = EDGE_CURVE('',#7605,#7577,#7607,.T.);
#7605 = VERTEX_POINT('',#7606);
#7606 = CARTESIAN_POINT('',(-25.15,32.15,9.376561699277));
#7607 = SURFACE_CURVE('',#7608,(#7612,#7618),.PCURVE_S1.);
#7608 = LINE('',#7609,#7610);
#7609 = CARTESIAN_POINT('',(-25.15,111.45,9.376561699277));
#7610 = VECTOR('',#7611,1.);
#7611 = DIRECTION('',(0.,-1.,2.22044604925E-16));
#7612 = PCURVE('',#7552,#7613);
#7613 = DEFINITIONAL_REPRESENTATION('',(#7614),#7617);
#7614 = B_SPLINE_CURVE_WITH_KNOTS('',1,(#7615,#7616),.UNSPECIFIED.,.F.,
  .F.,(2,2),(72.87,150.03),.PIECEWISE_BEZIER_KNOTS.);
#7615 = CARTESIAN_POINT('',(70.73,-4.576561699277));
#7616 = CARTESIAN_POINT('',(-6.43,-4.576561699277));
#7617 = ( GEOMETRIC_REPRESENTATION_CONTEXT(2) 
PARAMETRIC_REPRESENTATION_CONTEXT() REPRESENTATION_CONTEXT('2D SPACE',''
  ) );
#7618 = PCURVE('',#7619,#7624);
#7619 = CYLINDRICAL_SURFACE('',#7620,150.);
#7620 = AXIS2_PLACEMENT_3D('',#7621,#7622,#7623);
#7621 = CARTESIAN_POINT('',(0.,111.45,-138.5));
#7622 = DIRECTION('',(0.,-1.,2.22044604925E-16));
#7623 = DIRECTION('',(1.,0.,0.));
#7624 = DEFINITIONAL_REPRESENTATION('',(#7625),#7628);
#7625 = B_SPLINE_CURVE_WITH_KNOTS('',1,(#7626,#7627),.UNSPECIFIED.,.F.,
  .F.,(2,2),(72.87,150.03),.PIECEWISE_BEZIER_KNOTS.);
#7626 = CARTESIAN_POINT('',(1.739258678239,72.87));
#7627 = CARTESIAN_POINT('',(1.739258678239,150.03));
#7628 = ( GEOMETRIC_REPRESENTATION_CONTEXT(2) 
PARAMETRIC_REPRESENTATION_CONTEXT() REPRESENTATION_CONTEXT('2D SPACE',''
  ) );
#7629 = ORIENTED_EDGE('',*,*,#7630,.F.);
#7630 = EDGE_CURVE('',#7544,#7605,#7631,.T.);
#7631 = SURFACE_CURVE('',#7632,(#7636,#7643),.PCURVE_S1.);
#7632 = LINE('',#7633,#7634);
#7633 = CARTESIAN_POINT('',(-25.15,32.15,4.8));
#7634 = VECTOR('',#7635,1.);
#7635 = DIRECTION('',(0.,0.,1.));
#7636 = PCURVE('',#7552,#7637);
#7637 = DEFINITIONAL_REPRESENTATION('',(#7638),#7642);
#7638 = LINE('',#7639,#7640);
#7639 = CARTESIAN_POINT('',(64.3,0.));
#7640 = VECTOR('',#7641,1.);
#7641 = DIRECTION('',(0.,-1.));
#7642 = ( GEOMETRIC_REPRESENTATION_CONTEXT(2) 
PARAMETRIC_REPRESENTATION_CONTEXT() REPRESENTATION_CONTEXT('2D SPACE',''
  ) );
#7643 = PCURVE('',#7644,#7649);
#7644 = CYLINDRICAL_SURFACE('',#7645,5.);
#7645 = AXIS2_PLACEMENT_3D('',#7646,#7647,#7648);
#7646 = CARTESIAN_POINT('',(-20.15,32.15,4.8));
#7647 = DIRECTION('',(0.,0.,-1.));
#7648 = DIRECTION('',(-1.,0.,0.));
#7649 = DEFINITIONAL_REPRESENTATION('',(#7650),#7654);
#7650 = LINE('',#7651,#7652);
#7651 = CARTESIAN_POINT('',(0.,0.));
#7652 = VECTOR('',#7653,1.);
#7653 = DIRECTION('',(0.,-1.));
#7654 = ( GEOMETRIC_REPRESENTATION_CONTEXT(2) 
PARAMETRIC_REPRESENTATION_CONTEXT() REPRESENTATION_CONTEXT('2D SPACE',''
  ) );
#7655 = ADVANCED_FACE('',(#7656,#8119,#8150,#8181,#8212,#8450),#7564,.F.
  );
#7656 = FACE_BOUND('',#7657,.F.);
#7657 = EDGE_LOOP('',(#7658,#7659,#7687,#7716,#7749,#7777,#7810,#7843,
    #7876,#7904,#7937,#7970,#8003,#8031,#8064,#8093));
#7658 = ORIENTED_EDGE('',*,*,#7541,.F.);
#7659 = ORIENTED_EDGE('',*,*,#7660,.F.);
#7660 = EDGE_CURVE('',#7661,#7542,#7663,.T.);
#7661 = VERTEX_POINT('',#7662);
#7662 = CARTESIAN_POINT('',(-25.13766532639,-32.50099087156,4.8));
#7663 = SURFACE_CURVE('',#7664,(#7669,#7680),.PCURVE_S1.);
#7664 = CIRCLE('',#7665,5.);
#7665 = AXIS2_PLACEMENT_3D('',#7666,#7667,#7668);
#7666 = CARTESIAN_POINT('',(-20.15,-32.15,4.8));
#7667 = DIRECTION('',(0.,0.,-1.));
#7668 = DIRECTION('',(-1.,0.,0.));
#7669 = PCURVE('',#7564,#7670);
#7670 = DEFINITIONAL_REPRESENTATION('',(#7671),#7679);
#7671 = ( BOUNDED_CURVE() B_SPLINE_CURVE(2,(#7672,#7673,#7674,#7675,
#7676,#7677,#7678),.UNSPECIFIED.,.T.,.F.) B_SPLINE_CURVE_WITH_KNOTS((1,2
    ,2,2,2,1),(-2.094395102393,0.,2.094395102393,4.188790204786,
6.28318530718,8.377580409573),.UNSPECIFIED.) CURVE() 
GEOMETRIC_REPRESENTATION_ITEM() RATIONAL_B_SPLINE_CURVE((1.,0.5,1.,0.5,
1.,0.5,1.)) REPRESENTATION_ITEM('') );
#7672 = CARTESIAN_POINT('',(-25.15,-32.15));
#7673 = CARTESIAN_POINT('',(-25.15,-23.48974596215));
#7674 = CARTESIAN_POINT('',(-17.65,-27.81987298107));
#7675 = CARTESIAN_POINT('',(-10.15,-32.15));
#7676 = CARTESIAN_POINT('',(-17.65,-36.48012701892));
#7677 = CARTESIAN_POINT('',(-25.15,-40.81025403784));
#7678 = CARTESIAN_POINT('',(-25.15,-32.15));
#7679 = ( GEOMETRIC_REPRESENTATION_CONTEXT(2) 
PARAMETRIC_REPRESENTATION_CONTEXT() REPRESENTATION_CONTEXT('2D SPACE',''
  ) );
#7680 = PCURVE('',#7592,#7681);
#7681 = DEFINITIONAL_REPRESENTATION('',(#7682),#7686);
#7682 = LINE('',#7683,#7684);
#7683 = CARTESIAN_POINT('',(0.,0.));
#7684 = VECTOR('',#7685,1.);
#7685 = DIRECTION('',(1.,0.));
#7686 = ( GEOMETRIC_REPRESENTATION_CONTEXT(2) 
PARAMETRIC_REPRESENTATION_CONTEXT() REPRESENTATION_CONTEXT('2D SPACE',''
  ) );
#7687 = ORIENTED_EDGE('',*,*,#7688,.T.);
#7688 = EDGE_CURVE('',#7661,#7689,#7691,.T.);
#7689 = VERTEX_POINT('',#7690);
#7690 = CARTESIAN_POINT('',(-20.50099087156,-37.13766532639,4.8));
#7691 = SURFACE_CURVE('',#7692,(#7697,#7704),.PCURVE_S1.);
#7692 = CIRCLE('',#7693,3.5);
#7693 = AXIS2_PLACEMENT_3D('',#7694,#7695,#7696);
#7694 = CARTESIAN_POINT('',(-23.68553390593,-35.68553390593,4.8));
#7695 = DIRECTION('',(0.,0.,1.));
#7696 = DIRECTION('',(1.,0.,-0.));
#7697 = PCURVE('',#7564,#7698);
#7698 = DEFINITIONAL_REPRESENTATION('',(#7699),#7703);
#7699 = CIRCLE('',#7700,3.5);
#7700 = AXIS2_PLACEMENT_2D('',#7701,#7702);
#7701 = CARTESIAN_POINT('',(-23.68553390593,-35.68553390593));
#7702 = DIRECTION('',(1.,0.));
#7703 = ( GEOMETRIC_REPRESENTATION_CONTEXT(2) 
PARAMETRIC_REPRESENTATION_CONTEXT() REPRESENTATION_CONTEXT('2D SPACE',''
  ) );
#7704 = PCURVE('',#7705,#7710);
#7705 = CYLINDRICAL_SURFACE('',#7706,3.5);
#7706 = AXIS2_PLACEMENT_3D('',#7707,#7708,#7709);
#7707 = CARTESIAN_POINT('',(-23.68553390593,-35.68553390593,4.8));
#7708 = DIRECTION('',(0.,0.,1.));
#7709 = DIRECTION('',(1.,0.,-0.));
#7710 = DEFINITIONAL_REPRESENTATION('',(#7711),#7715);
#7711 = LINE('',#7712,#7713);
#7712 = CARTESIAN_POINT('',(0.,0.));
#7713 = VECTOR('',#7714,1.);
#7714 = DIRECTION('',(1.,0.));
#7715 = ( GEOMETRIC_REPRESENTATION_CONTEXT(2) 
PARAMETRIC_REPRESENTATION_CONTEXT() REPRESENTATION_CONTEXT('2D SPACE',''
  ) );
#7716 = ORIENTED_EDGE('',*,*,#7717,.F.);
#7717 = EDGE_CURVE('',#7718,#7689,#7720,.T.);
#7718 = VERTEX_POINT('',#7719);
#7719 = CARTESIAN_POINT('',(-20.15,-37.15,4.8));
#7720 = SURFACE_CURVE('',#7721,(#7726,#7737),.PCURVE_S1.);
#7721 = CIRCLE('',#7722,5.);
#7722 = AXIS2_PLACEMENT_3D('',#7723,#7724,#7725);
#7723 = CARTESIAN_POINT('',(-20.15,-32.15,4.8));
#7724 = DIRECTION('',(0.,0.,-1.));
#7725 = DIRECTION('',(-1.,0.,0.));
#7726 = PCURVE('',#7564,#7727);
#7727 = DEFINITIONAL_REPRESENTATION('',(#7728),#7736);
#7728 = ( BOUNDED_CURVE() B_SPLINE_CURVE(2,(#7729,#7730,#7731,#7732,
#7733,#7734,#7735),.UNSPECIFIED.,.T.,.F.) B_SPLINE_CURVE_WITH_KNOTS((1,2
    ,2,2,2,1),(-2.094395102393,0.,2.094395102393,4.188790204786,
6.28318530718,8.377580409573),.UNSPECIFIED.) CURVE() 
GEOMETRIC_REPRESENTATION_ITEM() RATIONAL_B_SPLINE_CURVE((1.,0.5,1.,0.5,
1.,0.5,1.)) REPRESENTATION_ITEM('') );
#7729 = CARTESIAN_POINT('',(-25.15,-32.15));
#7730 = CARTESIAN_POINT('',(-25.15,-23.48974596215));
#7731 = CARTESIAN_POINT('',(-17.65,-27.81987298107));
#7732 = CARTESIAN_POINT('',(-10.15,-32.15));
#7733 = CARTESIAN_POINT('',(-17.65,-36.48012701892));
#7734 = CARTESIAN_POINT('',(-25.15,-40.81025403784));
#7735 = CARTESIAN_POINT('',(-25.15,-32.15));
#7736 = ( GEOMETRIC_REPRESENTATION_CONTEXT(2) 
PARAMETRIC_REPRESENTATION_CONTEXT() REPRESENTATION_CONTEXT('2D SPACE',''
  ) );
#7737 = PCURVE('',#7738,#7743);
#7738 = CYLINDRICAL_SURFACE('',#7739,5.);
#7739 = AXIS2_PLACEMENT_3D('',#7740,#7741,#7742);
#7740 = CARTESIAN_POINT('',(-20.15,-32.15,4.8));
#7741 = DIRECTION('',(0.,0.,-1.));
#7742 = DIRECTION('',(-1.,0.,0.));
#7743 = DEFINITIONAL_REPRESENTATION('',(#7744),#7748);
#7744 = LINE('',#7745,#7746);
#7745 = CARTESIAN_POINT('',(0.,0.));
#7746 = VECTOR('',#7747,1.);
#7747 = DIRECTION('',(1.,0.));
#7748 = ( GEOMETRIC_REPRESENTATION_CONTEXT(2) 
PARAMETRIC_REPRESENTATION_CONTEXT() REPRESENTATION_CONTEXT('2D SPACE',''
  ) );
#7749 = ORIENTED_EDGE('',*,*,#7750,.T.);
#7750 = EDGE_CURVE('',#7718,#7751,#7753,.T.);
#7751 = VERTEX_POINT('',#7752);
#7752 = CARTESIAN_POINT('',(20.15,-37.15,4.8));
#7753 = SURFACE_CURVE('',#7754,(#7758,#7765),.PCURVE_S1.);
#7754 = LINE('',#7755,#7756);
#7755 = CARTESIAN_POINT('',(0.,-37.15,4.8));
#7756 = VECTOR('',#7757,1.);
#7757 = DIRECTION('',(1.,0.,0.));
#7758 = PCURVE('',#7564,#7759);
#7759 = DEFINITIONAL_REPRESENTATION('',(#7760),#7764);
#7760 = LINE('',#7761,#7762);
#7761 = CARTESIAN_POINT('',(0.,-37.15));
#7762 = VECTOR('',#7763,1.);
#7763 = DIRECTION('',(1.,0.));
#7764 = ( GEOMETRIC_REPRESENTATION_CONTEXT(2) 
PARAMETRIC_REPRESENTATION_CONTEXT() REPRESENTATION_CONTEXT('2D SPACE',''
  ) );
#7765 = PCURVE('',#7766,#7771);
#7766 = PLANE('',#7767);
#7767 = AXIS2_PLACEMENT_3D('',#7768,#7769,#7770);
#7768 = CARTESIAN_POINT('',(-20.15,-37.15,4.8));
#7769 = DIRECTION('',(0.,1.,0.));
#7770 = DIRECTION('',(1.,0.,0.));
#7771 = DEFINITIONAL_REPRESENTATION('',(#7772),#7776);
#7772 = LINE('',#7773,#7774);
#7773 = CARTESIAN_POINT('',(20.15,0.));
#7774 = VECTOR('',#7775,1.);
#7775 = DIRECTION('',(1.,0.));
#7776 = ( GEOMETRIC_REPRESENTATION_CONTEXT(2) 
PARAMETRIC_REPRESENTATION_CONTEXT() REPRESENTATION_CONTEXT('2D SPACE',''
  ) );
#7777 = ORIENTED_EDGE('',*,*,#7778,.F.);
#7778 = EDGE_CURVE('',#7779,#7751,#7781,.T.);
#7779 = VERTEX_POINT('',#7780);
#7780 = CARTESIAN_POINT('',(20.500990871568,-37.13766532639,4.8));
#7781 = SURFACE_CURVE('',#7782,(#7787,#7798),.PCURVE_S1.);
#7782 = CIRCLE('',#7783,5.);
#7783 = AXIS2_PLACEMENT_3D('',#7784,#7785,#7786);
#7784 = CARTESIAN_POINT('',(20.15,-32.15,4.8));
#7785 = DIRECTION('',(0.,0.,-1.));
#7786 = DIRECTION('',(-1.,0.,0.));
#7787 = PCURVE('',#7564,#7788);
#7788 = DEFINITIONAL_REPRESENTATION('',(#7789),#7797);
#7789 = ( BOUNDED_CURVE() B_SPLINE_CURVE(2,(#7790,#7791,#7792,#7793,
#7794,#7795,#7796),.UNSPECIFIED.,.T.,.F.) B_SPLINE_CURVE_WITH_KNOTS((1,2
    ,2,2,2,1),(-2.094395102393,0.,2.094395102393,4.188790204786,
6.28318530718,8.377580409573),.UNSPECIFIED.) CURVE() 
GEOMETRIC_REPRESENTATION_ITEM() RATIONAL_B_SPLINE_CURVE((1.,0.5,1.,0.5,
1.,0.5,1.)) REPRESENTATION_ITEM('') );
#7790 = CARTESIAN_POINT('',(15.15,-32.15));
#7791 = CARTESIAN_POINT('',(15.15,-23.48974596215));
#7792 = CARTESIAN_POINT('',(22.65,-27.81987298107));
#7793 = CARTESIAN_POINT('',(30.15,-32.15));
#7794 = CARTESIAN_POINT('',(22.65,-36.48012701892));
#7795 = CARTESIAN_POINT('',(15.15,-40.81025403784));
#7796 = CARTESIAN_POINT('',(15.15,-32.15));
#7797 = ( GEOMETRIC_REPRESENTATION_CONTEXT(2) 
PARAMETRIC_REPRESENTATION_CONTEXT() REPRESENTATION_CONTEXT('2D SPACE',''
  ) );
#7798 = PCURVE('',#7799,#7804);
#7799 = CYLINDRICAL_SURFACE('',#7800,5.);
#7800 = AXIS2_PLACEMENT_3D('',#7801,#7802,#7803);
#7801 = CARTESIAN_POINT('',(20.15,-32.15,4.8));
#7802 = DIRECTION('',(0.,0.,-1.));
#7803 = DIRECTION('',(-1.,0.,0.));
#7804 = DEFINITIONAL_REPRESENTATION('',(#7805),#7809);
#7805 = LINE('',#7806,#7807);
#7806 = CARTESIAN_POINT('',(0.,0.));
#7807 = VECTOR('',#7808,1.);
#7808 = DIRECTION('',(1.,0.));
#7809 = ( GEOMETRIC_REPRESENTATION_CONTEXT(2) 
PARAMETRIC_REPRESENTATION_CONTEXT() REPRESENTATION_CONTEXT('2D SPACE',''
  ) );
#7810 = ORIENTED_EDGE('',*,*,#7811,.F.);
#7811 = EDGE_CURVE('',#7812,#7779,#7814,.T.);
#7812 = VERTEX_POINT('',#7813);
#7813 = CARTESIAN_POINT('',(25.13766532639,-32.50099087156,4.8));
#7814 = SURFACE_CURVE('',#7815,(#7820,#7831),.PCURVE_S1.);
#7815 = CIRCLE('',#7816,3.5);
#7816 = AXIS2_PLACEMENT_3D('',#7817,#7818,#7819);
#7817 = CARTESIAN_POINT('',(23.685533905933,-35.68553390593,4.8));
#7818 = DIRECTION('',(0.,0.,-1.));
#7819 = DIRECTION('',(0.414894691559,0.90986943839,0.));
#7820 = PCURVE('',#7564,#7821);
#7821 = DEFINITIONAL_REPRESENTATION('',(#7822),#7830);
#7822 = ( BOUNDED_CURVE() B_SPLINE_CURVE(2,(#7823,#7824,#7825,#7826,
#7827,#7828,#7829),.UNSPECIFIED.,.T.,.F.) B_SPLINE_CURVE_WITH_KNOTS((1,2
    ,2,2,2,1),(-2.094395102393,0.,2.094395102393,4.188790204786,
6.28318530718,8.377580409573),.UNSPECIFIED.) CURVE() 
GEOMETRIC_REPRESENTATION_ITEM() RATIONAL_B_SPLINE_CURVE((1.,0.5,1.,0.5,
1.,0.5,1.)) REPRESENTATION_ITEM('') );
#7823 = CARTESIAN_POINT('',(25.13766532639,-32.50099087156));
#7824 = CARTESIAN_POINT('',(30.653455660799,-35.01615627106));
#7825 = CARTESIAN_POINT('',(25.717363362909,-38.53538812286));
#7826 = CARTESIAN_POINT('',(20.781271065018,-42.05461997466));
#7827 = CARTESIAN_POINT('',(20.201573028499,-36.02022272336));
#7828 = CARTESIAN_POINT('',(19.621874991981,-29.98582547206));
#7829 = CARTESIAN_POINT('',(25.13766532639,-32.50099087156));
#7830 = ( GEOMETRIC_REPRESENTATION_CONTEXT(2) 
PARAMETRIC_REPRESENTATION_CONTEXT() REPRESENTATION_CONTEXT('2D SPACE',''
  ) );
#7831 = PCURVE('',#7832,#7837);
#7832 = CYLINDRICAL_SURFACE('',#7833,3.5);
#7833 = AXIS2_PLACEMENT_3D('',#7834,#7835,#7836);
#7834 = CARTESIAN_POINT('',(23.685533905933,-35.68553390593,4.8));
#7835 = DIRECTION('',(0.,0.,1.));
#7836 = DIRECTION('',(1.,0.,-0.));
#7837 = DEFINITIONAL_REPRESENTATION('',(#7838),#7842);
#7838 = LINE('',#7839,#7840);
#7839 = CARTESIAN_POINT('',(7.426154574223,0.));
#7840 = VECTOR('',#7841,1.);
#7841 = DIRECTION('',(-1.,-0.));
#7842 = ( GEOMETRIC_REPRESENTATION_CONTEXT(2) 
PARAMETRIC_REPRESENTATION_CONTEXT() REPRESENTATION_CONTEXT('2D SPACE',''
  ) );
#7843 = ORIENTED_EDGE('',*,*,#7844,.F.);
#7844 = EDGE_CURVE('',#7845,#7812,#7847,.T.);
#7845 = VERTEX_POINT('',#7846);
#7846 = CARTESIAN_POINT('',(25.15,-32.15,4.8));
#7847 = SURFACE_CURVE('',#7848,(#7853,#7864),.PCURVE_S1.);
#7848 = CIRCLE('',#7849,5.);
#7849 = AXIS2_PLACEMENT_3D('',#7850,#7851,#7852);
#7850 = CARTESIAN_POINT('',(20.15,-32.15,4.8));
#7851 = DIRECTION('',(0.,0.,-1.));
#7852 = DIRECTION('',(-1.,0.,0.));
#7853 = PCURVE('',#7564,#7854);
#7854 = DEFINITIONAL_REPRESENTATION('',(#7855),#7863);
#7855 = ( BOUNDED_CURVE() B_SPLINE_CURVE(2,(#7856,#7857,#7858,#7859,
#7860,#7861,#7862),.UNSPECIFIED.,.T.,.F.) B_SPLINE_CURVE_WITH_KNOTS((1,2
    ,2,2,2,1),(-2.094395102393,0.,2.094395102393,4.188790204786,
6.28318530718,8.377580409573),.UNSPECIFIED.) CURVE() 
GEOMETRIC_REPRESENTATION_ITEM() RATIONAL_B_SPLINE_CURVE((1.,0.5,1.,0.5,
1.,0.5,1.)) REPRESENTATION_ITEM('') );
#7856 = CARTESIAN_POINT('',(15.15,-32.15));
#7857 = CARTESIAN_POINT('',(15.15,-23.48974596215));
#7858 = CARTESIAN_POINT('',(22.65,-27.81987298107));
#7859 = CARTESIAN_POINT('',(30.15,-32.15));
#7860 = CARTESIAN_POINT('',(22.65,-36.48012701892));
#7861 = CARTESIAN_POINT('',(15.15,-40.81025403784));
#7862 = CARTESIAN_POINT('',(15.15,-32.15));
#7863 = ( GEOMETRIC_REPRESENTATION_CONTEXT(2) 
PARAMETRIC_REPRESENTATION_CONTEXT() REPRESENTATION_CONTEXT('2D SPACE',''
  ) );
#7864 = PCURVE('',#7865,#7870);
#7865 = CYLINDRICAL_SURFACE('',#7866,5.);
#7866 = AXIS2_PLACEMENT_3D('',#7867,#7868,#7869);
#7867 = CARTESIAN_POINT('',(20.15,-32.15,4.8));
#7868 = DIRECTION('',(0.,0.,-1.));
#7869 = DIRECTION('',(-1.,0.,0.));
#7870 = DEFINITIONAL_REPRESENTATION('',(#7871),#7875);
#7871 = LINE('',#7872,#7873);
#7872 = CARTESIAN_POINT('',(0.,0.));
#7873 = VECTOR('',#7874,1.);
#7874 = DIRECTION('',(1.,0.));
#7875 = ( GEOMETRIC_REPRESENTATION_CONTEXT(2) 
PARAMETRIC_REPRESENTATION_CONTEXT() REPRESENTATION_CONTEXT('2D SPACE',''
  ) );
#7876 = ORIENTED_EDGE('',*,*,#7877,.T.);
#7877 = EDGE_CURVE('',#7845,#7878,#7880,.T.);
#7878 = VERTEX_POINT('',#7879);
#7879 = CARTESIAN_POINT('',(25.15,32.15,4.8));
#7880 = SURFACE_CURVE('',#7881,(#7885,#7892),.PCURVE_S1.);
#7881 = LINE('',#7882,#7883);
#7882 = CARTESIAN_POINT('',(25.15,0.,4.8));
#7883 = VECTOR('',#7884,1.);
#7884 = DIRECTION('',(0.,1.,0.));
#7885 = PCURVE('',#7564,#7886);
#7886 = DEFINITIONAL_REPRESENTATION('',(#7887),#7891);
#7887 = LINE('',#7888,#7889);
#7888 = CARTESIAN_POINT('',(25.15,2.0701883982E-15));
#7889 = VECTOR('',#7890,1.);
#7890 = DIRECTION('',(0.,1.));
#7891 = ( GEOMETRIC_REPRESENTATION_CONTEXT(2) 
PARAMETRIC_REPRESENTATION_CONTEXT() REPRESENTATION_CONTEXT('2D SPACE',''
  ) );
#7892 = PCURVE('',#7893,#7898);
#7893 = PLANE('',#7894);
#7894 = AXIS2_PLACEMENT_3D('',#7895,#7896,#7897);
#7895 = CARTESIAN_POINT('',(25.15,-32.15,4.8));
#7896 = DIRECTION('',(-1.,0.,0.));
#7897 = DIRECTION('',(0.,1.,0.));
#7898 = DEFINITIONAL_REPRESENTATION('',(#7899),#7903);
#7899 = LINE('',#7900,#7901);
#7900 = CARTESIAN_POINT('',(32.15,0.));
#7901 = VECTOR('',#7902,1.);
#7902 = DIRECTION('',(1.,0.));
#7903 = ( GEOMETRIC_REPRESENTATION_CONTEXT(2) 
PARAMETRIC_REPRESENTATION_CONTEXT() REPRESENTATION_CONTEXT('2D SPACE',''
  ) );
#7904 = ORIENTED_EDGE('',*,*,#7905,.F.);
#7905 = EDGE_CURVE('',#7906,#7878,#7908,.T.);
#7906 = VERTEX_POINT('',#7907);
#7907 = CARTESIAN_POINT('',(25.13766532639,32.500990871568,4.8));
#7908 = SURFACE_CURVE('',#7909,(#7914,#7925),.PCURVE_S1.);
#7909 = CIRCLE('',#7910,5.);
#7910 = AXIS2_PLACEMENT_3D('',#7911,#7912,#7913);
#7911 = CARTESIAN_POINT('',(20.15,32.15,4.8));
#7912 = DIRECTION('',(0.,0.,-1.));
#7913 = DIRECTION('',(-1.,0.,0.));
#7914 = PCURVE('',#7564,#7915);
#7915 = DEFINITIONAL_REPRESENTATION('',(#7916),#7924);
#7916 = ( BOUNDED_CURVE() B_SPLINE_CURVE(2,(#7917,#7918,#7919,#7920,
#7921,#7922,#7923),.UNSPECIFIED.,.T.,.F.) B_SPLINE_CURVE_WITH_KNOTS((1,2
    ,2,2,2,1),(-2.094395102393,0.,2.094395102393,4.188790204786,
6.28318530718,8.377580409573),.UNSPECIFIED.) CURVE() 
GEOMETRIC_REPRESENTATION_ITEM() RATIONAL_B_SPLINE_CURVE((1.,0.5,1.,0.5,
1.,0.5,1.)) REPRESENTATION_ITEM('') );
#7917 = CARTESIAN_POINT('',(15.15,32.15));
#7918 = CARTESIAN_POINT('',(15.15,40.810254037844));
#7919 = CARTESIAN_POINT('',(22.65,36.480127018922));
#7920 = CARTESIAN_POINT('',(30.15,32.15));
#7921 = CARTESIAN_POINT('',(22.65,27.819872981078));
#7922 = CARTESIAN_POINT('',(15.15,23.489745962156));
#7923 = CARTESIAN_POINT('',(15.15,32.15));
#7924 = ( GEOMETRIC_REPRESENTATION_CONTEXT(2) 
PARAMETRIC_REPRESENTATION_CONTEXT() REPRESENTATION_CONTEXT('2D SPACE',''
  ) );
#7925 = PCURVE('',#7926,#7931);
#7926 = CYLINDRICAL_SURFACE('',#7927,5.);
#7927 = AXIS2_PLACEMENT_3D('',#7928,#7929,#7930);
#7928 = CARTESIAN_POINT('',(20.15,32.15,4.8));
#7929 = DIRECTION('',(0.,0.,-1.));
#7930 = DIRECTION('',(-1.,0.,0.));
#7931 = DEFINITIONAL_REPRESENTATION('',(#7932),#7936);
#7932 = LINE('',#7933,#7934);
#7933 = CARTESIAN_POINT('',(0.,0.));
#7934 = VECTOR('',#7935,1.);
#7935 = DIRECTION('',(1.,0.));
#7936 = ( GEOMETRIC_REPRESENTATION_CONTEXT(2) 
PARAMETRIC_REPRESENTATION_CONTEXT() REPRESENTATION_CONTEXT('2D SPACE',''
  ) );
#7937 = ORIENTED_EDGE('',*,*,#7938,.F.);
#7938 = EDGE_CURVE('',#7939,#7906,#7941,.T.);
#7939 = VERTEX_POINT('',#7940);
#7940 = CARTESIAN_POINT('',(20.500990871568,37.13766532639,4.8));
#7941 = SURFACE_CURVE('',#7942,(#7947,#7958),.PCURVE_S1.);
#7942 = CIRCLE('',#7943,3.5);
#7943 = AXIS2_PLACEMENT_3D('',#7944,#7945,#7946);
#7944 = CARTESIAN_POINT('',(23.685533905933,35.685533905933,4.8));
#7945 = DIRECTION('',(0.,0.,-1.));
#7946 = DIRECTION('',(-0.90986943839,0.414894691559,0.));
#7947 = PCURVE('',#7564,#7948);
#7948 = DEFINITIONAL_REPRESENTATION('',(#7949),#7957);
#7949 = ( BOUNDED_CURVE() B_SPLINE_CURVE(2,(#7950,#7951,#7952,#7953,
#7954,#7955,#7956),.UNSPECIFIED.,.T.,.F.) B_SPLINE_CURVE_WITH_KNOTS((1,2
    ,2,2,2,1),(-2.094395102393,0.,2.094395102393,4.188790204786,
6.28318530718,8.377580409573),.UNSPECIFIED.) CURVE() 
GEOMETRIC_REPRESENTATION_ITEM() RATIONAL_B_SPLINE_CURVE((1.,0.5,1.,0.5,
1.,0.5,1.)) REPRESENTATION_ITEM('') );
#7950 = CARTESIAN_POINT('',(20.500990871568,37.13766532639));
#7951 = CARTESIAN_POINT('',(23.016156271068,42.653455660799));
#7952 = CARTESIAN_POINT('',(26.535388122865,37.717363362909));
#7953 = CARTESIAN_POINT('',(30.054619974662,32.781271065018));
#7954 = CARTESIAN_POINT('',(24.020222723365,32.201573028499));
#7955 = CARTESIAN_POINT('',(17.985825472069,31.621874991981));
#7956 = CARTESIAN_POINT('',(20.500990871568,37.13766532639));
#7957 = ( GEOMETRIC_REPRESENTATION_CONTEXT(2) 
PARAMETRIC_REPRESENTATION_CONTEXT() REPRESENTATION_CONTEXT('2D SPACE',''
  ) );
#7958 = PCURVE('',#7959,#7964);
#7959 = CYLINDRICAL_SURFACE('',#7960,3.5);
#7960 = AXIS2_PLACEMENT_3D('',#7961,#7962,#7963);
#7961 = CARTESIAN_POINT('',(23.685533905933,35.685533905933,4.8));
#7962 = DIRECTION('',(0.,0.,1.));
#7963 = DIRECTION('',(1.,0.,-0.));
#7964 = DEFINITIONAL_REPRESENTATION('',(#7965),#7969);
#7965 = LINE('',#7966,#7967);
#7966 = CARTESIAN_POINT('',(8.996950901017,0.));
#7967 = VECTOR('',#7968,1.);
#7968 = DIRECTION('',(-1.,-0.));
#7969 = ( GEOMETRIC_REPRESENTATION_CONTEXT(2) 
PARAMETRIC_REPRESENTATION_CONTEXT() REPRESENTATION_CONTEXT('2D SPACE',''
  ) );
#7970 = ORIENTED_EDGE('',*,*,#7971,.F.);
#7971 = EDGE_CURVE('',#7972,#7939,#7974,.T.);
#7972 = VERTEX_POINT('',#7973);
#7973 = CARTESIAN_POINT('',(20.15,37.15,4.8));
#7974 = SURFACE_CURVE('',#7975,(#7980,#7991),.PCURVE_S1.);
#7975 = CIRCLE('',#7976,5.);
#7976 = AXIS2_PLACEMENT_3D('',#7977,#7978,#7979);
#7977 = CARTESIAN_POINT('',(20.15,32.15,4.8));
#7978 = DIRECTION('',(0.,0.,-1.));
#7979 = DIRECTION('',(-1.,0.,0.));
#7980 = PCURVE('',#7564,#7981);
#7981 = DEFINITIONAL_REPRESENTATION('',(#7982),#7990);
#7982 = ( BOUNDED_CURVE() B_SPLINE_CURVE(2,(#7983,#7984,#7985,#7986,
#7987,#7988,#7989),.UNSPECIFIED.,.T.,.F.) B_SPLINE_CURVE_WITH_KNOTS((1,2
    ,2,2,2,1),(-2.094395102393,0.,2.094395102393,4.188790204786,
6.28318530718,8.377580409573),.UNSPECIFIED.) CURVE() 
GEOMETRIC_REPRESENTATION_ITEM() RATIONAL_B_SPLINE_CURVE((1.,0.5,1.,0.5,
1.,0.5,1.)) REPRESENTATION_ITEM('') );
#7983 = CARTESIAN_POINT('',(15.15,32.15));
#7984 = CARTESIAN_POINT('',(15.15,40.810254037844));
#7985 = CARTESIAN_POINT('',(22.65,36.480127018922));
#7986 = CARTESIAN_POINT('',(30.15,32.15));
#7987 = CARTESIAN_POINT('',(22.65,27.819872981078));
#7988 = CARTESIAN_POINT('',(15.15,23.489745962156));
#7989 = CARTESIAN_POINT('',(15.15,32.15));
#7990 = ( GEOMETRIC_REPRESENTATION_CONTEXT(2) 
PARAMETRIC_REPRESENTATION_CONTEXT() REPRESENTATION_CONTEXT('2D SPACE',''
  ) );
#7991 = PCURVE('',#7992,#7997);
#7992 = CYLINDRICAL_SURFACE('',#7993,5.);
#7993 = AXIS2_PLACEMENT_3D('',#7994,#7995,#7996);
#7994 = CARTESIAN_POINT('',(20.15,32.15,4.8));
#7995 = DIRECTION('',(0.,0.,-1.));
#7996 = DIRECTION('',(-1.,0.,0.));
#7997 = DEFINITIONAL_REPRESENTATION('',(#7998),#8002);
#7998 = LINE('',#7999,#8000);
#7999 = CARTESIAN_POINT('',(0.,0.));
#8000 = VECTOR('',#8001,1.);
#8001 = DIRECTION('',(1.,0.));
#8002 = ( GEOMETRIC_REPRESENTATION_CONTEXT(2) 
PARAMETRIC_REPRESENTATION_CONTEXT() REPRESENTATION_CONTEXT('2D SPACE',''
  ) );
#8003 = ORIENTED_EDGE('',*,*,#8004,.F.);
#8004 = EDGE_CURVE('',#8005,#7972,#8007,.T.);
#8005 = VERTEX_POINT('',#8006);
#8006 = CARTESIAN_POINT('',(-20.15,37.15,4.8));
#8007 = SURFACE_CURVE('',#8008,(#8012,#8019),.PCURVE_S1.);
#8008 = LINE('',#8009,#8010);
#8009 = CARTESIAN_POINT('',(0.,37.15,4.8));
#8010 = VECTOR('',#8011,1.);
#8011 = DIRECTION('',(1.,0.,0.));
#8012 = PCURVE('',#7564,#8013);
#8013 = DEFINITIONAL_REPRESENTATION('',(#8014),#8018);
#8014 = LINE('',#8015,#8016);
#8015 = CARTESIAN_POINT('',(0.,37.15));
#8016 = VECTOR('',#8017,1.);
#8017 = DIRECTION('',(1.,0.));
#8018 = ( GEOMETRIC_REPRESENTATION_CONTEXT(2) 
PARAMETRIC_REPRESENTATION_CONTEXT() REPRESENTATION_CONTEXT('2D SPACE',''
  ) );
#8019 = PCURVE('',#8020,#8025);
#8020 = PLANE('',#8021);
#8021 = AXIS2_PLACEMENT_3D('',#8022,#8023,#8024);
#8022 = CARTESIAN_POINT('',(-20.15,37.15,4.8));
#8023 = DIRECTION('',(0.,1.,0.));
#8024 = DIRECTION('',(1.,0.,0.));
#8025 = DEFINITIONAL_REPRESENTATION('',(#8026),#8030);
#8026 = LINE('',#8027,#8028);
#8027 = CARTESIAN_POINT('',(20.15,0.));
#8028 = VECTOR('',#8029,1.);
#8029 = DIRECTION('',(1.,0.));
#8030 = ( GEOMETRIC_REPRESENTATION_CONTEXT(2) 
PARAMETRIC_REPRESENTATION_CONTEXT() REPRESENTATION_CONTEXT('2D SPACE',''
  ) );
#8031 = ORIENTED_EDGE('',*,*,#8032,.F.);
#8032 = EDGE_CURVE('',#8033,#8005,#8035,.T.);
#8033 = VERTEX_POINT('',#8034);
#8034 = CARTESIAN_POINT('',(-20.50099087156,37.13766532639,4.8));
#8035 = SURFACE_CURVE('',#8036,(#8041,#8052),.PCURVE_S1.);
#8036 = CIRCLE('',#8037,5.);
#8037 = AXIS2_PLACEMENT_3D('',#8038,#8039,#8040);
#8038 = CARTESIAN_POINT('',(-20.15,32.15,4.8));
#8039 = DIRECTION('',(0.,0.,-1.));
#8040 = DIRECTION('',(-1.,0.,0.));
#8041 = PCURVE('',#7564,#8042);
#8042 = DEFINITIONAL_REPRESENTATION('',(#8043),#8051);
#8043 = ( BOUNDED_CURVE() B_SPLINE_CURVE(2,(#8044,#8045,#8046,#8047,
#8048,#8049,#8050),.UNSPECIFIED.,.T.,.F.) B_SPLINE_CURVE_WITH_KNOTS((1,2
    ,2,2,2,1),(-2.094395102393,0.,2.094395102393,4.188790204786,
6.28318530718,8.377580409573),.UNSPECIFIED.) CURVE() 
GEOMETRIC_REPRESENTATION_ITEM() RATIONAL_B_SPLINE_CURVE((1.,0.5,1.,0.5,
1.,0.5,1.)) REPRESENTATION_ITEM('') );
#8044 = CARTESIAN_POINT('',(-25.15,32.15));
#8045 = CARTESIAN_POINT('',(-25.15,40.810254037844));
#8046 = CARTESIAN_POINT('',(-17.65,36.480127018922));
#8047 = CARTESIAN_POINT('',(-10.15,32.15));
#8048 = CARTESIAN_POINT('',(-17.65,27.819872981078));
#8049 = CARTESIAN_POINT('',(-25.15,23.489745962156));
#8050 = CARTESIAN_POINT('',(-25.15,32.15));
#8051 = ( GEOMETRIC_REPRESENTATION_CONTEXT(2) 
PARAMETRIC_REPRESENTATION_CONTEXT() REPRESENTATION_CONTEXT('2D SPACE',''
  ) );
#8052 = PCURVE('',#8053,#8058);
#8053 = CYLINDRICAL_SURFACE('',#8054,5.);
#8054 = AXIS2_PLACEMENT_3D('',#8055,#8056,#8057);
#8055 = CARTESIAN_POINT('',(-20.15,32.15,4.8));
#8056 = DIRECTION('',(0.,0.,-1.));
#8057 = DIRECTION('',(-1.,0.,0.));
#8058 = DEFINITIONAL_REPRESENTATION('',(#8059),#8063);
#8059 = LINE('',#8060,#8061);
#8060 = CARTESIAN_POINT('',(0.,0.));
#8061 = VECTOR('',#8062,1.);
#8062 = DIRECTION('',(1.,0.));
#8063 = ( GEOMETRIC_REPRESENTATION_CONTEXT(2) 
PARAMETRIC_REPRESENTATION_CONTEXT() REPRESENTATION_CONTEXT('2D SPACE',''
  ) );
#8064 = ORIENTED_EDGE('',*,*,#8065,.T.);
#8065 = EDGE_CURVE('',#8033,#8066,#8068,.T.);
#8066 = VERTEX_POINT('',#8067);
#8067 = CARTESIAN_POINT('',(-25.13766532639,32.500990871568,4.8));
#8068 = SURFACE_CURVE('',#8069,(#8074,#8081),.PCURVE_S1.);
#8069 = CIRCLE('',#8070,3.5);
#8070 = AXIS2_PLACEMENT_3D('',#8071,#8072,#8073);
#8071 = CARTESIAN_POINT('',(-23.68553390593,35.685533905933,4.8));
#8072 = DIRECTION('',(0.,0.,1.));
#8073 = DIRECTION('',(1.,0.,-0.));
#8074 = PCURVE('',#7564,#8075);
#8075 = DEFINITIONAL_REPRESENTATION('',(#8076),#8080);
#8076 = CIRCLE('',#8077,3.5);
#8077 = AXIS2_PLACEMENT_2D('',#8078,#8079);
#8078 = CARTESIAN_POINT('',(-23.68553390593,35.685533905933));
#8079 = DIRECTION('',(1.,0.));
#8080 = ( GEOMETRIC_REPRESENTATION_CONTEXT(2) 
PARAMETRIC_REPRESENTATION_CONTEXT() REPRESENTATION_CONTEXT('2D SPACE',''
  ) );
#8081 = PCURVE('',#8082,#8087);
#8082 = CYLINDRICAL_SURFACE('',#8083,3.5);
#8083 = AXIS2_PLACEMENT_3D('',#8084,#8085,#8086);
#8084 = CARTESIAN_POINT('',(-23.68553390593,35.685533905933,4.8));
#8085 = DIRECTION('',(0.,0.,1.));
#8086 = DIRECTION('',(1.,0.,-0.));
#8087 = DEFINITIONAL_REPRESENTATION('',(#8088),#8092);
#8088 = LINE('',#8089,#8090);
#8089 = CARTESIAN_POINT('',(0.,0.));
#8090 = VECTOR('',#8091,1.);
#8091 = DIRECTION('',(1.,0.));
#8092 = ( GEOMETRIC_REPRESENTATION_CONTEXT(2) 
PARAMETRIC_REPRESENTATION_CONTEXT() REPRESENTATION_CONTEXT('2D SPACE',''
  ) );
#8093 = ORIENTED_EDGE('',*,*,#8094,.F.);
#8094 = EDGE_CURVE('',#7544,#8066,#8095,.T.);
#8095 = SURFACE_CURVE('',#8096,(#8101,#8112),.PCURVE_S1.);
#8096 = CIRCLE('',#8097,5.);
#8097 = AXIS2_PLACEMENT_3D('',#8098,#8099,#8100);
#8098 = CARTESIAN_POINT('',(-20.15,32.15,4.8));
#8099 = DIRECTION('',(0.,0.,-1.));
#8100 = DIRECTION('',(-1.,0.,0.));
#8101 = PCURVE('',#7564,#8102);
#8102 = DEFINITIONAL_REPRESENTATION('',(#8103),#8111);
#8103 = ( BOUNDED_CURVE() B_SPLINE_CURVE(2,(#8104,#8105,#8106,#8107,
#8108,#8109,#8110),.UNSPECIFIED.,.T.,.F.) B_SPLINE_CURVE_WITH_KNOTS((1,2
    ,2,2,2,1),(-2.094395102393,0.,2.094395102393,4.188790204786,
6.28318530718,8.377580409573),.UNSPECIFIED.) CURVE() 
GEOMETRIC_REPRESENTATION_ITEM() RATIONAL_B_SPLINE_CURVE((1.,0.5,1.,0.5,
1.,0.5,1.)) REPRESENTATION_ITEM('') );
#8104 = CARTESIAN_POINT('',(-25.15,32.15));
#8105 = CARTESIAN_POINT('',(-25.15,40.810254037844));
#8106 = CARTESIAN_POINT('',(-17.65,36.480127018922));
#8107 = CARTESIAN_POINT('',(-10.15,32.15));
#8108 = CARTESIAN_POINT('',(-17.65,27.819872981078));
#8109 = CARTESIAN_POINT('',(-25.15,23.489745962156));
#8110 = CARTESIAN_POINT('',(-25.15,32.15));
#8111 = ( GEOMETRIC_REPRESENTATION_CONTEXT(2) 
PARAMETRIC_REPRESENTATION_CONTEXT() REPRESENTATION_CONTEXT('2D SPACE',''
  ) );
#8112 = PCURVE('',#7644,#8113);
#8113 = DEFINITIONAL_REPRESENTATION('',(#8114),#8118);
#8114 = LINE('',#8115,#8116);
#8115 = CARTESIAN_POINT('',(0.,0.));
#8116 = VECTOR('',#8117,1.);
#8117 = DIRECTION('',(1.,0.));
#8118 = ( GEOMETRIC_REPRESENTATION_CONTEXT(2) 
PARAMETRIC_REPRESENTATION_CONTEXT() REPRESENTATION_CONTEXT('2D SPACE',''
  ) );
#8119 = FACE_BOUND('',#8120,.F.);
#8120 = EDGE_LOOP('',(#8121));
#8121 = ORIENTED_EDGE('',*,*,#8122,.F.);
#8122 = EDGE_CURVE('',#8123,#8123,#8125,.T.);
#8123 = VERTEX_POINT('',#8124);
#8124 = CARTESIAN_POINT('',(-22.43553390593,-35.68553390593,4.8));
#8125 = SURFACE_CURVE('',#8126,(#8131,#8138),.PCURVE_S1.);
#8126 = CIRCLE('',#8127,1.25);
#8127 = AXIS2_PLACEMENT_3D('',#8128,#8129,#8130);
#8128 = CARTESIAN_POINT('',(-23.68553390593,-35.68553390593,4.8));
#8129 = DIRECTION('',(0.,0.,1.));
#8130 = DIRECTION('',(1.,0.,-0.));
#8131 = PCURVE('',#7564,#8132);
#8132 = DEFINITIONAL_REPRESENTATION('',(#8133),#8137);
#8133 = CIRCLE('',#8134,1.25);
#8134 = AXIS2_PLACEMENT_2D('',#8135,#8136);
#8135 = CARTESIAN_POINT('',(-23.68553390593,-35.68553390593));
#8136 = DIRECTION('',(1.,0.));
#8137 = ( GEOMETRIC_REPRESENTATION_CONTEXT(2) 
PARAMETRIC_REPRESENTATION_CONTEXT() REPRESENTATION_CONTEXT('2D SPACE',''
  ) );
#8138 = PCURVE('',#8139,#8144);
#8139 = CYLINDRICAL_SURFACE('',#8140,1.25);
#8140 = AXIS2_PLACEMENT_3D('',#8141,#8142,#8143);
#8141 = CARTESIAN_POINT('',(-23.68553390593,-35.68553390593,4.75));
#8142 = DIRECTION('',(0.,0.,1.));
#8143 = DIRECTION('',(1.,0.,-0.));
#8144 = DEFINITIONAL_REPRESENTATION('',(#8145),#8149);
#8145 = LINE('',#8146,#8147);
#8146 = CARTESIAN_POINT('',(0.,5.E-02));
#8147 = VECTOR('',#8148,1.);
#8148 = DIRECTION('',(1.,0.));
#8149 = ( GEOMETRIC_REPRESENTATION_CONTEXT(2) 
PARAMETRIC_REPRESENTATION_CONTEXT() REPRESENTATION_CONTEXT('2D SPACE',''
  ) );
#8150 = FACE_BOUND('',#8151,.F.);
#8151 = EDGE_LOOP('',(#8152));
#8152 = ORIENTED_EDGE('',*,*,#8153,.F.);
#8153 = EDGE_CURVE('',#8154,#8154,#8156,.T.);
#8154 = VERTEX_POINT('',#8155);
#8155 = CARTESIAN_POINT('',(24.935533905933,-35.68553390593,4.8));
#8156 = SURFACE_CURVE('',#8157,(#8162,#8169),.PCURVE_S1.);
#8157 = CIRCLE('',#8158,1.25);
#8158 = AXIS2_PLACEMENT_3D('',#8159,#8160,#8161);
#8159 = CARTESIAN_POINT('',(23.685533905933,-35.68553390593,4.8));
#8160 = DIRECTION('',(0.,0.,1.));
#8161 = DIRECTION('',(1.,0.,-0.));
#8162 = PCURVE('',#7564,#8163);
#8163 = DEFINITIONAL_REPRESENTATION('',(#8164),#8168);
#8164 = CIRCLE('',#8165,1.25);
#8165 = AXIS2_PLACEMENT_2D('',#8166,#8167);
#8166 = CARTESIAN_POINT('',(23.685533905933,-35.68553390593));
#8167 = DIRECTION('',(1.,0.));
#8168 = ( GEOMETRIC_REPRESENTATION_CONTEXT(2) 
PARAMETRIC_REPRESENTATION_CONTEXT() REPRESENTATION_CONTEXT('2D SPACE',''
  ) );
#8169 = PCURVE('',#8170,#8175);
#8170 = CYLINDRICAL_SURFACE('',#8171,1.25);
#8171 = AXIS2_PLACEMENT_3D('',#8172,#8173,#8174);
#8172 = CARTESIAN_POINT('',(23.685533905933,-35.68553390593,4.75));
#8173 = DIRECTION('',(0.,0.,1.));
#8174 = DIRECTION('',(1.,0.,-0.));
#8175 = DEFINITIONAL_REPRESENTATION('',(#8176),#8180);
#8176 = LINE('',#8177,#8178);
#8177 = CARTESIAN_POINT('',(0.,5.E-02));
#8178 = VECTOR('',#8179,1.);
#8179 = DIRECTION('',(1.,0.));
#8180 = ( GEOMETRIC_REPRESENTATION_CONTEXT(2) 
PARAMETRIC_REPRESENTATION_CONTEXT() REPRESENTATION_CONTEXT('2D SPACE',''
  ) );
#8181 = FACE_BOUND('',#8182,.F.);
#8182 = EDGE_LOOP('',(#8183));
#8183 = ORIENTED_EDGE('',*,*,#8184,.F.);
#8184 = EDGE_CURVE('',#8185,#8185,#8187,.T.);
#8185 = VERTEX_POINT('',#8186);
#8186 = CARTESIAN_POINT('',(-22.43553390593,35.685533905933,4.8));
#8187 = SURFACE_CURVE('',#8188,(#8193,#8200),.PCURVE_S1.);
#8188 = CIRCLE('',#8189,1.25);
#8189 = AXIS2_PLACEMENT_3D('',#8190,#8191,#8192);
#8190 = CARTESIAN_POINT('',(-23.68553390593,35.685533905933,4.8));
#8191 = DIRECTION('',(0.,0.,1.));
#8192 = DIRECTION('',(1.,0.,-0.));
#8193 = PCURVE('',#7564,#8194);
#8194 = DEFINITIONAL_REPRESENTATION('',(#8195),#8199);
#8195 = CIRCLE('',#8196,1.25);
#8196 = AXIS2_PLACEMENT_2D('',#8197,#8198);
#8197 = CARTESIAN_POINT('',(-23.68553390593,35.685533905933));
#8198 = DIRECTION('',(1.,0.));
#8199 = ( GEOMETRIC_REPRESENTATION_CONTEXT(2) 
PARAMETRIC_REPRESENTATION_CONTEXT() REPRESENTATION_CONTEXT('2D SPACE',''
  ) );
#8200 = PCURVE('',#8201,#8206);
#8201 = CYLINDRICAL_SURFACE('',#8202,1.25);
#8202 = AXIS2_PLACEMENT_3D('',#8203,#8204,#8205);
#8203 = CARTESIAN_POINT('',(-23.68553390593,35.685533905933,4.75));
#8204 = DIRECTION('',(0.,0.,1.));
#8205 = DIRECTION('',(1.,0.,-0.));
#8206 = DEFINITIONAL_REPRESENTATION('',(#8207),#8211);
#8207 = LINE('',#8208,#8209);
#8208 = CARTESIAN_POINT('',(0.,5.E-02));
#8209 = VECTOR('',#8210,1.);
#8210 = DIRECTION('',(1.,0.));
#8211 = ( GEOMETRIC_REPRESENTATION_CONTEXT(2) 
PARAMETRIC_REPRESENTATION_CONTEXT() REPRESENTATION_CONTEXT('2D SPACE',''
  ) );
#8212 = FACE_BOUND('',#8213,.F.);
#8213 = EDGE_LOOP('',(#8214,#8242,#8275,#8301,#8334,#8360,#8393,#8419));
#8214 = ORIENTED_EDGE('',*,*,#8215,.F.);
#8215 = EDGE_CURVE('',#8216,#8218,#8220,.T.);
#8216 = VERTEX_POINT('',#8217);
#8217 = CARTESIAN_POINT('',(-23.35,32.15,4.8));
#8218 = VERTEX_POINT('',#8219);
#8219 = CARTESIAN_POINT('',(-23.35,-32.15,4.8));
#8220 = SURFACE_CURVE('',#8221,(#8225,#8231),.PCURVE_S1.);
#8221 = LINE('',#8222,#8223);
#8222 = CARTESIAN_POINT('',(-23.35,-16.075,4.8));
#8223 = VECTOR('',#8224,1.);
#8224 = DIRECTION('',(0.,-1.,0.));
#8225 = PCURVE('',#7564,#8226);
#8226 = DEFINITIONAL_REPRESENTATION('',(#8227),#8230);
#8227 = B_SPLINE_CURVE_WITH_KNOTS('',1,(#8228,#8229),.UNSPECIFIED.,.F.,
  .F.,(2,2),(-48.225,16.075),.PIECEWISE_BEZIER_KNOTS.);
#8228 = CARTESIAN_POINT('',(-23.35,32.15));
#8229 = CARTESIAN_POINT('',(-23.35,-32.15));
#8230 = ( GEOMETRIC_REPRESENTATION_CONTEXT(2) 
PARAMETRIC_REPRESENTATION_CONTEXT() REPRESENTATION_CONTEXT('2D SPACE',''
  ) );
#8231 = PCURVE('',#8232,#8237);
#8232 = PLANE('',#8233);
#8233 = AXIS2_PLACEMENT_3D('',#8234,#8235,#8236);
#8234 = CARTESIAN_POINT('',(-23.35,-32.15,4.79));
#8235 = DIRECTION('',(-1.,0.,0.));
#8236 = DIRECTION('',(0.,1.,0.));
#8237 = DEFINITIONAL_REPRESENTATION('',(#8238),#8241);
#8238 = B_SPLINE_CURVE_WITH_KNOTS('',1,(#8239,#8240),.UNSPECIFIED.,.F.,
  .F.,(2,2),(-48.225,16.075),.PIECEWISE_BEZIER_KNOTS.);
#8239 = CARTESIAN_POINT('',(64.3,-1.E-02));
#8240 = CARTESIAN_POINT('',(0.,-1.E-02));
#8241 = ( GEOMETRIC_REPRESENTATION_CONTEXT(2) 
PARAMETRIC_REPRESENTATION_CONTEXT() REPRESENTATION_CONTEXT('2D SPACE',''
  ) );
#8242 = ORIENTED_EDGE('',*,*,#8243,.T.);
#8243 = EDGE_CURVE('',#8216,#8244,#8246,.T.);
#8244 = VERTEX_POINT('',#8245);
#8245 = CARTESIAN_POINT('',(-20.15,35.35,4.8));
#8246 = SURFACE_CURVE('',#8247,(#8252,#8263),.PCURVE_S1.);
#8247 = CIRCLE('',#8248,3.2);
#8248 = AXIS2_PLACEMENT_3D('',#8249,#8250,#8251);
#8249 = CARTESIAN_POINT('',(-20.15,32.15,4.8));
#8250 = DIRECTION('',(0.,0.,-1.));
#8251 = DIRECTION('',(1.,0.,0.));
#8252 = PCURVE('',#7564,#8253);
#8253 = DEFINITIONAL_REPRESENTATION('',(#8254),#8262);
#8254 = ( BOUNDED_CURVE() B_SPLINE_CURVE(2,(#8255,#8256,#8257,#8258,
#8259,#8260,#8261),.UNSPECIFIED.,.T.,.F.) B_SPLINE_CURVE_WITH_KNOTS((1,2
    ,2,2,2,1),(-2.094395102393,0.,2.094395102393,4.188790204786,
6.28318530718,8.377580409573),.UNSPECIFIED.) CURVE() 
GEOMETRIC_REPRESENTATION_ITEM() RATIONAL_B_SPLINE_CURVE((1.,0.5,1.,0.5,
1.,0.5,1.)) REPRESENTATION_ITEM('') );
#8255 = CARTESIAN_POINT('',(-16.95,32.15));
#8256 = CARTESIAN_POINT('',(-16.95,26.60743741578));
#8257 = CARTESIAN_POINT('',(-21.75,29.37871870789));
#8258 = CARTESIAN_POINT('',(-26.55,32.15));
#8259 = CARTESIAN_POINT('',(-21.75,34.92128129211));
#8260 = CARTESIAN_POINT('',(-16.95,37.69256258422));
#8261 = CARTESIAN_POINT('',(-16.95,32.15));
#8262 = ( GEOMETRIC_REPRESENTATION_CONTEXT(2) 
PARAMETRIC_REPRESENTATION_CONTEXT() REPRESENTATION_CONTEXT('2D SPACE',''
  ) );
#8263 = PCURVE('',#8264,#8269);
#8264 = CYLINDRICAL_SURFACE('',#8265,3.2);
#8265 = AXIS2_PLACEMENT_3D('',#8266,#8267,#8268);
#8266 = CARTESIAN_POINT('',(-20.15,32.15,4.79));
#8267 = DIRECTION('',(-0.,-0.,-1.));
#8268 = DIRECTION('',(1.,0.,0.));
#8269 = DEFINITIONAL_REPRESENTATION('',(#8270),#8274);
#8270 = LINE('',#8271,#8272);
#8271 = CARTESIAN_POINT('',(-6.28318530718,-1.E-02));
#8272 = VECTOR('',#8273,1.);
#8273 = DIRECTION('',(1.,-0.));
#8274 = ( GEOMETRIC_REPRESENTATION_CONTEXT(2) 
PARAMETRIC_REPRESENTATION_CONTEXT() REPRESENTATION_CONTEXT('2D SPACE',''
  ) );
#8275 = ORIENTED_EDGE('',*,*,#8276,.F.);
#8276 = EDGE_CURVE('',#8277,#8244,#8279,.T.);
#8277 = VERTEX_POINT('',#8278);
#8278 = CARTESIAN_POINT('',(20.15,35.35,4.8));
#8279 = SURFACE_CURVE('',#8280,(#8284,#8290),.PCURVE_S1.);
#8280 = LINE('',#8281,#8282);
#8281 = CARTESIAN_POINT('',(-10.075,35.35,4.8));
#8282 = VECTOR('',#8283,1.);
#8283 = DIRECTION('',(-1.,0.,0.));
#8284 = PCURVE('',#7564,#8285);
#8285 = DEFINITIONAL_REPRESENTATION('',(#8286),#8289);
#8286 = B_SPLINE_CURVE_WITH_KNOTS('',1,(#8287,#8288),.UNSPECIFIED.,.F.,
  .F.,(2,2),(-30.225,10.075),.PIECEWISE_BEZIER_KNOTS.);
#8287 = CARTESIAN_POINT('',(20.15,35.35));
#8288 = CARTESIAN_POINT('',(-20.15,35.35));
#8289 = ( GEOMETRIC_REPRESENTATION_CONTEXT(2) 
PARAMETRIC_REPRESENTATION_CONTEXT() REPRESENTATION_CONTEXT('2D SPACE',''
  ) );
#8290 = PCURVE('',#8291,#8296);
#8291 = PLANE('',#8292);
#8292 = AXIS2_PLACEMENT_3D('',#8293,#8294,#8295);
#8293 = CARTESIAN_POINT('',(-20.15,35.35,4.79));
#8294 = DIRECTION('',(0.,1.,0.));
#8295 = DIRECTION('',(1.,0.,0.));
#8296 = DEFINITIONAL_REPRESENTATION('',(#8297),#8300);
#8297 = B_SPLINE_CURVE_WITH_KNOTS('',1,(#8298,#8299),.UNSPECIFIED.,.F.,
  .F.,(2,2),(-30.225,10.075),.PIECEWISE_BEZIER_KNOTS.);
#8298 = CARTESIAN_POINT('',(40.3,-1.E-02));
#8299 = CARTESIAN_POINT('',(0.,-1.E-02));
#8300 = ( GEOMETRIC_REPRESENTATION_CONTEXT(2) 
PARAMETRIC_REPRESENTATION_CONTEXT() REPRESENTATION_CONTEXT('2D SPACE',''
  ) );
#8301 = ORIENTED_EDGE('',*,*,#8302,.T.);
#8302 = EDGE_CURVE('',#8277,#8303,#8305,.T.);
#8303 = VERTEX_POINT('',#8304);
#8304 = CARTESIAN_POINT('',(23.35,32.15,4.8));
#8305 = SURFACE_CURVE('',#8306,(#8311,#8322),.PCURVE_S1.);
#8306 = CIRCLE('',#8307,3.2);
#8307 = AXIS2_PLACEMENT_3D('',#8308,#8309,#8310);
#8308 = CARTESIAN_POINT('',(20.15,32.15,4.8));
#8309 = DIRECTION('',(0.,0.,-1.));
#8310 = DIRECTION('',(1.,0.,0.));
#8311 = PCURVE('',#7564,#8312);
#8312 = DEFINITIONAL_REPRESENTATION('',(#8313),#8321);
#8313 = ( BOUNDED_CURVE() B_SPLINE_CURVE(2,(#8314,#8315,#8316,#8317,
#8318,#8319,#8320),.UNSPECIFIED.,.T.,.F.) B_SPLINE_CURVE_WITH_KNOTS((1,2
    ,2,2,2,1),(-2.094395102393,0.,2.094395102393,4.188790204786,
6.28318530718,8.377580409573),.UNSPECIFIED.) CURVE() 
GEOMETRIC_REPRESENTATION_ITEM() RATIONAL_B_SPLINE_CURVE((1.,0.5,1.,0.5,
1.,0.5,1.)) REPRESENTATION_ITEM('') );
#8314 = CARTESIAN_POINT('',(23.35,32.15));
#8315 = CARTESIAN_POINT('',(23.35,26.60743741578));
#8316 = CARTESIAN_POINT('',(18.55,29.37871870789));
#8317 = CARTESIAN_POINT('',(13.75,32.15));
#8318 = CARTESIAN_POINT('',(18.55,34.92128129211));
#8319 = CARTESIAN_POINT('',(23.35,37.69256258422));
#8320 = CARTESIAN_POINT('',(23.35,32.15));
#8321 = ( GEOMETRIC_REPRESENTATION_CONTEXT(2) 
PARAMETRIC_REPRESENTATION_CONTEXT() REPRESENTATION_CONTEXT('2D SPACE',''
  ) );
#8322 = PCURVE('',#8323,#8328);
#8323 = CYLINDRICAL_SURFACE('',#8324,3.2);
#8324 = AXIS2_PLACEMENT_3D('',#8325,#8326,#8327);
#8325 = CARTESIAN_POINT('',(20.15,32.15,4.79));
#8326 = DIRECTION('',(-0.,-0.,-1.));
#8327 = DIRECTION('',(1.,0.,0.));
#8328 = DEFINITIONAL_REPRESENTATION('',(#8329),#8333);
#8329 = LINE('',#8330,#8331);
#8330 = CARTESIAN_POINT('',(-6.28318530718,-1.E-02));
#8331 = VECTOR('',#8332,1.);
#8332 = DIRECTION('',(1.,-0.));
#8333 = ( GEOMETRIC_REPRESENTATION_CONTEXT(2) 
PARAMETRIC_REPRESENTATION_CONTEXT() REPRESENTATION_CONTEXT('2D SPACE',''
  ) );
#8334 = ORIENTED_EDGE('',*,*,#8335,.T.);
#8335 = EDGE_CURVE('',#8303,#8336,#8338,.T.);
#8336 = VERTEX_POINT('',#8337);
#8337 = CARTESIAN_POINT('',(23.35,-32.15,4.8));
#8338 = SURFACE_CURVE('',#8339,(#8343,#8349),.PCURVE_S1.);
#8339 = LINE('',#8340,#8341);
#8340 = CARTESIAN_POINT('',(23.35,-16.075,4.8));
#8341 = VECTOR('',#8342,1.);
#8342 = DIRECTION('',(0.,-1.,0.));
#8343 = PCURVE('',#7564,#8344);
#8344 = DEFINITIONAL_REPRESENTATION('',(#8345),#8348);
#8345 = B_SPLINE_CURVE_WITH_KNOTS('',1,(#8346,#8347),.UNSPECIFIED.,.F.,
  .F.,(2,2),(-48.225,16.075),.PIECEWISE_BEZIER_KNOTS.);
#8346 = CARTESIAN_POINT('',(23.35,32.15));
#8347 = CARTESIAN_POINT('',(23.35,-32.15));
#8348 = ( GEOMETRIC_REPRESENTATION_CONTEXT(2) 
PARAMETRIC_REPRESENTATION_CONTEXT() REPRESENTATION_CONTEXT('2D SPACE',''
  ) );
#8349 = PCURVE('',#8350,#8355);
#8350 = PLANE('',#8351);
#8351 = AXIS2_PLACEMENT_3D('',#8352,#8353,#8354);
#8352 = CARTESIAN_POINT('',(23.35,-32.15,4.79));
#8353 = DIRECTION('',(-1.,0.,0.));
#8354 = DIRECTION('',(0.,1.,0.));
#8355 = DEFINITIONAL_REPRESENTATION('',(#8356),#8359);
#8356 = B_SPLINE_CURVE_WITH_KNOTS('',1,(#8357,#8358),.UNSPECIFIED.,.F.,
  .F.,(2,2),(-48.225,16.075),.PIECEWISE_BEZIER_KNOTS.);
#8357 = CARTESIAN_POINT('',(64.3,-1.E-02));
#8358 = CARTESIAN_POINT('',(0.,-1.E-02));
#8359 = ( GEOMETRIC_REPRESENTATION_CONTEXT(2) 
PARAMETRIC_REPRESENTATION_CONTEXT() REPRESENTATION_CONTEXT('2D SPACE',''
  ) );
#8360 = ORIENTED_EDGE('',*,*,#8361,.T.);
#8361 = EDGE_CURVE('',#8336,#8362,#8364,.T.);
#8362 = VERTEX_POINT('',#8363);
#8363 = CARTESIAN_POINT('',(20.15,-35.35,4.8));
#8364 = SURFACE_CURVE('',#8365,(#8370,#8381),.PCURVE_S1.);
#8365 = CIRCLE('',#8366,3.2);
#8366 = AXIS2_PLACEMENT_3D('',#8367,#8368,#8369);
#8367 = CARTESIAN_POINT('',(20.15,-32.15,4.8));
#8368 = DIRECTION('',(0.,0.,-1.));
#8369 = DIRECTION('',(1.,0.,0.));
#8370 = PCURVE('',#7564,#8371);
#8371 = DEFINITIONAL_REPRESENTATION('',(#8372),#8380);
#8372 = ( BOUNDED_CURVE() B_SPLINE_CURVE(2,(#8373,#8374,#8375,#8376,
#8377,#8378,#8379),.UNSPECIFIED.,.T.,.F.) B_SPLINE_CURVE_WITH_KNOTS((1,2
    ,2,2,2,1),(-2.094395102393,0.,2.094395102393,4.188790204786,
6.28318530718,8.377580409573),.UNSPECIFIED.) CURVE() 
GEOMETRIC_REPRESENTATION_ITEM() RATIONAL_B_SPLINE_CURVE((1.,0.5,1.,0.5,
1.,0.5,1.)) REPRESENTATION_ITEM('') );
#8373 = CARTESIAN_POINT('',(23.35,-32.15));
#8374 = CARTESIAN_POINT('',(23.35,-37.69256258422));
#8375 = CARTESIAN_POINT('',(18.55,-34.92128129211));
#8376 = CARTESIAN_POINT('',(13.75,-32.15));
#8377 = CARTESIAN_POINT('',(18.55,-29.37871870789));
#8378 = CARTESIAN_POINT('',(23.35,-26.60743741578));
#8379 = CARTESIAN_POINT('',(23.35,-32.15));
#8380 = ( GEOMETRIC_REPRESENTATION_CONTEXT(2) 
PARAMETRIC_REPRESENTATION_CONTEXT() REPRESENTATION_CONTEXT('2D SPACE',''
  ) );
#8381 = PCURVE('',#8382,#8387);
#8382 = CYLINDRICAL_SURFACE('',#8383,3.2);
#8383 = AXIS2_PLACEMENT_3D('',#8384,#8385,#8386);
#8384 = CARTESIAN_POINT('',(20.15,-32.15,4.79));
#8385 = DIRECTION('',(-0.,-0.,-1.));
#8386 = DIRECTION('',(1.,0.,0.));
#8387 = DEFINITIONAL_REPRESENTATION('',(#8388),#8392);
#8388 = LINE('',#8389,#8390);
#8389 = CARTESIAN_POINT('',(-6.28318530718,-1.E-02));
#8390 = VECTOR('',#8391,1.);
#8391 = DIRECTION('',(1.,-0.));
#8392 = ( GEOMETRIC_REPRESENTATION_CONTEXT(2) 
PARAMETRIC_REPRESENTATION_CONTEXT() REPRESENTATION_CONTEXT('2D SPACE',''
  ) );
#8393 = ORIENTED_EDGE('',*,*,#8394,.T.);
#8394 = EDGE_CURVE('',#8362,#8395,#8397,.T.);
#8395 = VERTEX_POINT('',#8396);
#8396 = CARTESIAN_POINT('',(-20.15,-35.35,4.8));
#8397 = SURFACE_CURVE('',#8398,(#8402,#8408),.PCURVE_S1.);
#8398 = LINE('',#8399,#8400);
#8399 = CARTESIAN_POINT('',(-10.075,-35.35,4.8));
#8400 = VECTOR('',#8401,1.);
#8401 = DIRECTION('',(-1.,0.,0.));
#8402 = PCURVE('',#7564,#8403);
#8403 = DEFINITIONAL_REPRESENTATION('',(#8404),#8407);
#8404 = B_SPLINE_CURVE_WITH_KNOTS('',1,(#8405,#8406),.UNSPECIFIED.,.F.,
  .F.,(2,2),(-30.225,10.075),.PIECEWISE_BEZIER_KNOTS.);
#8405 = CARTESIAN_POINT('',(20.15,-35.35));
#8406 = CARTESIAN_POINT('',(-20.15,-35.35));
#8407 = ( GEOMETRIC_REPRESENTATION_CONTEXT(2) 
PARAMETRIC_REPRESENTATION_CONTEXT() REPRESENTATION_CONTEXT('2D SPACE',''
  ) );
#8408 = PCURVE('',#8409,#8414);
#8409 = PLANE('',#8410);
#8410 = AXIS2_PLACEMENT_3D('',#8411,#8412,#8413);
#8411 = CARTESIAN_POINT('',(-20.15,-35.35,4.79));
#8412 = DIRECTION('',(0.,1.,0.));
#8413 = DIRECTION('',(1.,0.,0.));
#8414 = DEFINITIONAL_REPRESENTATION('',(#8415),#8418);
#8415 = B_SPLINE_CURVE_WITH_KNOTS('',1,(#8416,#8417),.UNSPECIFIED.,.F.,
  .F.,(2,2),(-30.225,10.075),.PIECEWISE_BEZIER_KNOTS.);
#8416 = CARTESIAN_POINT('',(40.3,-1.E-02));
#8417 = CARTESIAN_POINT('',(0.,-1.E-02));
#8418 = ( GEOMETRIC_REPRESENTATION_CONTEXT(2) 
PARAMETRIC_REPRESENTATION_CONTEXT() REPRESENTATION_CONTEXT('2D SPACE',''
  ) );
#8419 = ORIENTED_EDGE('',*,*,#8420,.T.);
#8420 = EDGE_CURVE('',#8395,#8218,#8421,.T.);
#8421 = SURFACE_CURVE('',#8422,(#8427,#8438),.PCURVE_S1.);
#8422 = CIRCLE('',#8423,3.2);
#8423 = AXIS2_PLACEMENT_3D('',#8424,#8425,#8426);
#8424 = CARTESIAN_POINT('',(-20.15,-32.15,4.8));
#8425 = DIRECTION('',(0.,0.,-1.));
#8426 = DIRECTION('',(1.,0.,0.));
#8427 = PCURVE('',#7564,#8428);
#8428 = DEFINITIONAL_REPRESENTATION('',(#8429),#8437);
#8429 = ( BOUNDED_CURVE() B_SPLINE_CURVE(2,(#8430,#8431,#8432,#8433,
#8434,#8435,#8436),.UNSPECIFIED.,.T.,.F.) B_SPLINE_CURVE_WITH_KNOTS((1,2
    ,2,2,2,1),(-2.094395102393,0.,2.094395102393,4.188790204786,
6.28318530718,8.377580409573),.UNSPECIFIED.) CURVE() 
GEOMETRIC_REPRESENTATION_ITEM() RATIONAL_B_SPLINE_CURVE((1.,0.5,1.,0.5,
1.,0.5,1.)) REPRESENTATION_ITEM('') );
#8430 = CARTESIAN_POINT('',(-16.95,-32.15));
#8431 = CARTESIAN_POINT('',(-16.95,-37.69256258422));
#8432 = CARTESIAN_POINT('',(-21.75,-34.92128129211));
#8433 = CARTESIAN_POINT('',(-26.55,-32.15));
#8434 = CARTESIAN_POINT('',(-21.75,-29.37871870789));
#8435 = CARTESIAN_POINT('',(-16.95,-26.60743741578));
#8436 = CARTESIAN_POINT('',(-16.95,-32.15));
#8437 = ( GEOMETRIC_REPRESENTATION_CONTEXT(2) 
PARAMETRIC_REPRESENTATION_CONTEXT() REPRESENTATION_CONTEXT('2D SPACE',''
  ) );
#8438 = PCURVE('',#8439,#8444);
#8439 = CYLINDRICAL_SURFACE('',#8440,3.2);
#8440 = AXIS2_PLACEMENT_3D('',#8441,#8442,#8443);
#8441 = CARTESIAN_POINT('',(-20.15,-32.15,4.79));
#8442 = DIRECTION('',(-0.,-0.,-1.));
#8443 = DIRECTION('',(1.,0.,0.));
#8444 = DEFINITIONAL_REPRESENTATION('',(#8445),#8449);
#8445 = LINE('',#8446,#8447);
#8446 = CARTESIAN_POINT('',(-6.28318530718,-1.E-02));
#8447 = VECTOR('',#8448,1.);
#8448 = DIRECTION('',(1.,-0.));
#8449 = ( GEOMETRIC_REPRESENTATION_CONTEXT(2) 
PARAMETRIC_REPRESENTATION_CONTEXT() REPRESENTATION_CONTEXT('2D SPACE',''
  ) );
#8450 = FACE_BOUND('',#8451,.F.);
#8451 = EDGE_LOOP('',(#8452));
#8452 = ORIENTED_EDGE('',*,*,#8453,.F.);
#8453 = EDGE_CURVE('',#8454,#8454,#8456,.T.);
#8454 = VERTEX_POINT('',#8455);
#8455 = CARTESIAN_POINT('',(24.935533905933,35.685533905933,4.8));
#8456 = SURFACE_CURVE('',#8457,(#8462,#8469),.PCURVE_S1.);
#8457 = CIRCLE('',#8458,1.25);
#8458 = AXIS2_PLACEMENT_3D('',#8459,#8460,#8461);
#8459 = CARTESIAN_POINT('',(23.685533905933,35.685533905933,4.8));
#8460 = DIRECTION('',(0.,0.,1.));
#8461 = DIRECTION('',(1.,0.,-0.));
#8462 = PCURVE('',#7564,#8463);
#8463 = DEFINITIONAL_REPRESENTATION('',(#8464),#8468);
#8464 = CIRCLE('',#8465,1.25);
#8465 = AXIS2_PLACEMENT_2D('',#8466,#8467);
#8466 = CARTESIAN_POINT('',(23.685533905933,35.685533905933));
#8467 = DIRECTION('',(1.,0.));
#8468 = ( GEOMETRIC_REPRESENTATION_CONTEXT(2) 
PARAMETRIC_REPRESENTATION_CONTEXT() REPRESENTATION_CONTEXT('2D SPACE',''
  ) );
#8469 = PCURVE('',#8470,#8475);
#8470 = CYLINDRICAL_SURFACE('',#8471,1.25);
#8471 = AXIS2_PLACEMENT_3D('',#8472,#8473,#8474);
#8472 = CARTESIAN_POINT('',(23.685533905933,35.685533905933,4.75));
#8473 = DIRECTION('',(0.,0.,1.));
#8474 = DIRECTION('',(1.,0.,-0.));
#8475 = DEFINITIONAL_REPRESENTATION('',(#8476),#8480);
#8476 = LINE('',#8477,#8478);
#8477 = CARTESIAN_POINT('',(0.,5.E-02));
#8478 = VECTOR('',#8479,1.);
#8479 = DIRECTION('',(1.,0.));
#8480 = ( GEOMETRIC_REPRESENTATION_CONTEXT(2) 
PARAMETRIC_REPRESENTATION_CONTEXT() REPRESENTATION_CONTEXT('2D SPACE',''
  ) );
#8481 = ADVANCED_FACE('',(#8482),#7644,.T.);
#8482 = FACE_BOUND('',#8483,.T.);
#8483 = EDGE_LOOP('',(#8484,#8485,#8486,#8515));
#8484 = ORIENTED_EDGE('',*,*,#8094,.F.);
#8485 = ORIENTED_EDGE('',*,*,#7630,.T.);
#8486 = ORIENTED_EDGE('',*,*,#8487,.F.);
#8487 = EDGE_CURVE('',#8488,#7605,#8490,.T.);
#8488 = VERTEX_POINT('',#8489);
#8489 = CARTESIAN_POINT('',(-25.13766532639,32.500990871568,
    9.378658980728));
#8490 = SURFACE_CURVE('',#8491,(#8497,#8506),.PCURVE_S1.);
#8491 = B_SPLINE_CURVE_WITH_KNOTS('',4,(#8492,#8493,#8494,#8495,#8496),
  .UNSPECIFIED.,.F.,.F.,(5,5),(0.,1.),.PIECEWISE_BEZIER_KNOTS.);
#8492 = CARTESIAN_POINT('',(-25.13766532639,32.500990871568,
    9.378658980728));
#8493 = CARTESIAN_POINT('',(-25.14383480984,32.413321016827,
    9.377610239743));
#8494 = CARTESIAN_POINT('',(-25.1479449363,32.325573182747,
    9.376911212673));
#8495 = CARTESIAN_POINT('',(-25.15,32.237786627498,9.376561699277));
#8496 = CARTESIAN_POINT('',(-25.15,32.15,9.376561699277));
#8497 = PCURVE('',#7644,#8498);
#8498 = DEFINITIONAL_REPRESENTATION('',(#8499),#8505);
#8499 = B_SPLINE_CURVE_WITH_KNOTS('',4,(#8500,#8501,#8502,#8503,#8504),
  .UNSPECIFIED.,.F.,.F.,(5,5),(0.,1.),.PIECEWISE_BEZIER_KNOTS.);
#8500 = CARTESIAN_POINT('',(7.025595610643E-02,-4.578658980728));
#8501 = CARTESIAN_POINT('',(5.267862302487E-02,-4.577610239743));
#8502 = CARTESIAN_POINT('',(3.511464124758E-02,-4.576911212673));
#8503 = CARTESIAN_POINT('',(1.755732549955E-02,-4.576561699277));
#8504 = CARTESIAN_POINT('',(0.,-4.576561699277));
#8505 = ( GEOMETRIC_REPRESENTATION_CONTEXT(2) 
PARAMETRIC_REPRESENTATION_CONTEXT() REPRESENTATION_CONTEXT('2D SPACE',''
  ) );
#8506 = PCURVE('',#7619,#8507);
#8507 = DEFINITIONAL_REPRESENTATION('',(#8508),#8514);
#8508 = B_SPLINE_CURVE_WITH_KNOTS('',4,(#8509,#8510,#8511,#8512,#8513),
  .UNSPECIFIED.,.F.,.F.,(5,5),(0.,1.),.PIECEWISE_BEZIER_KNOTS.);
#8509 = CARTESIAN_POINT('',(1.739175266872,78.949009128432));
#8510 = CARTESIAN_POINT('',(1.739216986776,79.036678983173));
#8511 = CARTESIAN_POINT('',(1.739244781083,79.124426817253));
#8512 = CARTESIAN_POINT('',(1.739258678239,79.212213372502));
#8513 = CARTESIAN_POINT('',(1.739258678239,79.3));
#8514 = ( GEOMETRIC_REPRESENTATION_CONTEXT(2) 
PARAMETRIC_REPRESENTATION_CONTEXT() REPRESENTATION_CONTEXT('2D SPACE',''
  ) );
#8515 = ORIENTED_EDGE('',*,*,#8516,.T.);
#8516 = EDGE_CURVE('',#8488,#8066,#8517,.T.);
#8517 = SURFACE_CURVE('',#8518,(#8522,#8528),.PCURVE_S1.);
#8518 = LINE('',#8519,#8520);
#8519 = CARTESIAN_POINT('',(-25.13766532639,32.500990871568,4.8));
#8520 = VECTOR('',#8521,1.);
#8521 = DIRECTION('',(0.,0.,-1.));
#8522 = PCURVE('',#7644,#8523);
#8523 = DEFINITIONAL_REPRESENTATION('',(#8524),#8527);
#8524 = B_SPLINE_CURVE_WITH_KNOTS('',1,(#8525,#8526),.UNSPECIFIED.,.F.,
  .F.,(2,2),(-7.3000024,2.399999999625E-06),.PIECEWISE_BEZIER_KNOTS.);
#8525 = CARTESIAN_POINT('',(7.025595610643E-02,-7.3000024));
#8526 = CARTESIAN_POINT('',(7.025595610643E-02,2.399999999625E-06));
#8527 = ( GEOMETRIC_REPRESENTATION_CONTEXT(2) 
PARAMETRIC_REPRESENTATION_CONTEXT() REPRESENTATION_CONTEXT('2D SPACE',''
  ) );
#8528 = PCURVE('',#8082,#8529);
#8529 = DEFINITIONAL_REPRESENTATION('',(#8530),#8533);
#8530 = B_SPLINE_CURVE_WITH_KNOTS('',1,(#8531,#8532),.UNSPECIFIED.,.F.,
  .F.,(2,2),(-7.3000024,2.399999999625E-06),.PIECEWISE_BEZIER_KNOTS.);
#8531 = CARTESIAN_POINT('',(4.284561920633,7.3000024));
#8532 = CARTESIAN_POINT('',(4.284561920633,-2.399999999625E-06));
#8533 = ( GEOMETRIC_REPRESENTATION_CONTEXT(2) 
PARAMETRIC_REPRESENTATION_CONTEXT() REPRESENTATION_CONTEXT('2D SPACE',''
  ) );
#8534 = ADVANCED_FACE('',(#8535,#9501,#9654,#9807,#9960),#7619,.T.);
#8535 = FACE_BOUND('',#8536,.T.);
#8536 = EDGE_LOOP('',(#8537,#8538,#8539,#8568,#8714,#8743,#8771,#8800,
    #8996,#9025,#9046,#9075,#9271,#9300,#9328,#9357));
#8537 = ORIENTED_EDGE('',*,*,#8487,.T.);
#8538 = ORIENTED_EDGE('',*,*,#7604,.T.);
#8539 = ORIENTED_EDGE('',*,*,#8540,.F.);
#8540 = EDGE_CURVE('',#8541,#7577,#8543,.T.);
#8541 = VERTEX_POINT('',#8542);
#8542 = CARTESIAN_POINT('',(-25.13766532639,-32.50099087156,
    9.378658980728));
#8543 = SURFACE_CURVE('',#8544,(#8550,#8559),.PCURVE_S1.);
#8544 = B_SPLINE_CURVE_WITH_KNOTS('',4,(#8545,#8546,#8547,#8548,#8549),
  .UNSPECIFIED.,.F.,.F.,(5,5),(0.,1.),.PIECEWISE_BEZIER_KNOTS.);
#8545 = CARTESIAN_POINT('',(-25.13766532639,-32.50099087156,
    9.378658980728));
#8546 = CARTESIAN_POINT('',(-25.14383480984,-32.41332101682,
    9.377610239743));
#8547 = CARTESIAN_POINT('',(-25.1479449363,-32.32557318274,
    9.376911212673));
#8548 = CARTESIAN_POINT('',(-25.15,-32.23778662749,9.376561699277));
#8549 = CARTESIAN_POINT('',(-25.15,-32.15,9.376561699277));
#8550 = PCURVE('',#7619,#8551);
#8551 = DEFINITIONAL_REPRESENTATION('',(#8552),#8558);
#8552 = B_SPLINE_CURVE_WITH_KNOTS('',4,(#8553,#8554,#8555,#8556,#8557),
  .UNSPECIFIED.,.F.,.F.,(5,5),(0.,1.),.PIECEWISE_BEZIER_KNOTS.);
#8553 = CARTESIAN_POINT('',(1.739175266872,143.95099087156));
#8554 = CARTESIAN_POINT('',(1.739216986776,143.86332101682));
#8555 = CARTESIAN_POINT('',(1.739244781083,143.77557318274));
#8556 = CARTESIAN_POINT('',(1.739258678239,143.68778662749));
#8557 = CARTESIAN_POINT('',(1.739258678239,143.6));
#8558 = ( GEOMETRIC_REPRESENTATION_CONTEXT(2) 
PARAMETRIC_REPRESENTATION_CONTEXT() REPRESENTATION_CONTEXT('2D SPACE',''
  ) );
#8559 = PCURVE('',#7592,#8560);
#8560 = DEFINITIONAL_REPRESENTATION('',(#8561),#8567);
#8561 = B_SPLINE_CURVE_WITH_KNOTS('',4,(#8562,#8563,#8564,#8565,#8566),
  .UNSPECIFIED.,.F.,.F.,(5,5),(0.,1.),.PIECEWISE_BEZIER_KNOTS.);
#8562 = CARTESIAN_POINT('',(6.212929351073,-4.578658980728));
#8563 = CARTESIAN_POINT('',(6.230506684155,-4.577610239743));
#8564 = CARTESIAN_POINT('',(6.248070665932,-4.576911212673));
#8565 = CARTESIAN_POINT('',(6.26562798168,-4.576561699277));
#8566 = CARTESIAN_POINT('',(6.28318530718,-4.576561699277));
#8567 = ( GEOMETRIC_REPRESENTATION_CONTEXT(2) 
PARAMETRIC_REPRESENTATION_CONTEXT() REPRESENTATION_CONTEXT('2D SPACE',''
  ) );
#8568 = ORIENTED_EDGE('',*,*,#8569,.T.);
#8569 = EDGE_CURVE('',#8541,#8570,#8572,.T.);
#8570 = VERTEX_POINT('',#8571);
#8571 = CARTESIAN_POINT('',(-20.50099087156,-37.13766532639,
    10.092427038809));
#8572 = SURFACE_CURVE('',#8573,(#8618,#8666),.PCURVE_S1.);
#8573 = B_SPLINE_CURVE_WITH_KNOTS('',7,(#8574,#8575,#8576,#8577,#8578,
    #8579,#8580,#8581,#8582,#8583,#8584,#8585,#8586,#8587,#8588,#8589,
    #8590,#8591,#8592,#8593,#8594,#8595,#8596,#8597,#8598,#8599,#8600,
    #8601,#8602,#8603,#8604,#8605,#8606,#8607,#8608,#8609,#8610,#8611,
    #8612,#8613,#8614,#8615,#8616,#8617),.UNSPECIFIED.,.F.,.F.,(8,6,6,6,
    6,6,6,8),(0.,8.156378840709E-02,0.186968434935,0.309038396119,
    0.51737084653,0.682972094512,0.829930932075,1.),.UNSPECIFIED.);
#8574 = CARTESIAN_POINT('',(-25.13766532639,-32.50099087156,
    9.378658980728));
#8575 = CARTESIAN_POINT('',(-25.29580361474,-32.5731009278,
    9.351777296816));
#8576 = CARTESIAN_POINT('',(-25.44701389791,-32.65311801527,
    9.325870273586));
#8577 = CARTESIAN_POINT('',(-25.59105230831,-32.74023991494,
    9.301011320061));
#8578 = CARTESIAN_POINT('',(-25.72773564387,-32.83369416533,
    9.277263159918));
#8579 = CARTESIAN_POINT('',(-25.85694016064,-32.93273762536,
    9.254677154377));
#8580 = CARTESIAN_POINT('',(-25.97860036536,-33.03665603712,
    9.233292625081));
#8581 = CARTESIAN_POINT('',(-26.24016852442,-33.28447066321,
    9.187088057749));
#8582 = CARTESIAN_POINT('',(-26.37514834037,-33.43129990156,
    9.163067490911));
#8583 = CARTESIAN_POINT('',(-26.49788188306,-33.58407697983,
    9.14108697325));
#8584 = CARTESIAN_POINT('',(-26.60863480263,-33.7418088573,
    9.121144809124));
#8585 = CARTESIAN_POINT('',(-26.70768249024,-33.90365575192,
    9.103229659884));
#8586 = CARTESIAN_POINT('',(-26.79528879606,-34.06890311574,
    9.087325093287));
#8587 = CARTESIAN_POINT('',(-26.96015950724,-34.43153106546,
    9.057303738825));
#8588 = CARTESIAN_POINT('',(-27.03361618704,-34.6298988278,
    9.043864119436));
#8589 = CARTESIAN_POINT('',(-27.09241133106,-34.83109745851,
    9.033069148412));
#8590 = CARTESIAN_POINT('',(-27.13682885362,-35.0343341013,
    9.024895007461));
#8591 = CARTESIAN_POINT('',(-27.16706976563,-35.23891857132,
    9.019323056286));
#8592 = CARTESIAN_POINT('',(-27.18324190118,-35.44421944378,
    9.016342702546));
#8593 = CARTESIAN_POINT('',(-27.18894685396,-36.0001701922,
    9.015291350936));
#8594 = CARTESIAN_POINT('',(-27.15157652697,-36.3506906161,
    9.022178121532));
#8595 = CARTESIAN_POINT('',(-27.07339161248,-36.69835221377,
    9.036590796985));
#8596 = CARTESIAN_POINT('',(-26.95353703216,-37.04008481266,
    9.058616944166));
#8597 = CARTESIAN_POINT('',(-26.79037889757,-37.37206640737,
    9.088416033363));
#8598 = CARTESIAN_POINT('',(-26.5817731113,-37.68907256558,
    9.126139648949));
#8599 = CARTESIAN_POINT('',(-26.12176989647,-38.21753473935,
    9.208144519875));
#8600 = CARTESIAN_POINT('',(-25.88571672282,-38.43984074511,
    9.249887418717));
#8601 = CARTESIAN_POINT('',(-25.61724204328,-38.6434896754,
    9.296879094201));
#8602 = CARTESIAN_POINT('',(-25.31761367567,-38.8216589015,
    9.348653545609));
#8603 = CARTESIAN_POINT('',(-24.98933666461,-38.96769303777,
    9.404501299246));
#8604 = CARTESIAN_POINT('',(-24.63617711321,-39.0751045921,
    9.463514183581));
#8605 = CARTESIAN_POINT('',(-23.93245012674,-39.19289460471,
    9.578864973721));
#8606 = CARTESIAN_POINT('',(-23.59178928329,-39.21187738837,
    9.633818376814));
#8607 = CARTESIAN_POINT('',(-23.24933901506,-39.19163407947,
    9.688084665503));
#8608 = CARTESIAN_POINT('',(-22.9136141976,-39.13235037228,
    9.740303387815));
#8609 = CARTESIAN_POINT('',(-22.59276280914,-39.0371029967,
    9.789324666782));
#8610 = CARTESIAN_POINT('',(-22.29379999439,-38.91176050387,
    9.834291398746));
#8611 = CARTESIAN_POINT('',(-21.70737875408,-38.59495791908,
    9.921328828399));
#8612 = CARTESIAN_POINT('',(-21.42572216139,-38.39436271339,
    9.96233737604));
#8613 = CARTESIAN_POINT('',(-21.17735696335,-38.17033657016,
    9.997910295073));
#8614 = CARTESIAN_POINT('',(-20.96173427226,-37.92853448604,
    10.028386864009));
#8615 = CARTESIAN_POINT('',(-20.77787871229,-37.67349437236,
    10.054103000346));
#8616 = CARTESIAN_POINT('',(-20.62466753856,-37.40888986079,
    10.075363623992));
#8617 = CARTESIAN_POINT('',(-20.50099087156,-37.13766532639,
    10.092427038809));
#8618 = PCURVE('',#7619,#8619);
#8619 = DEFINITIONAL_REPRESENTATION('',(#8620),#8665);
#8620 = B_SPLINE_CURVE_WITH_KNOTS('',7,(#8621,#8622,#8623,#8624,#8625,
    #8626,#8627,#8628,#8629,#8630,#8631,#8632,#8633,#8634,#8635,#8636,
    #8637,#8638,#8639,#8640,#8641,#8642,#8643,#8644,#8645,#8646,#8647,
    #8648,#8649,#8650,#8651,#8652,#8653,#8654,#8655,#8656,#8657,#8658,
    #8659,#8660,#8661,#8662,#8663,#8664),.UNSPECIFIED.,.F.,.F.,(8,6,6,6,
    6,6,6,8),(0.,8.156378840709E-02,0.186968434935,0.309038396119,
    0.51737084653,0.682972094512,0.829930932075,1.),.UNSPECIFIED.);
#8621 = CARTESIAN_POINT('',(1.739175266872,143.95099087156));
#8622 = CARTESIAN_POINT('',(1.740244645574,144.0231009278));
#8623 = CARTESIAN_POINT('',(1.741267401837,144.10311801527));
#8624 = CARTESIAN_POINT('',(1.742241852864,144.19023991494));
#8625 = CARTESIAN_POINT('',(1.7431667257,144.28369416533));
#8626 = CARTESIAN_POINT('',(1.7440411502,144.38273762536));
#8627 = CARTESIAN_POINT('',(1.74486465201,144.48665603712));
#8628 = CARTESIAN_POINT('',(1.746635436693,144.73447066321));
#8629 = CARTESIAN_POINT('',(1.747549439089,144.88129990156));
#8630 = CARTESIAN_POINT('',(1.748380680141,145.03407697983));
#8631 = CARTESIAN_POINT('',(1.749130906277,145.1918088573));
#8632 = CARTESIAN_POINT('',(1.749801938336,145.35365575192));
#8633 = CARTESIAN_POINT('',(1.750395526951,145.51890311574));
#8634 = CARTESIAN_POINT('',(1.751512738423,145.88153106546));
#8635 = CARTESIAN_POINT('',(1.752010578363,146.0798988278));
#8636 = CARTESIAN_POINT('',(1.752409097755,146.28109745851));
#8637 = CARTESIAN_POINT('',(1.752710187096,146.4843341013));
#8638 = CARTESIAN_POINT('',(1.752915186791,146.68891857132));
#8639 = CARTESIAN_POINT('',(1.75302481655,146.89421944378));
#8640 = CARTESIAN_POINT('',(1.753063490013,147.4501701922));
#8641 = CARTESIAN_POINT('',(1.752810159407,147.8006906161));
#8642 = CARTESIAN_POINT('',(1.752280144459,148.14835221377));
#8643 = CARTESIAN_POINT('',(1.751467733348,148.49008481266));
#8644 = CARTESIAN_POINT('',(1.750362021024,148.82206640737));
#8645 = CARTESIAN_POINT('',(1.748948763674,149.13907256558));
#8646 = CARTESIAN_POINT('',(1.745833726621,149.66753473935));
#8647 = CARTESIAN_POINT('',(1.744235624233,149.88984074511));
#8648 = CARTESIAN_POINT('',(1.742418587392,150.0934896754));
#8649 = CARTESIAN_POINT('',(1.740391473006,150.2716589015));
#8650 = CARTESIAN_POINT('',(1.738171529457,150.41769303777));
#8651 = CARTESIAN_POINT('',(1.735784500185,150.5251045921));
#8652 = CARTESIAN_POINT('',(1.731030379277,150.64289460471));
#8653 = CARTESIAN_POINT('',(1.728729954801,150.66187738837));
#8654 = CARTESIAN_POINT('',(1.726418481312,150.64163407947));
#8655 = CARTESIAN_POINT('',(1.724153419094,150.58235037228));
#8656 = CARTESIAN_POINT('',(1.721989598257,150.4871029967));
#8657 = CARTESIAN_POINT('',(1.719974097888,150.36176050387));
#8658 = CARTESIAN_POINT('',(1.716021796812,150.04495791908));
#8659 = CARTESIAN_POINT('',(1.714124295323,149.84436271339));
#8660 = CARTESIAN_POINT('',(1.712451636085,149.62033657016));
#8661 = CARTESIAN_POINT('',(1.710999866762,149.37853448604));
#8662 = CARTESIAN_POINT('',(1.70976223251,149.12349437236));
#8663 = CARTESIAN_POINT('',(1.708731037659,148.85888986079));
#8664 = CARTESIAN_POINT('',(1.707898716191,148.58766532639));
#8665 = ( GEOMETRIC_REPRESENTATION_CONTEXT(2) 
PARAMETRIC_REPRESENTATION_CONTEXT() REPRESENTATION_CONTEXT('2D SPACE',''
  ) );
#8666 = PCURVE('',#7705,#8667);
#8667 = DEFINITIONAL_REPRESENTATION('',(#8668),#8713);
#8668 = B_SPLINE_CURVE_WITH_KNOTS('',7,(#8669,#8670,#8671,#8672,#8673,
    #8674,#8675,#8676,#8677,#8678,#8679,#8680,#8681,#8682,#8683,#8684,
    #8685,#8686,#8687,#8688,#8689,#8690,#8691,#8692,#8693,#8694,#8695,
    #8696,#8697,#8698,#8699,#8700,#8701,#8702,#8703,#8704,#8705,#8706,
    #8707,#8708,#8709,#8710,#8711,#8712),.UNSPECIFIED.,.F.,.F.,(8,6,6,6,
    6,6,6,8),(0.,8.156378840709E-02,0.186968434935,0.309038396119,
    0.51737084653,0.682972094512,0.829930932075,1.),.UNSPECIFIED.);
#8669 = CARTESIAN_POINT('',(1.998623386547,4.578658980728));
#8670 = CARTESIAN_POINT('',(2.048281465164,4.551777296816));
#8671 = CARTESIAN_POINT('',(2.097075944203,4.525870273586));
#8672 = CARTESIAN_POINT('',(2.145047875632,4.501011320061));
#8673 = CARTESIAN_POINT('',(2.192227434693,4.477263159918));
#8674 = CARTESIAN_POINT('',(2.238636309481,4.454677154377));
#8675 = CARTESIAN_POINT('',(2.284290090519,4.433292625081));
#8676 = CARTESIAN_POINT('',(2.387238459088,4.387088057749));
#8677 = CARTESIAN_POINT('',(2.44408749982,4.363067490911));
#8678 = CARTESIAN_POINT('',(2.499883510516,4.34108697325));
#8679 = CARTESIAN_POINT('',(2.554748946646,4.321144809124));
#8680 = CARTESIAN_POINT('',(2.60879712792,4.303229659884));
#8681 = CARTESIAN_POINT('',(2.662136375036,4.287325093287));
#8682 = CARTESIAN_POINT('',(2.775950179773,4.257303738825));
#8683 = CARTESIAN_POINT('',(2.836231162673,4.243864119436));
#8684 = CARTESIAN_POINT('',(2.895886001393,4.233069148412));
#8685 = CARTESIAN_POINT('',(2.955072146172,4.224895007461));
#8686 = CARTESIAN_POINT('',(3.01394084453,4.219323056286));
#8687 = CARTESIAN_POINT('',(3.072642394577,4.216342702546));
#8688 = CARTESIAN_POINT('',(3.231493828483,4.215291350936));
#8689 = CARTESIAN_POINT('',(3.33152748217,4.222178121532));
#8690 = CARTESIAN_POINT('',(3.432267177961,4.236590796985));
#8691 = CARTESIAN_POINT('',(3.534451632211,4.258616944166));
#8692 = CARTESIAN_POINT('',(3.638867307916,4.288416033363));
#8693 = CARTESIAN_POINT('',(3.746316462236,4.326139648949));
#8694 = CARTESIAN_POINT('',(3.946495000252,4.408144519875));
#8695 = CARTESIAN_POINT('',(4.038684863428,4.449887418717));
#8696 = CARTESIAN_POINT('',(4.134071694206,4.496879094201));
#8697 = CARTESIAN_POINT('',(4.232500085635,4.548653545609));
#8698 = CARTESIAN_POINT('',(4.333950320206,4.604501299246));
#8699 = CARTESIAN_POINT('',(4.438535506831,4.663514183581));
#8700 = CARTESIAN_POINT('',(4.642397436611,4.778864973721));
#8701 = CARTESIAN_POINT('',(4.739288549268,4.833818376814));
#8702 = CARTESIAN_POINT('',(4.836274401665,4.888084665503));
#8703 = CARTESIAN_POINT('',(4.932536153708,4.940303387815));
#8704 = CARTESIAN_POINT('',(5.027250103702,4.989324666782));
#8705 = CARTESIAN_POINT('',(5.119423989353,5.034291398746));
#8706 = CARTESIAN_POINT('',(5.309859312097,5.121328828399));
#8707 = CARTESIAN_POINT('',(5.407902670362,5.16233737604));
#8708 = CARTESIAN_POINT('',(5.502499884524,5.197910295073));
#8709 = CARTESIAN_POINT('',(5.5941350203,5.228386864009));
#8710 = CARTESIAN_POINT('',(5.683240165383,5.254103000346));
#8711 = CARTESIAN_POINT('',(5.770189188169,5.275363623992));
#8712 = CARTESIAN_POINT('',(5.855358247428,5.292427038809));
#8713 = ( GEOMETRIC_REPRESENTATION_CONTEXT(2) 
PARAMETRIC_REPRESENTATION_CONTEXT() REPRESENTATION_CONTEXT('2D SPACE',''
  ) );
#8714 = ORIENTED_EDGE('',*,*,#8715,.F.);
#8715 = EDGE_CURVE('',#8716,#8570,#8718,.T.);
#8716 = VERTEX_POINT('',#8717);
#8717 = CARTESIAN_POINT('',(-20.15,-37.15,10.1404302335));
#8718 = SURFACE_CURVE('',#8719,(#8725,#8734),.PCURVE_S1.);
#8719 = B_SPLINE_CURVE_WITH_KNOTS('',4,(#8720,#8721,#8722,#8723,#8724),
  .UNSPECIFIED.,.F.,.F.,(5,5),(0.,1.),.PIECEWISE_BEZIER_KNOTS.);
#8720 = CARTESIAN_POINT('',(-20.15,-37.15,10.1404302335));
#8721 = CARTESIAN_POINT('',(-20.23791109377,-37.15,10.128512826259));
#8722 = CARTESIAN_POINT('',(-20.32580460918,-37.14793907945,
    10.116527201855));
#8723 = CARTESIAN_POINT('',(-20.41354222436,-37.14381924308,
    10.10449214841));
#8724 = CARTESIAN_POINT('',(-20.50099087156,-37.13766532639,
    10.092427038809));
#8725 = PCURVE('',#7619,#8726);
#8726 = DEFINITIONAL_REPRESENTATION('',(#8727),#8733);
#8727 = B_SPLINE_CURVE_WITH_KNOTS('',4,(#8728,#8729,#8730,#8731,#8732),
  .UNSPECIFIED.,.F.,.F.,(5,5),(0.,1.),.PIECEWISE_BEZIER_KNOTS.);
#8728 = CARTESIAN_POINT('',(1.705536994061,148.6));
#8729 = CARTESIAN_POINT('',(1.706128428664,148.6));
#8730 = CARTESIAN_POINT('',(1.706719808231,148.59793907945));
#8731 = CARTESIAN_POINT('',(1.707310202706,148.59381924308));
#8732 = CARTESIAN_POINT('',(1.707898716191,148.58766532639));
#8733 = ( GEOMETRIC_REPRESENTATION_CONTEXT(2) 
PARAMETRIC_REPRESENTATION_CONTEXT() REPRESENTATION_CONTEXT('2D SPACE',''
  ) );
#8734 = PCURVE('',#7738,#8735);
#8735 = DEFINITIONAL_REPRESENTATION('',(#8736),#8742);
#8736 = B_SPLINE_CURVE_WITH_KNOTS('',4,(#8737,#8738,#8739,#8740,#8741),
  .UNSPECIFIED.,.F.,.F.,(5,5),(0.,1.),.PIECEWISE_BEZIER_KNOTS.);
#8737 = CARTESIAN_POINT('',(4.712388980385,-5.3404302335));
#8738 = CARTESIAN_POINT('',(4.72997119914,-5.328512826259));
#8739 = CARTESIAN_POINT('',(4.747549890644,-5.316527201855));
#8740 = CARTESIAN_POINT('',(4.765111954328,-5.30449214841));
#8741 = CARTESIAN_POINT('',(4.782644936491,-5.292427038809));
#8742 = ( GEOMETRIC_REPRESENTATION_CONTEXT(2) 
PARAMETRIC_REPRESENTATION_CONTEXT() REPRESENTATION_CONTEXT('2D SPACE',''
  ) );
#8743 = ORIENTED_EDGE('',*,*,#8744,.F.);
#8744 = EDGE_CURVE('',#8745,#8716,#8747,.T.);
#8745 = VERTEX_POINT('',#8746);
#8746 = CARTESIAN_POINT('',(20.15,-37.15,10.1404302335));
#8747 = SURFACE_CURVE('',#8748,(#8753,#8760),.PCURVE_S1.);
#8748 = CIRCLE('',#8749,150.);
#8749 = AXIS2_PLACEMENT_3D('',#8750,#8751,#8752);
#8750 = CARTESIAN_POINT('',(0.,-37.15,-138.5));
#8751 = DIRECTION('',(0.,-1.,2.22044604925E-16));
#8752 = DIRECTION('',(1.,0.,0.));
#8753 = PCURVE('',#7619,#8754);
#8754 = DEFINITIONAL_REPRESENTATION('',(#8755),#8759);
#8755 = LINE('',#8756,#8757);
#8756 = CARTESIAN_POINT('',(0.,148.6));
#8757 = VECTOR('',#8758,1.);
#8758 = DIRECTION('',(1.,0.));
#8759 = ( GEOMETRIC_REPRESENTATION_CONTEXT(2) 
PARAMETRIC_REPRESENTATION_CONTEXT() REPRESENTATION_CONTEXT('2D SPACE',''
  ) );
#8760 = PCURVE('',#7766,#8761);
#8761 = DEFINITIONAL_REPRESENTATION('',(#8762),#8770);
#8762 = ( BOUNDED_CURVE() B_SPLINE_CURVE(2,(#8763,#8764,#8765,#8766,
#8767,#8768,#8769),.UNSPECIFIED.,.T.,.F.) B_SPLINE_CURVE_WITH_KNOTS((1,2
    ,2,2,2,1),(-2.094395102393,0.,2.094395102393,4.188790204786,
6.28318530718,8.377580409573),.UNSPECIFIED.) CURVE() 
GEOMETRIC_REPRESENTATION_ITEM() RATIONAL_B_SPLINE_CURVE((1.,0.5,1.,0.5,
1.,0.5,1.)) REPRESENTATION_ITEM('') );
#8763 = CARTESIAN_POINT('',(170.15,143.3));
#8764 = CARTESIAN_POINT('',(170.15,-116.5076211353));
#8765 = CARTESIAN_POINT('',(-54.85,13.396189432334));
#8766 = CARTESIAN_POINT('',(-279.85,143.3));
#8767 = CARTESIAN_POINT('',(-54.85,273.20381056766));
#8768 = CARTESIAN_POINT('',(170.15,403.10762113533));
#8769 = CARTESIAN_POINT('',(170.15,143.3));
#8770 = ( GEOMETRIC_REPRESENTATION_CONTEXT(2) 
PARAMETRIC_REPRESENTATION_CONTEXT() REPRESENTATION_CONTEXT('2D SPACE',''
  ) );
#8771 = ORIENTED_EDGE('',*,*,#8772,.F.);
#8772 = EDGE_CURVE('',#8773,#8745,#8775,.T.);
#8773 = VERTEX_POINT('',#8774);
#8774 = CARTESIAN_POINT('',(20.500990871568,-37.13766532639,
    10.092427038809));
#8775 = SURFACE_CURVE('',#8776,(#8782,#8791),.PCURVE_S1.);
#8776 = B_SPLINE_CURVE_WITH_KNOTS('',4,(#8777,#8778,#8779,#8780,#8781),
  .UNSPECIFIED.,.F.,.F.,(5,5),(0.,1.),.PIECEWISE_BEZIER_KNOTS.);
#8777 = CARTESIAN_POINT('',(20.500990871568,-37.13766532639,
    10.092427038809));
#8778 = CARTESIAN_POINT('',(20.413542224365,-37.14381924308,
    10.10449214841));
#8779 = CARTESIAN_POINT('',(20.325804609187,-37.14793907945,
    10.116527201855));
#8780 = CARTESIAN_POINT('',(20.237911093776,-37.15,10.128512826259));
#8781 = CARTESIAN_POINT('',(20.15,-37.15,10.1404302335));
#8782 = PCURVE('',#7619,#8783);
#8783 = DEFINITIONAL_REPRESENTATION('',(#8784),#8790);
#8784 = B_SPLINE_CURVE_WITH_KNOTS('',4,(#8785,#8786,#8787,#8788,#8789),
  .UNSPECIFIED.,.F.,.F.,(5,5),(0.,1.),.PIECEWISE_BEZIER_KNOTS.);
#8785 = CARTESIAN_POINT('',(1.433693937398,148.58766532639));
#8786 = CARTESIAN_POINT('',(1.434282450884,148.59381924308));
#8787 = CARTESIAN_POINT('',(1.434872845359,148.59793907945));
#8788 = CARTESIAN_POINT('',(1.435464224926,148.6));
#8789 = CARTESIAN_POINT('',(1.436055659529,148.6));
#8790 = ( GEOMETRIC_REPRESENTATION_CONTEXT(2) 
PARAMETRIC_REPRESENTATION_CONTEXT() REPRESENTATION_CONTEXT('2D SPACE',''
  ) );
#8791 = PCURVE('',#7799,#8792);
#8792 = DEFINITIONAL_REPRESENTATION('',(#8793),#8799);
#8793 = B_SPLINE_CURVE_WITH_KNOTS('',4,(#8794,#8795,#8796,#8797,#8798),
  .UNSPECIFIED.,.F.,.F.,(5,5),(0.,1.),.PIECEWISE_BEZIER_KNOTS.);
#8794 = CARTESIAN_POINT('',(4.642133024278,-5.292427038809));
#8795 = CARTESIAN_POINT('',(4.659666006441,-5.30449214841));
#8796 = CARTESIAN_POINT('',(4.677228070125,-5.316527201855));
#8797 = CARTESIAN_POINT('',(4.69480676163,-5.328512826259));
#8798 = CARTESIAN_POINT('',(4.712388980385,-5.3404302335));
#8799 = ( GEOMETRIC_REPRESENTATION_CONTEXT(2) 
PARAMETRIC_REPRESENTATION_CONTEXT() REPRESENTATION_CONTEXT('2D SPACE',''
  ) );
#8800 = ORIENTED_EDGE('',*,*,#8801,.T.);
#8801 = EDGE_CURVE('',#8773,#8802,#8804,.T.);
#8802 = VERTEX_POINT('',#8803);
#8803 = CARTESIAN_POINT('',(25.13766532639,-32.50099087156,
    9.378658980728));
#8804 = SURFACE_CURVE('',#8805,(#8850,#8923),.PCURVE_S1.);
#8805 = B_SPLINE_CURVE_WITH_KNOTS('',7,(#8806,#8807,#8808,#8809,#8810,
    #8811,#8812,#8813,#8814,#8815,#8816,#8817,#8818,#8819,#8820,#8821,
    #8822,#8823,#8824,#8825,#8826,#8827,#8828,#8829,#8830,#8831,#8832,
    #8833,#8834,#8835,#8836,#8837,#8838,#8839,#8840,#8841,#8842,#8843,
    #8844,#8845,#8846,#8847,#8848,#8849),.UNSPECIFIED.,.F.,.F.,(8,6,6,6,
    6,6,6,8),(0.,0.289108937178,0.528192939556,0.750616334686,1.,
    1.249273383769,1.334981936197,1.453381835289),.UNSPECIFIED.);
#8806 = CARTESIAN_POINT('',(20.500990871568,-37.13766532639,
    10.092427038809));
#8807 = CARTESIAN_POINT('',(20.645465655235,-37.45450040032,
    10.072494150706));
#8808 = CARTESIAN_POINT('',(20.830647301061,-37.76318525071,
    10.046777956877));
#8809 = CARTESIAN_POINT('',(21.05843370761,-38.05834648033,
    10.014847562991));
#8810 = CARTESIAN_POINT('',(21.330456802009,-38.33340336973,
    9.97622175551));
#8811 = CARTESIAN_POINT('',(21.64764802361,-38.58022757783,
    9.930420563478));
#8812 = CARTESIAN_POINT('',(22.009883673777,-38.78889644977,
    9.876994668494));
#8813 = CARTESIAN_POINT('',(22.749265348379,-39.07705617835,
    9.765253830479));
#8814 = CARTESIAN_POINT('',(23.112462722698,-39.17244827696,
    9.709463369571));
#8815 = CARTESIAN_POINT('',(23.494220791405,-39.22250221054,
    9.649690105839));
#8816 = CARTESIAN_POINT('',(23.882224571273,-39.22213834667,
    9.587636957349));
#8817 = CARTESIAN_POINT('',(24.26335087685,-39.17148710187,
    9.525403885643));
#8818 = CARTESIAN_POINT('',(24.625335580795,-39.07589126122,
    9.46522179524));
#8819 = CARTESIAN_POINT('',(25.268037385294,-38.82500021339,
    9.356771788263));
#8820 = CARTESIAN_POINT('',(25.553480359425,-38.67400836177,
    9.307827480811));
#8821 = CARTESIAN_POINT('',(25.813124689659,-38.49853598197,
    9.262677300227));
#8822 = CARTESIAN_POINT('',(26.046340291203,-38.30340748182,
    9.221642355789));
#8823 = CARTESIAN_POINT('',(26.253072374945,-38.09286778872,
    9.184916594882));
#8824 = CARTESIAN_POINT('',(26.433669939017,-37.87069575887,
    9.152585310439));
#8825 = CARTESIAN_POINT('',(26.762795094147,-37.38185130946,
    9.093306232788));
#8826 = CARTESIAN_POINT('',(26.90554553189,-37.11191492114,
    9.067348335732));
#8827 = CARTESIAN_POINT('',(27.018298237942,-36.83387600522,
    9.046705861405));
#8828 = CARTESIAN_POINT('',(27.102098087802,-36.55031266194,
    9.031296529421));
#8829 = CARTESIAN_POINT('',(27.157710365645,-36.26325626448,
    9.021047911424));
#8830 = CARTESIAN_POINT('',(27.185533905933,-35.97444826396,
    9.015920314552));
#8831 = CARTESIAN_POINT('',(27.185533905933,-35.39674731056,
    9.015920314552));
#8832 = CARTESIAN_POINT('',(27.157734967366,-35.10806708991,
    9.021043377456));
#8833 = CARTESIAN_POINT('',(27.102171890399,-34.82113649157,
    9.031282928778));
#8834 = CARTESIAN_POINT('',(27.018446693461,-34.53769469619,
    9.046678562838));
#8835 = CARTESIAN_POINT('',(26.905795606993,-34.25977008288,
    9.067302551593));
#8836 = CARTESIAN_POINT('',(26.763175622864,-33.98993642999,
    9.093237035985));
#8837 = CARTESIAN_POINT('',(26.529610601267,-33.64281833988,
    9.13530556225));
#8838 = CARTESIAN_POINT('',(26.466160574436,-33.5553626444,
    9.146704714089));
#8839 = CARTESIAN_POINT('',(26.398973951248,-33.46941111995,
    9.158741276446));
#8840 = CARTESIAN_POINT('',(26.328006162837,-33.38512489724,
    9.171416074746));
#8841 = CARTESIAN_POINT('',(26.253214804466,-33.3026802057,9.18472878494
    ));
#8842 = CARTESIAN_POINT('',(26.174559800815,-33.2222684967,
    9.198677879728));
#8843 = CARTESIAN_POINT('',(25.977958368423,-33.03610794264,
    9.233405467868));
#8844 = CARTESIAN_POINT('',(25.856372145743,-32.93230225477,
    9.254776446884));
#8845 = CARTESIAN_POINT('',(25.727253995079,-32.83336467657,
    9.277346846175));
#8846 = CARTESIAN_POINT('',(25.590670068779,-32.74000847827,
    9.301077292848));
#8847 = CARTESIAN_POINT('',(25.446744734898,-32.65297543422,
    9.325916392541));
#8848 = CARTESIAN_POINT('',(25.295661732405,-32.57303623035,
    9.351801415177));
#8849 = CARTESIAN_POINT('',(25.13766532639,-32.50099087156,
    9.378658980728));
#8850 = PCURVE('',#7619,#8851);
#8851 = DEFINITIONAL_REPRESENTATION('',(#8852),#8922);
#8852 = B_SPLINE_CURVE_WITH_KNOTS('',3,(#8853,#8854,#8855,#8856,#8857,
    #8858,#8859,#8860,#8861,#8862,#8863,#8864,#8865,#8866,#8867,#8868,
    #8869,#8870,#8871,#8872,#8873,#8874,#8875,#8876,#8877,#8878,#8879,
    #8880,#8881,#8882,#8883,#8884,#8885,#8886,#8887,#8888,#8889,#8890,
    #8891,#8892,#8893,#8894,#8895,#8896,#8897,#8898,#8899,#8900,#8901,
    #8902,#8903,#8904,#8905,#8906,#8907,#8908,#8909,#8910,#8911,#8912,
    #8913,#8914,#8915,#8916,#8917,#8918,#8919,#8920,#8921),
  .UNSPECIFIED.,.F.,.F.,(4,1,1,1,1,1,1,1,1,1,1,1,1,1,1,1,1,1,1,1,1,1,1,1
    ,1,1,1,1,1,1,1,1,1,1,1,1,1,1,1,1,1,1,1,1,1,1,1,1,1,1,1,1,1,1,1,1,1,1
    ,1,1,1,1,1,1,1,1,4),(0.,2.202093689832E-02,4.404187379664E-02,
    6.606281069495E-02,8.808374759327E-02,0.110104684492,0.13212562139,
    0.154146558288,0.176167495187,0.198188432085,0.220209368983,
    0.242230305881,0.26425124278,0.286272179678,0.308293116576,
    0.330314053475,0.352334990373,0.374355927271,0.39637686417,
    0.418397801068,0.440418737966,0.462439674865,0.484460611763,
    0.506481548661,0.52850248556,0.550523422458,0.572544359356,
    0.594565296255,0.616586233153,0.638607170051,0.66062810695,
    0.682649043848,0.704669980746,0.726690917644,0.748711854543,
    0.770732791441,0.792753728339,0.814774665238,0.836795602136,
    0.858816539034,0.880837475933,0.902858412831,0.924879349729,
    0.946900286628,0.968921223526,0.990942160424,1.012963097323,
    1.034984034221,1.057004971119,1.079025908018,1.101046844916,
    1.123067781814,1.145088718713,1.167109655611,1.189130592509,
    1.211151529407,1.233172466306,1.255193403204,1.277214340102,
    1.299235277001,1.321256213899,1.343277150797,1.365298087696,
    1.387319024594,1.409339961492,1.431360898391,1.453381835289),
  .QUASI_UNIFORM_KNOTS.);
#8853 = CARTESIAN_POINT('',(1.433693937398,148.58766532639));
#8854 = CARTESIAN_POINT('',(1.433521142209,148.64397210844));
#8855 = CARTESIAN_POINT('',(1.433153266723,148.75593525484));
#8856 = CARTESIAN_POINT('',(1.432533502158,148.921372445));
#8857 = CARTESIAN_POINT('',(1.431844658233,149.0837607319));
#8858 = CARTESIAN_POINT('',(1.431085718966,149.24250658277));
#8859 = CARTESIAN_POINT('',(1.430255766085,149.39697951544));
#8860 = CARTESIAN_POINT('',(1.429354008472,149.54650513622));
#8861 = CARTESIAN_POINT('',(1.428379801979,149.69036390755));
#8862 = CARTESIAN_POINT('',(1.427332674526,149.8277880697));
#8863 = CARTESIAN_POINT('',(1.426212353731,149.9579587051));
#8864 = CARTESIAN_POINT('',(1.425018796595,150.08000215373));
#8865 = CARTESIAN_POINT('',(1.423752229411,150.19298654449));
#8866 = CARTESIAN_POINT('',(1.422413169123,150.29591576167));
#8867 = CARTESIAN_POINT('',(1.421002536582,150.38773039212));
#8868 = CARTESIAN_POINT('',(1.419521452143,150.46727973908));
#8869 = CARTESIAN_POINT('',(1.417981393931,150.53295867116));
#8870 = CARTESIAN_POINT('',(1.416394471986,150.58351813976));
#8871 = CARTESIAN_POINT('',(1.414773475138,150.61801402966));
#8872 = CARTESIAN_POINT('',(1.41313164615,150.63582014243));
#8873 = CARTESIAN_POINT('',(1.411482515155,150.63662464849));
#8874 = CARTESIAN_POINT('',(1.409839720366,150.62043119456));
#8875 = CARTESIAN_POINT('',(1.408216815598,150.58755808335));
#8876 = CARTESIAN_POINT('',(1.406627140403,150.53864067092));
#8877 = CARTESIAN_POINT('',(1.405083453033,150.47462298375));
#8878 = CARTESIAN_POINT('',(1.403598452553,150.39678940154));
#8879 = CARTESIAN_POINT('',(1.402181986158,150.30664693999));
#8880 = CARTESIAN_POINT('',(1.400834439261,150.20523925148));
#8881 = CARTESIAN_POINT('',(1.399557647317,150.09363458599));
#8882 = CARTESIAN_POINT('',(1.398352558366,149.97282547172));
#8883 = CARTESIAN_POINT('',(1.39721990626,149.84376022973));
#8884 = CARTESIAN_POINT('',(1.396160074612,149.70733911696));
#8885 = CARTESIAN_POINT('',(1.395173165502,149.56441792521));
#8886 = CARTESIAN_POINT('',(1.394259036831,149.41581493079));
#8887 = CARTESIAN_POINT('',(1.39341723872,149.26229478907));
#8888 = CARTESIAN_POINT('',(1.392647363508,149.10463910191));
#8889 = CARTESIAN_POINT('',(1.391947820741,148.94339115209));
#8890 = CARTESIAN_POINT('',(1.391316102786,148.77874303857));
#8891 = CARTESIAN_POINT('',(1.390751489132,148.61120926555));
#8892 = CARTESIAN_POINT('',(1.390252883401,148.44117308229));
#8893 = CARTESIAN_POINT('',(1.389819394435,148.26901090639));
#8894 = CARTESIAN_POINT('',(1.389450191839,148.09506385837));
#8895 = CARTESIAN_POINT('',(1.389144555492,147.91965007834));
#8896 = CARTESIAN_POINT('',(1.388901872747,147.74306589897));
#8897 = CARTESIAN_POINT('',(1.388721648956,147.56558990668));
#8898 = CARTESIAN_POINT('',(1.388603514999,147.38748568914));
#8899 = CARTESIAN_POINT('',(1.388547231507,147.20900604525));
#8900 = CARTESIAN_POINT('',(1.388552707313,147.03039175433));
#8901 = CARTESIAN_POINT('',(1.388619948323,146.85196249862));
#8902 = CARTESIAN_POINT('',(1.388749072148,146.67395066932));
#8903 = CARTESIAN_POINT('',(1.388940341645,146.49661354616));
#8904 = CARTESIAN_POINT('',(1.389194148589,146.32021641732));
#8905 = CARTESIAN_POINT('',(1.38951100901,146.14504097595));
#8906 = CARTESIAN_POINT('',(1.389891555005,145.97138712992));
#8907 = CARTESIAN_POINT('',(1.390336526975,145.79957678655));
#8908 = CARTESIAN_POINT('',(1.390846765739,145.62995722902));
#8909 = CARTESIAN_POINT('',(1.391423202735,145.46290505537));
#8910 = CARTESIAN_POINT('',(1.392066856021,145.29882918012));
#8911 = CARTESIAN_POINT('',(1.392778803012,145.13817792736));
#8912 = CARTESIAN_POINT('',(1.393560250429,144.98142905484));
#8913 = CARTESIAN_POINT('',(1.394412252347,144.82914599986));
#8914 = CARTESIAN_POINT('',(1.3953358337,144.68194404132));
#8915 = CARTESIAN_POINT('',(1.396331831176,144.5405072558));
#8916 = CARTESIAN_POINT('',(1.397401853427,144.40547981336));
#8917 = CARTESIAN_POINT('',(1.398545342931,144.27783262046));
#8918 = CARTESIAN_POINT('',(1.399761455032,144.15853989069));
#8919 = CARTESIAN_POINT('',(1.401048953846,144.04860868034));
#8920 = CARTESIAN_POINT('',(1.401953689299,143.9822589395));
#8921 = CARTESIAN_POINT('',(1.402417386717,143.95099087156));
#8922 = ( GEOMETRIC_REPRESENTATION_CONTEXT(2) 
PARAMETRIC_REPRESENTATION_CONTEXT() REPRESENTATION_CONTEXT('2D SPACE',''
  ) );
#8923 = PCURVE('',#7832,#8924);
#8924 = DEFINITIONAL_REPRESENTATION('',(#8925),#8995);
#8925 = B_SPLINE_CURVE_WITH_KNOTS('',3,(#8926,#8927,#8928,#8929,#8930,
    #8931,#8932,#8933,#8934,#8935,#8936,#8937,#8938,#8939,#8940,#8941,
    #8942,#8943,#8944,#8945,#8946,#8947,#8948,#8949,#8950,#8951,#8952,
    #8953,#8954,#8955,#8956,#8957,#8958,#8959,#8960,#8961,#8962,#8963,
    #8964,#8965,#8966,#8967,#8968,#8969,#8970,#8971,#8972,#8973,#8974,
    #8975,#8976,#8977,#8978,#8979,#8980,#8981,#8982,#8983,#8984,#8985,
    #8986,#8987,#8988,#8989,#8990,#8991,#8992,#8993,#8994),
  .UNSPECIFIED.,.F.,.F.,(4,1,1,1,1,1,1,1,1,1,1,1,1,1,1,1,1,1,1,1,1,1,1,1
    ,1,1,1,1,1,1,1,1,1,1,1,1,1,1,1,1,1,1,1,1,1,1,1,1,1,1,1,1,1,1,1,1,1,1
    ,1,1,1,1,1,1,1,1,4),(0.,2.202093689832E-02,4.404187379664E-02,
    6.606281069495E-02,8.808374759327E-02,0.110104684492,0.13212562139,
    0.154146558288,0.176167495187,0.198188432085,0.220209368983,
    0.242230305881,0.26425124278,0.286272179678,0.308293116576,
    0.330314053475,0.352334990373,0.374355927271,0.39637686417,
    0.418397801068,0.440418737966,0.462439674865,0.484460611763,
    0.506481548661,0.52850248556,0.550523422458,0.572544359356,
    0.594565296255,0.616586233153,0.638607170051,0.66062810695,
    0.682649043848,0.704669980746,0.726690917644,0.748711854543,
    0.770732791441,0.792753728339,0.814774665238,0.836795602136,
    0.858816539034,0.880837475933,0.902858412831,0.924879349729,
    0.946900286628,0.968921223526,0.990942160424,1.012963097323,
    1.034984034221,1.057004971119,1.079025908018,1.101046844916,
    1.123067781814,1.145088718713,1.167109655611,1.189130592509,
    1.211151529407,1.233172466306,1.255193403204,1.277214340102,
    1.299235277001,1.321256213899,1.343277150797,1.365298087696,
    1.387319024594,1.409339961492,1.431360898391,1.453381835289),
  .QUASI_UNIFORM_KNOTS.);
#8926 = CARTESIAN_POINT('',(3.569419713342,5.292427038809));
#8927 = CARTESIAN_POINT('',(3.587102086505,5.288884359615));
#8928 = CARTESIAN_POINT('',(3.622686164395,5.281329601565));
#8929 = CARTESIAN_POINT('',(3.6767633006,5.268547470828));
#8930 = CARTESIAN_POINT('',(3.731583769799,5.254273880936));
#8931 = CARTESIAN_POINT('',(3.787192374318,5.238466214262));
#8932 = CARTESIAN_POINT('',(3.843635988758,5.221081535394));
#8933 = CARTESIAN_POINT('',(3.900964196634,5.202076856708));
#8934 = CARTESIAN_POINT('',(3.95922972387,5.181409637544));
#8935 = CARTESIAN_POINT('',(4.0184890092,5.159038326912));
#8936 = CARTESIAN_POINT('',(4.07880280968,5.134923042585));
#8937 = CARTESIAN_POINT('',(4.140236946766,5.109026340267));
#8938 = CARTESIAN_POINT('',(4.20286296657,5.081314300173));
#8939 = CARTESIAN_POINT('',(4.266759683348,5.051757203014));
#8940 = CARTESIAN_POINT('',(4.332012219861,5.020332615018));
#8941 = CARTESIAN_POINT('',(4.398721495999,4.98702046652));
#8942 = CARTESIAN_POINT('',(4.466568752744,4.952035955639));
#8943 = CARTESIAN_POINT('',(4.535273361748,4.91561809016));
#8944 = CARTESIAN_POINT('',(4.604572027396,4.878031815367));
#8945 = CARTESIAN_POINT('',(4.674216183142,4.83956451436));
#8946 = CARTESIAN_POINT('',(4.743965362153,4.800523036627));
#8947 = CARTESIAN_POINT('',(4.813581643659,4.761230007953));
#8948 = CARTESIAN_POINT('',(4.882824577805,4.722019273382));
#8949 = CARTESIAN_POINT('',(4.951443342998,4.68323238429));
#8950 = CARTESIAN_POINT('',(5.019179168853,4.645208704583));
#8951 = CARTESIAN_POINT('',(5.085728621753,4.608296995903));
#8952 = CARTESIAN_POINT('',(5.150851952801,4.572784503871));
#8953 = CARTESIAN_POINT('',(5.214694873849,4.538724541737));
#8954 = CARTESIAN_POINT('',(5.277311578146,4.506205147967));
#8955 = CARTESIAN_POINT('',(5.338770617064,4.475290923866));
#8956 = CARTESIAN_POINT('',(5.399127918915,4.446039238725));
#8957 = CARTESIAN_POINT('',(5.458434939516,4.418496536556));
#8958 = CARTESIAN_POINT('',(5.516737720907,4.392699749417));
#8959 = CARTESIAN_POINT('',(5.574076210519,4.368677063265));
#8960 = CARTESIAN_POINT('',(5.630491026007,4.346446047595));
#8961 = CARTESIAN_POINT('',(5.685999860195,4.326022857845));
#8962 = CARTESIAN_POINT('',(5.740687766604,4.30738966344));
#8963 = CARTESIAN_POINT('',(5.794729852098,4.290501050511));
#8964 = CARTESIAN_POINT('',(5.848171376238,4.275356607966));
#8965 = CARTESIAN_POINT('',(5.901087993226,4.261943584607));
#8966 = CARTESIAN_POINT('',(5.953544370094,4.250252474763));
#8967 = CARTESIAN_POINT('',(6.005605936,4.240273304449));
#8968 = CARTESIAN_POINT('',(6.057336297236,4.231997059955));
#8969 = CARTESIAN_POINT('',(6.108798440236,4.22541571217));
#8970 = CARTESIAN_POINT('',(6.160054865635,4.220522581479));
#8971 = CARTESIAN_POINT('',(6.211168111735,4.2173126106));
#8972 = CARTESIAN_POINT('',(6.262200826975,4.215782531089));
#8973 = CARTESIAN_POINT('',(6.313217411535,4.215931413145));
#8974 = CARTESIAN_POINT('',(6.364259287727,4.217759265126));
#8975 = CARTESIAN_POINT('',(6.415393453147,4.221267438251));
#8976 = CARTESIAN_POINT('',(6.466681710185,4.226459534538));
#8977 = CARTESIAN_POINT('',(6.518186769402,4.233340914048));
#8978 = CARTESIAN_POINT('',(6.569971132246,4.241918513397));
#8979 = CARTESIAN_POINT('',(6.622097876688,4.252200553344));
#8980 = CARTESIAN_POINT('',(6.674630916767,4.26419624488));
#8981 = CARTESIAN_POINT('',(6.727635449006,4.277915478344));
#8982 = CARTESIAN_POINT('',(6.781178302114,4.293368447977));
#8983 = CARTESIAN_POINT('',(6.835328766976,4.310565417816));
#8984 = CARTESIAN_POINT('',(6.890158051418,4.329515852828));
#8985 = CARTESIAN_POINT('',(6.945745266417,4.350230132329));
#8986 = CARTESIAN_POINT('',(7.002159609744,4.372711945755));
#8987 = CARTESIAN_POINT('',(7.059473577516,4.396961478422));
#8988 = CARTESIAN_POINT('',(7.117757004166,4.42297125097));
#8989 = CARTESIAN_POINT('',(7.177130623998,4.450750873414));
#8990 = CARTESIAN_POINT('',(7.237606773115,4.480250810537));
#8991 = CARTESIAN_POINT('',(7.299212552858,4.511412162656));
#8992 = CARTESIAN_POINT('',(7.361978510405,4.544164437164));
#8993 = CARTESIAN_POINT('',(7.40462450998,4.56700263125));
#8994 = CARTESIAN_POINT('',(7.426154574223,4.578658980728));
#8995 = ( GEOMETRIC_REPRESENTATION_CONTEXT(2) 
PARAMETRIC_REPRESENTATION_CONTEXT() REPRESENTATION_CONTEXT('2D SPACE',''
  ) );
#8996 = ORIENTED_EDGE('',*,*,#8997,.F.);
#8997 = EDGE_CURVE('',#8998,#8802,#9000,.T.);
#8998 = VERTEX_POINT('',#8999);
#8999 = CARTESIAN_POINT('',(25.15,-32.15,9.376561699277));
#9000 = SURFACE_CURVE('',#9001,(#9007,#9016),.PCURVE_S1.);
#9001 = B_SPLINE_CURVE_WITH_KNOTS('',4,(#9002,#9003,#9004,#9005,#9006),
  .UNSPECIFIED.,.F.,.F.,(5,5),(0.,1.),.PIECEWISE_BEZIER_KNOTS.);
#9002 = CARTESIAN_POINT('',(25.15,-32.15,9.376561699277));
#9003 = CARTESIAN_POINT('',(25.15,-32.23778662749,9.376561699277));
#9004 = CARTESIAN_POINT('',(25.147944936308,-32.32557318274,
    9.376911212673));
#9005 = CARTESIAN_POINT('',(25.143834809848,-32.41332101682,
    9.377610239743));
#9006 = CARTESIAN_POINT('',(25.13766532639,-32.50099087156,
    9.378658980728));
#9007 = PCURVE('',#7619,#9008);
#9008 = DEFINITIONAL_REPRESENTATION('',(#9009),#9015);
#9009 = B_SPLINE_CURVE_WITH_KNOTS('',4,(#9010,#9011,#9012,#9013,#9014),
  .UNSPECIFIED.,.F.,.F.,(5,5),(0.,1.),.PIECEWISE_BEZIER_KNOTS.);
#9010 = CARTESIAN_POINT('',(1.402333975351,143.6));
#9011 = CARTESIAN_POINT('',(1.402333975351,143.68778662749));
#9012 = CARTESIAN_POINT('',(1.402347872507,143.77557318274));
#9013 = CARTESIAN_POINT('',(1.402375666813,143.86332101682));
#9014 = CARTESIAN_POINT('',(1.402417386717,143.95099087156));
#9015 = ( GEOMETRIC_REPRESENTATION_CONTEXT(2) 
PARAMETRIC_REPRESENTATION_CONTEXT() REPRESENTATION_CONTEXT('2D SPACE',''
  ) );
#9016 = PCURVE('',#7865,#9017);
#9017 = DEFINITIONAL_REPRESENTATION('',(#9018),#9024);
#9018 = B_SPLINE_CURVE_WITH_KNOTS('',4,(#9019,#9020,#9021,#9022,#9023),
  .UNSPECIFIED.,.F.,.F.,(5,5),(0.,1.),.PIECEWISE_BEZIER_KNOTS.);
#9019 = CARTESIAN_POINT('',(3.14159265359,-4.576561699277));
#9020 = CARTESIAN_POINT('',(3.159149979089,-4.576561699277));
#9021 = CARTESIAN_POINT('',(3.176707294837,-4.576911212673));
#9022 = CARTESIAN_POINT('',(3.194271276615,-4.577610239743));
#9023 = CARTESIAN_POINT('',(3.211848609696,-4.578658980728));
#9024 = ( GEOMETRIC_REPRESENTATION_CONTEXT(2) 
PARAMETRIC_REPRESENTATION_CONTEXT() REPRESENTATION_CONTEXT('2D SPACE',''
  ) );
#9025 = ORIENTED_EDGE('',*,*,#9026,.F.);
#9026 = EDGE_CURVE('',#9027,#8998,#9029,.T.);
#9027 = VERTEX_POINT('',#9028);
#9028 = CARTESIAN_POINT('',(25.15,32.15,9.376561699277));
#9029 = SURFACE_CURVE('',#9030,(#9034,#9040),.PCURVE_S1.);
#9030 = LINE('',#9031,#9032);
#9031 = CARTESIAN_POINT('',(25.15,111.45,9.376561699277));
#9032 = VECTOR('',#9033,1.);
#9033 = DIRECTION('',(0.,-1.,2.22044604925E-16));
#9034 = PCURVE('',#7619,#9035);
#9035 = DEFINITIONAL_REPRESENTATION('',(#9036),#9039);
#9036 = B_SPLINE_CURVE_WITH_KNOTS('',1,(#9037,#9038),.UNSPECIFIED.,.F.,
  .F.,(2,2),(72.87,150.03),.PIECEWISE_BEZIER_KNOTS.);
#9037 = CARTESIAN_POINT('',(1.402333975351,72.87));
#9038 = CARTESIAN_POINT('',(1.402333975351,150.03));
#9039 = ( GEOMETRIC_REPRESENTATION_CONTEXT(2) 
PARAMETRIC_REPRESENTATION_CONTEXT() REPRESENTATION_CONTEXT('2D SPACE',''
  ) );
#9040 = PCURVE('',#7893,#9041);
#9041 = DEFINITIONAL_REPRESENTATION('',(#9042),#9045);
#9042 = B_SPLINE_CURVE_WITH_KNOTS('',1,(#9043,#9044),.UNSPECIFIED.,.F.,
  .F.,(2,2),(72.87,150.03),.PIECEWISE_BEZIER_KNOTS.);
#9043 = CARTESIAN_POINT('',(70.73,-4.576561699277));
#9044 = CARTESIAN_POINT('',(-6.43,-4.576561699277));
#9045 = ( GEOMETRIC_REPRESENTATION_CONTEXT(2) 
PARAMETRIC_REPRESENTATION_CONTEXT() REPRESENTATION_CONTEXT('2D SPACE',''
  ) );
#9046 = ORIENTED_EDGE('',*,*,#9047,.T.);
#9047 = EDGE_CURVE('',#9027,#9048,#9050,.T.);
#9048 = VERTEX_POINT('',#9049);
#9049 = CARTESIAN_POINT('',(25.13766532639,32.500990871568,
    9.378658980728));
#9050 = SURFACE_CURVE('',#9051,(#9057,#9066),.PCURVE_S1.);
#9051 = B_SPLINE_CURVE_WITH_KNOTS('',4,(#9052,#9053,#9054,#9055,#9056),
  .UNSPECIFIED.,.F.,.F.,(5,5),(0.,1.),.PIECEWISE_BEZIER_KNOTS.);
#9052 = CARTESIAN_POINT('',(25.15,32.15,9.376561699277));
#9053 = CARTESIAN_POINT('',(25.15,32.237786627498,9.376561699277));
#9054 = CARTESIAN_POINT('',(25.147944936308,32.325573182747,
    9.376911212673));
#9055 = CARTESIAN_POINT('',(25.143834809848,32.413321016827,
    9.377610239743));
#9056 = CARTESIAN_POINT('',(25.13766532639,32.500990871568,
    9.378658980728));
#9057 = PCURVE('',#7619,#9058);
#9058 = DEFINITIONAL_REPRESENTATION('',(#9059),#9065);
#9059 = B_SPLINE_CURVE_WITH_KNOTS('',4,(#9060,#9061,#9062,#9063,#9064),
  .UNSPECIFIED.,.F.,.F.,(5,5),(0.,1.),.PIECEWISE_BEZIER_KNOTS.);
#9060 = CARTESIAN_POINT('',(1.402333975351,79.3));
#9061 = CARTESIAN_POINT('',(1.402333975351,79.212213372502));
#9062 = CARTESIAN_POINT('',(1.402347872507,79.124426817253));
#9063 = CARTESIAN_POINT('',(1.402375666813,79.036678983173));
#9064 = CARTESIAN_POINT('',(1.402417386717,78.949009128432));
#9065 = ( GEOMETRIC_REPRESENTATION_CONTEXT(2) 
PARAMETRIC_REPRESENTATION_CONTEXT() REPRESENTATION_CONTEXT('2D SPACE',''
  ) );
#9066 = PCURVE('',#7926,#9067);
#9067 = DEFINITIONAL_REPRESENTATION('',(#9068),#9074);
#9068 = B_SPLINE_CURVE_WITH_KNOTS('',4,(#9069,#9070,#9071,#9072,#9073),
  .UNSPECIFIED.,.F.,.F.,(5,5),(0.,1.),.PIECEWISE_BEZIER_KNOTS.);
#9069 = CARTESIAN_POINT('',(3.14159265359,-4.576561699277));
#9070 = CARTESIAN_POINT('',(3.12403532809,-4.576561699277));
#9071 = CARTESIAN_POINT('',(3.106478012342,-4.576911212673));
#9072 = CARTESIAN_POINT('',(3.088914030565,-4.577610239743));
#9073 = CARTESIAN_POINT('',(3.071336697483,-4.578658980728));
#9074 = ( GEOMETRIC_REPRESENTATION_CONTEXT(2) 
PARAMETRIC_REPRESENTATION_CONTEXT() REPRESENTATION_CONTEXT('2D SPACE',''
  ) );
#9075 = ORIENTED_EDGE('',*,*,#9076,.T.);
#9076 = EDGE_CURVE('',#9048,#9077,#9079,.T.);
#9077 = VERTEX_POINT('',#9078);
#9078 = CARTESIAN_POINT('',(20.500990871568,37.13766532639,
    10.092427038809));
#9079 = SURFACE_CURVE('',#9080,(#9125,#9198),.PCURVE_S1.);
#9080 = B_SPLINE_CURVE_WITH_KNOTS('',7,(#9081,#9082,#9083,#9084,#9085,
    #9086,#9087,#9088,#9089,#9090,#9091,#9092,#9093,#9094,#9095,#9096,
    #9097,#9098,#9099,#9100,#9101,#9102,#9103,#9104,#9105,#9106,#9107,
    #9108,#9109,#9110,#9111,#9112,#9113,#9114,#9115,#9116,#9117,#9118,
    #9119,#9120,#9121,#9122,#9123,#9124),.UNSPECIFIED.,.F.,.F.,(8,6,6,6,
    6,6,6,8),(0.,0.261380945669,0.45043797762,1.,1.657633712478,
    2.188143879598,2.658932336597,3.203755331004),.UNSPECIFIED.);
#9081 = CARTESIAN_POINT('',(25.13766532639,32.500990871568,
    9.378658980728));
#9082 = CARTESIAN_POINT('',(25.295803614787,32.573100927824,
    9.351777296809));
#9083 = CARTESIAN_POINT('',(25.44701389792,32.653118015281,
    9.325870273586));
#9084 = CARTESIAN_POINT('',(25.591052308289,32.740239914926,
    9.301011320066));
#9085 = CARTESIAN_POINT('',(25.727735643855,32.833694165313,
    9.277263159923));
#9086 = CARTESIAN_POINT('',(25.856940160649,32.932737625362,
    9.254677154376));
#9087 = CARTESIAN_POINT('',(25.978600365387,33.036656037153,
    9.233292625076));
#9088 = CARTESIAN_POINT('',(26.175241806051,33.22295786099,
    9.198557003134));
#9089 = CARTESIAN_POINT('',(26.253874158872,33.30339094047,
    9.184611552548));
#9090 = CARTESIAN_POINT('',(26.328642501307,33.385856081643,
    9.171302598305));
#9091 = CARTESIAN_POINT('',(26.39958695372,33.470161885392,
    9.158631657746));
#9092 = CARTESIAN_POINT('',(26.466749956848,33.556132175828,
    9.146599046334));
#9093 = CARTESIAN_POINT('',(26.530176106567,33.643605877113,
    9.135203931508));
#9094 = CARTESIAN_POINT('',(26.763555739643,33.99065606757,
    9.093167912817));
#9095 = CARTESIAN_POINT('',(26.906046277916,34.260388196664,
    9.067256660467));
#9096 = CARTESIAN_POINT('',(27.018596109755,34.538199982253,
    9.046651088232));
#9097 = CARTESIAN_POINT('',(27.102246276087,34.821520672362,
    9.031269219821));
#9098 = CARTESIAN_POINT('',(27.157759662125,35.108324578977,
    9.021038826646));
#9099 = CARTESIAN_POINT('',(27.185533905933,35.396875623342,
    9.015920314552));
#9100 = CARTESIAN_POINT('',(27.185533905933,36.030957007033,
    9.015920314552));
#9101 = CARTESIAN_POINT('',(27.145762446938,36.376133601138,
    9.023249741535));
#9102 = CARTESIAN_POINT('',(27.066315115283,36.718353959311,
    9.037891037925));
#9103 = CARTESIAN_POINT('',(26.946341921358,37.054653971654,
    9.059930799031));
#9104 = CARTESIAN_POINT('',(26.784262808295,37.381340225784,
    9.089521907736));
#9105 = CARTESIAN_POINT('',(26.578022322766,37.693381556908,
    9.126808302818));
#9106 = CARTESIAN_POINT('',(26.121769899831,38.217534735493,
    9.208144519276));
#9107 = CARTESIAN_POINT('',(25.885716712679,38.439840752236,
    9.249887420464));
#9108 = CARTESIAN_POINT('',(25.617242051314,38.643489672861,
    9.296879092863));
#9109 = CARTESIAN_POINT('',(25.317613681478,38.821658896924,
    9.348653544602));
#9110 = CARTESIAN_POINT('',(24.989336651753,38.967693042434,
    9.404501301395));
#9111 = CARTESIAN_POINT('',(24.636177119607,39.075104591032,
    9.463514182533));
#9112 = CARTESIAN_POINT('',(23.93245012727,39.192894604629,
    9.578864973634));
#9113 = CARTESIAN_POINT('',(23.591789283361,39.211877388488,
    9.633818376807));
#9114 = CARTESIAN_POINT('',(23.249339014633,39.191634079494,
    9.688084665572));
#9115 = CARTESIAN_POINT('',(22.913614197202,39.132350372117,
    9.740303387876));
#9116 = CARTESIAN_POINT('',(22.59276280922,39.037102996621,
    9.789324666769));
#9117 = CARTESIAN_POINT('',(22.293799994857,38.911760504126,
    9.834291398677));
#9118 = CARTESIAN_POINT('',(21.707378754083,38.594957919089,
    9.921328828399));
#9119 = CARTESIAN_POINT('',(21.425722161391,38.394362713394,
    9.96233737604));
#9120 = CARTESIAN_POINT('',(21.177356963354,38.170336570162,
    9.997910295073));
#9121 = CARTESIAN_POINT('',(20.961734272268,37.928534486044,
    10.028386864009));
#9122 = CARTESIAN_POINT('',(20.777878712296,37.673494372362,
    10.054103000346));
#9123 = CARTESIAN_POINT('',(20.624667538569,37.408889860797,
    10.075363623992));
#9124 = CARTESIAN_POINT('',(20.500990871568,37.13766532639,
    10.092427038809));
#9125 = PCURVE('',#7619,#9126);
#9126 = DEFINITIONAL_REPRESENTATION('',(#9127),#9197);
#9127 = B_SPLINE_CURVE_WITH_KNOTS('',3,(#9128,#9129,#9130,#9131,#9132,
    #9133,#9134,#9135,#9136,#9137,#9138,#9139,#9140,#9141,#9142,#9143,
    #9144,#9145,#9146,#9147,#9148,#9149,#9150,#9151,#9152,#9153,#9154,
    #9155,#9156,#9157,#9158,#9159,#9160,#9161,#9162,#9163,#9164,#9165,
    #9166,#9167,#9168,#9169,#9170,#9171,#9172,#9173,#9174,#9175,#9176,
    #9177,#9178,#9179,#9180,#9181,#9182,#9183,#9184,#9185,#9186,#9187,
    #9188,#9189,#9190,#9191,#9192,#9193,#9194,#9195,#9196),
  .UNSPECIFIED.,.F.,.F.,(4,1,1,1,1,1,1,1,1,1,1,1,1,1,1,1,1,1,1,1,1,1,1,1
    ,1,1,1,1,1,1,1,1,1,1,1,1,1,1,1,1,1,1,1,1,1,1,1,1,1,1,1,1,1,1,1,1,1,1
    ,1,1,1,1,1,1,1,1,4),(0.,4.854174743946E-02,9.708349487891E-02,
    0.145625242318,0.194166989758,0.242708737197,0.291250484637,
    0.339792232076,0.388333979516,0.436875726955,0.485417474395,
    0.533959221834,0.582500969273,0.631042716713,0.679584464152,
    0.728126211592,0.776667959031,0.825209706471,0.87375145391,
    0.92229320135,0.970834948789,1.019376696229,1.067918443668,
    1.116460191107,1.165001938547,1.213543685986,1.262085433426,
    1.310627180865,1.359168928305,1.407710675744,1.456252423184,
    1.504794170623,1.553335918063,1.601877665502,1.650419412942,
    1.698961160381,1.74750290782,1.79604465526,1.844586402699,
    1.893128150139,1.941669897578,1.990211645018,2.038753392457,
    2.087295139897,2.135836887336,2.184378634776,2.232920382215,
    2.281462129654,2.330003877094,2.378545624533,2.427087371973,
    2.475629119412,2.524170866852,2.572712614291,2.621254361731,
    2.66979610917,2.71833785661,2.766879604049,2.815421351488,
    2.863963098928,2.912504846367,2.961046593807,3.009588341246,
    3.058130088686,3.106671836125,3.155213583565,3.203755331004),
  .QUASI_UNIFORM_KNOTS.);
#9128 = CARTESIAN_POINT('',(1.402417386717,78.949009128432));
#9129 = CARTESIAN_POINT('',(1.401953959633,78.917759259586));
#9130 = CARTESIAN_POINT('',(1.401049745179,78.851450930436));
#9131 = CARTESIAN_POINT('',(1.399762957944,78.741594671746));
#9132 = CARTESIAN_POINT('',(1.398547475675,78.622387588694));
#9133 = CARTESIAN_POINT('',(1.397404525606,78.494834362685));
#9134 = CARTESIAN_POINT('',(1.396334942806,78.359906301723));
#9135 = CARTESIAN_POINT('',(1.395339287665,78.218572447913));
#9136 = CARTESIAN_POINT('',(1.394415972926,78.071478578635));
#9137 = CARTESIAN_POINT('',(1.393564155797,77.919306722923));
#9138 = CARTESIAN_POINT('',(1.392782814879,77.762671484387));
#9139 = CARTESIAN_POINT('',(1.392070898244,77.602135615593));
#9140 = CARTESIAN_POINT('',(1.391427199808,77.438175921443));
#9141 = CARTESIAN_POINT('',(1.390850645025,77.271240387975));
#9142 = CARTESIAN_POINT('',(1.390340217707,77.101737572706));
#9143 = CARTESIAN_POINT('',(1.389894987815,76.930043758419));
#9144 = CARTESIAN_POINT('',(1.389514115377,76.75650591496));
#9145 = CARTESIAN_POINT('',(1.389196860363,76.581445638003));
#9146 = CARTESIAN_POINT('',(1.388942590628,76.405162481229));
#9147 = CARTESIAN_POINT('',(1.38875078967,76.227937847159));
#9148 = CARTESIAN_POINT('',(1.388621065064,76.050036359229));
#9149 = CARTESIAN_POINT('',(1.388553152424,75.871715859554));
#9150 = CARTESIAN_POINT('',(1.388546934567,75.693204531956));
#9151 = CARTESIAN_POINT('',(1.388602396392,75.514843301951));
#9152 = CARTESIAN_POINT('',(1.388719612315,75.336864603793));
#9153 = CARTESIAN_POINT('',(1.388898815301,75.159514891398));
#9154 = CARTESIAN_POINT('',(1.389140372612,74.983052544658));
#9155 = CARTESIAN_POINT('',(1.389444781059,74.807752177887));
#9156 = CARTESIAN_POINT('',(1.389812656653,74.633907394957));
#9157 = CARTESIAN_POINT('',(1.390244724877,74.461834215267));
#9158 = CARTESIAN_POINT('',(1.390741811547,74.291874290299));
#9159 = CARTESIAN_POINT('',(1.391304827967,74.124399268349));
#9160 = CARTESIAN_POINT('',(1.391934775335,73.959811818192));
#9161 = CARTESIAN_POINT('',(1.392632674615,73.79855997184));
#9162 = CARTESIAN_POINT('',(1.393399771834,73.64110269581));
#9163 = CARTESIAN_POINT('',(1.394236712527,73.488058453918));
#9164 = CARTESIAN_POINT('',(1.39514656022,73.339671860894));
#9165 = CARTESIAN_POINT('',(1.396134135626,73.196186216522));
#9166 = CARTESIAN_POINT('',(1.397197541829,73.058923296738));
#9167 = CARTESIAN_POINT('',(1.398335921741,72.928922618938));
#9168 = CARTESIAN_POINT('',(1.399547484514,72.807288943988));
#9169 = CARTESIAN_POINT('',(1.400830036023,72.695098736281));
#9170 = CARTESIAN_POINT('',(1.402180855464,72.593424426932));
#9171 = CARTESIAN_POINT('',(1.40359666689,72.503329609972));
#9172 = CARTESIAN_POINT('',(1.405073868347,72.425863807017));
#9173 = CARTESIAN_POINT('',(1.406607619094,72.362089128587));
#9174 = CARTESIAN_POINT('',(1.40819522028,72.312980883996));
#9175 = CARTESIAN_POINT('',(1.409823447074,72.279801603851));
#9176 = CARTESIAN_POINT('',(1.411466431184,72.263454744536));
#9177 = CARTESIAN_POINT('',(1.413114913366,72.264089647635));
#9178 = CARTESIAN_POINT('',(1.414755232027,72.281700379969));
#9179 = CARTESIAN_POINT('',(1.416375083486,72.315971906009));
#9180 = CARTESIAN_POINT('',(1.417962163694,72.366323877919));
#9181 = CARTESIAN_POINT('',(1.419504788822,72.43190792821));
#9182 = CARTESIAN_POINT('',(1.420991686954,72.511592532722));
#9183 = CARTESIAN_POINT('',(1.422413094649,72.604043288035));
#9184 = CARTESIAN_POINT('',(1.423757431205,72.707433159216));
#9185 = CARTESIAN_POINT('',(1.425025560279,72.820639025415));
#9186 = CARTESIAN_POINT('',(1.426219756483,72.942846919678));
#9187 = CARTESIAN_POINT('',(1.427339558741,73.073065398116));
#9188 = CARTESIAN_POINT('',(1.428385538424,73.210440570135));
#9189 = CARTESIAN_POINT('',(1.429358241554,73.354165195106));
#9190 = CARTESIAN_POINT('',(1.430258428119,73.503497065093));
#9191 = CARTESIAN_POINT('',(1.431086967705,73.657748749954));
#9192 = CARTESIAN_POINT('',(1.431844830723,73.816285081073));
#9193 = CARTESIAN_POINT('',(1.432533058029,73.978520693377));
#9194 = CARTESIAN_POINT('',(1.433152737632,74.143911871869));
#9195 = CARTESIAN_POINT('',(1.433520905914,74.255952823424));
#9196 = CARTESIAN_POINT('',(1.433693937398,74.31233467361));
#9197 = ( GEOMETRIC_REPRESENTATION_CONTEXT(2) 
PARAMETRIC_REPRESENTATION_CONTEXT() REPRESENTATION_CONTEXT('2D SPACE',''
  ) );
#9198 = PCURVE('',#7959,#9199);
#9199 = DEFINITIONAL_REPRESENTATION('',(#9200),#9270);
#9200 = B_SPLINE_CURVE_WITH_KNOTS('',3,(#9201,#9202,#9203,#9204,#9205,
    #9206,#9207,#9208,#9209,#9210,#9211,#9212,#9213,#9214,#9215,#9216,
    #9217,#9218,#9219,#9220,#9221,#9222,#9223,#9224,#9225,#9226,#9227,
    #9228,#9229,#9230,#9231,#9232,#9233,#9234,#9235,#9236,#9237,#9238,
    #9239,#9240,#9241,#9242,#9243,#9244,#9245,#9246,#9247,#9248,#9249,
    #9250,#9251,#9252,#9253,#9254,#9255,#9256,#9257,#9258,#9259,#9260,
    #9261,#9262,#9263,#9264,#9265,#9266,#9267,#9268,#9269),
  .UNSPECIFIED.,.F.,.F.,(4,1,1,1,1,1,1,1,1,1,1,1,1,1,1,1,1,1,1,1,1,1,1,1
    ,1,1,1,1,1,1,1,1,1,1,1,1,1,1,1,1,1,1,1,1,1,1,1,1,1,1,1,1,1,1,1,1,1,1
    ,1,1,1,1,1,1,1,1,4),(0.,4.854174743946E-02,9.708349487891E-02,
    0.145625242318,0.194166989758,0.242708737197,0.291250484637,
    0.339792232076,0.388333979516,0.436875726955,0.485417474395,
    0.533959221834,0.582500969273,0.631042716713,0.679584464152,
    0.728126211592,0.776667959031,0.825209706471,0.87375145391,
    0.92229320135,0.970834948789,1.019376696229,1.067918443668,
    1.116460191107,1.165001938547,1.213543685986,1.262085433426,
    1.310627180865,1.359168928305,1.407710675744,1.456252423184,
    1.504794170623,1.553335918063,1.601877665502,1.650419412942,
    1.698961160381,1.74750290782,1.79604465526,1.844586402699,
    1.893128150139,1.941669897578,1.990211645018,2.038753392457,
    2.087295139897,2.135836887336,2.184378634776,2.232920382215,
    2.281462129654,2.330003877094,2.378545624533,2.427087371973,
    2.475629119412,2.524170866852,2.572712614291,2.621254361731,
    2.66979610917,2.71833785661,2.766879604049,2.815421351488,
    2.863963098928,2.912504846367,2.961046593807,3.009588341246,
    3.058130088686,3.106671836125,3.155213583565,3.203755331004),
  .QUASI_UNIFORM_KNOTS.);
#9201 = CARTESIAN_POINT('',(5.140216040137,4.578658980728));
#9202 = CARTESIAN_POINT('',(5.161733559593,4.56700942637));
#9203 = CARTESIAN_POINT('',(5.204354617658,4.544184440897));
#9204 = CARTESIAN_POINT('',(5.267083905411,4.511450490822));
#9205 = CARTESIAN_POINT('',(5.328654057775,4.48030560927));
#9206 = CARTESIAN_POINT('',(5.389095916077,4.450819999706));
#9207 = CARTESIAN_POINT('',(5.448437050584,4.423052248377));
#9208 = CARTESIAN_POINT('',(5.506689738451,4.397051902761));
#9209 = CARTESIAN_POINT('',(5.563973462494,4.37280986288));
#9210 = CARTESIAN_POINT('',(5.620358399513,4.350333408543));
#9211 = CARTESIAN_POINT('',(5.67591685317,4.329622411662));
#9212 = CARTESIAN_POINT('',(5.730717895329,4.310673210564));
#9213 = CARTESIAN_POINT('',(5.784840631324,4.293475418594));
#9214 = CARTESIAN_POINT('',(5.838356082673,4.278019628476));
#9215 = CARTESIAN_POINT('',(5.891333393141,4.264295612117));
#9216 = CARTESIAN_POINT('',(5.94383925172,4.252293203));
#9217 = CARTESIAN_POINT('',(5.995938729824,4.242002527834));
#9218 = CARTESIAN_POINT('',(6.047695625215,4.233414383806));
#9219 = CARTESIAN_POINT('',(6.099172916528,4.226520550665));
#9220 = CARTESIAN_POINT('',(6.150432988228,4.22131408439));
#9221 = CARTESIAN_POINT('',(6.201538537571,4.217789616194));
#9222 = CARTESIAN_POINT('',(6.25255099602,4.215943515079));
#9223 = CARTESIAN_POINT('',(6.303538343772,4.215774457387));
#9224 = CARTESIAN_POINT('',(6.354535697509,4.217282201688));
#9225 = CARTESIAN_POINT('',(6.405609533777,4.220467256228));
#9226 = CARTESIAN_POINT('',(6.456823957126,4.225332741351));
#9227 = CARTESIAN_POINT('',(6.508242616269,4.231883697091));
#9228 = CARTESIAN_POINT('',(6.559928767087,4.240126903619));
#9229 = CARTESIAN_POINT('',(6.611945790037,4.250070531869));
#9230 = CARTESIAN_POINT('',(6.664357531395,4.261723796581));
#9231 = CARTESIAN_POINT('',(6.717228768813,4.275096610968));
#9232 = CARTESIAN_POINT('',(6.770625335117,4.290199079435));
#9233 = CARTESIAN_POINT('',(6.824615589158,4.307041488947));
#9234 = CARTESIAN_POINT('',(6.879267088748,4.325632325738));
#9235 = CARTESIAN_POINT('',(6.93466151943,4.345983555494));
#9236 = CARTESIAN_POINT('',(6.990841988622,4.368088693285));
#9237 = CARTESIAN_POINT('',(7.048013386289,4.392002325529));
#9238 = CARTESIAN_POINT('',(7.106448962499,4.417820576445));
#9239 = CARTESIAN_POINT('',(7.166027240231,4.445460087872));
#9240 = CARTESIAN_POINT('',(7.22673867427,4.474863063744));
#9241 = CARTESIAN_POINT('',(7.288555570296,4.505945766465));
#9242 = CARTESIAN_POINT('',(7.351466341978,4.538613133226));
#9243 = CARTESIAN_POINT('',(7.415466721162,4.572756175014));
#9244 = CARTESIAN_POINT('',(7.480559338751,4.608252116144));
#9245 = CARTESIAN_POINT('',(7.54676354294,4.644970780272));
#9246 = CARTESIAN_POINT('',(7.61407677192,4.682753241202));
#9247 = CARTESIAN_POINT('',(7.682620593402,4.721495159307));
#9248 = CARTESIAN_POINT('',(7.752097930485,4.760839101945));
#9249 = CARTESIAN_POINT('',(7.821724766953,4.800140235654));
#9250 = CARTESIAN_POINT('',(7.891446344103,4.839170314714));
#9251 = CARTESIAN_POINT('',(7.961022556336,4.877606407948));
#9252 = CARTESIAN_POINT('',(8.030264068629,4.91517074142));
#9253 = CARTESIAN_POINT('',(8.098962567167,4.95159697806));
#9254 = CARTESIAN_POINT('',(8.166906599083,4.986644079056));
#9255 = CARTESIAN_POINT('',(8.233859987716,5.020090360054));
#9256 = CARTESIAN_POINT('',(8.299603024865,5.051756145117));
#9257 = CARTESIAN_POINT('',(8.363758412319,5.08142879359));
#9258 = CARTESIAN_POINT('',(8.426473751288,5.109173766731));
#9259 = CARTESIAN_POINT('',(8.487956847108,5.135083029858));
#9260 = CARTESIAN_POINT('',(8.54826180288,5.159185911036));
#9261 = CARTESIAN_POINT('',(8.607475441479,5.181531700425));
#9262 = CARTESIAN_POINT('',(8.665668829928,5.202166294578));
#9263 = CARTESIAN_POINT('',(8.72291144712,5.221137402554));
#9264 = CARTESIAN_POINT('',(8.779268353657,5.238492246305));
#9265 = CARTESIAN_POINT('',(8.834801788959,5.254277433046));
#9266 = CARTESIAN_POINT('',(8.889571470615,5.268538280702));
#9267 = CARTESIAN_POINT('',(8.943635336506,5.281318718808));
#9268 = CARTESIAN_POINT('',(8.979244906205,5.288879518691));
#9269 = CARTESIAN_POINT('',(8.996950901017,5.292427038809));
#9270 = ( GEOMETRIC_REPRESENTATION_CONTEXT(2) 
PARAMETRIC_REPRESENTATION_CONTEXT() REPRESENTATION_CONTEXT('2D SPACE',''
  ) );
#9271 = ORIENTED_EDGE('',*,*,#9272,.T.);
#9272 = EDGE_CURVE('',#9077,#9273,#9275,.T.);
#9273 = VERTEX_POINT('',#9274);
#9274 = CARTESIAN_POINT('',(20.15,37.15,10.1404302335));
#9275 = SURFACE_CURVE('',#9276,(#9282,#9291),.PCURVE_S1.);
#9276 = B_SPLINE_CURVE_WITH_KNOTS('',4,(#9277,#9278,#9279,#9280,#9281),
  .UNSPECIFIED.,.F.,.F.,(5,5),(0.,1.),.PIECEWISE_BEZIER_KNOTS.);
#9277 = CARTESIAN_POINT('',(20.500990871568,37.13766532639,
    10.092427038809));
#9278 = CARTESIAN_POINT('',(20.413542224365,37.143819243081,
    10.10449214841));
#9279 = CARTESIAN_POINT('',(20.325804609187,37.147939079456,
    10.116527201855));
#9280 = CARTESIAN_POINT('',(20.237911093776,37.15,10.128512826259));
#9281 = CARTESIAN_POINT('',(20.15,37.15,10.1404302335));
#9282 = PCURVE('',#7619,#9283);
#9283 = DEFINITIONAL_REPRESENTATION('',(#9284),#9290);
#9284 = B_SPLINE_CURVE_WITH_KNOTS('',4,(#9285,#9286,#9287,#9288,#9289),
  .UNSPECIFIED.,.F.,.F.,(5,5),(0.,1.),.PIECEWISE_BEZIER_KNOTS.);
#9285 = CARTESIAN_POINT('',(1.433693937398,74.31233467361));
#9286 = CARTESIAN_POINT('',(1.434282450884,74.306180756919));
#9287 = CARTESIAN_POINT('',(1.434872845359,74.302060920544));
#9288 = CARTESIAN_POINT('',(1.435464224926,74.3));
#9289 = CARTESIAN_POINT('',(1.436055659529,74.3));
#9290 = ( GEOMETRIC_REPRESENTATION_CONTEXT(2) 
PARAMETRIC_REPRESENTATION_CONTEXT() REPRESENTATION_CONTEXT('2D SPACE',''
  ) );
#9291 = PCURVE('',#7992,#9292);
#9292 = DEFINITIONAL_REPRESENTATION('',(#9293),#9299);
#9293 = B_SPLINE_CURVE_WITH_KNOTS('',4,(#9294,#9295,#9296,#9297,#9298),
  .UNSPECIFIED.,.F.,.F.,(5,5),(0.,1.),.PIECEWISE_BEZIER_KNOTS.);
#9294 = CARTESIAN_POINT('',(1.641052282901,-5.292427038809));
#9295 = CARTESIAN_POINT('',(1.623519300738,-5.30449214841));
#9296 = CARTESIAN_POINT('',(1.605957237055,-5.316527201855));
#9297 = CARTESIAN_POINT('',(1.58837854555,-5.328512826259));
#9298 = CARTESIAN_POINT('',(1.570796326795,-5.3404302335));
#9299 = ( GEOMETRIC_REPRESENTATION_CONTEXT(2) 
PARAMETRIC_REPRESENTATION_CONTEXT() REPRESENTATION_CONTEXT('2D SPACE',''
  ) );
#9300 = ORIENTED_EDGE('',*,*,#9301,.T.);
#9301 = EDGE_CURVE('',#9273,#9302,#9304,.T.);
#9302 = VERTEX_POINT('',#9303);
#9303 = CARTESIAN_POINT('',(-20.15,37.15,10.1404302335));
#9304 = SURFACE_CURVE('',#9305,(#9310,#9317),.PCURVE_S1.);
#9305 = CIRCLE('',#9306,150.);
#9306 = AXIS2_PLACEMENT_3D('',#9307,#9308,#9309);
#9307 = CARTESIAN_POINT('',(0.,37.15,-138.5));
#9308 = DIRECTION('',(0.,-1.,2.22044604925E-16));
#9309 = DIRECTION('',(1.,0.,0.));
#9310 = PCURVE('',#7619,#9311);
#9311 = DEFINITIONAL_REPRESENTATION('',(#9312),#9316);
#9312 = LINE('',#9313,#9314);
#9313 = CARTESIAN_POINT('',(0.,74.3));
#9314 = VECTOR('',#9315,1.);
#9315 = DIRECTION('',(1.,0.));
#9316 = ( GEOMETRIC_REPRESENTATION_CONTEXT(2) 
PARAMETRIC_REPRESENTATION_CONTEXT() REPRESENTATION_CONTEXT('2D SPACE',''
  ) );
#9317 = PCURVE('',#8020,#9318);
#9318 = DEFINITIONAL_REPRESENTATION('',(#9319),#9327);
#9319 = ( BOUNDED_CURVE() B_SPLINE_CURVE(2,(#9320,#9321,#9322,#9323,
#9324,#9325,#9326),.UNSPECIFIED.,.T.,.F.) B_SPLINE_CURVE_WITH_KNOTS((1,2
    ,2,2,2,1),(-2.094395102393,0.,2.094395102393,4.188790204786,
6.28318530718,8.377580409573),.UNSPECIFIED.) CURVE() 
GEOMETRIC_REPRESENTATION_ITEM() RATIONAL_B_SPLINE_CURVE((1.,0.5,1.,0.5,
1.,0.5,1.)) REPRESENTATION_ITEM('') );
#9320 = CARTESIAN_POINT('',(170.15,143.3));
#9321 = CARTESIAN_POINT('',(170.15,-116.5076211353));
#9322 = CARTESIAN_POINT('',(-54.85,13.396189432334));
#9323 = CARTESIAN_POINT('',(-279.85,143.3));
#9324 = CARTESIAN_POINT('',(-54.85,273.20381056766));
#9325 = CARTESIAN_POINT('',(170.15,403.10762113533));
#9326 = CARTESIAN_POINT('',(170.15,143.3));
#9327 = ( GEOMETRIC_REPRESENTATION_CONTEXT(2) 
PARAMETRIC_REPRESENTATION_CONTEXT() REPRESENTATION_CONTEXT('2D SPACE',''
  ) );
#9328 = ORIENTED_EDGE('',*,*,#9329,.T.);
#9329 = EDGE_CURVE('',#9302,#9330,#9332,.T.);
#9330 = VERTEX_POINT('',#9331);
#9331 = CARTESIAN_POINT('',(-20.50099087156,37.13766532639,
    10.092427038809));
#9332 = SURFACE_CURVE('',#9333,(#9339,#9348),.PCURVE_S1.);
#9333 = B_SPLINE_CURVE_WITH_KNOTS('',4,(#9334,#9335,#9336,#9337,#9338),
  .UNSPECIFIED.,.F.,.F.,(5,5),(0.,1.),.PIECEWISE_BEZIER_KNOTS.);
#9334 = CARTESIAN_POINT('',(-20.15,37.15,10.1404302335));
#9335 = CARTESIAN_POINT('',(-20.23791109377,37.15,10.128512826259));
#9336 = CARTESIAN_POINT('',(-20.32580460918,37.147939079456,
    10.116527201855));
#9337 = CARTESIAN_POINT('',(-20.41354222436,37.143819243081,
    10.10449214841));
#9338 = CARTESIAN_POINT('',(-20.50099087156,37.13766532639,
    10.092427038809));
#9339 = PCURVE('',#7619,#9340);
#9340 = DEFINITIONAL_REPRESENTATION('',(#9341),#9347);
#9341 = B_SPLINE_CURVE_WITH_KNOTS('',4,(#9342,#9343,#9344,#9345,#9346),
  .UNSPECIFIED.,.F.,.F.,(5,5),(0.,1.),.PIECEWISE_BEZIER_KNOTS.);
#9342 = CARTESIAN_POINT('',(1.705536994061,74.3));
#9343 = CARTESIAN_POINT('',(1.706128428664,74.3));
#9344 = CARTESIAN_POINT('',(1.706719808231,74.302060920544));
#9345 = CARTESIAN_POINT('',(1.707310202706,74.306180756919));
#9346 = CARTESIAN_POINT('',(1.707898716191,74.31233467361));
#9347 = ( GEOMETRIC_REPRESENTATION_CONTEXT(2) 
PARAMETRIC_REPRESENTATION_CONTEXT() REPRESENTATION_CONTEXT('2D SPACE',''
  ) );
#9348 = PCURVE('',#8053,#9349);
#9349 = DEFINITIONAL_REPRESENTATION('',(#9350),#9356);
#9350 = B_SPLINE_CURVE_WITH_KNOTS('',4,(#9351,#9352,#9353,#9354,#9355),
  .UNSPECIFIED.,.F.,.F.,(5,5),(0.,1.),.PIECEWISE_BEZIER_KNOTS.);
#9351 = CARTESIAN_POINT('',(1.570796326795,-5.3404302335));
#9352 = CARTESIAN_POINT('',(1.55321410804,-5.328512826259));
#9353 = CARTESIAN_POINT('',(1.535635416535,-5.316527201855));
#9354 = CARTESIAN_POINT('',(1.518073352851,-5.30449214841));
#9355 = CARTESIAN_POINT('',(1.500540370688,-5.292427038809));
#9356 = ( GEOMETRIC_REPRESENTATION_CONTEXT(2) 
PARAMETRIC_REPRESENTATION_CONTEXT() REPRESENTATION_CONTEXT('2D SPACE',''
  ) );
#9357 = ORIENTED_EDGE('',*,*,#9358,.T.);
#9358 = EDGE_CURVE('',#9330,#8488,#9359,.T.);
#9359 = SURFACE_CURVE('',#9360,(#9405,#9453),.PCURVE_S1.);
#9360 = B_SPLINE_CURVE_WITH_KNOTS('',7,(#9361,#9362,#9363,#9364,#9365,
    #9366,#9367,#9368,#9369,#9370,#9371,#9372,#9373,#9374,#9375,#9376,
    #9377,#9378,#9379,#9380,#9381,#9382,#9383,#9384,#9385,#9386,#9387,
    #9388,#9389,#9390,#9391,#9392,#9393,#9394,#9395,#9396,#9397,#9398,
    #9399,#9400,#9401,#9402,#9403,#9404),.UNSPECIFIED.,.F.,.F.,(8,6,6,6,
    6,6,6,8),(0.,0.198787102622,0.363177787256,0.539191050516,
    0.687890823757,0.813097987301,0.918502990576,1.),.UNSPECIFIED.);
#9361 = CARTESIAN_POINT('',(-20.50099087156,37.13766532639,
    10.092427038809));
#9362 = CARTESIAN_POINT('',(-20.64546565523,37.454500400328,
    10.072494150706));
#9363 = CARTESIAN_POINT('',(-20.83064730105,37.763185250708,
    10.046777956878));
#9364 = CARTESIAN_POINT('',(-21.05843370761,38.058346480335,
    10.014847562991));
#9365 = CARTESIAN_POINT('',(-21.33045680201,38.333403369733,
    9.97622175551));
#9366 = CARTESIAN_POINT('',(-21.6476480236,38.580227577834,
    9.930420563479));
#9367 = CARTESIAN_POINT('',(-22.00988367377,38.788896449778,
    9.876994668493));
#9368 = CARTESIAN_POINT('',(-22.74926534837,39.077056178355,
    9.765253830479));
#9369 = CARTESIAN_POINT('',(-23.11246272269,39.172448276969,
    9.709463369571));
#9370 = CARTESIAN_POINT('',(-23.4942207914,39.222502210549,
    9.649690105839));
#9371 = CARTESIAN_POINT('',(-23.88222457127,39.222138346676,
    9.587636957348));
#9372 = CARTESIAN_POINT('',(-24.26335087685,39.171487101878,
    9.525403885643));
#9373 = CARTESIAN_POINT('',(-24.62533558079,39.075891261222,
    9.46522179524));
#9374 = CARTESIAN_POINT('',(-25.31477919616,38.806753645821,
    9.348884538407));
#9375 = CARTESIAN_POINT('',(-25.63866948672,38.627912110952,
    9.293200056243));
#9376 = CARTESIAN_POINT('',(-25.92798371982,38.418016315431,
    9.242656747403));
#9377 = CARTESIAN_POINT('',(-26.18222440522,38.18413390925,
    9.197664941069));
#9378 = CARTESIAN_POINT('',(-26.40172540824,37.93222683774,
    9.158426369824));
#9379 = CARTESIAN_POINT('',(-26.58733809537,37.667380255615,
    9.12498979647));
#9380 = CARTESIAN_POINT('',(-26.8694910188,37.162859949288,
    9.073871994738));
#9381 = CARTESIAN_POINT('',(-26.97587276783,36.924783343327,
    9.054462450254));
#9382 = CARTESIAN_POINT('',(-27.06016007461,36.681609865242,
    9.039006102697));
#9383 = CARTESIAN_POINT('',(-27.12294956676,36.434884496909,
    9.027453888514));
#9384 = CARTESIAN_POINT('',(-27.16466704604,36.185883058343,
    9.019765851038));
#9385 = CARTESIAN_POINT('',(-27.18553390593,35.935733487825,
    9.015920314552));
#9386 = CARTESIAN_POINT('',(-27.18553390593,35.474862569413,
    9.015920314552));
#9387 = CARTESIAN_POINT('',(-27.17073970608,35.264212962563,
    9.018646798904));
#9388 = CARTESIAN_POINT('',(-27.14115712909,35.054250316981,
    9.024098389163));
#9389 = CARTESIAN_POINT('',(-27.09667734011,34.845652169898,9.0322858611
    ));
#9390 = CARTESIAN_POINT('',(-27.03708811689,34.639158173021,
    9.043228983702));
#9391 = CARTESIAN_POINT('',(-26.96208511992,34.43561990137,9.05695335819
    ));
#9392 = CARTESIAN_POINT('',(-26.79484200417,34.068044329897,
    9.087406234272));
#9393 = CARTESIAN_POINT('',(-26.70719113623,33.902822970061,
    9.103318612381));
#9394 = CARTESIAN_POINT('',(-26.60809944189,33.741004083493,
    9.121241370174));
#9395 = CARTESIAN_POINT('',(-26.49730309544,33.583302484167,
    9.141190920982));
#9396 = CARTESIAN_POINT('',(-26.37452681553,33.430558266812,
    9.163178569423));
#9397 = CARTESIAN_POINT('',(-26.23950511843,33.283764774558,
    9.187205968182));
#9398 = CARTESIAN_POINT('',(-25.97795836842,33.03610794264,
    9.233405467868));
#9399 = CARTESIAN_POINT('',(-25.85637214574,32.932302254776,
    9.254776446884));
#9400 = CARTESIAN_POINT('',(-25.72725399507,32.833364676571,
    9.277346846175));
#9401 = CARTESIAN_POINT('',(-25.59067006877,32.74000847827,
    9.301077292848));
#9402 = CARTESIAN_POINT('',(-25.44674473489,32.652975434228,
    9.325916392541));
#9403 = CARTESIAN_POINT('',(-25.2956617324,32.573036230358,
    9.351801415177));
#9404 = CARTESIAN_POINT('',(-25.13766532639,32.500990871568,
    9.378658980728));
#9405 = PCURVE('',#7619,#9406);
#9406 = DEFINITIONAL_REPRESENTATION('',(#9407),#9452);
#9407 = B_SPLINE_CURVE_WITH_KNOTS('',7,(#9408,#9409,#9410,#9411,#9412,
    #9413,#9414,#9415,#9416,#9417,#9418,#9419,#9420,#9421,#9422,#9423,
    #9424,#9425,#9426,#9427,#9428,#9429,#9430,#9431,#9432,#9433,#9434,
    #9435,#9436,#9437,#9438,#9439,#9440,#9441,#9442,#9443,#9444,#9445,
    #9446,#9447,#9448,#9449,#9450,#9451),.UNSPECIFIED.,.F.,.F.,(8,6,6,6,
    6,6,6,8),(0.,0.198787102622,0.363177787256,0.539191050516,
    0.687890823757,0.813097987301,0.918502990576,1.),.UNSPECIFIED.);
#9408 = CARTESIAN_POINT('',(1.707898716191,74.31233467361));
#9409 = CARTESIAN_POINT('',(1.708871005201,73.995499599672));
#9410 = CARTESIAN_POINT('',(1.710117396234,73.686814749292));
#9411 = CARTESIAN_POINT('',(1.71165081714,73.391653519665));
#9412 = CARTESIAN_POINT('',(1.713482489775,73.116596630267));
#9413 = CARTESIAN_POINT('',(1.71561901622,72.869772422166));
#9414 = CARTESIAN_POINT('',(1.718060029595,72.661103550222));
#9415 = CARTESIAN_POINT('',(1.723045213312,72.372943821645));
#9416 = CARTESIAN_POINT('',(1.725494921811,72.277551723031));
#9417 = CARTESIAN_POINT('',(1.728070965443,72.227497789451));
#9418 = CARTESIAN_POINT('',(1.730690502664,72.227861653324));
#9419 = CARTESIAN_POINT('',(1.733264977164,72.278512898122));
#9420 = CARTESIAN_POINT('',(1.735711326128,72.374108738778));
#9421 = CARTESIAN_POINT('',(1.740372593749,72.643246354179));
#9422 = CARTESIAN_POINT('',(1.742563531116,72.822087889048));
#9423 = CARTESIAN_POINT('',(1.744521494698,73.031983684569));
#9424 = CARTESIAN_POINT('',(1.746242762791,73.26586609075));
#9425 = CARTESIAN_POINT('',(1.747729297958,73.51777316226));
#9426 = CARTESIAN_POINT('',(1.748986632694,73.782619744385));
#9427 = CARTESIAN_POINT('',(1.750898273081,74.287140050712));
#9428 = CARTESIAN_POINT('',(1.751619191912,74.525216656673));
#9429 = CARTESIAN_POINT('',(1.752190476742,74.768390134758));
#9430 = CARTESIAN_POINT('',(1.752616099104,75.015115503091));
#9431 = CARTESIAN_POINT('',(1.752898898904,75.264116941657));
#9432 = CARTESIAN_POINT('',(1.753040353885,75.514266512175));
#9433 = CARTESIAN_POINT('',(1.753040353885,75.975137430587));
#9434 = CARTESIAN_POINT('',(1.752940064975,76.185787037437));
#9435 = CARTESIAN_POINT('',(1.752739526918,76.395749683019));
#9436 = CARTESIAN_POINT('',(1.752438013234,76.604347830102));
#9437 = CARTESIAN_POINT('',(1.752034108663,76.810841826979));
#9438 = CARTESIAN_POINT('',(1.751525786625,77.01438009863));
#9439 = CARTESIAN_POINT('',(1.750392499618,77.381955670103));
#9440 = CARTESIAN_POINT('',(1.749798609398,77.547177029939));
#9441 = CARTESIAN_POINT('',(1.749127279617,77.708995916507));
#9442 = CARTESIAN_POINT('',(1.748376759824,77.866697515833));
#9443 = CARTESIAN_POINT('',(1.74754522994,78.019441733188));
#9444 = CARTESIAN_POINT('',(1.746630944676,78.166235225442));
#9445 = CARTESIAN_POINT('',(1.744860306421,78.41389205736));
#9446 = CARTESIAN_POINT('',(1.744037306015,78.517697745224));
#9447 = CARTESIAN_POINT('',(1.743163466603,78.616635323429));
#9448 = CARTESIAN_POINT('',(1.742239266927,78.70999152173));
#9449 = CARTESIAN_POINT('',(1.741265581268,78.797024565772));
#9450 = CARTESIAN_POINT('',(1.740243686123,78.876963769642));
#9451 = CARTESIAN_POINT('',(1.739175266872,78.949009128432));
#9452 = ( GEOMETRIC_REPRESENTATION_CONTEXT(2) 
PARAMETRIC_REPRESENTATION_CONTEXT() REPRESENTATION_CONTEXT('2D SPACE',''
  ) );
#9453 = PCURVE('',#8082,#9454);
#9454 = DEFINITIONAL_REPRESENTATION('',(#9455),#9500);
#9455 = B_SPLINE_CURVE_WITH_KNOTS('',7,(#9456,#9457,#9458,#9459,#9460,
    #9461,#9462,#9463,#9464,#9465,#9466,#9467,#9468,#9469,#9470,#9471,
    #9472,#9473,#9474,#9475,#9476,#9477,#9478,#9479,#9480,#9481,#9482,
    #9483,#9484,#9485,#9486,#9487,#9488,#9489,#9490,#9491,#9492,#9493,
    #9494,#9495,#9496,#9497,#9498,#9499),.UNSPECIFIED.,.F.,.F.,(8,6,6,6,
    6,6,6,8),(0.,0.198787102622,0.363177787256,0.539191050516,
    0.687890823757,0.813097987301,0.918502990576,1.),.UNSPECIFIED.);
#9456 = CARTESIAN_POINT('',(0.427827059752,5.292427038809));
#9457 = CARTESIAN_POINT('',(0.527318594493,5.272494150706));
#9458 = CARTESIAN_POINT('',(0.629516437592,5.246777956878));
#9459 = CARTESIAN_POINT('',(0.73485994712,5.214847562991));
#9460 = CARTESIAN_POINT('',(0.843824935667,5.17622175551));
#9461 = CARTESIAN_POINT('',(0.956991833337,5.130420563479));
#9462 = CARTESIAN_POINT('',(1.075073092413,5.076994668493));
#9463 = CARTESIAN_POINT('',(1.301801607568,4.965253830479));
#9464 = CARTESIAN_POINT('',(1.408385833254,4.909463369571));
#9465 = CARTESIAN_POINT('',(1.516972577936,4.849690105839));
#9466 = CARTESIAN_POINT('',(1.626136738583,4.787636957348));
#9467 = CARTESIAN_POINT('',(1.734576606594,4.725403885643));
#9468 = CARTESIAN_POINT('',(1.84085244701,4.66522179524));
#9469 = CARTESIAN_POINT('',(2.05231336245,4.548884538407));
#9470 = CARTESIAN_POINT('',(2.157099456166,4.493200056243));
#9471 = CARTESIAN_POINT('',(2.258043417794,4.442656747403));
#9472 = CARTESIAN_POINT('',(2.355618912873,4.397664941069));
#9473 = CARTESIAN_POINT('',(2.4502204669,4.358426369824));
#9474 = CARTESIAN_POINT('',(2.542149585715,4.32498979647));
#9475 = CARTESIAN_POINT('',(2.707309004482,4.273871994738));
#9476 = CARTESIAN_POINT('',(2.781513503555,4.254462450254));
#9477 = CARTESIAN_POINT('',(2.854613578328,4.239006102697));
#9478 = CARTESIAN_POINT('',(2.926896263841,4.227453888514));
#9479 = CARTESIAN_POINT('',(2.998635564081,4.219765851038));
#9480 = CARTESIAN_POINT('',(3.070107058763,4.215920314552));
#9481 = CARTESIAN_POINT('',(3.201784464024,4.215920314552));
#9482 = CARTESIAN_POINT('',(3.261969878131,4.218646798904));
#9483 = CARTESIAN_POINT('',(3.32231566228,4.224098389163));
#9484 = CARTESIAN_POINT('',(3.382983620044,4.2322858611));
#9485 = CARTESIAN_POINT('',(3.444136505062,4.243228983702));
#9486 = CARTESIAN_POINT('',(3.505943933897,4.25695335819));
#9487 = CARTESIAN_POINT('',(3.621325133692,4.287406234272));
#9488 = CARTESIAN_POINT('',(3.67466378796,4.303318612381));
#9489 = CARTESIAN_POINT('',(3.728711713417,4.321241370174));
#9490 = CARTESIAN_POINT('',(3.783577201304,4.341190920982));
#9491 = CARTESIAN_POINT('',(3.839373536682,4.363178569423));
#9492 = CARTESIAN_POINT('',(3.896223152722,4.387205968182));
#9493 = CARTESIAN_POINT('',(3.999136077612,4.433405467868));
#9494 = CARTESIAN_POINT('',(4.044753016576,4.454776446884));
#9495 = CARTESIAN_POINT('',(4.091124155354,4.477346846175));
#9496 = CARTESIAN_POINT('',(4.138264771588,4.501077292848));
#9497 = CARTESIAN_POINT('',(4.18619623836,4.525916392541));
#9498 = CARTESIAN_POINT('',(4.234948395455,4.551801415177));
#9499 = CARTESIAN_POINT('',(4.284561920633,4.578658980728));
#9500 = ( GEOMETRIC_REPRESENTATION_CONTEXT(2) 
PARAMETRIC_REPRESENTATION_CONTEXT() REPRESENTATION_CONTEXT('2D SPACE',''
  ) );
#9501 = FACE_BOUND('',#9502,.T.);
#9502 = EDGE_LOOP('',(#9503));
#9503 = ORIENTED_EDGE('',*,*,#9504,.F.);
#9504 = EDGE_CURVE('',#9505,#9505,#9507,.T.);
#9505 = VERTEX_POINT('',#9506);
#9506 = CARTESIAN_POINT('',(25.985533905933,35.685533905933,
    9.23202776522));
#9507 = SURFACE_CURVE('',#9508,(#9553,#9601),.PCURVE_S1.);
#9508 = B_SPLINE_CURVE_WITH_KNOTS('',7,(#9509,#9510,#9511,#9512,#9513,
    #9514,#9515,#9516,#9517,#9518,#9519,#9520,#9521,#9522,#9523,#9524,
    #9525,#9526,#9527,#9528,#9529,#9530,#9531,#9532,#9533,#9534,#9535,
    #9536,#9537,#9538,#9539,#9540,#9541,#9542,#9543,#9544,#9545,#9546,
    #9547,#9548,#9549,#9550,#9551,#9552),.UNSPECIFIED.,.T.,.F.,(8,6,6,6,
    6,6,6,8),(0.,0.153158678145,0.2858491768,0.421826128664,
    0.589267726757,0.714672707875,0.837642588368,1.),.UNSPECIFIED.);
#9509 = CARTESIAN_POINT('',(25.985533905933,35.685533905933,
    9.23202776522));
#9510 = CARTESIAN_POINT('',(25.985533905933,35.96024456497,9.23202776522
    ));
#9511 = CARTESIAN_POINT('',(25.94725372311,36.234802631882,9.23876107338
    ));
#9512 = CARTESIAN_POINT('',(25.870772856941,36.505893800441,
    9.252213978903));
#9513 = CARTESIAN_POINT('',(25.754912416142,36.769868246492,
    9.272528510637));
#9514 = CARTESIAN_POINT('',(25.597807210635,37.021711360377,
    9.299906571061));
#9515 = CARTESIAN_POINT('',(25.397191195604,37.254551171593,
    9.334518075709));
#9516 = CARTESIAN_POINT('',(24.938846648892,37.633726756677,
    9.412475826865));
#9517 = CARTESIAN_POINT('',(24.68461500129,37.793851490951,
    9.455349234554));
#9518 = CARTESIAN_POINT('',(24.393894829227,37.919666505849,
    9.503805292575));
#9519 = CARTESIAN_POINT('',(24.077092170534,37.998361639239,
    9.555787893306));
#9520 = CARTESIAN_POINT('',(23.748292139128,38.022936424925,
    9.608754396613));
#9521 = CARTESIAN_POINT('',(23.422584517904,37.992622482361,
    9.660319793698));
#9522 = CARTESIAN_POINT('',(22.796855634228,37.831962611612,
    9.757904025342));
#9523 = CARTESIAN_POINT('',(22.509333908377,37.702155182166,
    9.801935154939));
#9524 = CARTESIAN_POINT('',(22.25593365356,37.535091315399,
    9.840105690882));
#9525 = CARTESIAN_POINT('',(22.038782535433,37.340105913128,
    9.872390329913));
#9526 = CARTESIAN_POINT('',(21.858435097351,37.125381890807,
    9.898941944421));
#9527 = CARTESIAN_POINT('',(21.714235074057,36.898170355503,9.9200266384
    ));
#9528 = CARTESIAN_POINT('',(21.469220131803,36.377487099174,
    9.955687854609));
#9529 = CARTESIAN_POINT('',(21.384373911949,36.077038652557,
    9.967890249984));
#9530 = CARTESIAN_POINT('',(21.34699555808,35.770370336614,
    9.973233879867));
#9531 = CARTESIAN_POINT('',(21.3559089959,35.461990295242,9.971958007087
    ));
#9532 = CARTESIAN_POINT('',(21.411462572631,35.156439052146,
    9.964004018147));
#9533 = CARTESIAN_POINT('',(21.515303376654,34.858944486142,
    9.949035600703));
#9534 = CARTESIAN_POINT('',(21.785909581183,34.366713627431,
    9.909527518855));
#9535 = CARTESIAN_POINT('',(21.931651030615,34.162531051158,
    9.888141683719));
#9536 = CARTESIAN_POINT('',(22.108485069864,33.970558074373,
    9.862008601031));
#9537 = CARTESIAN_POINT('',(22.316632547146,33.796965600304,
    9.830949999401));
#9538 = CARTESIAN_POINT('',(22.555263452509,33.648493197987,
    9.794896945241));
#9539 = CARTESIAN_POINT('',(22.822277397044,33.532578000959,
    9.753939427805));
#9540 = CARTESIAN_POINT('',(23.399161088389,33.384459444014,
    9.66397274537));
#9541 = CARTESIAN_POINT('',(23.700189725457,33.352706196704,
    9.616368505003));
#9542 = CARTESIAN_POINT('',(24.00542151993,33.367958739751,9.56732363239
    ));
#9543 = CARTESIAN_POINT('',(24.302294593145,33.430264116502,
    9.51880723541));
#9544 = CARTESIAN_POINT('',(24.578825858592,33.534554709436,
    9.472936449227));
#9545 = CARTESIAN_POINT('',(24.825663747928,33.670930375341,
    9.431513052513));
#9546 = CARTESIAN_POINT('',(25.317048633085,34.027942392027,
    9.348325895613));
#9547 = CARTESIAN_POINT('',(25.545548959926,34.268850782704,9.3090082945
    ));
#9548 = CARTESIAN_POINT('',(25.724145231,34.533463090329,9.27792185866)
  );
#9549 = CARTESIAN_POINT('',(25.855578965438,34.812971463225,
    9.254886677857));
#9550 = CARTESIAN_POINT('',(25.942187319655,35.101034315646,
    9.239652199093));
#9551 = CARTESIAN_POINT('',(25.985533905933,35.39320977958,9.23202776522
    ));
#9552 = CARTESIAN_POINT('',(25.985533905933,35.685533905933,
    9.23202776522));
#9553 = PCURVE('',#7619,#9554);
#9554 = DEFINITIONAL_REPRESENTATION('',(#9555),#9600);
#9555 = B_SPLINE_CURVE_WITH_KNOTS('',7,(#9556,#9557,#9558,#9559,#9560,
    #9561,#9562,#9563,#9564,#9565,#9566,#9567,#9568,#9569,#9570,#9571,
    #9572,#9573,#9574,#9575,#9576,#9577,#9578,#9579,#9580,#9581,#9582,
    #9583,#9584,#9585,#9586,#9587,#9588,#9589,#9590,#9591,#9592,#9593,
    #9594,#9595,#9596,#9597,#9598,#9599),.UNSPECIFIED.,.T.,.F.,(8,6,6,6,
    6,6,6,8),(0.,0.153158678145,0.2858491768,0.421826128664,
    0.589267726757,0.714672707875,0.837642588368,1.),.UNSPECIFIED.);
#9556 = CARTESIAN_POINT('',(1.396681015926,75.764466094067));
#9557 = CARTESIAN_POINT('',(1.396681015926,75.48975543503));
#9558 = CARTESIAN_POINT('',(1.396940134933,75.215197368118));
#9559 = CARTESIAN_POINT('',(1.397457835125,74.944106199559));
#9560 = CARTESIAN_POINT('',(1.398242020978,74.680131753508));
#9561 = CARTESIAN_POINT('',(1.399305172336,74.428288639623));
#9562 = CARTESIAN_POINT('',(1.400662367296,74.195448828407));
#9563 = CARTESIAN_POINT('',(1.403761880767,73.816273243323));
#9564 = CARTESIAN_POINT('',(1.405480688138,73.656148509049));
#9565 = CARTESIAN_POINT('',(1.407445554205,73.530333494151));
#9566 = CARTESIAN_POINT('',(1.409585800418,73.451638360761));
#9567 = CARTESIAN_POINT('',(1.41180604629,73.427063575075));
#9568 = CARTESIAN_POINT('',(1.414004468686,73.457377517639));
#9569 = CARTESIAN_POINT('',(1.418226418305,73.618037388388));
#9570 = CARTESIAN_POINT('',(1.420165568673,73.747844817834));
#9571 = CARTESIAN_POINT('',(1.421873955007,73.914908684601));
#9572 = CARTESIAN_POINT('',(1.423337538493,74.109894086872));
#9573 = CARTESIAN_POINT('',(1.424552814014,74.324618109193));
#9574 = CARTESIAN_POINT('',(1.425524369527,74.551829644497));
#9575 = CARTESIAN_POINT('',(1.427175013095,75.072512900826));
#9576 = CARTESIAN_POINT('',(1.427746473554,75.372961347443));
#9577 = CARTESIAN_POINT('',(1.427998196476,75.679629663386));
#9578 = CARTESIAN_POINT('',(1.427938167845,75.988009704758));
#9579 = CARTESIAN_POINT('',(1.427564033482,76.293560947854));
#9580 = CARTESIAN_POINT('',(1.426864607357,76.591055513858));
#9581 = CARTESIAN_POINT('',(1.425041440315,77.083286372569));
#9582 = CARTESIAN_POINT('',(1.424059426216,77.287468948842));
#9583 = CARTESIAN_POINT('',(1.422867729812,77.479441925627));
#9584 = CARTESIAN_POINT('',(1.421464719726,77.653034399696));
#9585 = CARTESIAN_POINT('',(1.419855798568,77.801506802013));
#9586 = CARTESIAN_POINT('',(1.418054891299,77.917421999041));
#9587 = CARTESIAN_POINT('',(1.414162512436,78.065540555986));
#9588 = CARTESIAN_POINT('',(1.41213072083,78.097293803296));
#9589 = CARTESIAN_POINT('',(1.410069751503,78.082041260249));
#9590 = CARTESIAN_POINT('',(1.408064354448,78.019735883498));
#9591 = CARTESIAN_POINT('',(1.406195626685,77.915445290564));
#9592 = CARTESIAN_POINT('',(1.404527031675,77.779069624659));
#9593 = CARTESIAN_POINT('',(1.401204521189,77.422057607973));
#9594 = CARTESIAN_POINT('',(1.399658804796,77.181149217296));
#9595 = CARTESIAN_POINT('',(1.398450263119,76.916536909671));
#9596 = CARTESIAN_POINT('',(1.397560682929,76.637028536775));
#9597 = CARTESIAN_POINT('',(1.396974429445,76.348965684354));
#9598 = CARTESIAN_POINT('',(1.396681015926,76.05679022042));
#9599 = CARTESIAN_POINT('',(1.396681015926,75.764466094067));
#9600 = ( GEOMETRIC_REPRESENTATION_CONTEXT(2) 
PARAMETRIC_REPRESENTATION_CONTEXT() REPRESENTATION_CONTEXT('2D SPACE',''
  ) );
#9601 = PCURVE('',#9602,#9607);
#9602 = CYLINDRICAL_SURFACE('',#9603,2.3);
#9603 = AXIS2_PLACEMENT_3D('',#9604,#9605,#9606);
#9604 = CARTESIAN_POINT('',(23.685533905933,35.685533905933,
    7.418180800302));
#9605 = DIRECTION('',(0.,0.,1.));
#9606 = DIRECTION('',(1.,0.,-0.));
#9607 = DEFINITIONAL_REPRESENTATION('',(#9608),#9653);
#9608 = B_SPLINE_CURVE_WITH_KNOTS('',7,(#9609,#9610,#9611,#9612,#9613,
    #9614,#9615,#9616,#9617,#9618,#9619,#9620,#9621,#9622,#9623,#9624,
    #9625,#9626,#9627,#9628,#9629,#9630,#9631,#9632,#9633,#9634,#9635,
    #9636,#9637,#9638,#9639,#9640,#9641,#9642,#9643,#9644,#9645,#9646,
    #9647,#9648,#9649,#9650,#9651,#9652),.UNSPECIFIED.,.F.,.F.,(8,6,6,6,
    6,6,6,8),(0.,0.153158678145,0.2858491768,0.421826128664,
    0.589267726757,0.714672707875,0.837642588368,1.),.UNSPECIFIED.);
#9609 = CARTESIAN_POINT('',(0.,1.813846964918));
#9610 = CARTESIAN_POINT('',(0.119439416973,1.813846964918));
#9611 = CARTESIAN_POINT('',(0.238811913271,1.820580273078));
#9612 = CARTESIAN_POINT('',(0.359463459,1.834033178601));
#9613 = CARTESIAN_POINT('',(0.482563762426,1.854347710335));
#9614 = CARTESIAN_POINT('',(0.609331810411,1.881725770759));
#9615 = CARTESIAN_POINT('',(0.741069698082,1.916337275407));
#9616 = CARTESIAN_POINT('',(0.999702809932,1.994295026563));
#9617 = CARTESIAN_POINT('',(1.129250424708,2.037168434252));
#9618 = CARTESIAN_POINT('',(1.264329837737,2.085624492273));
#9619 = CARTESIAN_POINT('',(1.40278847514,2.137607093005));
#9620 = CARTESIAN_POINT('',(1.54296168285,2.190573596311));
#9621 = CARTESIAN_POINT('',(1.683401457222,2.242138993396));
#9622 = CARTESIAN_POINT('',(1.964281868217,2.33972322504));
#9623 = CARTESIAN_POINT('',(2.099400318968,2.383754354637));
#9624 = CARTESIAN_POINT('',(2.228864087213,2.42192489058));
#9625 = CARTESIAN_POINT('',(2.353399009698,2.454209529611));
#9626 = CARTESIAN_POINT('',(2.473565120551,2.480761144119));
#9627 = CARTESIAN_POINT('',(2.589644445444,2.501845838098));
#9628 = CARTESIAN_POINT('',(2.839840351804,2.537507054307));
#9629 = CARTESIAN_POINT('',(2.973744902545,2.549709449682));
#9630 = CARTESIAN_POINT('',(3.105605272008,2.555053079565));
#9631 = CARTESIAN_POINT('',(3.237013384437,2.553777206785));
#9632 = CARTESIAN_POINT('',(3.369511283311,2.545823217845));
#9633 = CARTESIAN_POINT('',(3.504608042985,2.530854800401));
#9634 = CARTESIAN_POINT('',(3.748830096411,2.491346718553));
#9635 = CARTESIAN_POINT('',(3.857150505243,2.469960883417));
#9636 = CARTESIAN_POINT('',(3.969202761439,2.443827800729));
#9637 = CARTESIAN_POINT('',(4.085140632018,2.412769199099));
#9638 = CARTESIAN_POINT('',(4.205335253841,2.376716144939));
#9639 = CARTESIAN_POINT('',(4.330314891069,2.335758627503));
#9640 = CARTESIAN_POINT('',(4.589269420017,2.245791945068));
#9641 = CARTESIAN_POINT('',(4.719472334305,2.198187704701));
#9642 = CARTESIAN_POINT('',(4.849808109048,2.149142832088));
#9643 = CARTESIAN_POINT('',(4.978893101878,2.100626435108));
#9644 = CARTESIAN_POINT('',(5.105217310474,2.054755648925));
#9645 = CARTESIAN_POINT('',(5.226894543046,2.013332252211));
#9646 = CARTESIAN_POINT('',(5.490975030511,1.930145095312));
#9647 = CARTESIAN_POINT('',(5.632917155276,1.890827494199));
#9648 = CARTESIAN_POINT('',(5.768893769244,1.859741058359));
#9649 = CARTESIAN_POINT('',(5.900453122611,1.836705877555));
#9650 = CARTESIAN_POINT('',(6.02905604917,1.821471398791));
#9651 = CARTESIAN_POINT('',(6.156087860939,1.813846964918));
#9652 = CARTESIAN_POINT('',(6.28318530718,1.813846964918));
#9653 = ( GEOMETRIC_REPRESENTATION_CONTEXT(2) 
PARAMETRIC_REPRESENTATION_CONTEXT() REPRESENTATION_CONTEXT('2D SPACE',''
  ) );
#9654 = FACE_BOUND('',#9655,.T.);
#9655 = EDGE_LOOP('',(#9656));
#9656 = ORIENTED_EDGE('',*,*,#9657,.F.);
#9657 = EDGE_CURVE('',#9658,#9658,#9660,.T.);
#9658 = VERTEX_POINT('',#9659);
#9659 = CARTESIAN_POINT('',(-21.38553390593,35.685533905933,
    9.967703355168));
#9660 = SURFACE_CURVE('',#9661,(#9706,#9754),.PCURVE_S1.);
#9661 = B_SPLINE_CURVE_WITH_KNOTS('',7,(#9662,#9663,#9664,#9665,#9666,
    #9667,#9668,#9669,#9670,#9671,#9672,#9673,#9674,#9675,#9676,#9677,
    #9678,#9679,#9680,#9681,#9682,#9683,#9684,#9685,#9686,#9687,#9688,
    #9689,#9690,#9691,#9692,#9693,#9694,#9695,#9696,#9697,#9698,#9699,
    #9700,#9701,#9702,#9703,#9704,#9705),.UNSPECIFIED.,.T.,.F.,(8,6,6,6,
    6,6,6,8),(0.,0.153010383058,0.28554981316,0.4218357328,
    0.589302061827,0.715000080197,0.83783462306,1.),.UNSPECIFIED.);
#9662 = CARTESIAN_POINT('',(-21.38553390593,35.685533905933,
    9.967703355168));
#9663 = CARTESIAN_POINT('',(-21.38553390593,35.959992846092,
    9.967703355168));
#9664 = CARTESIAN_POINT('',(-21.42374396562,36.234288036765,
    9.962199476067));
#9665 = CARTESIAN_POINT('',(-21.50007906992,36.505194417134,
    9.951204236765));
#9666 = CARTESIAN_POINT('',(-21.61577507407,36.769137113064,
    9.934475475167));
#9667 = CARTESIAN_POINT('',(-21.7727935619,37.021123173905,
    9.911606858504));
#9668 = CARTESIAN_POINT('',(-21.97350627321,37.254244797176,
    9.882030151244));
#9669 = CARTESIAN_POINT('',(-22.43250569886,37.633962145239,
    9.813280239396));
#9670 = CARTESIAN_POINT('',(-22.68720462698,37.794339217224,
    9.774765686939));
#9671 = CARTESIAN_POINT('',(-22.97845139931,37.920201959038,
    9.730156162643));
#9672 = CARTESIAN_POINT('',(-23.29563571306,37.998686312596,
    9.680754647042));
#9673 = CARTESIAN_POINT('',(-23.62444375408,38.022898679669,
    9.628558400086));
#9674 = CARTESIAN_POINT('',(-23.94961732433,37.99233131285,
    9.576038508642));
#9675 = CARTESIAN_POINT('',(-24.5741274658,37.831984361913,
    9.473697632646));
#9676 = CARTESIAN_POINT('',(-24.86153082501,37.702237203174,
    9.425788456832));
#9677 = CARTESIAN_POINT('',(-25.11481678958,37.535286295424,
    9.382927313062));
#9678 = CARTESIAN_POINT('',(-25.33191720459,37.340441474404,
    9.345759948383));
#9679 = CARTESIAN_POINT('',(-25.51231532499,37.125810764455,
    9.314611314579));
#9680 = CARTESIAN_POINT('',(-25.65666276997,36.898531555543,
    9.289539945714));
#9681 = CARTESIAN_POINT('',(-25.90176992747,36.377652331832,
    9.246800747065));
#9682 = CARTESIAN_POINT('',(-25.98667933631,36.077207759533,
    9.231846592358));
#9683 = CARTESIAN_POINT('',(-26.02412130689,35.770392456336,
    9.225219355887));
#9684 = CARTESIAN_POINT('',(-26.01518899585,35.461818084607,
    9.22679872447));
#9685 = CARTESIAN_POINT('',(-25.95954401292,35.156150615501,
    9.23663555254));
#9686 = CARTESIAN_POINT('',(-25.85563824822,34.858714952869,
    9.254900407776));
#9687 = CARTESIAN_POINT('',(-25.58499931553,34.366424561844,
    9.301967789871));
#9688 = CARTESIAN_POINT('',(-25.43914496216,34.162203880545,
    9.327224096731));
#9689 = CARTESIAN_POINT('',(-25.26229154006,33.970319462994,
    9.357660838045));
#9690 = CARTESIAN_POINT('',(-25.05420930982,33.79684279968,
    9.393170807369));
#9691 = CARTESIAN_POINT('',(-24.8156846871,33.648452478566,
    9.433426248655));
#9692 = CARTESIAN_POINT('',(-24.54875958939,33.532570086333,
    9.477854764008));
#9693 = CARTESIAN_POINT('',(-23.97291629951,33.384718659083,
    9.572220416074));
#9694 = CARTESIAN_POINT('',(-23.6723912329,33.35277334079,9.620812875472
    ));
#9695 = CARTESIAN_POINT('',(-23.36720562419,33.367719775746,
    9.669383654925));
#9696 = CARTESIAN_POINT('',(-23.0700436484,33.429818744494,
    9.715862393151));
#9697 = CARTESIAN_POINT('',(-22.79305708637,33.534106318431,
    9.758507449277));
#9698 = CARTESIAN_POINT('',(-22.54575839073,33.670672941854,
    9.796105134785));
#9699 = CARTESIAN_POINT('',(-22.05357441198,34.028265534019,
    9.870212858443));
#9700 = CARTESIAN_POINT('',(-21.82495012819,34.26950236331,
    9.904005653882));
#9701 = CARTESIAN_POINT('',(-21.64645318124,34.534295802254,
    9.930038427961));
#9702 = CARTESIAN_POINT('',(-21.51521935974,34.813783413041,
    9.94902355291));
#9703 = CARTESIAN_POINT('',(-21.42879215315,35.101638938904,
    9.961472290076));
#9704 = CARTESIAN_POINT('',(-21.38553390593,35.393507764218,
    9.967703355168));
#9705 = CARTESIAN_POINT('',(-21.38553390593,35.685533905933,
    9.967703355168));
#9706 = PCURVE('',#7619,#9707);
#9707 = DEFINITIONAL_REPRESENTATION('',(#9708),#9753);
#9708 = B_SPLINE_CURVE_WITH_KNOTS('',7,(#9709,#9710,#9711,#9712,#9713,
    #9714,#9715,#9716,#9717,#9718,#9719,#9720,#9721,#9722,#9723,#9724,
    #9725,#9726,#9727,#9728,#9729,#9730,#9731,#9732,#9733,#9734,#9735,
    #9736,#9737,#9738,#9739,#9740,#9741,#9742,#9743,#9744,#9745,#9746,
    #9747,#9748,#9749,#9750,#9751,#9752),.UNSPECIFIED.,.T.,.F.,(8,6,6,6,
    6,6,6,8),(0.,0.153010383058,0.28554981316,0.4218357328,
    0.589302061827,0.715000080197,0.83783462306,1.),.UNSPECIFIED.);
#9709 = CARTESIAN_POINT('',(1.713854011632,75.764466094067));
#9710 = CARTESIAN_POINT('',(1.713854011632,75.490007153908));
#9711 = CARTESIAN_POINT('',(1.714111374442,75.215711963235));
#9712 = CARTESIAN_POINT('',(1.714625527183,74.944805582867));
#9713 = CARTESIAN_POINT('',(1.715404854883,74.680862886936));
#9714 = CARTESIAN_POINT('',(1.716462687489,74.428876826095));
#9715 = CARTESIAN_POINT('',(1.717815218327,74.195755202824));
#9716 = CARTESIAN_POINT('',(1.720909349137,73.816037854761));
#9717 = CARTESIAN_POINT('',(1.722626643888,73.655660782776));
#9718 = CARTESIAN_POINT('',(1.724590927262,73.529798040962));
#9719 = CARTESIAN_POINT('',(1.726730968714,73.451313687404));
#9720 = CARTESIAN_POINT('',(1.728950456457,73.427101320331));
#9721 = CARTESIAN_POINT('',(1.731146368053,73.45766868715));
#9722 = CARTESIAN_POINT('',(1.735365301945,73.618015638087));
#9723 = CARTESIAN_POINT('',(1.737307755579,73.747762796826));
#9724 = CARTESIAN_POINT('',(1.739020327526,73.914713704576));
#9725 = CARTESIAN_POINT('',(1.740488717693,74.109558525596));
#9726 = CARTESIAN_POINT('',(1.741709166785,74.324189235545));
#9727 = CARTESIAN_POINT('',(1.742685890327,74.551468444457));
#9728 = CARTESIAN_POINT('',(1.744344593405,75.072347668168));
#9729 = CARTESIAN_POINT('',(1.744919367308,75.372792240467));
#9730 = CARTESIAN_POINT('',(1.745172860715,75.679607543664));
#9731 = CARTESIAN_POINT('',(1.745112388245,75.988181915393));
#9732 = CARTESIAN_POINT('',(1.744735669475,76.293849384499));
#9733 = CARTESIAN_POINT('',(1.74403234478,76.591285047131));
#9734 = CARTESIAN_POINT('',(1.742201003192,77.083575438156));
#9735 = CARTESIAN_POINT('',(1.741214170724,77.287796119455));
#9736 = CARTESIAN_POINT('',(1.740017815728,77.479680537006));
#9737 = CARTESIAN_POINT('',(1.738610548871,77.65315720032));
#9738 = CARTESIAN_POINT('',(1.73699790336,77.801547521434));
#9739 = CARTESIAN_POINT('',(1.735193926996,77.917429913667));
#9740 = CARTESIAN_POINT('',(1.731303766356,78.065281340917));
#9741 = CARTESIAN_POINT('',(1.72927424941,78.09722665921));
#9742 = CARTESIAN_POINT('',(1.7272140832,78.082280224253));
#9743 = CARTESIAN_POINT('',(1.725208929405,78.020181255507));
#9744 = CARTESIAN_POINT('',(1.723340600198,77.915893681569));
#9745 = CARTESIAN_POINT('',(1.721672999135,77.779327058146));
#9746 = CARTESIAN_POINT('',(1.718354786607,77.421734465981));
#9747 = CARTESIAN_POINT('',(1.716814070663,77.18049763669));
#9748 = CARTESIAN_POINT('',(1.715611503647,76.915704197746));
#9749 = CARTESIAN_POINT('',(1.714727504021,76.636216586959));
#9750 = CARTESIAN_POINT('',(1.714145376404,76.348361061096));
#9751 = CARTESIAN_POINT('',(1.713854011632,76.056492235782));
#9752 = CARTESIAN_POINT('',(1.713854011632,75.764466094067));
#9753 = ( GEOMETRIC_REPRESENTATION_CONTEXT(2) 
PARAMETRIC_REPRESENTATION_CONTEXT() REPRESENTATION_CONTEXT('2D SPACE',''
  ) );
#9754 = PCURVE('',#9755,#9760);
#9755 = CYLINDRICAL_SURFACE('',#9756,2.3);
#9756 = AXIS2_PLACEMENT_3D('',#9757,#9758,#9759);
#9757 = CARTESIAN_POINT('',(-23.68553390593,35.685533905933,
    7.418180800302));
#9758 = DIRECTION('',(0.,0.,1.));
#9759 = DIRECTION('',(1.,0.,-0.));
#9760 = DEFINITIONAL_REPRESENTATION('',(#9761),#9806);
#9761 = B_SPLINE_CURVE_WITH_KNOTS('',7,(#9762,#9763,#9764,#9765,#9766,
    #9767,#9768,#9769,#9770,#9771,#9772,#9773,#9774,#9775,#9776,#9777,
    #9778,#9779,#9780,#9781,#9782,#9783,#9784,#9785,#9786,#9787,#9788,
    #9789,#9790,#9791,#9792,#9793,#9794,#9795,#9796,#9797,#9798,#9799,
    #9800,#9801,#9802,#9803,#9804,#9805),.UNSPECIFIED.,.F.,.F.,(8,6,6,6,
    6,6,6,8),(0.,0.153010383058,0.28554981316,0.4218357328,
    0.589302061827,0.715000080197,0.83783462306,1.),.UNSPECIFIED.);
#9762 = CARTESIAN_POINT('',(0.,2.549522554866));
#9763 = CARTESIAN_POINT('',(0.119329973982,2.549522554866));
#9764 = CARTESIAN_POINT('',(0.238588155634,2.544018675765));
#9765 = CARTESIAN_POINT('',(0.359151815185,2.533023436463));
#9766 = CARTESIAN_POINT('',(0.482214164776,2.516294674865));
#9767 = CARTESIAN_POINT('',(0.609012312943,2.493426058202));
#9768 = CARTESIAN_POINT('',(0.740860722156,2.463849350942));
#9769 = CARTESIAN_POINT('',(0.999863366884,2.395099439094));
#9770 = CARTESIAN_POINT('',(1.129637500039,2.356584886638));
#9771 = CARTESIAN_POINT('',(1.264917626181,2.311975362341));
#9772 = CARTESIAN_POINT('',(1.403500240168,2.26257384674));
#9773 = CARTESIAN_POINT('',(1.543668250876,2.210377599784));
#9774 = CARTESIAN_POINT('',(1.683910506631,2.15785770834));
#9775 = CARTESIAN_POINT('',(1.964243842334,2.055516832344));
#9776 = CARTESIAN_POINT('',(2.099305926442,2.00760765653));
#9777 = CARTESIAN_POINT('',(2.228705613473,1.964746512761));
#9778 = CARTESIAN_POINT('',(2.353188212018,1.927579148081));
#9779 = CARTESIAN_POINT('',(2.473337628325,1.896430514277));
#9780 = CARTESIAN_POINT('',(2.589470883552,1.871359145412));
#9781 = CARTESIAN_POINT('',(2.8397609551,1.828619946763));
#9782 = CARTESIAN_POINT('',(2.973675684673,1.813665792056));
#9783 = CARTESIAN_POINT('',(3.105598228728,1.807038555585));
#9784 = CARTESIAN_POINT('',(3.237083442288,1.808617924168));
#9785 = CARTESIAN_POINT('',(3.369634023134,1.818454752238));
#9786 = CARTESIAN_POINT('',(3.504721926717,1.836719607474));
#9787 = CARTESIAN_POINT('',(3.748973517308,1.883786989569));
#9788 = CARTESIAN_POINT('',(3.857332097312,1.909043296429));
#9789 = CARTESIAN_POINT('',(3.969362350729,1.939480037743));
#9790 = CARTESIAN_POINT('',(4.085250227681,1.974990007067));
#9791 = CARTESIAN_POINT('',(4.20539005156,2.015245448353));
#9792 = CARTESIAN_POINT('',(4.330328728148,2.059673963706));
#9793 = CARTESIAN_POINT('',(4.588816236313,2.154039615772));
#9794 = CARTESIAN_POINT('',(4.718827855352,2.20263207517));
#9795 = CARTESIAN_POINT('',(4.849140874192,2.251202854623));
#9796 = CARTESIAN_POINT('',(4.978320385525,2.297681592849));
#9797 = CARTESIAN_POINT('',(5.104815988174,2.340326648976));
#9798 = CARTESIAN_POINT('',(5.226704120434,2.377924334483));
#9799 = CARTESIAN_POINT('',(5.491214057466,2.452032058141));
#9800 = CARTESIAN_POINT('',(5.633283765301,2.48582485358));
#9801 = CARTESIAN_POINT('',(5.769297935733,2.51185762766));
#9802 = CARTESIAN_POINT('',(5.900816239895,2.530842752608));
#9803 = CARTESIAN_POINT('',(6.029318967939,2.543291489774));
#9804 = CARTESIAN_POINT('',(6.156217419477,2.549522554866));
#9805 = CARTESIAN_POINT('',(6.28318530718,2.549522554866));
#9806 = ( GEOMETRIC_REPRESENTATION_CONTEXT(2) 
PARAMETRIC_REPRESENTATION_CONTEXT() REPRESENTATION_CONTEXT('2D SPACE',''
  ) );
#9807 = FACE_BOUND('',#9808,.T.);
#9808 = EDGE_LOOP('',(#9809));
#9809 = ORIENTED_EDGE('',*,*,#9810,.F.);
#9810 = EDGE_CURVE('',#9811,#9811,#9813,.T.);
#9811 = VERTEX_POINT('',#9812);
#9812 = CARTESIAN_POINT('',(25.985533905933,-35.68553390593,
    9.23202776522));
#9813 = SURFACE_CURVE('',#9814,(#9859,#9907),.PCURVE_S1.);
#9814 = B_SPLINE_CURVE_WITH_KNOTS('',7,(#9815,#9816,#9817,#9818,#9819,
    #9820,#9821,#9822,#9823,#9824,#9825,#9826,#9827,#9828,#9829,#9830,
    #9831,#9832,#9833,#9834,#9835,#9836,#9837,#9838,#9839,#9840,#9841,
    #9842,#9843,#9844,#9845,#9846,#9847,#9848,#9849,#9850,#9851,#9852,
    #9853,#9854,#9855,#9856,#9857,#9858),.UNSPECIFIED.,.T.,.F.,(8,6,6,6,
    6,6,6,8),(0.,0.153158677354,0.285849177519,0.421826130931,
    0.589267727225,0.714672709771,0.837642591279,1.),.UNSPECIFIED.);
#9815 = CARTESIAN_POINT('',(25.985533905933,-35.68553390593,
    9.23202776522));
#9816 = CARTESIAN_POINT('',(25.985533905933,-35.41082325133,
    9.23202776522));
#9817 = CARTESIAN_POINT('',(25.94725371948,-35.13626516349,
    9.238761074001));
#9818 = CARTESIAN_POINT('',(25.870772868777,-34.86517403991,
    9.252213976878));
#9819 = CARTESIAN_POINT('',(25.754912399329,-34.60119953812,
    9.272528513509));
#9820 = CARTESIAN_POINT('',(25.5978072229,-34.34935646577,9.29990656897)
  );
#9821 = CARTESIAN_POINT('',(25.39719119154,-34.11651663691,9.3345180764)
  );
#9822 = CARTESIAN_POINT('',(24.938846648893,-33.73734105518,
    9.412475826865));
#9823 = CARTESIAN_POINT('',(24.68461500129,-33.57721632091,
    9.455349234554));
#9824 = CARTESIAN_POINT('',(24.393894829225,-33.45140130601,
    9.503805292575));
#9825 = CARTESIAN_POINT('',(24.077092170536,-33.37270617262,
    9.555787893306));
#9826 = CARTESIAN_POINT('',(23.748292139128,-33.34813138694,
    9.608754396613));
#9827 = CARTESIAN_POINT('',(23.422584517904,-33.3784453295,
    9.660319793698));
#9828 = CARTESIAN_POINT('',(22.796855634228,-33.53910520025,
    9.757904025342));
#9829 = CARTESIAN_POINT('',(22.509333908377,-33.6689126297,
    9.801935154939));
#9830 = CARTESIAN_POINT('',(22.25593365356,-33.83597649646,
    9.840105690882));
#9831 = CARTESIAN_POINT('',(22.038782535433,-34.03096189873,
    9.872390329913));
#9832 = CARTESIAN_POINT('',(21.858435097351,-34.24568592105,
    9.898941944421));
#9833 = CARTESIAN_POINT('',(21.714235074057,-34.47289745636,9.9200266384
    ));
#9834 = CARTESIAN_POINT('',(21.469220134794,-34.99358070633,
    9.955687854173));
#9835 = CARTESIAN_POINT('',(21.384373905999,-35.29402918435,
    9.967890250849));
#9836 = CARTESIAN_POINT('',(21.346995560456,-35.60069742999,
    9.973233879524));
#9837 = CARTESIAN_POINT('',(21.355909001358,-35.90907756172,
    9.971958006288));
#9838 = CARTESIAN_POINT('',(21.411462564976,-36.21462873494,
    9.964004019264));
#9839 = CARTESIAN_POINT('',(21.515303380078,-36.51212333195,
    9.949035600203));
#9840 = CARTESIAN_POINT('',(21.785909581183,-37.00435418443,
    9.909527518855));
#9841 = CARTESIAN_POINT('',(21.931651030616,-37.2085367607,
    9.888141683719));
#9842 = CARTESIAN_POINT('',(22.108485069863,-37.40050973749,
    9.862008601031));
#9843 = CARTESIAN_POINT('',(22.316632547147,-37.57410221156,9.8309499994
    ));
#9844 = CARTESIAN_POINT('',(22.555263452508,-37.72257461387,
    9.794896945241));
#9845 = CARTESIAN_POINT('',(22.822277397044,-37.8384898109,
    9.753939427805));
#9846 = CARTESIAN_POINT('',(23.399161087491,-37.98660836762,
    9.66397274551));
#9847 = CARTESIAN_POINT('',(23.700189726313,-38.01836161566,
    9.616368504874));
#9848 = CARTESIAN_POINT('',(24.005421520749,-38.00310907163,
    9.56732363225));
#9849 = CARTESIAN_POINT('',(24.302294592296,-37.94080369519,
    9.518807235546));
#9850 = CARTESIAN_POINT('',(24.578825857884,-37.83651310325,
    9.47293644935));
#9851 = CARTESIAN_POINT('',(24.82566374868,-37.70013743597,
    9.431513052386));
#9852 = CARTESIAN_POINT('',(25.317048624774,-37.34312542587,
    9.34832589702));
#9853 = CARTESIAN_POINT('',(25.545548985148,-37.10221700283,
    9.309008290218));
#9854 = CARTESIAN_POINT('',(25.724145196318,-36.8376047724,
    9.277921864563));
#9855 = CARTESIAN_POINT('',(25.855578989893,-36.55809629508,
    9.254886673688));
#9856 = CARTESIAN_POINT('',(25.94218731215,-36.27003352727,
    9.239652200374));
#9857 = CARTESIAN_POINT('',(25.985533905933,-35.97785802394,
    9.23202776522));
#9858 = CARTESIAN_POINT('',(25.985533905933,-35.68553390593,
    9.23202776522));
#9859 = PCURVE('',#7619,#9860);
#9860 = DEFINITIONAL_REPRESENTATION('',(#9861),#9906);
#9861 = B_SPLINE_CURVE_WITH_KNOTS('',7,(#9862,#9863,#9864,#9865,#9866,
    #9867,#9868,#9869,#9870,#9871,#9872,#9873,#9874,#9875,#9876,#9877,
    #9878,#9879,#9880,#9881,#9882,#9883,#9884,#9885,#9886,#9887,#9888,
    #9889,#9890,#9891,#9892,#9893,#9894,#9895,#9896,#9897,#9898,#9899,
    #9900,#9901,#9902,#9903,#9904,#9905),.UNSPECIFIED.,.T.,.F.,(8,6,6,6,
    6,6,6,8),(0.,0.153158677354,0.285849177519,0.421826130931,
    0.589267727225,0.714672709771,0.837642591279,1.),.UNSPECIFIED.);
#9862 = CARTESIAN_POINT('',(1.396681015926,147.13553390593));
#9863 = CARTESIAN_POINT('',(1.396681015926,146.86082325133));
#9864 = CARTESIAN_POINT('',(1.396940134958,146.58626516349));
#9865 = CARTESIAN_POINT('',(1.397457835045,146.31517403991));
#9866 = CARTESIAN_POINT('',(1.398242021091,146.05119953812));
#9867 = CARTESIAN_POINT('',(1.399305172253,145.79935646577));
#9868 = CARTESIAN_POINT('',(1.400662367324,145.56651663691));
#9869 = CARTESIAN_POINT('',(1.403761880767,145.18734105518));
#9870 = CARTESIAN_POINT('',(1.405480688138,145.02721632091));
#9871 = CARTESIAN_POINT('',(1.407445554205,144.90140130601));
#9872 = CARTESIAN_POINT('',(1.409585800418,144.82270617262));
#9873 = CARTESIAN_POINT('',(1.41180604629,144.79813138694));
#9874 = CARTESIAN_POINT('',(1.414004468686,144.8284453295));
#9875 = CARTESIAN_POINT('',(1.418226418305,144.98910520025));
#9876 = CARTESIAN_POINT('',(1.420165568673,145.1189126297));
#9877 = CARTESIAN_POINT('',(1.421873955007,145.28597649646));
#9878 = CARTESIAN_POINT('',(1.423337538493,145.48096189873));
#9879 = CARTESIAN_POINT('',(1.424552814014,145.69568592105));
#9880 = CARTESIAN_POINT('',(1.425524369527,145.92289745636));
#9881 = CARTESIAN_POINT('',(1.427175013075,146.44358070633));
#9882 = CARTESIAN_POINT('',(1.427746473594,146.74402918435));
#9883 = CARTESIAN_POINT('',(1.42799819646,147.05069742999));
#9884 = CARTESIAN_POINT('',(1.427938167808,147.35907756172));
#9885 = CARTESIAN_POINT('',(1.427564033534,147.66462873494));
#9886 = CARTESIAN_POINT('',(1.426864607334,147.96212333195));
#9887 = CARTESIAN_POINT('',(1.425041440315,148.45435418443));
#9888 = CARTESIAN_POINT('',(1.424059426216,148.6585367607));
#9889 = CARTESIAN_POINT('',(1.422867729812,148.85050973749));
#9890 = CARTESIAN_POINT('',(1.421464719726,149.02410221156));
#9891 = CARTESIAN_POINT('',(1.419855798568,149.17257461387));
#9892 = CARTESIAN_POINT('',(1.418054891299,149.2884898109));
#9893 = CARTESIAN_POINT('',(1.414162512442,149.43660836762));
#9894 = CARTESIAN_POINT('',(1.412130720824,149.46836161566));
#9895 = CARTESIAN_POINT('',(1.410069751497,149.45310907163));
#9896 = CARTESIAN_POINT('',(1.408064354453,149.39080369519));
#9897 = CARTESIAN_POINT('',(1.406195626689,149.28651310325));
#9898 = CARTESIAN_POINT('',(1.40452703167,149.15013743597));
#9899 = CARTESIAN_POINT('',(1.401204521246,148.79312542587));
#9900 = CARTESIAN_POINT('',(1.399658804626,148.55221700283));
#9901 = CARTESIAN_POINT('',(1.398450263354,148.2876047724));
#9902 = CARTESIAN_POINT('',(1.397560682764,148.00809629508));
#9903 = CARTESIAN_POINT('',(1.396974429496,147.72003352727));
#9904 = CARTESIAN_POINT('',(1.396681015926,147.42785802394));
#9905 = CARTESIAN_POINT('',(1.396681015926,147.13553390593));
#9906 = ( GEOMETRIC_REPRESENTATION_CONTEXT(2) 
PARAMETRIC_REPRESENTATION_CONTEXT() REPRESENTATION_CONTEXT('2D SPACE',''
  ) );
#9907 = PCURVE('',#9908,#9913);
#9908 = CYLINDRICAL_SURFACE('',#9909,2.3);
#9909 = AXIS2_PLACEMENT_3D('',#9910,#9911,#9912);
#9910 = CARTESIAN_POINT('',(23.685533905933,-35.68553390593,
    7.418180800302));
#9911 = DIRECTION('',(0.,0.,1.));
#9912 = DIRECTION('',(1.,0.,-0.));
#9913 = DEFINITIONAL_REPRESENTATION('',(#9914),#9959);
#9914 = B_SPLINE_CURVE_WITH_KNOTS('',7,(#9915,#9916,#9917,#9918,#9919,
    #9920,#9921,#9922,#9923,#9924,#9925,#9926,#9927,#9928,#9929,#9930,
    #9931,#9932,#9933,#9934,#9935,#9936,#9937,#9938,#9939,#9940,#9941,
    #9942,#9943,#9944,#9945,#9946,#9947,#9948,#9949,#9950,#9951,#9952,
    #9953,#9954,#9955,#9956,#9957,#9958),.UNSPECIFIED.,.F.,.F.,(8,6,6,6,
    6,6,6,8),(0.,0.153158677354,0.285849177519,0.421826130931,
    0.589267727225,0.714672709771,0.837642591279,1.),.UNSPECIFIED.);
#9915 = CARTESIAN_POINT('',(0.,1.813846964918));
#9916 = CARTESIAN_POINT('',(0.119439415044,1.813846964918));
#9917 = CARTESIAN_POINT('',(0.238811921065,1.820580273699));
#9918 = CARTESIAN_POINT('',(0.359463444503,1.834033176576));
#9919 = CARTESIAN_POINT('',(0.482563777391,1.854347713208));
#9920 = CARTESIAN_POINT('',(0.609331801818,1.881725768668));
#9921 = CARTESIAN_POINT('',(0.741069700375,1.916337276098));
#9922 = CARTESIAN_POINT('',(0.999702809932,1.994295026563));
#9923 = CARTESIAN_POINT('',(1.129250424708,2.037168434252));
#9924 = CARTESIAN_POINT('',(1.264329837737,2.085624492273));
#9925 = CARTESIAN_POINT('',(1.402788475139,2.137607093004));
#9926 = CARTESIAN_POINT('',(1.54296168285,2.190573596311));
#9927 = CARTESIAN_POINT('',(1.683401457222,2.242138993396));
#9928 = CARTESIAN_POINT('',(1.964281868217,2.33972322504));
#9929 = CARTESIAN_POINT('',(2.099400318968,2.383754354637));
#9930 = CARTESIAN_POINT('',(2.228864087213,2.42192489058));
#9931 = CARTESIAN_POINT('',(2.353399009698,2.454209529611));
#9932 = CARTESIAN_POINT('',(2.473565120551,2.480761144119));
#9933 = CARTESIAN_POINT('',(2.589644445444,2.501845838098));
#9934 = CARTESIAN_POINT('',(2.83984034875,2.537507053871));
#9935 = CARTESIAN_POINT('',(2.973744914461,2.549709450547));
#9936 = CARTESIAN_POINT('',(3.105605250516,2.555053079223));
#9937 = CARTESIAN_POINT('',(3.237013405975,2.553777205986));
#9938 = CARTESIAN_POINT('',(3.369511271317,2.545823218962));
#9939 = CARTESIAN_POINT('',(3.504608046076,2.530854799901));
#9940 = CARTESIAN_POINT('',(3.748830096411,2.491346718553));
#9941 = CARTESIAN_POINT('',(3.857150505243,2.469960883417));
#9942 = CARTESIAN_POINT('',(3.969202761438,2.44382780073));
#9943 = CARTESIAN_POINT('',(4.085140632019,2.412769199099));
#9944 = CARTESIAN_POINT('',(4.205335253841,2.376716144939));
#9945 = CARTESIAN_POINT('',(4.330314891069,2.335758627503));
#9946 = CARTESIAN_POINT('',(4.589269419614,2.245791945208));
#9947 = CARTESIAN_POINT('',(4.719472334719,2.198187704572));
#9948 = CARTESIAN_POINT('',(4.849808109313,2.149142831948));
#9949 = CARTESIAN_POINT('',(4.978893101654,2.100626435245));
#9950 = CARTESIAN_POINT('',(5.105217310014,2.054755649048));
#9951 = CARTESIAN_POINT('',(5.22689454345,2.013332252084));
#9952 = CARTESIAN_POINT('',(5.490975026045,1.930145096719));
#9953 = CARTESIAN_POINT('',(5.632917172014,1.890827489916));
#9954 = CARTESIAN_POINT('',(5.768893740189,1.859741064261));
#9955 = CARTESIAN_POINT('',(5.900453150589,1.836705873386));
#9956 = CARTESIAN_POINT('',(6.029056034274,1.821471400072));
#9957 = CARTESIAN_POINT('',(6.156087864566,1.813846964918));
#9958 = CARTESIAN_POINT('',(6.28318530718,1.813846964918));
#9959 = ( GEOMETRIC_REPRESENTATION_CONTEXT(2) 
PARAMETRIC_REPRESENTATION_CONTEXT() REPRESENTATION_CONTEXT('2D SPACE',''
  ) );
#9960 = FACE_BOUND('',#9961,.T.);
#9961 = EDGE_LOOP('',(#9962));
#9962 = ORIENTED_EDGE('',*,*,#9963,.F.);
#9963 = EDGE_CURVE('',#9964,#9964,#9966,.T.);
#9964 = VERTEX_POINT('',#9965);
#9965 = CARTESIAN_POINT('',(-21.38553390593,-35.68553390593,
    9.967703355168));
#9966 = SURFACE_CURVE('',#9967,(#10012,#10060),.PCURVE_S1.);
#9967 = B_SPLINE_CURVE_WITH_KNOTS('',7,(#9968,#9969,#9970,#9971,#9972,
    #9973,#9974,#9975,#9976,#9977,#9978,#9979,#9980,#9981,#9982,#9983,
    #9984,#9985,#9986,#9987,#9988,#9989,#9990,#9991,#9992,#9993,#9994,
    #9995,#9996,#9997,#9998,#9999,#10000,#10001,#10002,#10003,#10004,
    #10005,#10006,#10007,#10008,#10009,#10010,#10011),.UNSPECIFIED.,.T.,
  .F.,(8,6,6,6,6,6,6,8),(0.,0.15301038541,0.285549814679,0.421835734011,
    0.589302062661,0.715000080702,0.837834623593,1.),.UNSPECIFIED.);
#9968 = CARTESIAN_POINT('',(-21.38553390593,-35.68553390593,
    9.967703355168));
#9969 = CARTESIAN_POINT('',(-21.38553390593,-35.41107496122,
    9.967703355168));
#9970 = CARTESIAN_POINT('',(-21.42374396189,-35.136779792,9.962199476621
    ));
#9971 = CARTESIAN_POINT('',(-21.50007908209,-34.86587336549,
    9.951204234954));
#9972 = CARTESIAN_POINT('',(-21.61577505677,-34.60193072677,
    9.934475477744));
#9973 = CARTESIAN_POINT('',(-21.77279357452,-34.34994462327,
    9.91160685662));
#9974 = CARTESIAN_POINT('',(-21.97350626902,-34.11682301815,
    9.882030151871));
#9975 = CARTESIAN_POINT('',(-22.43250569787,-33.73710566744,
    9.813280239545));
#9976 = CARTESIAN_POINT('',(-22.68720462789,-33.57672859341,
    9.774765686807));
#9977 = CARTESIAN_POINT('',(-22.97845140051,-33.45086585305,
    9.730156162452));
#9978 = CARTESIAN_POINT('',(-23.29563571191,-33.37238149999,
    9.68075464721));
#9979 = CARTESIAN_POINT('',(-23.6244437529,-33.34816913147,
    9.628558400286));
#9980 = CARTESIAN_POINT('',(-23.94961732557,-33.37873649933,
    9.576038508438));
#9981 = CARTESIAN_POINT('',(-24.5741274658,-33.53908344995,
    9.473697632646));
#9982 = CARTESIAN_POINT('',(-24.86153082501,-33.66883060869,
    9.425788456832));
#9983 = CARTESIAN_POINT('',(-25.11481678958,-33.83578151644,
    9.382927313063));
#9984 = CARTESIAN_POINT('',(-25.33191720459,-34.03062633746,
    9.345759948383));
#9985 = CARTESIAN_POINT('',(-25.51231532499,-34.24525704741,
    9.314611314579));
#9986 = CARTESIAN_POINT('',(-25.65666276997,-34.47253625632,
    9.289539945714));
#9987 = CARTESIAN_POINT('',(-25.90176992747,-34.99341548003,
    9.246800747065));
#9988 = CARTESIAN_POINT('',(-25.98667933631,-35.29386005233,
    9.231846592358));
#9989 = CARTESIAN_POINT('',(-26.02412130688,-35.60067535553,
    9.225219355887));
#9990 = CARTESIAN_POINT('',(-26.01518899585,-35.90924972725,
    9.22679872447));
#9991 = CARTESIAN_POINT('',(-25.95954401292,-36.21491719636,
    9.23663555254));
#9992 = CARTESIAN_POINT('',(-25.85563824822,-36.51235285899,
    9.254900407776));
#9993 = CARTESIAN_POINT('',(-25.58499931557,-37.00464324994,
    9.301967789863));
#9994 = CARTESIAN_POINT('',(-25.43914496218,-37.20886393133,
    9.327224096728));
#9995 = CARTESIAN_POINT('',(-25.26229154002,-37.40074834893,
    9.357660838053));
#9996 = CARTESIAN_POINT('',(-25.05420930976,-37.57422501221,
    9.393170807379));
#9997 = CARTESIAN_POINT('',(-24.81568468711,-37.72261533327,
    9.433426248654));
#9998 = CARTESIAN_POINT('',(-24.54875958947,-37.83849772551,
    9.477854763994));
#9999 = CARTESIAN_POINT('',(-23.97291629862,-37.98634915301,
    9.57222041622));
#10000 = CARTESIAN_POINT('',(-23.67239123375,-38.01829447057,
    9.620812875327));
#10001 = CARTESIAN_POINT('',(-23.367205625,-38.00334803659,
    9.669383654804));
#10002 = CARTESIAN_POINT('',(-23.07004364755,-37.94124906754,
    9.715862393286));
#10003 = CARTESIAN_POINT('',(-22.79305708567,-37.83696149261,
    9.75850744938));
#10004 = CARTESIAN_POINT('',(-22.54575839148,-37.70039487055,
    9.796105134672));
#10005 = CARTESIAN_POINT('',(-22.05357441198,-37.34280227784,
    9.870212858443));
#10006 = CARTESIAN_POINT('',(-21.82495012819,-37.10156544855,
    9.904005653881));
#10007 = CARTESIAN_POINT('',(-21.64645318124,-36.83677200961,
    9.930038427962));
#10008 = CARTESIAN_POINT('',(-21.51521935974,-36.55728439882,
    9.94902355291));
#10009 = CARTESIAN_POINT('',(-21.42879215315,-36.26942887296,
    9.961472290076));
#10010 = CARTESIAN_POINT('',(-21.38553390593,-35.97756004764,
    9.967703355168));
#10011 = CARTESIAN_POINT('',(-21.38553390593,-35.68553390593,
    9.967703355168));
#10012 = PCURVE('',#7619,#10013);
#10013 = DEFINITIONAL_REPRESENTATION('',(#10014),#10059);
#10014 = B_SPLINE_CURVE_WITH_KNOTS('',7,(#10015,#10016,#10017,#10018,
    #10019,#10020,#10021,#10022,#10023,#10024,#10025,#10026,#10027,
    #10028,#10029,#10030,#10031,#10032,#10033,#10034,#10035,#10036,
    #10037,#10038,#10039,#10040,#10041,#10042,#10043,#10044,#10045,
    #10046,#10047,#10048,#10049,#10050,#10051,#10052,#10053,#10054,
    #10055,#10056,#10057,#10058),.UNSPECIFIED.,.T.,.F.,(8,6,6,6,6,6,6,8)
  ,(0.,0.15301038541,0.285549814679,0.421835734011,0.589302062661,
    0.715000080702,0.837834623593,1.),.UNSPECIFIED.);
#10015 = CARTESIAN_POINT('',(1.713854011632,147.13553390593));
#10016 = CARTESIAN_POINT('',(1.713854011632,146.86107496122));
#10017 = CARTESIAN_POINT('',(1.714111374417,146.586779792));
#10018 = CARTESIAN_POINT('',(1.714625527265,146.31587336549));
#10019 = CARTESIAN_POINT('',(1.715404854767,146.05193072677));
#10020 = CARTESIAN_POINT('',(1.716462687574,145.79994462327));
#10021 = CARTESIAN_POINT('',(1.717815218298,145.56682301815));
#10022 = CARTESIAN_POINT('',(1.72090934913,145.18710566744));
#10023 = CARTESIAN_POINT('',(1.722626643894,145.02672859341));
#10024 = CARTESIAN_POINT('',(1.72459092727,144.90086585305));
#10025 = CARTESIAN_POINT('',(1.726730968706,144.82238149999));
#10026 = CARTESIAN_POINT('',(1.728950456449,144.79816913147));
#10027 = CARTESIAN_POINT('',(1.731146368062,144.82873649933));
#10028 = CARTESIAN_POINT('',(1.735365301945,144.98908344995));
#10029 = CARTESIAN_POINT('',(1.737307755579,145.11883060869));
#10030 = CARTESIAN_POINT('',(1.739020327526,145.28578151644));
#10031 = CARTESIAN_POINT('',(1.740488717693,145.48062633746));
#10032 = CARTESIAN_POINT('',(1.741709166785,145.69525704741));
#10033 = CARTESIAN_POINT('',(1.742685890327,145.92253625632));
#10034 = CARTESIAN_POINT('',(1.744344593405,146.44341548003));
#10035 = CARTESIAN_POINT('',(1.744919367308,146.74386005233));
#10036 = CARTESIAN_POINT('',(1.745172860715,147.05067535553));
#10037 = CARTESIAN_POINT('',(1.745112388245,147.35924972725));
#10038 = CARTESIAN_POINT('',(1.744735669475,147.66491719636));
#10039 = CARTESIAN_POINT('',(1.74403234478,147.96235285899));
#10040 = CARTESIAN_POINT('',(1.742201003192,148.45464324994));
#10041 = CARTESIAN_POINT('',(1.741214170724,148.65886393133));
#10042 = CARTESIAN_POINT('',(1.740017815728,148.85074834893));
#10043 = CARTESIAN_POINT('',(1.738610548871,149.02422501221));
#10044 = CARTESIAN_POINT('',(1.73699790336,149.17261533327));
#10045 = CARTESIAN_POINT('',(1.735193926997,149.28849772551));
#10046 = CARTESIAN_POINT('',(1.731303766349,149.43634915301));
#10047 = CARTESIAN_POINT('',(1.729274249416,149.46829447057));
#10048 = CARTESIAN_POINT('',(1.727214083205,149.45334803659));
#10049 = CARTESIAN_POINT('',(1.725208929399,149.39124906754));
#10050 = CARTESIAN_POINT('',(1.723340600193,149.28696149261));
#10051 = CARTESIAN_POINT('',(1.72167299914,149.15039487055));
#10052 = CARTESIAN_POINT('',(1.718354786607,148.79280227784));
#10053 = CARTESIAN_POINT('',(1.716814070663,148.55156544855));
#10054 = CARTESIAN_POINT('',(1.715611503647,148.28677200961));
#10055 = CARTESIAN_POINT('',(1.714727504021,148.00728439882));
#10056 = CARTESIAN_POINT('',(1.714145376404,147.71942887296));
#10057 = CARTESIAN_POINT('',(1.713854011632,147.42756004764));
#10058 = CARTESIAN_POINT('',(1.713854011632,147.13553390593));
#10059 = ( GEOMETRIC_REPRESENTATION_CONTEXT(2) 
PARAMETRIC_REPRESENTATION_CONTEXT() REPRESENTATION_CONTEXT('2D SPACE',''
  ) );
#10060 = PCURVE('',#10061,#10066);
#10061 = CYLINDRICAL_SURFACE('',#10062,2.3);
#10062 = AXIS2_PLACEMENT_3D('',#10063,#10064,#10065);
#10063 = CARTESIAN_POINT('',(-23.68553390593,-35.68553390593,
    7.418180800302));
#10064 = DIRECTION('',(0.,0.,1.));
#10065 = DIRECTION('',(1.,0.,-0.));
#10066 = DEFINITIONAL_REPRESENTATION('',(#10067),#10112);
#10067 = B_SPLINE_CURVE_WITH_KNOTS('',7,(#10068,#10069,#10070,#10071,
    #10072,#10073,#10074,#10075,#10076,#10077,#10078,#10079,#10080,
    #10081,#10082,#10083,#10084,#10085,#10086,#10087,#10088,#10089,
    #10090,#10091,#10092,#10093,#10094,#10095,#10096,#10097,#10098,
    #10099,#10100,#10101,#10102,#10103,#10104,#10105,#10106,#10107,
    #10108,#10109,#10110,#10111),.UNSPECIFIED.,.F.,.F.,(8,6,6,6,6,6,6,8)
  ,(0.,0.15301038541,0.285549814679,0.421835734011,0.589302062661,
    0.715000080702,0.837834623593,1.),.UNSPECIFIED.);
#10068 = CARTESIAN_POINT('',(0.,2.549522554866));
#10069 = CARTESIAN_POINT('',(0.119329975959,2.549522554866));
#10070 = CARTESIAN_POINT('',(0.238588147641,2.544018676319));
#10071 = CARTESIAN_POINT('',(0.359151830064,2.533023434652));
#10072 = CARTESIAN_POINT('',(0.482214149405,2.516294677442));
#10073 = CARTESIAN_POINT('',(0.609012321779,2.493426056318));
#10074 = CARTESIAN_POINT('',(0.740860719796,2.463849351569));
#10075 = CARTESIAN_POINT('',(0.999863366325,2.395099439243));
#10076 = CARTESIAN_POINT('',(1.129637500687,2.356584886505));
#10077 = CARTESIAN_POINT('',(1.264917626473,2.31197536215));
#10078 = CARTESIAN_POINT('',(1.403500239809,2.262573846908));
#10079 = CARTESIAN_POINT('',(1.543668250304,2.210377599985));
#10080 = CARTESIAN_POINT('',(1.683910507187,2.157857708136));
#10081 = CARTESIAN_POINT('',(1.964243842334,2.055516832344));
#10082 = CARTESIAN_POINT('',(2.099305926442,2.00760765653));
#10083 = CARTESIAN_POINT('',(2.228705613473,1.964746512761));
#10084 = CARTESIAN_POINT('',(2.353188212019,1.927579148081));
#10085 = CARTESIAN_POINT('',(2.473337628325,1.896430514277));
#10086 = CARTESIAN_POINT('',(2.589470883552,1.871359145412));
#10087 = CARTESIAN_POINT('',(2.8397609551,1.828619946763));
#10088 = CARTESIAN_POINT('',(2.973675684673,1.813665792056));
#10089 = CARTESIAN_POINT('',(3.105598228728,1.807038555585));
#10090 = CARTESIAN_POINT('',(3.237083442288,1.808617924168));
#10091 = CARTESIAN_POINT('',(3.369634023134,1.818454752238));
#10092 = CARTESIAN_POINT('',(3.504721926717,1.836719607474));
#10093 = CARTESIAN_POINT('',(3.74897351727,1.883786989562));
#10094 = CARTESIAN_POINT('',(3.857332097313,1.909043296426));
#10095 = CARTESIAN_POINT('',(3.96936235076,1.939480037751));
#10096 = CARTESIAN_POINT('',(4.085250227707,1.974990007077));
#10097 = CARTESIAN_POINT('',(4.205390051553,2.015245448352));
#10098 = CARTESIAN_POINT('',(4.330328728111,2.059673963692));
#10099 = CARTESIAN_POINT('',(4.588816236714,2.154039615918));
#10100 = CARTESIAN_POINT('',(4.718827854939,2.202632075025));
#10101 = CARTESIAN_POINT('',(4.849140873929,2.251202854502));
#10102 = CARTESIAN_POINT('',(4.978320385749,2.297681592984));
#10103 = CARTESIAN_POINT('',(5.10481598863,2.340326649078));
#10104 = CARTESIAN_POINT('',(5.226704120032,2.377924334371));
#10105 = CARTESIAN_POINT('',(5.491214057466,2.452032058141));
#10106 = CARTESIAN_POINT('',(5.633283765301,2.48582485358));
#10107 = CARTESIAN_POINT('',(5.769297935733,2.51185762766));
#10108 = CARTESIAN_POINT('',(5.900816239896,2.530842752608));
#10109 = CARTESIAN_POINT('',(6.029318967938,2.543291489774));
#10110 = CARTESIAN_POINT('',(6.156217419477,2.549522554866));
#10111 = CARTESIAN_POINT('',(6.28318530718,2.549522554866));
#10112 = ( GEOMETRIC_REPRESENTATION_CONTEXT(2) 
PARAMETRIC_REPRESENTATION_CONTEXT() REPRESENTATION_CONTEXT('2D SPACE',''
  ) );
#10113 = ADVANCED_FACE('',(#10114),#7592,.T.);
#10114 = FACE_BOUND('',#10115,.T.);
#10115 = EDGE_LOOP('',(#10116,#10117,#10136,#10137));
#10116 = ORIENTED_EDGE('',*,*,#7660,.F.);
#10117 = ORIENTED_EDGE('',*,*,#10118,.F.);
#10118 = EDGE_CURVE('',#8541,#7661,#10119,.T.);
#10119 = SURFACE_CURVE('',#10120,(#10124,#10130),.PCURVE_S1.);
#10120 = LINE('',#10121,#10122);
#10121 = CARTESIAN_POINT('',(-25.13766532639,-32.50099087156,4.8));
#10122 = VECTOR('',#10123,1.);
#10123 = DIRECTION('',(0.,0.,-1.));
#10124 = PCURVE('',#7592,#10125);
#10125 = DEFINITIONAL_REPRESENTATION('',(#10126),#10129);
#10126 = B_SPLINE_CURVE_WITH_KNOTS('',1,(#10127,#10128),.UNSPECIFIED.,
  .F.,.F.,(2,2),(-7.3000024,2.399999999625E-06),
  .PIECEWISE_BEZIER_KNOTS.);
#10127 = CARTESIAN_POINT('',(6.212929351073,-7.3000024));
#10128 = CARTESIAN_POINT('',(6.212929351073,2.399999999625E-06));
#10129 = ( GEOMETRIC_REPRESENTATION_CONTEXT(2) 
PARAMETRIC_REPRESENTATION_CONTEXT() REPRESENTATION_CONTEXT('2D SPACE',''
  ) );
#10130 = PCURVE('',#7705,#10131);
#10131 = DEFINITIONAL_REPRESENTATION('',(#10132),#10135);
#10132 = B_SPLINE_CURVE_WITH_KNOTS('',1,(#10133,#10134),.UNSPECIFIED.,
  .F.,.F.,(2,2),(-7.3000024,2.399999999625E-06),
  .PIECEWISE_BEZIER_KNOTS.);
#10133 = CARTESIAN_POINT('',(1.998623386547,7.3000024));
#10134 = CARTESIAN_POINT('',(1.998623386547,-2.399999999625E-06));
#10135 = ( GEOMETRIC_REPRESENTATION_CONTEXT(2) 
PARAMETRIC_REPRESENTATION_CONTEXT() REPRESENTATION_CONTEXT('2D SPACE',''
  ) );
#10136 = ORIENTED_EDGE('',*,*,#8540,.T.);
#10137 = ORIENTED_EDGE('',*,*,#7576,.F.);
#10138 = ADVANCED_FACE('',(#10139),#7705,.T.);
#10139 = FACE_BOUND('',#10140,.T.);
#10140 = EDGE_LOOP('',(#10141,#10142,#10143,#10144));
#10141 = ORIENTED_EDGE('',*,*,#8569,.F.);
#10142 = ORIENTED_EDGE('',*,*,#10118,.T.);
#10143 = ORIENTED_EDGE('',*,*,#7688,.T.);
#10144 = ORIENTED_EDGE('',*,*,#10145,.F.);
#10145 = EDGE_CURVE('',#8570,#7689,#10146,.T.);
#10146 = SURFACE_CURVE('',#10147,(#10151,#10157),.PCURVE_S1.);
#10147 = LINE('',#10148,#10149);
#10148 = CARTESIAN_POINT('',(-20.50099087156,-37.13766532639,4.8));
#10149 = VECTOR('',#10150,1.);
#10150 = DIRECTION('',(0.,0.,-1.));
#10151 = PCURVE('',#7705,#10152);
#10152 = DEFINITIONAL_REPRESENTATION('',(#10153),#10156);
#10153 = B_SPLINE_CURVE_WITH_KNOTS('',1,(#10154,#10155),.UNSPECIFIED.,
  .F.,.F.,(2,2),(-7.3000024,2.399999999625E-06),
  .PIECEWISE_BEZIER_KNOTS.);
#10154 = CARTESIAN_POINT('',(5.855358247428,7.3000024));
#10155 = CARTESIAN_POINT('',(5.855358247428,-2.399999999625E-06));
#10156 = ( GEOMETRIC_REPRESENTATION_CONTEXT(2) 
PARAMETRIC_REPRESENTATION_CONTEXT() REPRESENTATION_CONTEXT('2D SPACE',''
  ) );
#10157 = PCURVE('',#7738,#10158);
#10158 = DEFINITIONAL_REPRESENTATION('',(#10159),#10162);
#10159 = B_SPLINE_CURVE_WITH_KNOTS('',1,(#10160,#10161),.UNSPECIFIED.,
  .F.,.F.,(2,2),(-7.3000024,2.399999999625E-06),
  .PIECEWISE_BEZIER_KNOTS.);
#10160 = CARTESIAN_POINT('',(4.782644936491,-7.3000024));
#10161 = CARTESIAN_POINT('',(4.782644936491,2.399999999625E-06));
#10162 = ( GEOMETRIC_REPRESENTATION_CONTEXT(2) 
PARAMETRIC_REPRESENTATION_CONTEXT() REPRESENTATION_CONTEXT('2D SPACE',''
  ) );
#10163 = ADVANCED_FACE('',(#10164),#8082,.T.);
#10164 = FACE_BOUND('',#10165,.T.);
#10165 = EDGE_LOOP('',(#10166,#10167,#10186,#10187));
#10166 = ORIENTED_EDGE('',*,*,#9358,.F.);
#10167 = ORIENTED_EDGE('',*,*,#10168,.T.);
#10168 = EDGE_CURVE('',#9330,#8033,#10169,.T.);
#10169 = SURFACE_CURVE('',#10170,(#10174,#10180),.PCURVE_S1.);
#10170 = LINE('',#10171,#10172);
#10171 = CARTESIAN_POINT('',(-20.50099087156,37.13766532639,4.8));
#10172 = VECTOR('',#10173,1.);
#10173 = DIRECTION('',(0.,0.,-1.));
#10174 = PCURVE('',#8082,#10175);
#10175 = DEFINITIONAL_REPRESENTATION('',(#10176),#10179);
#10176 = B_SPLINE_CURVE_WITH_KNOTS('',1,(#10177,#10178),.UNSPECIFIED.,
  .F.,.F.,(2,2),(-7.3000024,2.399999999625E-06),
  .PIECEWISE_BEZIER_KNOTS.);
#10177 = CARTESIAN_POINT('',(0.427827059752,7.3000024));
#10178 = CARTESIAN_POINT('',(0.427827059752,-2.399999999625E-06));
#10179 = ( GEOMETRIC_REPRESENTATION_CONTEXT(2) 
PARAMETRIC_REPRESENTATION_CONTEXT() REPRESENTATION_CONTEXT('2D SPACE',''
  ) );
#10180 = PCURVE('',#8053,#10181);
#10181 = DEFINITIONAL_REPRESENTATION('',(#10182),#10185);
#10182 = B_SPLINE_CURVE_WITH_KNOTS('',1,(#10183,#10184),.UNSPECIFIED.,
  .F.,.F.,(2,2),(-7.3000024,2.399999999625E-06),
  .PIECEWISE_BEZIER_KNOTS.);
#10183 = CARTESIAN_POINT('',(1.500540370688,-7.3000024));
#10184 = CARTESIAN_POINT('',(1.500540370688,2.399999999625E-06));
#10185 = ( GEOMETRIC_REPRESENTATION_CONTEXT(2) 
PARAMETRIC_REPRESENTATION_CONTEXT() REPRESENTATION_CONTEXT('2D SPACE',''
  ) );
#10186 = ORIENTED_EDGE('',*,*,#8065,.T.);
#10187 = ORIENTED_EDGE('',*,*,#8516,.F.);
#10188 = ADVANCED_FACE('',(#10189),#7738,.T.);
#10189 = FACE_BOUND('',#10190,.T.);
#10190 = EDGE_LOOP('',(#10191,#10192,#10213,#10214));
#10191 = ORIENTED_EDGE('',*,*,#7717,.F.);
#10192 = ORIENTED_EDGE('',*,*,#10193,.T.);
#10193 = EDGE_CURVE('',#7718,#8716,#10194,.T.);
#10194 = SURFACE_CURVE('',#10195,(#10199,#10206),.PCURVE_S1.);
#10195 = LINE('',#10196,#10197);
#10196 = CARTESIAN_POINT('',(-20.15,-37.15,4.8));
#10197 = VECTOR('',#10198,1.);
#10198 = DIRECTION('',(0.,0.,1.));
#10199 = PCURVE('',#7738,#10200);
#10200 = DEFINITIONAL_REPRESENTATION('',(#10201),#10205);
#10201 = LINE('',#10202,#10203);
#10202 = CARTESIAN_POINT('',(4.712388980385,0.));
#10203 = VECTOR('',#10204,1.);
#10204 = DIRECTION('',(0.,-1.));
#10205 = ( GEOMETRIC_REPRESENTATION_CONTEXT(2) 
PARAMETRIC_REPRESENTATION_CONTEXT() REPRESENTATION_CONTEXT('2D SPACE',''
  ) );
#10206 = PCURVE('',#7766,#10207);
#10207 = DEFINITIONAL_REPRESENTATION('',(#10208),#10212);
#10208 = LINE('',#10209,#10210);
#10209 = CARTESIAN_POINT('',(0.,0.));
#10210 = VECTOR('',#10211,1.);
#10211 = DIRECTION('',(0.,-1.));
#10212 = ( GEOMETRIC_REPRESENTATION_CONTEXT(2) 
PARAMETRIC_REPRESENTATION_CONTEXT() REPRESENTATION_CONTEXT('2D SPACE',''
  ) );
#10213 = ORIENTED_EDGE('',*,*,#8715,.T.);
#10214 = ORIENTED_EDGE('',*,*,#10145,.T.);
#10215 = ADVANCED_FACE('',(#10216),#8053,.T.);
#10216 = FACE_BOUND('',#10217,.T.);
#10217 = EDGE_LOOP('',(#10218,#10219,#10220,#10221));
#10218 = ORIENTED_EDGE('',*,*,#8032,.F.);
#10219 = ORIENTED_EDGE('',*,*,#10168,.F.);
#10220 = ORIENTED_EDGE('',*,*,#9329,.F.);
#10221 = ORIENTED_EDGE('',*,*,#10222,.F.);
#10222 = EDGE_CURVE('',#8005,#9302,#10223,.T.);
#10223 = SURFACE_CURVE('',#10224,(#10228,#10235),.PCURVE_S1.);
#10224 = LINE('',#10225,#10226);
#10225 = CARTESIAN_POINT('',(-20.15,37.15,4.8));
#10226 = VECTOR('',#10227,1.);
#10227 = DIRECTION('',(0.,0.,1.));
#10228 = PCURVE('',#8053,#10229);
#10229 = DEFINITIONAL_REPRESENTATION('',(#10230),#10234);
#10230 = LINE('',#10231,#10232);
#10231 = CARTESIAN_POINT('',(1.570796326795,0.));
#10232 = VECTOR('',#10233,1.);
#10233 = DIRECTION('',(0.,-1.));
#10234 = ( GEOMETRIC_REPRESENTATION_CONTEXT(2) 
PARAMETRIC_REPRESENTATION_CONTEXT() REPRESENTATION_CONTEXT('2D SPACE',''
  ) );
#10235 = PCURVE('',#8020,#10236);
#10236 = DEFINITIONAL_REPRESENTATION('',(#10237),#10241);
#10237 = LINE('',#10238,#10239);
#10238 = CARTESIAN_POINT('',(0.,0.));
#10239 = VECTOR('',#10240,1.);
#10240 = DIRECTION('',(0.,-1.));
#10241 = ( GEOMETRIC_REPRESENTATION_CONTEXT(2) 
PARAMETRIC_REPRESENTATION_CONTEXT() REPRESENTATION_CONTEXT('2D SPACE',''
  ) );
#10242 = ADVANCED_FACE('',(#10243,#10269),#7766,.F.);
#10243 = FACE_BOUND('',#10244,.F.);
#10244 = EDGE_LOOP('',(#10245,#10246,#10247,#10248));
#10245 = ORIENTED_EDGE('',*,*,#7750,.F.);
#10246 = ORIENTED_EDGE('',*,*,#10193,.T.);
#10247 = ORIENTED_EDGE('',*,*,#8744,.F.);
#10248 = ORIENTED_EDGE('',*,*,#10249,.F.);
#10249 = EDGE_CURVE('',#7751,#8745,#10250,.T.);
#10250 = SURFACE_CURVE('',#10251,(#10255,#10262),.PCURVE_S1.);
#10251 = LINE('',#10252,#10253);
#10252 = CARTESIAN_POINT('',(20.15,-37.15,4.8));
#10253 = VECTOR('',#10254,1.);
#10254 = DIRECTION('',(0.,0.,1.));
#10255 = PCURVE('',#7766,#10256);
#10256 = DEFINITIONAL_REPRESENTATION('',(#10257),#10261);
#10257 = LINE('',#10258,#10259);
#10258 = CARTESIAN_POINT('',(40.3,0.));
#10259 = VECTOR('',#10260,1.);
#10260 = DIRECTION('',(0.,-1.));
#10261 = ( GEOMETRIC_REPRESENTATION_CONTEXT(2) 
PARAMETRIC_REPRESENTATION_CONTEXT() REPRESENTATION_CONTEXT('2D SPACE',''
  ) );
#10262 = PCURVE('',#7799,#10263);
#10263 = DEFINITIONAL_REPRESENTATION('',(#10264),#10268);
#10264 = LINE('',#10265,#10266);
#10265 = CARTESIAN_POINT('',(4.712388980385,0.));
#10266 = VECTOR('',#10267,1.);
#10267 = DIRECTION('',(0.,-1.));
#10268 = ( GEOMETRIC_REPRESENTATION_CONTEXT(2) 
PARAMETRIC_REPRESENTATION_CONTEXT() REPRESENTATION_CONTEXT('2D SPACE',''
  ) );
#10269 = FACE_BOUND('',#10270,.F.);
#10270 = EDGE_LOOP('',(#10271,#10299,#10325,#10351));
#10271 = ORIENTED_EDGE('',*,*,#10272,.F.);
#10272 = EDGE_CURVE('',#10273,#10275,#10277,.T.);
#10273 = VERTEX_POINT('',#10274);
#10274 = CARTESIAN_POINT('',(-2.,-37.15,9.3));
#10275 = VERTEX_POINT('',#10276);
#10276 = CARTESIAN_POINT('',(8.,-37.15,9.3));
#10277 = SURFACE_CURVE('',#10278,(#10282,#10288),.PCURVE_S1.);
#10278 = LINE('',#10279,#10280);
#10279 = CARTESIAN_POINT('',(-11.075,-37.15,9.3));
#10280 = VECTOR('',#10281,1.);
#10281 = DIRECTION('',(1.,0.,0.));
#10282 = PCURVE('',#7766,#10283);
#10283 = DEFINITIONAL_REPRESENTATION('',(#10284),#10287);
#10284 = B_SPLINE_CURVE_WITH_KNOTS('',1,(#10285,#10286),.UNSPECIFIED.,
  .F.,.F.,(2,2),(9.075,19.075),.PIECEWISE_BEZIER_KNOTS.);
#10285 = CARTESIAN_POINT('',(18.15,-4.5));
#10286 = CARTESIAN_POINT('',(28.15,-4.5));
#10287 = ( GEOMETRIC_REPRESENTATION_CONTEXT(2) 
PARAMETRIC_REPRESENTATION_CONTEXT() REPRESENTATION_CONTEXT('2D SPACE',''
  ) );
#10288 = PCURVE('',#10289,#10294);
#10289 = PLANE('',#10290);
#10290 = AXIS2_PLACEMENT_3D('',#10291,#10292,#10293);
#10291 = CARTESIAN_POINT('',(-2.,-38.05,9.3));
#10292 = DIRECTION('',(0.,0.,1.));
#10293 = DIRECTION('',(1.,0.,-0.));
#10294 = DEFINITIONAL_REPRESENTATION('',(#10295),#10298);
#10295 = B_SPLINE_CURVE_WITH_KNOTS('',1,(#10296,#10297),.UNSPECIFIED.,
  .F.,.F.,(2,2),(9.075,19.075),.PIECEWISE_BEZIER_KNOTS.);
#10296 = CARTESIAN_POINT('',(0.,0.9));
#10297 = CARTESIAN_POINT('',(10.,0.9));
#10298 = ( GEOMETRIC_REPRESENTATION_CONTEXT(2) 
PARAMETRIC_REPRESENTATION_CONTEXT() REPRESENTATION_CONTEXT('2D SPACE',''
  ) );
#10299 = ORIENTED_EDGE('',*,*,#10300,.T.);
#10300 = EDGE_CURVE('',#10273,#10301,#10303,.T.);
#10301 = VERTEX_POINT('',#10302);
#10302 = CARTESIAN_POINT('',(-2.,-37.15,5.1));
#10303 = SURFACE_CURVE('',#10304,(#10308,#10314),.PCURVE_S1.);
#10304 = LINE('',#10305,#10306);
#10305 = CARTESIAN_POINT('',(-2.,-37.15,4.95));
#10306 = VECTOR('',#10307,1.);
#10307 = DIRECTION('',(-0.,0.,-1.));
#10308 = PCURVE('',#7766,#10309);
#10309 = DEFINITIONAL_REPRESENTATION('',(#10310),#10313);
#10310 = B_SPLINE_CURVE_WITH_KNOTS('',1,(#10311,#10312),.UNSPECIFIED.,
  .F.,.F.,(2,2),(-4.35,-0.15),.PIECEWISE_BEZIER_KNOTS.);
#10311 = CARTESIAN_POINT('',(18.15,-4.5));
#10312 = CARTESIAN_POINT('',(18.15,-0.3));
#10313 = ( GEOMETRIC_REPRESENTATION_CONTEXT(2) 
PARAMETRIC_REPRESENTATION_CONTEXT() REPRESENTATION_CONTEXT('2D SPACE',''
  ) );
#10314 = PCURVE('',#10315,#10320);
#10315 = PLANE('',#10316);
#10316 = AXIS2_PLACEMENT_3D('',#10317,#10318,#10319);
#10317 = CARTESIAN_POINT('',(-2.,-38.05,5.1));
#10318 = DIRECTION('',(1.,0.,-0.));
#10319 = DIRECTION('',(0.,0.,1.));
#10320 = DEFINITIONAL_REPRESENTATION('',(#10321),#10324);
#10321 = B_SPLINE_CURVE_WITH_KNOTS('',1,(#10322,#10323),.UNSPECIFIED.,
  .F.,.F.,(2,2),(-4.35,-0.15),.PIECEWISE_BEZIER_KNOTS.);
#10322 = CARTESIAN_POINT('',(4.2,-0.9));
#10323 = CARTESIAN_POINT('',(0.,-0.9));
#10324 = ( GEOMETRIC_REPRESENTATION_CONTEXT(2) 
PARAMETRIC_REPRESENTATION_CONTEXT() REPRESENTATION_CONTEXT('2D SPACE',''
  ) );
#10325 = ORIENTED_EDGE('',*,*,#10326,.T.);
#10326 = EDGE_CURVE('',#10301,#10327,#10329,.T.);
#10327 = VERTEX_POINT('',#10328);
#10328 = CARTESIAN_POINT('',(8.,-37.15,5.1));
#10329 = SURFACE_CURVE('',#10330,(#10334,#10340),.PCURVE_S1.);
#10330 = LINE('',#10331,#10332);
#10331 = CARTESIAN_POINT('',(-11.075,-37.15,5.1));
#10332 = VECTOR('',#10333,1.);
#10333 = DIRECTION('',(1.,0.,0.));
#10334 = PCURVE('',#7766,#10335);
#10335 = DEFINITIONAL_REPRESENTATION('',(#10336),#10339);
#10336 = B_SPLINE_CURVE_WITH_KNOTS('',1,(#10337,#10338),.UNSPECIFIED.,
  .F.,.F.,(2,2),(9.075,19.075),.PIECEWISE_BEZIER_KNOTS.);
#10337 = CARTESIAN_POINT('',(18.15,-0.3));
#10338 = CARTESIAN_POINT('',(28.15,-0.3));
#10339 = ( GEOMETRIC_REPRESENTATION_CONTEXT(2) 
PARAMETRIC_REPRESENTATION_CONTEXT() REPRESENTATION_CONTEXT('2D SPACE',''
  ) );
#10340 = PCURVE('',#10341,#10346);
#10341 = PLANE('',#10342);
#10342 = AXIS2_PLACEMENT_3D('',#10343,#10344,#10345);
#10343 = CARTESIAN_POINT('',(-2.,-38.05,5.1));
#10344 = DIRECTION('',(0.,0.,1.));
#10345 = DIRECTION('',(1.,0.,-0.));
#10346 = DEFINITIONAL_REPRESENTATION('',(#10347),#10350);
#10347 = B_SPLINE_CURVE_WITH_KNOTS('',1,(#10348,#10349),.UNSPECIFIED.,
  .F.,.F.,(2,2),(9.075,19.075),.PIECEWISE_BEZIER_KNOTS.);
#10348 = CARTESIAN_POINT('',(0.,0.9));
#10349 = CARTESIAN_POINT('',(10.,0.9));
#10350 = ( GEOMETRIC_REPRESENTATION_CONTEXT(2) 
PARAMETRIC_REPRESENTATION_CONTEXT() REPRESENTATION_CONTEXT('2D SPACE',''
  ) );
#10351 = ORIENTED_EDGE('',*,*,#10352,.F.);
#10352 = EDGE_CURVE('',#10275,#10327,#10353,.T.);
#10353 = SURFACE_CURVE('',#10354,(#10358,#10364),.PCURVE_S1.);
#10354 = LINE('',#10355,#10356);
#10355 = CARTESIAN_POINT('',(8.,-37.15,4.95));
#10356 = VECTOR('',#10357,1.);
#10357 = DIRECTION('',(-0.,0.,-1.));
#10358 = PCURVE('',#7766,#10359);
#10359 = DEFINITIONAL_REPRESENTATION('',(#10360),#10363);
#10360 = B_SPLINE_CURVE_WITH_KNOTS('',1,(#10361,#10362),.UNSPECIFIED.,
  .F.,.F.,(2,2),(-4.35,-0.15),.PIECEWISE_BEZIER_KNOTS.);
#10361 = CARTESIAN_POINT('',(28.15,-4.5));
#10362 = CARTESIAN_POINT('',(28.15,-0.3));
#10363 = ( GEOMETRIC_REPRESENTATION_CONTEXT(2) 
PARAMETRIC_REPRESENTATION_CONTEXT() REPRESENTATION_CONTEXT('2D SPACE',''
  ) );
#10364 = PCURVE('',#10365,#10370);
#10365 = PLANE('',#10366);
#10366 = AXIS2_PLACEMENT_3D('',#10367,#10368,#10369);
#10367 = CARTESIAN_POINT('',(8.,-38.05,5.1));
#10368 = DIRECTION('',(1.,0.,-0.));
#10369 = DIRECTION('',(0.,0.,1.));
#10370 = DEFINITIONAL_REPRESENTATION('',(#10371),#10374);
#10371 = B_SPLINE_CURVE_WITH_KNOTS('',1,(#10372,#10373),.UNSPECIFIED.,
  .F.,.F.,(2,2),(-4.35,-0.15),.PIECEWISE_BEZIER_KNOTS.);
#10372 = CARTESIAN_POINT('',(4.2,-0.9));
#10373 = CARTESIAN_POINT('',(0.,-0.9));
#10374 = ( GEOMETRIC_REPRESENTATION_CONTEXT(2) 
PARAMETRIC_REPRESENTATION_CONTEXT() REPRESENTATION_CONTEXT('2D SPACE',''
  ) );
#10375 = ADVANCED_FACE('',(#10376),#8020,.T.);
#10376 = FACE_BOUND('',#10377,.T.);
#10377 = EDGE_LOOP('',(#10378,#10379,#10380,#10381));
#10378 = ORIENTED_EDGE('',*,*,#8004,.F.);
#10379 = ORIENTED_EDGE('',*,*,#10222,.T.);
#10380 = ORIENTED_EDGE('',*,*,#9301,.F.);
#10381 = ORIENTED_EDGE('',*,*,#10382,.F.);
#10382 = EDGE_CURVE('',#7972,#9273,#10383,.T.);
#10383 = SURFACE_CURVE('',#10384,(#10388,#10395),.PCURVE_S1.);
#10384 = LINE('',#10385,#10386);
#10385 = CARTESIAN_POINT('',(20.15,37.15,4.8));
#10386 = VECTOR('',#10387,1.);
#10387 = DIRECTION('',(0.,0.,1.));
#10388 = PCURVE('',#8020,#10389);
#10389 = DEFINITIONAL_REPRESENTATION('',(#10390),#10394);
#10390 = LINE('',#10391,#10392);
#10391 = CARTESIAN_POINT('',(40.3,0.));
#10392 = VECTOR('',#10393,1.);
#10393 = DIRECTION('',(0.,-1.));
#10394 = ( GEOMETRIC_REPRESENTATION_CONTEXT(2) 
PARAMETRIC_REPRESENTATION_CONTEXT() REPRESENTATION_CONTEXT('2D SPACE',''
  ) );
#10395 = PCURVE('',#7992,#10396);
#10396 = DEFINITIONAL_REPRESENTATION('',(#10397),#10401);
#10397 = LINE('',#10398,#10399);
#10398 = CARTESIAN_POINT('',(1.570796326795,0.));
#10399 = VECTOR('',#10400,1.);
#10400 = DIRECTION('',(0.,-1.));
#10401 = ( GEOMETRIC_REPRESENTATION_CONTEXT(2) 
PARAMETRIC_REPRESENTATION_CONTEXT() REPRESENTATION_CONTEXT('2D SPACE',''
  ) );
#10402 = ADVANCED_FACE('',(#10403),#7799,.T.);
#10403 = FACE_BOUND('',#10404,.T.);
#10404 = EDGE_LOOP('',(#10405,#10406,#10425,#10426));
#10405 = ORIENTED_EDGE('',*,*,#7778,.F.);
#10406 = ORIENTED_EDGE('',*,*,#10407,.F.);
#10407 = EDGE_CURVE('',#8773,#7779,#10408,.T.);
#10408 = SURFACE_CURVE('',#10409,(#10413,#10419),.PCURVE_S1.);
#10409 = LINE('',#10410,#10411);
#10410 = CARTESIAN_POINT('',(20.500990871568,-37.13766532639,4.8));
#10411 = VECTOR('',#10412,1.);
#10412 = DIRECTION('',(0.,0.,-1.));
#10413 = PCURVE('',#7799,#10414);
#10414 = DEFINITIONAL_REPRESENTATION('',(#10415),#10418);
#10415 = B_SPLINE_CURVE_WITH_KNOTS('',1,(#10416,#10417),.UNSPECIFIED.,
  .F.,.F.,(2,2),(-7.3000024,2.399999999625E-06),
  .PIECEWISE_BEZIER_KNOTS.);
#10416 = CARTESIAN_POINT('',(4.642133024278,-7.3000024));
#10417 = CARTESIAN_POINT('',(4.642133024278,2.399999999625E-06));
#10418 = ( GEOMETRIC_REPRESENTATION_CONTEXT(2) 
PARAMETRIC_REPRESENTATION_CONTEXT() REPRESENTATION_CONTEXT('2D SPACE',''
  ) );
#10419 = PCURVE('',#7832,#10420);
#10420 = DEFINITIONAL_REPRESENTATION('',(#10421),#10424);
#10421 = B_SPLINE_CURVE_WITH_KNOTS('',1,(#10422,#10423),.UNSPECIFIED.,
  .F.,.F.,(2,2),(-7.3,0.),.PIECEWISE_BEZIER_KNOTS.);
#10422 = CARTESIAN_POINT('',(3.569419713342,7.3));
#10423 = CARTESIAN_POINT('',(3.569419713342,0.));
#10424 = ( GEOMETRIC_REPRESENTATION_CONTEXT(2) 
PARAMETRIC_REPRESENTATION_CONTEXT() REPRESENTATION_CONTEXT('2D SPACE',''
  ) );
#10425 = ORIENTED_EDGE('',*,*,#8772,.T.);
#10426 = ORIENTED_EDGE('',*,*,#10249,.F.);
#10427 = ADVANCED_FACE('',(#10428),#7992,.T.);
#10428 = FACE_BOUND('',#10429,.T.);
#10429 = EDGE_LOOP('',(#10430,#10431,#10432,#10433));
#10430 = ORIENTED_EDGE('',*,*,#7971,.F.);
#10431 = ORIENTED_EDGE('',*,*,#10382,.T.);
#10432 = ORIENTED_EDGE('',*,*,#9272,.F.);
#10433 = ORIENTED_EDGE('',*,*,#10434,.T.);
#10434 = EDGE_CURVE('',#9077,#7939,#10435,.T.);
#10435 = SURFACE_CURVE('',#10436,(#10440,#10446),.PCURVE_S1.);
#10436 = LINE('',#10437,#10438);
#10437 = CARTESIAN_POINT('',(20.500990871568,37.13766532639,4.8));
#10438 = VECTOR('',#10439,1.);
#10439 = DIRECTION('',(0.,0.,-1.));
#10440 = PCURVE('',#7992,#10441);
#10441 = DEFINITIONAL_REPRESENTATION('',(#10442),#10445);
#10442 = B_SPLINE_CURVE_WITH_KNOTS('',1,(#10443,#10444),.UNSPECIFIED.,
  .F.,.F.,(2,2),(-7.3000024,2.399999999625E-06),
  .PIECEWISE_BEZIER_KNOTS.);
#10443 = CARTESIAN_POINT('',(1.641052282901,-7.3000024));
#10444 = CARTESIAN_POINT('',(1.641052282901,2.399999999625E-06));
#10445 = ( GEOMETRIC_REPRESENTATION_CONTEXT(2) 
PARAMETRIC_REPRESENTATION_CONTEXT() REPRESENTATION_CONTEXT('2D SPACE',''
  ) );
#10446 = PCURVE('',#7959,#10447);
#10447 = DEFINITIONAL_REPRESENTATION('',(#10448),#10451);
#10448 = B_SPLINE_CURVE_WITH_KNOTS('',1,(#10449,#10450),.UNSPECIFIED.,
  .F.,.F.,(2,2),(-7.3,-0.),.PIECEWISE_BEZIER_KNOTS.);
#10449 = CARTESIAN_POINT('',(8.996950901017,7.3));
#10450 = CARTESIAN_POINT('',(8.996950901017,0.));
#10451 = ( GEOMETRIC_REPRESENTATION_CONTEXT(2) 
PARAMETRIC_REPRESENTATION_CONTEXT() REPRESENTATION_CONTEXT('2D SPACE',''
  ) );
#10452 = ADVANCED_FACE('',(#10453),#7832,.T.);
#10453 = FACE_BOUND('',#10454,.T.);
#10454 = EDGE_LOOP('',(#10455,#10456,#10457,#10458));
#10455 = ORIENTED_EDGE('',*,*,#8801,.F.);
#10456 = ORIENTED_EDGE('',*,*,#10407,.T.);
#10457 = ORIENTED_EDGE('',*,*,#7811,.F.);
#10458 = ORIENTED_EDGE('',*,*,#10459,.F.);
#10459 = EDGE_CURVE('',#8802,#7812,#10460,.T.);
#10460 = SURFACE_CURVE('',#10461,(#10465,#10471),.PCURVE_S1.);
#10461 = LINE('',#10462,#10463);
#10462 = CARTESIAN_POINT('',(25.13766532639,-32.50099087156,4.8));
#10463 = VECTOR('',#10464,1.);
#10464 = DIRECTION('',(0.,0.,-1.));
#10465 = PCURVE('',#7832,#10466);
#10466 = DEFINITIONAL_REPRESENTATION('',(#10467),#10470);
#10467 = B_SPLINE_CURVE_WITH_KNOTS('',1,(#10468,#10469),.UNSPECIFIED.,
  .F.,.F.,(2,2),(-7.3,0.),.PIECEWISE_BEZIER_KNOTS.);
#10468 = CARTESIAN_POINT('',(7.426154574223,7.3));
#10469 = CARTESIAN_POINT('',(7.426154574223,0.));
#10470 = ( GEOMETRIC_REPRESENTATION_CONTEXT(2) 
PARAMETRIC_REPRESENTATION_CONTEXT() REPRESENTATION_CONTEXT('2D SPACE',''
  ) );
#10471 = PCURVE('',#7865,#10472);
#10472 = DEFINITIONAL_REPRESENTATION('',(#10473),#10476);
#10473 = B_SPLINE_CURVE_WITH_KNOTS('',1,(#10474,#10475),.UNSPECIFIED.,
  .F.,.F.,(2,2),(-7.3000024,2.399999999625E-06),
  .PIECEWISE_BEZIER_KNOTS.);
#10474 = CARTESIAN_POINT('',(3.211848609696,-7.3000024));
#10475 = CARTESIAN_POINT('',(3.211848609696,2.399999999625E-06));
#10476 = ( GEOMETRIC_REPRESENTATION_CONTEXT(2) 
PARAMETRIC_REPRESENTATION_CONTEXT() REPRESENTATION_CONTEXT('2D SPACE',''
  ) );
#10477 = ADVANCED_FACE('',(#10478),#7959,.T.);
#10478 = FACE_BOUND('',#10479,.T.);
#10479 = EDGE_LOOP('',(#10480,#10481,#10500,#10501));
#10480 = ORIENTED_EDGE('',*,*,#9076,.F.);
#10481 = ORIENTED_EDGE('',*,*,#10482,.T.);
#10482 = EDGE_CURVE('',#9048,#7906,#10483,.T.);
#10483 = SURFACE_CURVE('',#10484,(#10488,#10494),.PCURVE_S1.);
#10484 = LINE('',#10485,#10486);
#10485 = CARTESIAN_POINT('',(25.13766532639,32.500990871568,4.8));
#10486 = VECTOR('',#10487,1.);
#10487 = DIRECTION('',(0.,0.,-1.));
#10488 = PCURVE('',#7959,#10489);
#10489 = DEFINITIONAL_REPRESENTATION('',(#10490),#10493);
#10490 = B_SPLINE_CURVE_WITH_KNOTS('',1,(#10491,#10492),.UNSPECIFIED.,
  .F.,.F.,(2,2),(-7.3,-0.),.PIECEWISE_BEZIER_KNOTS.);
#10491 = CARTESIAN_POINT('',(5.140216040137,7.3));
#10492 = CARTESIAN_POINT('',(5.140216040137,0.));
#10493 = ( GEOMETRIC_REPRESENTATION_CONTEXT(2) 
PARAMETRIC_REPRESENTATION_CONTEXT() REPRESENTATION_CONTEXT('2D SPACE',''
  ) );
#10494 = PCURVE('',#7926,#10495);
#10495 = DEFINITIONAL_REPRESENTATION('',(#10496),#10499);
#10496 = B_SPLINE_CURVE_WITH_KNOTS('',1,(#10497,#10498),.UNSPECIFIED.,
  .F.,.F.,(2,2),(-7.3000024,2.399999999625E-06),
  .PIECEWISE_BEZIER_KNOTS.);
#10497 = CARTESIAN_POINT('',(3.071336697483,-7.3000024));
#10498 = CARTESIAN_POINT('',(3.071336697483,2.399999999625E-06));
#10499 = ( GEOMETRIC_REPRESENTATION_CONTEXT(2) 
PARAMETRIC_REPRESENTATION_CONTEXT() REPRESENTATION_CONTEXT('2D SPACE',''
  ) );
#10500 = ORIENTED_EDGE('',*,*,#7938,.F.);
#10501 = ORIENTED_EDGE('',*,*,#10434,.F.);
#10502 = ADVANCED_FACE('',(#10503),#7865,.T.);
#10503 = FACE_BOUND('',#10504,.T.);
#10504 = EDGE_LOOP('',(#10505,#10506,#10527,#10528));
#10505 = ORIENTED_EDGE('',*,*,#7844,.F.);
#10506 = ORIENTED_EDGE('',*,*,#10507,.T.);
#10507 = EDGE_CURVE('',#7845,#8998,#10508,.T.);
#10508 = SURFACE_CURVE('',#10509,(#10513,#10520),.PCURVE_S1.);
#10509 = LINE('',#10510,#10511);
#10510 = CARTESIAN_POINT('',(25.15,-32.15,4.8));
#10511 = VECTOR('',#10512,1.);
#10512 = DIRECTION('',(0.,0.,1.));
#10513 = PCURVE('',#7865,#10514);
#10514 = DEFINITIONAL_REPRESENTATION('',(#10515),#10519);
#10515 = LINE('',#10516,#10517);
#10516 = CARTESIAN_POINT('',(3.14159265359,0.));
#10517 = VECTOR('',#10518,1.);
#10518 = DIRECTION('',(0.,-1.));
#10519 = ( GEOMETRIC_REPRESENTATION_CONTEXT(2) 
PARAMETRIC_REPRESENTATION_CONTEXT() REPRESENTATION_CONTEXT('2D SPACE',''
  ) );
#10520 = PCURVE('',#7893,#10521);
#10521 = DEFINITIONAL_REPRESENTATION('',(#10522),#10526);
#10522 = LINE('',#10523,#10524);
#10523 = CARTESIAN_POINT('',(0.,0.));
#10524 = VECTOR('',#10525,1.);
#10525 = DIRECTION('',(0.,-1.));
#10526 = ( GEOMETRIC_REPRESENTATION_CONTEXT(2) 
PARAMETRIC_REPRESENTATION_CONTEXT() REPRESENTATION_CONTEXT('2D SPACE',''
  ) );
#10527 = ORIENTED_EDGE('',*,*,#8997,.T.);
#10528 = ORIENTED_EDGE('',*,*,#10459,.T.);
#10529 = ADVANCED_FACE('',(#10530),#7926,.T.);
#10530 = FACE_BOUND('',#10531,.T.);
#10531 = EDGE_LOOP('',(#10532,#10533,#10534,#10535));
#10532 = ORIENTED_EDGE('',*,*,#7905,.F.);
#10533 = ORIENTED_EDGE('',*,*,#10482,.F.);
#10534 = ORIENTED_EDGE('',*,*,#9047,.F.);
#10535 = ORIENTED_EDGE('',*,*,#10536,.F.);
#10536 = EDGE_CURVE('',#7878,#9027,#10537,.T.);
#10537 = SURFACE_CURVE('',#10538,(#10542,#10549),.PCURVE_S1.);
#10538 = LINE('',#10539,#10540);
#10539 = CARTESIAN_POINT('',(25.15,32.15,4.8));
#10540 = VECTOR('',#10541,1.);
#10541 = DIRECTION('',(0.,0.,1.));
#10542 = PCURVE('',#7926,#10543);
#10543 = DEFINITIONAL_REPRESENTATION('',(#10544),#10548);
#10544 = LINE('',#10545,#10546);
#10545 = CARTESIAN_POINT('',(3.14159265359,0.));
#10546 = VECTOR('',#10547,1.);
#10547 = DIRECTION('',(0.,-1.));
#10548 = ( GEOMETRIC_REPRESENTATION_CONTEXT(2) 
PARAMETRIC_REPRESENTATION_CONTEXT() REPRESENTATION_CONTEXT('2D SPACE',''
  ) );
#10549 = PCURVE('',#7893,#10550);
#10550 = DEFINITIONAL_REPRESENTATION('',(#10551),#10555);
#10551 = LINE('',#10552,#10553);
#10552 = CARTESIAN_POINT('',(64.3,0.));
#10553 = VECTOR('',#10554,1.);
#10554 = DIRECTION('',(0.,-1.));
#10555 = ( GEOMETRIC_REPRESENTATION_CONTEXT(2) 
PARAMETRIC_REPRESENTATION_CONTEXT() REPRESENTATION_CONTEXT('2D SPACE',''
  ) );
#10556 = ADVANCED_FACE('',(#10557),#7893,.F.);
#10557 = FACE_BOUND('',#10558,.F.);
#10558 = EDGE_LOOP('',(#10559,#10560,#10561,#10562));
#10559 = ORIENTED_EDGE('',*,*,#7877,.F.);
#10560 = ORIENTED_EDGE('',*,*,#10507,.T.);
#10561 = ORIENTED_EDGE('',*,*,#9026,.F.);
#10562 = ORIENTED_EDGE('',*,*,#10536,.F.);
#10563 = ADVANCED_FACE('',(#10564),#8139,.F.);
#10564 = FACE_BOUND('',#10565,.F.);
#10565 = EDGE_LOOP('',(#10566,#10595,#10616,#10617));
#10566 = ORIENTED_EDGE('',*,*,#10567,.F.);
#10567 = EDGE_CURVE('',#10568,#10568,#10570,.T.);
#10568 = VERTEX_POINT('',#10569);
#10569 = CARTESIAN_POINT('',(-22.43553390593,-35.68553390593,
    7.418180800302));
#10570 = SURFACE_CURVE('',#10571,(#10576,#10583),.PCURVE_S1.);
#10571 = CIRCLE('',#10572,1.25);
#10572 = AXIS2_PLACEMENT_3D('',#10573,#10574,#10575);
#10573 = CARTESIAN_POINT('',(-23.68553390593,-35.68553390593,
    7.418180800302));
#10574 = DIRECTION('',(0.,0.,1.));
#10575 = DIRECTION('',(1.,0.,-0.));
#10576 = PCURVE('',#8139,#10577);
#10577 = DEFINITIONAL_REPRESENTATION('',(#10578),#10582);
#10578 = LINE('',#10579,#10580);
#10579 = CARTESIAN_POINT('',(0.,2.668180800302));
#10580 = VECTOR('',#10581,1.);
#10581 = DIRECTION('',(1.,0.));
#10582 = ( GEOMETRIC_REPRESENTATION_CONTEXT(2) 
PARAMETRIC_REPRESENTATION_CONTEXT() REPRESENTATION_CONTEXT('2D SPACE',''
  ) );
#10583 = PCURVE('',#10584,#10589);
#10584 = PLANE('',#10585);
#10585 = AXIS2_PLACEMENT_3D('',#10586,#10587,#10588);
#10586 = CARTESIAN_POINT('',(-23.68553390593,-35.68553390593,
    7.418180800302));
#10587 = DIRECTION('',(0.,0.,1.));
#10588 = DIRECTION('',(1.,0.,-0.));
#10589 = DEFINITIONAL_REPRESENTATION('',(#10590),#10594);
#10590 = CIRCLE('',#10591,1.25);
#10591 = AXIS2_PLACEMENT_2D('',#10592,#10593);
#10592 = CARTESIAN_POINT('',(0.,0.));
#10593 = DIRECTION('',(1.,0.));
#10594 = ( GEOMETRIC_REPRESENTATION_CONTEXT(2) 
PARAMETRIC_REPRESENTATION_CONTEXT() REPRESENTATION_CONTEXT('2D SPACE',''
  ) );
#10595 = ORIENTED_EDGE('',*,*,#10596,.F.);
#10596 = EDGE_CURVE('',#8123,#10568,#10597,.T.);
#10597 = SEAM_CURVE('',#10598,(#10602,#10609),.PCURVE_S1.);
#10598 = LINE('',#10599,#10600);
#10599 = CARTESIAN_POINT('',(-22.43553390593,-35.68553390593,4.75));
#10600 = VECTOR('',#10601,1.);
#10601 = DIRECTION('',(0.,0.,1.));
#10602 = PCURVE('',#8139,#10603);
#10603 = DEFINITIONAL_REPRESENTATION('',(#10604),#10608);
#10604 = LINE('',#10605,#10606);
#10605 = CARTESIAN_POINT('',(6.28318530718,-0.));
#10606 = VECTOR('',#10607,1.);
#10607 = DIRECTION('',(0.,1.));
#10608 = ( GEOMETRIC_REPRESENTATION_CONTEXT(2) 
PARAMETRIC_REPRESENTATION_CONTEXT() REPRESENTATION_CONTEXT('2D SPACE',''
  ) );
#10609 = PCURVE('',#8139,#10610);
#10610 = DEFINITIONAL_REPRESENTATION('',(#10611),#10615);
#10611 = LINE('',#10612,#10613);
#10612 = CARTESIAN_POINT('',(0.,-0.));
#10613 = VECTOR('',#10614,1.);
#10614 = DIRECTION('',(0.,1.));
#10615 = ( GEOMETRIC_REPRESENTATION_CONTEXT(2) 
PARAMETRIC_REPRESENTATION_CONTEXT() REPRESENTATION_CONTEXT('2D SPACE',''
  ) );
#10616 = ORIENTED_EDGE('',*,*,#8122,.T.);
#10617 = ORIENTED_EDGE('',*,*,#10596,.T.);
#10618 = ADVANCED_FACE('',(#10619),#8170,.F.);
#10619 = FACE_BOUND('',#10620,.F.);
#10620 = EDGE_LOOP('',(#10621,#10650,#10671,#10672));
#10621 = ORIENTED_EDGE('',*,*,#10622,.F.);
#10622 = EDGE_CURVE('',#10623,#10623,#10625,.T.);
#10623 = VERTEX_POINT('',#10624);
#10624 = CARTESIAN_POINT('',(24.935533905933,-35.68553390593,
    7.418180800302));
#10625 = SURFACE_CURVE('',#10626,(#10631,#10638),.PCURVE_S1.);
#10626 = CIRCLE('',#10627,1.25);
#10627 = AXIS2_PLACEMENT_3D('',#10628,#10629,#10630);
#10628 = CARTESIAN_POINT('',(23.685533905933,-35.68553390593,
    7.418180800302));
#10629 = DIRECTION('',(0.,0.,1.));
#10630 = DIRECTION('',(1.,0.,-0.));
#10631 = PCURVE('',#8170,#10632);
#10632 = DEFINITIONAL_REPRESENTATION('',(#10633),#10637);
#10633 = LINE('',#10634,#10635);
#10634 = CARTESIAN_POINT('',(0.,2.668180800302));
#10635 = VECTOR('',#10636,1.);
#10636 = DIRECTION('',(1.,0.));
#10637 = ( GEOMETRIC_REPRESENTATION_CONTEXT(2) 
PARAMETRIC_REPRESENTATION_CONTEXT() REPRESENTATION_CONTEXT('2D SPACE',''
  ) );
#10638 = PCURVE('',#10639,#10644);
#10639 = PLANE('',#10640);
#10640 = AXIS2_PLACEMENT_3D('',#10641,#10642,#10643);
#10641 = CARTESIAN_POINT('',(23.685533905933,-35.68553390593,
    7.418180800302));
#10642 = DIRECTION('',(0.,0.,1.));
#10643 = DIRECTION('',(1.,0.,-0.));
#10644 = DEFINITIONAL_REPRESENTATION('',(#10645),#10649);
#10645 = CIRCLE('',#10646,1.25);
#10646 = AXIS2_PLACEMENT_2D('',#10647,#10648);
#10647 = CARTESIAN_POINT('',(0.,0.));
#10648 = DIRECTION('',(1.,0.));
#10649 = ( GEOMETRIC_REPRESENTATION_CONTEXT(2) 
PARAMETRIC_REPRESENTATION_CONTEXT() REPRESENTATION_CONTEXT('2D SPACE',''
  ) );
#10650 = ORIENTED_EDGE('',*,*,#10651,.F.);
#10651 = EDGE_CURVE('',#8154,#10623,#10652,.T.);
#10652 = SEAM_CURVE('',#10653,(#10657,#10664),.PCURVE_S1.);
#10653 = LINE('',#10654,#10655);
#10654 = CARTESIAN_POINT('',(24.935533905933,-35.68553390593,4.75));
#10655 = VECTOR('',#10656,1.);
#10656 = DIRECTION('',(0.,0.,1.));
#10657 = PCURVE('',#8170,#10658);
#10658 = DEFINITIONAL_REPRESENTATION('',(#10659),#10663);
#10659 = LINE('',#10660,#10661);
#10660 = CARTESIAN_POINT('',(6.28318530718,-0.));
#10661 = VECTOR('',#10662,1.);
#10662 = DIRECTION('',(0.,1.));
#10663 = ( GEOMETRIC_REPRESENTATION_CONTEXT(2) 
PARAMETRIC_REPRESENTATION_CONTEXT() REPRESENTATION_CONTEXT('2D SPACE',''
  ) );
#10664 = PCURVE('',#8170,#10665);
#10665 = DEFINITIONAL_REPRESENTATION('',(#10666),#10670);
#10666 = LINE('',#10667,#10668);
#10667 = CARTESIAN_POINT('',(0.,-0.));
#10668 = VECTOR('',#10669,1.);
#10669 = DIRECTION('',(0.,1.));
#10670 = ( GEOMETRIC_REPRESENTATION_CONTEXT(2) 
PARAMETRIC_REPRESENTATION_CONTEXT() REPRESENTATION_CONTEXT('2D SPACE',''
  ) );
#10671 = ORIENTED_EDGE('',*,*,#8153,.T.);
#10672 = ORIENTED_EDGE('',*,*,#10651,.T.);
#10673 = ADVANCED_FACE('',(#10674),#8201,.F.);
#10674 = FACE_BOUND('',#10675,.F.);
#10675 = EDGE_LOOP('',(#10676,#10705,#10726,#10727));
#10676 = ORIENTED_EDGE('',*,*,#10677,.F.);
#10677 = EDGE_CURVE('',#10678,#10678,#10680,.T.);
#10678 = VERTEX_POINT('',#10679);
#10679 = CARTESIAN_POINT('',(-22.43553390593,35.685533905933,
    7.418180800302));
#10680 = SURFACE_CURVE('',#10681,(#10686,#10693),.PCURVE_S1.);
#10681 = CIRCLE('',#10682,1.25);
#10682 = AXIS2_PLACEMENT_3D('',#10683,#10684,#10685);
#10683 = CARTESIAN_POINT('',(-23.68553390593,35.685533905933,
    7.418180800302));
#10684 = DIRECTION('',(0.,0.,1.));
#10685 = DIRECTION('',(1.,0.,-0.));
#10686 = PCURVE('',#8201,#10687);
#10687 = DEFINITIONAL_REPRESENTATION('',(#10688),#10692);
#10688 = LINE('',#10689,#10690);
#10689 = CARTESIAN_POINT('',(0.,2.668180800302));
#10690 = VECTOR('',#10691,1.);
#10691 = DIRECTION('',(1.,0.));
#10692 = ( GEOMETRIC_REPRESENTATION_CONTEXT(2) 
PARAMETRIC_REPRESENTATION_CONTEXT() REPRESENTATION_CONTEXT('2D SPACE',''
  ) );
#10693 = PCURVE('',#10694,#10699);
#10694 = PLANE('',#10695);
#10695 = AXIS2_PLACEMENT_3D('',#10696,#10697,#10698);
#10696 = CARTESIAN_POINT('',(-23.68553390593,35.685533905933,
    7.418180800302));
#10697 = DIRECTION('',(0.,0.,1.));
#10698 = DIRECTION('',(1.,0.,-0.));
#10699 = DEFINITIONAL_REPRESENTATION('',(#10700),#10704);
#10700 = CIRCLE('',#10701,1.25);
#10701 = AXIS2_PLACEMENT_2D('',#10702,#10703);
#10702 = CARTESIAN_POINT('',(0.,0.));
#10703 = DIRECTION('',(1.,0.));
#10704 = ( GEOMETRIC_REPRESENTATION_CONTEXT(2) 
PARAMETRIC_REPRESENTATION_CONTEXT() REPRESENTATION_CONTEXT('2D SPACE',''
  ) );
#10705 = ORIENTED_EDGE('',*,*,#10706,.F.);
#10706 = EDGE_CURVE('',#8185,#10678,#10707,.T.);
#10707 = SEAM_CURVE('',#10708,(#10712,#10719),.PCURVE_S1.);
#10708 = LINE('',#10709,#10710);
#10709 = CARTESIAN_POINT('',(-22.43553390593,35.685533905933,4.75));
#10710 = VECTOR('',#10711,1.);
#10711 = DIRECTION('',(0.,0.,1.));
#10712 = PCURVE('',#8201,#10713);
#10713 = DEFINITIONAL_REPRESENTATION('',(#10714),#10718);
#10714 = LINE('',#10715,#10716);
#10715 = CARTESIAN_POINT('',(6.28318530718,-0.));
#10716 = VECTOR('',#10717,1.);
#10717 = DIRECTION('',(0.,1.));
#10718 = ( GEOMETRIC_REPRESENTATION_CONTEXT(2) 
PARAMETRIC_REPRESENTATION_CONTEXT() REPRESENTATION_CONTEXT('2D SPACE',''
  ) );
#10719 = PCURVE('',#8201,#10720);
#10720 = DEFINITIONAL_REPRESENTATION('',(#10721),#10725);
#10721 = LINE('',#10722,#10723);
#10722 = CARTESIAN_POINT('',(0.,-0.));
#10723 = VECTOR('',#10724,1.);
#10724 = DIRECTION('',(0.,1.));
#10725 = ( GEOMETRIC_REPRESENTATION_CONTEXT(2) 
PARAMETRIC_REPRESENTATION_CONTEXT() REPRESENTATION_CONTEXT('2D SPACE',''
  ) );
#10726 = ORIENTED_EDGE('',*,*,#8184,.T.);
#10727 = ORIENTED_EDGE('',*,*,#10706,.T.);
#10728 = ADVANCED_FACE('',(#10729),#8232,.F.);
#10729 = FACE_BOUND('',#10730,.F.);
#10730 = EDGE_LOOP('',(#10731,#10732,#10755,#10783));
#10731 = ORIENTED_EDGE('',*,*,#8215,.T.);
#10732 = ORIENTED_EDGE('',*,*,#10733,.T.);
#10733 = EDGE_CURVE('',#8218,#10734,#10736,.T.);
#10734 = VERTEX_POINT('',#10735);
#10735 = CARTESIAN_POINT('',(-23.35,-32.15,8.3));
#10736 = SURFACE_CURVE('',#10737,(#10741,#10748),.PCURVE_S1.);
#10737 = LINE('',#10738,#10739);
#10738 = CARTESIAN_POINT('',(-23.35,-32.15,4.79));
#10739 = VECTOR('',#10740,1.);
#10740 = DIRECTION('',(0.,0.,1.));
#10741 = PCURVE('',#8232,#10742);
#10742 = DEFINITIONAL_REPRESENTATION('',(#10743),#10747);
#10743 = LINE('',#10744,#10745);
#10744 = CARTESIAN_POINT('',(0.,0.));
#10745 = VECTOR('',#10746,1.);
#10746 = DIRECTION('',(0.,-1.));
#10747 = ( GEOMETRIC_REPRESENTATION_CONTEXT(2) 
PARAMETRIC_REPRESENTATION_CONTEXT() REPRESENTATION_CONTEXT('2D SPACE',''
  ) );
#10748 = PCURVE('',#8439,#10749);
#10749 = DEFINITIONAL_REPRESENTATION('',(#10750),#10754);
#10750 = LINE('',#10751,#10752);
#10751 = CARTESIAN_POINT('',(-3.14159265359,0.));
#10752 = VECTOR('',#10753,1.);
#10753 = DIRECTION('',(-0.,-1.));
#10754 = ( GEOMETRIC_REPRESENTATION_CONTEXT(2) 
PARAMETRIC_REPRESENTATION_CONTEXT() REPRESENTATION_CONTEXT('2D SPACE',''
  ) );
#10755 = ORIENTED_EDGE('',*,*,#10756,.T.);
#10756 = EDGE_CURVE('',#10734,#10757,#10759,.T.);
#10757 = VERTEX_POINT('',#10758);
#10758 = CARTESIAN_POINT('',(-23.35,32.15,8.3));
#10759 = SURFACE_CURVE('',#10760,(#10764,#10771),.PCURVE_S1.);
#10760 = LINE('',#10761,#10762);
#10761 = CARTESIAN_POINT('',(-23.35,0.,8.3));
#10762 = VECTOR('',#10763,1.);
#10763 = DIRECTION('',(0.,1.,0.));
#10764 = PCURVE('',#8232,#10765);
#10765 = DEFINITIONAL_REPRESENTATION('',(#10766),#10770);
#10766 = LINE('',#10767,#10768);
#10767 = CARTESIAN_POINT('',(32.15,-3.51));
#10768 = VECTOR('',#10769,1.);
#10769 = DIRECTION('',(1.,0.));
#10770 = ( GEOMETRIC_REPRESENTATION_CONTEXT(2) 
PARAMETRIC_REPRESENTATION_CONTEXT() REPRESENTATION_CONTEXT('2D SPACE',''
  ) );
#10771 = PCURVE('',#10772,#10777);
#10772 = PLANE('',#10773);
#10773 = AXIS2_PLACEMENT_3D('',#10774,#10775,#10776);
#10774 = CARTESIAN_POINT('',(1.178668669698E-15,6.2035193142E-16,8.3));
#10775 = DIRECTION('',(0.,0.,1.));
#10776 = DIRECTION('',(1.,0.,-0.));
#10777 = DEFINITIONAL_REPRESENTATION('',(#10778),#10782);
#10778 = LINE('',#10779,#10780);
#10779 = CARTESIAN_POINT('',(-23.35,-6.2035193142E-16));
#10780 = VECTOR('',#10781,1.);
#10781 = DIRECTION('',(0.,1.));
#10782 = ( GEOMETRIC_REPRESENTATION_CONTEXT(2) 
PARAMETRIC_REPRESENTATION_CONTEXT() REPRESENTATION_CONTEXT('2D SPACE',''
  ) );
#10783 = ORIENTED_EDGE('',*,*,#10784,.F.);
#10784 = EDGE_CURVE('',#8216,#10757,#10785,.T.);
#10785 = SURFACE_CURVE('',#10786,(#10790,#10797),.PCURVE_S1.);
#10786 = LINE('',#10787,#10788);
#10787 = CARTESIAN_POINT('',(-23.35,32.15,4.79));
#10788 = VECTOR('',#10789,1.);
#10789 = DIRECTION('',(0.,0.,1.));
#10790 = PCURVE('',#8232,#10791);
#10791 = DEFINITIONAL_REPRESENTATION('',(#10792),#10796);
#10792 = LINE('',#10793,#10794);
#10793 = CARTESIAN_POINT('',(64.3,0.));
#10794 = VECTOR('',#10795,1.);
#10795 = DIRECTION('',(0.,-1.));
#10796 = ( GEOMETRIC_REPRESENTATION_CONTEXT(2) 
PARAMETRIC_REPRESENTATION_CONTEXT() REPRESENTATION_CONTEXT('2D SPACE',''
  ) );
#10797 = PCURVE('',#8264,#10798);
#10798 = DEFINITIONAL_REPRESENTATION('',(#10799),#10803);
#10799 = LINE('',#10800,#10801);
#10800 = CARTESIAN_POINT('',(-3.14159265359,0.));
#10801 = VECTOR('',#10802,1.);
#10802 = DIRECTION('',(-0.,-1.));
#10803 = ( GEOMETRIC_REPRESENTATION_CONTEXT(2) 
PARAMETRIC_REPRESENTATION_CONTEXT() REPRESENTATION_CONTEXT('2D SPACE',''
  ) );
#10804 = ADVANCED_FACE('',(#10805),#8264,.F.);
#10805 = FACE_BOUND('',#10806,.T.);
#10806 = EDGE_LOOP('',(#10807,#10808,#10809,#10832,#10856,#10877,#10905,
    #10926));
#10807 = ORIENTED_EDGE('',*,*,#10784,.F.);
#10808 = ORIENTED_EDGE('',*,*,#8243,.T.);
#10809 = ORIENTED_EDGE('',*,*,#10810,.T.);
#10810 = EDGE_CURVE('',#8244,#10811,#10813,.T.);
#10811 = VERTEX_POINT('',#10812);
#10812 = CARTESIAN_POINT('',(-20.15,35.35,8.3));
#10813 = SURFACE_CURVE('',#10814,(#10818,#10825),.PCURVE_S1.);
#10814 = LINE('',#10815,#10816);
#10815 = CARTESIAN_POINT('',(-20.15,35.35,4.79));
#10816 = VECTOR('',#10817,1.);
#10817 = DIRECTION('',(0.,0.,1.));
#10818 = PCURVE('',#8264,#10819);
#10819 = DEFINITIONAL_REPRESENTATION('',(#10820),#10824);
#10820 = LINE('',#10821,#10822);
#10821 = CARTESIAN_POINT('',(-1.570796326795,0.));
#10822 = VECTOR('',#10823,1.);
#10823 = DIRECTION('',(-0.,-1.));
#10824 = ( GEOMETRIC_REPRESENTATION_CONTEXT(2) 
PARAMETRIC_REPRESENTATION_CONTEXT() REPRESENTATION_CONTEXT('2D SPACE',''
  ) );
#10825 = PCURVE('',#8291,#10826);
#10826 = DEFINITIONAL_REPRESENTATION('',(#10827),#10831);
#10827 = LINE('',#10828,#10829);
#10828 = CARTESIAN_POINT('',(0.,0.));
#10829 = VECTOR('',#10830,1.);
#10830 = DIRECTION('',(0.,-1.));
#10831 = ( GEOMETRIC_REPRESENTATION_CONTEXT(2) 
PARAMETRIC_REPRESENTATION_CONTEXT() REPRESENTATION_CONTEXT('2D SPACE',''
  ) );
#10832 = ORIENTED_EDGE('',*,*,#10833,.T.);
#10833 = EDGE_CURVE('',#10811,#10834,#10836,.T.);
#10834 = VERTEX_POINT('',#10835);
#10835 = CARTESIAN_POINT('',(-21.47092378036,35.064645838943,8.3));
#10836 = SURFACE_CURVE('',#10837,(#10842,#10849),.PCURVE_S1.);
#10837 = CIRCLE('',#10838,3.2);
#10838 = AXIS2_PLACEMENT_3D('',#10839,#10840,#10841);
#10839 = CARTESIAN_POINT('',(-20.15,32.15,8.3));
#10840 = DIRECTION('',(0.,0.,1.));
#10841 = DIRECTION('',(1.,0.,0.));
#10842 = PCURVE('',#8264,#10843);
#10843 = DEFINITIONAL_REPRESENTATION('',(#10844),#10848);
#10844 = LINE('',#10845,#10846);
#10845 = CARTESIAN_POINT('',(-0.,-3.51));
#10846 = VECTOR('',#10847,1.);
#10847 = DIRECTION('',(-1.,0.));
#10848 = ( GEOMETRIC_REPRESENTATION_CONTEXT(2) 
PARAMETRIC_REPRESENTATION_CONTEXT() REPRESENTATION_CONTEXT('2D SPACE',''
  ) );
#10849 = PCURVE('',#10772,#10850);
#10850 = DEFINITIONAL_REPRESENTATION('',(#10851),#10855);
#10851 = CIRCLE('',#10852,3.2);
#10852 = AXIS2_PLACEMENT_2D('',#10853,#10854);
#10853 = CARTESIAN_POINT('',(-20.15,32.15));
#10854 = DIRECTION('',(1.,0.));
#10855 = ( GEOMETRIC_REPRESENTATION_CONTEXT(2) 
PARAMETRIC_REPRESENTATION_CONTEXT() REPRESENTATION_CONTEXT('2D SPACE',''
  ) );
#10856 = ORIENTED_EDGE('',*,*,#10857,.T.);
#10857 = EDGE_CURVE('',#10834,#10858,#10860,.T.);
#10858 = VERTEX_POINT('',#10859);
#10859 = CARTESIAN_POINT('',(-21.47092378036,35.064645838943,
    7.418180800302));
#10860 = SURFACE_CURVE('',#10861,(#10865,#10871),.PCURVE_S1.);
#10861 = LINE('',#10862,#10863);
#10862 = CARTESIAN_POINT('',(-21.47092378036,35.064645838943,4.79));
#10863 = VECTOR('',#10864,1.);
#10864 = DIRECTION('',(-0.,-0.,-1.));
#10865 = PCURVE('',#8264,#10866);
#10866 = DEFINITIONAL_REPRESENTATION('',(#10867),#10870);
#10867 = B_SPLINE_CURVE_WITH_KNOTS('',1,(#10868,#10869),.UNSPECIFIED.,
  .F.,.F.,(2,2),(-3.5100006,-2.628180200302),.PIECEWISE_BEZIER_KNOTS.);
#10868 = CARTESIAN_POINT('',(-1.996309975684,-3.5100006));
#10869 = CARTESIAN_POINT('',(-1.996309975684,-2.628180200302));
#10870 = ( GEOMETRIC_REPRESENTATION_CONTEXT(2) 
PARAMETRIC_REPRESENTATION_CONTEXT() REPRESENTATION_CONTEXT('2D SPACE',''
  ) );
#10871 = PCURVE('',#9755,#10872);
#10872 = DEFINITIONAL_REPRESENTATION('',(#10873),#10876);
#10873 = B_SPLINE_CURVE_WITH_KNOTS('',1,(#10874,#10875),.UNSPECIFIED.,
  .F.,.F.,(2,2),(-3.5100006,-2.628180200302),.PIECEWISE_BEZIER_KNOTS.);
#10874 = CARTESIAN_POINT('',(6.009842819057,0.881819799698));
#10875 = CARTESIAN_POINT('',(6.009842819057,-5.999999999062E-07));
#10876 = ( GEOMETRIC_REPRESENTATION_CONTEXT(2) 
PARAMETRIC_REPRESENTATION_CONTEXT() REPRESENTATION_CONTEXT('2D SPACE',''
  ) );
#10877 = ORIENTED_EDGE('',*,*,#10878,.F.);
#10878 = EDGE_CURVE('',#10879,#10858,#10881,.T.);
#10879 = VERTEX_POINT('',#10880);
#10880 = CARTESIAN_POINT('',(-23.06464583894,33.470923780364,
    7.418180800302));
#10881 = SURFACE_CURVE('',#10882,(#10887,#10894),.PCURVE_S1.);
#10882 = CIRCLE('',#10883,3.2);
#10883 = AXIS2_PLACEMENT_3D('',#10884,#10885,#10886);
#10884 = CARTESIAN_POINT('',(-20.15,32.15,7.418180800302));
#10885 = DIRECTION('',(0.,0.,-1.));
#10886 = DIRECTION('',(1.,0.,0.));
#10887 = PCURVE('',#8264,#10888);
#10888 = DEFINITIONAL_REPRESENTATION('',(#10889),#10893);
#10889 = LINE('',#10890,#10891);
#10890 = CARTESIAN_POINT('',(-6.28318530718,-2.628180800302));
#10891 = VECTOR('',#10892,1.);
#10892 = DIRECTION('',(1.,-0.));
#10893 = ( GEOMETRIC_REPRESENTATION_CONTEXT(2) 
PARAMETRIC_REPRESENTATION_CONTEXT() REPRESENTATION_CONTEXT('2D SPACE',''
  ) );
#10894 = PCURVE('',#10694,#10895);
#10895 = DEFINITIONAL_REPRESENTATION('',(#10896),#10904);
#10896 = ( BOUNDED_CURVE() B_SPLINE_CURVE(2,(#10897,#10898,#10899,#10900
    ,#10901,#10902,#10903),.UNSPECIFIED.,.T.,.F.) 
B_SPLINE_CURVE_WITH_KNOTS((1,2,2,2,2,1),(-2.094395102393,0.,
    2.094395102393,4.188790204786,6.28318530718,8.377580409573),
.UNSPECIFIED.) CURVE() GEOMETRIC_REPRESENTATION_ITEM() 
RATIONAL_B_SPLINE_CURVE((1.,0.5,1.,0.5,1.,0.5,1.)) REPRESENTATION_ITEM(
  '') );
#10897 = CARTESIAN_POINT('',(6.735533905933,-3.535533905933));
#10898 = CARTESIAN_POINT('',(6.735533905933,-9.078096490153));
#10899 = CARTESIAN_POINT('',(1.935533905933,-6.306815198043));
#10900 = CARTESIAN_POINT('',(-2.864466094067,-3.535533905933));
#10901 = CARTESIAN_POINT('',(1.935533905933,-0.764252613823));
#10902 = CARTESIAN_POINT('',(6.735533905933,2.007028678288));
#10903 = CARTESIAN_POINT('',(6.735533905933,-3.535533905933));
#10904 = ( GEOMETRIC_REPRESENTATION_CONTEXT(2) 
PARAMETRIC_REPRESENTATION_CONTEXT() REPRESENTATION_CONTEXT('2D SPACE',''
  ) );
#10905 = ORIENTED_EDGE('',*,*,#10906,.F.);
#10906 = EDGE_CURVE('',#10907,#10879,#10909,.T.);
#10907 = VERTEX_POINT('',#10908);
#10908 = CARTESIAN_POINT('',(-23.06464583894,33.470923780365,8.3));
#10909 = SURFACE_CURVE('',#10910,(#10914,#10920),.PCURVE_S1.);
#10910 = LINE('',#10911,#10912);
#10911 = CARTESIAN_POINT('',(-23.06464583894,33.470923780364,4.79));
#10912 = VECTOR('',#10913,1.);
#10913 = DIRECTION('',(-0.,-0.,-1.));
#10914 = PCURVE('',#8264,#10915);
#10915 = DEFINITIONAL_REPRESENTATION('',(#10916),#10919);
#10916 = B_SPLINE_CURVE_WITH_KNOTS('',1,(#10917,#10918),.UNSPECIFIED.,
  .F.,.F.,(2,2),(-3.5100006,-2.628180200302),.PIECEWISE_BEZIER_KNOTS.);
#10917 = CARTESIAN_POINT('',(-2.7160790047,-3.5100006));
#10918 = CARTESIAN_POINT('',(-2.7160790047,-2.628180200302));
#10919 = ( GEOMETRIC_REPRESENTATION_CONTEXT(2) 
PARAMETRIC_REPRESENTATION_CONTEXT() REPRESENTATION_CONTEXT('2D SPACE',''
  ) );
#10920 = PCURVE('',#9755,#10921);
#10921 = DEFINITIONAL_REPRESENTATION('',(#10922),#10925);
#10922 = B_SPLINE_CURVE_WITH_KNOTS('',1,(#10923,#10924),.UNSPECIFIED.,
  .F.,.F.,(2,2),(-3.5100006,-2.628180200302),.PIECEWISE_BEZIER_KNOTS.);
#10923 = CARTESIAN_POINT('',(4.985731468507,0.881819799698));
#10924 = CARTESIAN_POINT('',(4.985731468507,-5.999999999062E-07));
#10925 = ( GEOMETRIC_REPRESENTATION_CONTEXT(2) 
PARAMETRIC_REPRESENTATION_CONTEXT() REPRESENTATION_CONTEXT('2D SPACE',''
  ) );
#10926 = ORIENTED_EDGE('',*,*,#10927,.T.);
#10927 = EDGE_CURVE('',#10907,#10757,#10928,.T.);
#10928 = SURFACE_CURVE('',#10929,(#10934,#10941),.PCURVE_S1.);
#10929 = CIRCLE('',#10930,3.2);
#10930 = AXIS2_PLACEMENT_3D('',#10931,#10932,#10933);
#10931 = CARTESIAN_POINT('',(-20.15,32.15,8.3));
#10932 = DIRECTION('',(0.,0.,1.));
#10933 = DIRECTION('',(1.,0.,0.));
#10934 = PCURVE('',#8264,#10935);
#10935 = DEFINITIONAL_REPRESENTATION('',(#10936),#10940);
#10936 = LINE('',#10937,#10938);
#10937 = CARTESIAN_POINT('',(-0.,-3.51));
#10938 = VECTOR('',#10939,1.);
#10939 = DIRECTION('',(-1.,0.));
#10940 = ( GEOMETRIC_REPRESENTATION_CONTEXT(2) 
PARAMETRIC_REPRESENTATION_CONTEXT() REPRESENTATION_CONTEXT('2D SPACE',''
  ) );
#10941 = PCURVE('',#10772,#10942);
#10942 = DEFINITIONAL_REPRESENTATION('',(#10943),#10947);
#10943 = CIRCLE('',#10944,3.2);
#10944 = AXIS2_PLACEMENT_2D('',#10945,#10946);
#10945 = CARTESIAN_POINT('',(-20.15,32.15));
#10946 = DIRECTION('',(1.,0.));
#10947 = ( GEOMETRIC_REPRESENTATION_CONTEXT(2) 
PARAMETRIC_REPRESENTATION_CONTEXT() REPRESENTATION_CONTEXT('2D SPACE',''
  ) );
#10948 = ADVANCED_FACE('',(#10949),#8439,.F.);
#10949 = FACE_BOUND('',#10950,.T.);
#10950 = EDGE_LOOP('',(#10951,#10974,#10975,#10976,#11000,#11021,#11049,
    #11070));
#10951 = ORIENTED_EDGE('',*,*,#10952,.F.);
#10952 = EDGE_CURVE('',#8395,#10953,#10955,.T.);
#10953 = VERTEX_POINT('',#10954);
#10954 = CARTESIAN_POINT('',(-20.15,-35.35,8.3));
#10955 = SURFACE_CURVE('',#10956,(#10960,#10967),.PCURVE_S1.);
#10956 = LINE('',#10957,#10958);
#10957 = CARTESIAN_POINT('',(-20.15,-35.35,4.79));
#10958 = VECTOR('',#10959,1.);
#10959 = DIRECTION('',(0.,0.,1.));
#10960 = PCURVE('',#8439,#10961);
#10961 = DEFINITIONAL_REPRESENTATION('',(#10962),#10966);
#10962 = LINE('',#10963,#10964);
#10963 = CARTESIAN_POINT('',(-4.712388980385,0.));
#10964 = VECTOR('',#10965,1.);
#10965 = DIRECTION('',(-0.,-1.));
#10966 = ( GEOMETRIC_REPRESENTATION_CONTEXT(2) 
PARAMETRIC_REPRESENTATION_CONTEXT() REPRESENTATION_CONTEXT('2D SPACE',''
  ) );
#10967 = PCURVE('',#8409,#10968);
#10968 = DEFINITIONAL_REPRESENTATION('',(#10969),#10973);
#10969 = LINE('',#10970,#10971);
#10970 = CARTESIAN_POINT('',(0.,0.));
#10971 = VECTOR('',#10972,1.);
#10972 = DIRECTION('',(0.,-1.));
#10973 = ( GEOMETRIC_REPRESENTATION_CONTEXT(2) 
PARAMETRIC_REPRESENTATION_CONTEXT() REPRESENTATION_CONTEXT('2D SPACE',''
  ) );
#10974 = ORIENTED_EDGE('',*,*,#8420,.T.);
#10975 = ORIENTED_EDGE('',*,*,#10733,.T.);
#10976 = ORIENTED_EDGE('',*,*,#10977,.T.);
#10977 = EDGE_CURVE('',#10734,#10978,#10980,.T.);
#10978 = VERTEX_POINT('',#10979);
#10979 = CARTESIAN_POINT('',(-23.06464583894,-33.47092378036,8.3));
#10980 = SURFACE_CURVE('',#10981,(#10986,#10993),.PCURVE_S1.);
#10981 = CIRCLE('',#10982,3.2);
#10982 = AXIS2_PLACEMENT_3D('',#10983,#10984,#10985);
#10983 = CARTESIAN_POINT('',(-20.15,-32.15,8.3));
#10984 = DIRECTION('',(0.,0.,1.));
#10985 = DIRECTION('',(1.,0.,0.));
#10986 = PCURVE('',#8439,#10987);
#10987 = DEFINITIONAL_REPRESENTATION('',(#10988),#10992);
#10988 = LINE('',#10989,#10990);
#10989 = CARTESIAN_POINT('',(-0.,-3.51));
#10990 = VECTOR('',#10991,1.);
#10991 = DIRECTION('',(-1.,0.));
#10992 = ( GEOMETRIC_REPRESENTATION_CONTEXT(2) 
PARAMETRIC_REPRESENTATION_CONTEXT() REPRESENTATION_CONTEXT('2D SPACE',''
  ) );
#10993 = PCURVE('',#10772,#10994);
#10994 = DEFINITIONAL_REPRESENTATION('',(#10995),#10999);
#10995 = CIRCLE('',#10996,3.2);
#10996 = AXIS2_PLACEMENT_2D('',#10997,#10998);
#10997 = CARTESIAN_POINT('',(-20.15,-32.15));
#10998 = DIRECTION('',(1.,0.));
#10999 = ( GEOMETRIC_REPRESENTATION_CONTEXT(2) 
PARAMETRIC_REPRESENTATION_CONTEXT() REPRESENTATION_CONTEXT('2D SPACE',''
  ) );
#11000 = ORIENTED_EDGE('',*,*,#11001,.T.);
#11001 = EDGE_CURVE('',#10978,#11002,#11004,.T.);
#11002 = VERTEX_POINT('',#11003);
#11003 = CARTESIAN_POINT('',(-23.06464583894,-33.47092378036,
    7.418180800302));
#11004 = SURFACE_CURVE('',#11005,(#11009,#11015),.PCURVE_S1.);
#11005 = LINE('',#11006,#11007);
#11006 = CARTESIAN_POINT('',(-23.06464583894,-33.47092378036,4.79));
#11007 = VECTOR('',#11008,1.);
#11008 = DIRECTION('',(-0.,-0.,-1.));
#11009 = PCURVE('',#8439,#11010);
#11010 = DEFINITIONAL_REPRESENTATION('',(#11011),#11014);
#11011 = B_SPLINE_CURVE_WITH_KNOTS('',1,(#11012,#11013),.UNSPECIFIED.,
  .F.,.F.,(2,2),(-3.5100006,-2.628180200302),.PIECEWISE_BEZIER_KNOTS.);
#11012 = CARTESIAN_POINT('',(-3.567106302479,-3.5100006));
#11013 = CARTESIAN_POINT('',(-3.567106302479,-2.628180200302));
#11014 = ( GEOMETRIC_REPRESENTATION_CONTEXT(2) 
PARAMETRIC_REPRESENTATION_CONTEXT() REPRESENTATION_CONTEXT('2D SPACE',''
  ) );
#11015 = PCURVE('',#10061,#11016);
#11016 = DEFINITIONAL_REPRESENTATION('',(#11017),#11020);
#11017 = B_SPLINE_CURVE_WITH_KNOTS('',1,(#11018,#11019),.UNSPECIFIED.,
  .F.,.F.,(2,2),(-3.5100006,-2.628180200302),.PIECEWISE_BEZIER_KNOTS.);
#11018 = CARTESIAN_POINT('',(1.297453838672,0.881819799698));
#11019 = CARTESIAN_POINT('',(1.297453838672,-5.999999999062E-07));
#11020 = ( GEOMETRIC_REPRESENTATION_CONTEXT(2) 
PARAMETRIC_REPRESENTATION_CONTEXT() REPRESENTATION_CONTEXT('2D SPACE',''
  ) );
#11021 = ORIENTED_EDGE('',*,*,#11022,.F.);
#11022 = EDGE_CURVE('',#11023,#11002,#11025,.T.);
#11023 = VERTEX_POINT('',#11024);
#11024 = CARTESIAN_POINT('',(-21.47092378036,-35.06464583894,
    7.418180800302));
#11025 = SURFACE_CURVE('',#11026,(#11031,#11038),.PCURVE_S1.);
#11026 = CIRCLE('',#11027,3.2);
#11027 = AXIS2_PLACEMENT_3D('',#11028,#11029,#11030);
#11028 = CARTESIAN_POINT('',(-20.15,-32.15,7.418180800302));
#11029 = DIRECTION('',(0.,0.,-1.));
#11030 = DIRECTION('',(1.,0.,0.));
#11031 = PCURVE('',#8439,#11032);
#11032 = DEFINITIONAL_REPRESENTATION('',(#11033),#11037);
#11033 = LINE('',#11034,#11035);
#11034 = CARTESIAN_POINT('',(-6.28318530718,-2.628180800302));
#11035 = VECTOR('',#11036,1.);
#11036 = DIRECTION('',(1.,-0.));
#11037 = ( GEOMETRIC_REPRESENTATION_CONTEXT(2) 
PARAMETRIC_REPRESENTATION_CONTEXT() REPRESENTATION_CONTEXT('2D SPACE',''
  ) );
#11038 = PCURVE('',#10584,#11039);
#11039 = DEFINITIONAL_REPRESENTATION('',(#11040),#11048);
#11040 = ( BOUNDED_CURVE() B_SPLINE_CURVE(2,(#11041,#11042,#11043,#11044
    ,#11045,#11046,#11047),.UNSPECIFIED.,.T.,.F.) 
B_SPLINE_CURVE_WITH_KNOTS((1,2,2,2,2,1),(-2.094395102393,0.,
    2.094395102393,4.188790204786,6.28318530718,8.377580409573),
.UNSPECIFIED.) CURVE() GEOMETRIC_REPRESENTATION_ITEM() 
RATIONAL_B_SPLINE_CURVE((1.,0.5,1.,0.5,1.,0.5,1.)) REPRESENTATION_ITEM(
  '') );
#11041 = CARTESIAN_POINT('',(6.735533905933,3.535533905933));
#11042 = CARTESIAN_POINT('',(6.735533905933,-2.007028678288));
#11043 = CARTESIAN_POINT('',(1.935533905933,0.764252613823));
#11044 = CARTESIAN_POINT('',(-2.864466094067,3.535533905933));
#11045 = CARTESIAN_POINT('',(1.935533905933,6.306815198043));
#11046 = CARTESIAN_POINT('',(6.735533905933,9.078096490153));
#11047 = CARTESIAN_POINT('',(6.735533905933,3.535533905933));
#11048 = ( GEOMETRIC_REPRESENTATION_CONTEXT(2) 
PARAMETRIC_REPRESENTATION_CONTEXT() REPRESENTATION_CONTEXT('2D SPACE',''
  ) );
#11049 = ORIENTED_EDGE('',*,*,#11050,.F.);
#11050 = EDGE_CURVE('',#11051,#11023,#11053,.T.);
#11051 = VERTEX_POINT('',#11052);
#11052 = CARTESIAN_POINT('',(-21.47092378036,-35.06464583894,8.3));
#11053 = SURFACE_CURVE('',#11054,(#11058,#11064),.PCURVE_S1.);
#11054 = LINE('',#11055,#11056);
#11055 = CARTESIAN_POINT('',(-21.47092378036,-35.06464583894,4.79));
#11056 = VECTOR('',#11057,1.);
#11057 = DIRECTION('',(-0.,-0.,-1.));
#11058 = PCURVE('',#8439,#11059);
#11059 = DEFINITIONAL_REPRESENTATION('',(#11060),#11063);
#11060 = B_SPLINE_CURVE_WITH_KNOTS('',1,(#11061,#11062),.UNSPECIFIED.,
  .F.,.F.,(2,2),(-3.5100006,-2.628180200302),.PIECEWISE_BEZIER_KNOTS.);
#11061 = CARTESIAN_POINT('',(-4.286875331495,-3.5100006));
#11062 = CARTESIAN_POINT('',(-4.286875331495,-2.628180200302));
#11063 = ( GEOMETRIC_REPRESENTATION_CONTEXT(2) 
PARAMETRIC_REPRESENTATION_CONTEXT() REPRESENTATION_CONTEXT('2D SPACE',''
  ) );
#11064 = PCURVE('',#10061,#11065);
#11065 = DEFINITIONAL_REPRESENTATION('',(#11066),#11069);
#11066 = B_SPLINE_CURVE_WITH_KNOTS('',1,(#11067,#11068),.UNSPECIFIED.,
  .F.,.F.,(2,2),(-3.5100006,-2.628180200302),.PIECEWISE_BEZIER_KNOTS.);
#11067 = CARTESIAN_POINT('',(0.273342488123,0.881819799698));
#11068 = CARTESIAN_POINT('',(0.273342488123,-5.999999999062E-07));
#11069 = ( GEOMETRIC_REPRESENTATION_CONTEXT(2) 
PARAMETRIC_REPRESENTATION_CONTEXT() REPRESENTATION_CONTEXT('2D SPACE',''
  ) );
#11070 = ORIENTED_EDGE('',*,*,#11071,.T.);
#11071 = EDGE_CURVE('',#11051,#10953,#11072,.T.);
#11072 = SURFACE_CURVE('',#11073,(#11078,#11085),.PCURVE_S1.);
#11073 = CIRCLE('',#11074,3.2);
#11074 = AXIS2_PLACEMENT_3D('',#11075,#11076,#11077);
#11075 = CARTESIAN_POINT('',(-20.15,-32.15,8.3));
#11076 = DIRECTION('',(0.,0.,1.));
#11077 = DIRECTION('',(1.,0.,0.));
#11078 = PCURVE('',#8439,#11079);
#11079 = DEFINITIONAL_REPRESENTATION('',(#11080),#11084);
#11080 = LINE('',#11081,#11082);
#11081 = CARTESIAN_POINT('',(-0.,-3.51));
#11082 = VECTOR('',#11083,1.);
#11083 = DIRECTION('',(-1.,0.));
#11084 = ( GEOMETRIC_REPRESENTATION_CONTEXT(2) 
PARAMETRIC_REPRESENTATION_CONTEXT() REPRESENTATION_CONTEXT('2D SPACE',''
  ) );
#11085 = PCURVE('',#10772,#11086);
#11086 = DEFINITIONAL_REPRESENTATION('',(#11087),#11091);
#11087 = CIRCLE('',#11088,3.2);
#11088 = AXIS2_PLACEMENT_2D('',#11089,#11090);
#11089 = CARTESIAN_POINT('',(-20.15,-32.15));
#11090 = DIRECTION('',(1.,0.));
#11091 = ( GEOMETRIC_REPRESENTATION_CONTEXT(2) 
PARAMETRIC_REPRESENTATION_CONTEXT() REPRESENTATION_CONTEXT('2D SPACE',''
  ) );
#11092 = ADVANCED_FACE('',(#11093),#8291,.F.);
#11093 = FACE_BOUND('',#11094,.F.);
#11094 = EDGE_LOOP('',(#11095,#11096,#11097,#11120));
#11095 = ORIENTED_EDGE('',*,*,#8276,.T.);
#11096 = ORIENTED_EDGE('',*,*,#10810,.T.);
#11097 = ORIENTED_EDGE('',*,*,#11098,.T.);
#11098 = EDGE_CURVE('',#10811,#11099,#11101,.T.);
#11099 = VERTEX_POINT('',#11100);
#11100 = CARTESIAN_POINT('',(20.15,35.35,8.3));
#11101 = SURFACE_CURVE('',#11102,(#11106,#11113),.PCURVE_S1.);
#11102 = LINE('',#11103,#11104);
#11103 = CARTESIAN_POINT('',(0.,35.35,8.3));
#11104 = VECTOR('',#11105,1.);
#11105 = DIRECTION('',(1.,0.,0.));
#11106 = PCURVE('',#8291,#11107);
#11107 = DEFINITIONAL_REPRESENTATION('',(#11108),#11112);
#11108 = LINE('',#11109,#11110);
#11109 = CARTESIAN_POINT('',(20.15,-3.51));
#11110 = VECTOR('',#11111,1.);
#11111 = DIRECTION('',(1.,0.));
#11112 = ( GEOMETRIC_REPRESENTATION_CONTEXT(2) 
PARAMETRIC_REPRESENTATION_CONTEXT() REPRESENTATION_CONTEXT('2D SPACE',''
  ) );
#11113 = PCURVE('',#10772,#11114);
#11114 = DEFINITIONAL_REPRESENTATION('',(#11115),#11119);
#11115 = LINE('',#11116,#11117);
#11116 = CARTESIAN_POINT('',(-1.178668669698E-15,35.35));
#11117 = VECTOR('',#11118,1.);
#11118 = DIRECTION('',(1.,0.));
#11119 = ( GEOMETRIC_REPRESENTATION_CONTEXT(2) 
PARAMETRIC_REPRESENTATION_CONTEXT() REPRESENTATION_CONTEXT('2D SPACE',''
  ) );
#11120 = ORIENTED_EDGE('',*,*,#11121,.F.);
#11121 = EDGE_CURVE('',#8277,#11099,#11122,.T.);
#11122 = SURFACE_CURVE('',#11123,(#11127,#11134),.PCURVE_S1.);
#11123 = LINE('',#11124,#11125);
#11124 = CARTESIAN_POINT('',(20.15,35.35,4.79));
#11125 = VECTOR('',#11126,1.);
#11126 = DIRECTION('',(0.,0.,1.));
#11127 = PCURVE('',#8291,#11128);
#11128 = DEFINITIONAL_REPRESENTATION('',(#11129),#11133);
#11129 = LINE('',#11130,#11131);
#11130 = CARTESIAN_POINT('',(40.3,0.));
#11131 = VECTOR('',#11132,1.);
#11132 = DIRECTION('',(0.,-1.));
#11133 = ( GEOMETRIC_REPRESENTATION_CONTEXT(2) 
PARAMETRIC_REPRESENTATION_CONTEXT() REPRESENTATION_CONTEXT('2D SPACE',''
  ) );
#11134 = PCURVE('',#8323,#11135);
#11135 = DEFINITIONAL_REPRESENTATION('',(#11136),#11140);
#11136 = LINE('',#11137,#11138);
#11137 = CARTESIAN_POINT('',(-1.570796326795,0.));
#11138 = VECTOR('',#11139,1.);
#11139 = DIRECTION('',(-0.,-1.));
#11140 = ( GEOMETRIC_REPRESENTATION_CONTEXT(2) 
PARAMETRIC_REPRESENTATION_CONTEXT() REPRESENTATION_CONTEXT('2D SPACE',''
  ) );
#11141 = ADVANCED_FACE('',(#11142),#8409,.T.);
#11142 = FACE_BOUND('',#11143,.T.);
#11143 = EDGE_LOOP('',(#11144,#11167,#11168,#11169,#11192,#11213,#11234,
    #11255));
#11144 = ORIENTED_EDGE('',*,*,#11145,.F.);
#11145 = EDGE_CURVE('',#8362,#11146,#11148,.T.);
#11146 = VERTEX_POINT('',#11147);
#11147 = CARTESIAN_POINT('',(20.15,-35.35,8.3));
#11148 = SURFACE_CURVE('',#11149,(#11153,#11160),.PCURVE_S1.);
#11149 = LINE('',#11150,#11151);
#11150 = CARTESIAN_POINT('',(20.15,-35.35,4.79));
#11151 = VECTOR('',#11152,1.);
#11152 = DIRECTION('',(0.,0.,1.));
#11153 = PCURVE('',#8409,#11154);
#11154 = DEFINITIONAL_REPRESENTATION('',(#11155),#11159);
#11155 = LINE('',#11156,#11157);
#11156 = CARTESIAN_POINT('',(40.3,0.));
#11157 = VECTOR('',#11158,1.);
#11158 = DIRECTION('',(0.,-1.));
#11159 = ( GEOMETRIC_REPRESENTATION_CONTEXT(2) 
PARAMETRIC_REPRESENTATION_CONTEXT() REPRESENTATION_CONTEXT('2D SPACE',''
  ) );
#11160 = PCURVE('',#8382,#11161);
#11161 = DEFINITIONAL_REPRESENTATION('',(#11162),#11166);
#11162 = LINE('',#11163,#11164);
#11163 = CARTESIAN_POINT('',(-4.712388980385,0.));
#11164 = VECTOR('',#11165,1.);
#11165 = DIRECTION('',(-0.,-1.));
#11166 = ( GEOMETRIC_REPRESENTATION_CONTEXT(2) 
PARAMETRIC_REPRESENTATION_CONTEXT() REPRESENTATION_CONTEXT('2D SPACE',''
  ) );
#11167 = ORIENTED_EDGE('',*,*,#8394,.T.);
#11168 = ORIENTED_EDGE('',*,*,#10952,.T.);
#11169 = ORIENTED_EDGE('',*,*,#11170,.T.);
#11170 = EDGE_CURVE('',#10953,#11171,#11173,.T.);
#11171 = VERTEX_POINT('',#11172);
#11172 = CARTESIAN_POINT('',(-2.,-35.35,8.3));
#11173 = SURFACE_CURVE('',#11174,(#11178,#11185),.PCURVE_S1.);
#11174 = LINE('',#11175,#11176);
#11175 = CARTESIAN_POINT('',(0.,-35.35,8.3));
#11176 = VECTOR('',#11177,1.);
#11177 = DIRECTION('',(1.,0.,0.));
#11178 = PCURVE('',#8409,#11179);
#11179 = DEFINITIONAL_REPRESENTATION('',(#11180),#11184);
#11180 = LINE('',#11181,#11182);
#11181 = CARTESIAN_POINT('',(20.15,-3.51));
#11182 = VECTOR('',#11183,1.);
#11183 = DIRECTION('',(1.,0.));
#11184 = ( GEOMETRIC_REPRESENTATION_CONTEXT(2) 
PARAMETRIC_REPRESENTATION_CONTEXT() REPRESENTATION_CONTEXT('2D SPACE',''
  ) );
#11185 = PCURVE('',#10772,#11186);
#11186 = DEFINITIONAL_REPRESENTATION('',(#11187),#11191);
#11187 = LINE('',#11188,#11189);
#11188 = CARTESIAN_POINT('',(-1.178668669698E-15,-35.35));
#11189 = VECTOR('',#11190,1.);
#11190 = DIRECTION('',(1.,0.));
#11191 = ( GEOMETRIC_REPRESENTATION_CONTEXT(2) 
PARAMETRIC_REPRESENTATION_CONTEXT() REPRESENTATION_CONTEXT('2D SPACE',''
  ) );
#11192 = ORIENTED_EDGE('',*,*,#11193,.T.);
#11193 = EDGE_CURVE('',#11171,#11194,#11196,.T.);
#11194 = VERTEX_POINT('',#11195);
#11195 = CARTESIAN_POINT('',(-2.,-35.35,5.1));
#11196 = SURFACE_CURVE('',#11197,(#11201,#11207),.PCURVE_S1.);
#11197 = LINE('',#11198,#11199);
#11198 = CARTESIAN_POINT('',(-2.,-35.35,4.945));
#11199 = VECTOR('',#11200,1.);
#11200 = DIRECTION('',(-0.,0.,-1.));
#11201 = PCURVE('',#8409,#11202);
#11202 = DEFINITIONAL_REPRESENTATION('',(#11203),#11206);
#11203 = B_SPLINE_CURVE_WITH_KNOTS('',1,(#11204,#11205),.UNSPECIFIED.,
  .F.,.F.,(2,2),(-3.355,-0.155),.PIECEWISE_BEZIER_KNOTS.);
#11204 = CARTESIAN_POINT('',(18.15,-3.51));
#11205 = CARTESIAN_POINT('',(18.15,-0.31));
#11206 = ( GEOMETRIC_REPRESENTATION_CONTEXT(2) 
PARAMETRIC_REPRESENTATION_CONTEXT() REPRESENTATION_CONTEXT('2D SPACE',''
  ) );
#11207 = PCURVE('',#10315,#11208);
#11208 = DEFINITIONAL_REPRESENTATION('',(#11209),#11212);
#11209 = B_SPLINE_CURVE_WITH_KNOTS('',1,(#11210,#11211),.UNSPECIFIED.,
  .F.,.F.,(2,2),(-3.355,-0.155),.PIECEWISE_BEZIER_KNOTS.);
#11210 = CARTESIAN_POINT('',(3.2,-2.7));
#11211 = CARTESIAN_POINT('',(0.,-2.7));
#11212 = ( GEOMETRIC_REPRESENTATION_CONTEXT(2) 
PARAMETRIC_REPRESENTATION_CONTEXT() REPRESENTATION_CONTEXT('2D SPACE',''
  ) );
#11213 = ORIENTED_EDGE('',*,*,#11214,.T.);
#11214 = EDGE_CURVE('',#11194,#11215,#11217,.T.);
#11215 = VERTEX_POINT('',#11216);
#11216 = CARTESIAN_POINT('',(8.,-35.35,5.1));
#11217 = SURFACE_CURVE('',#11218,(#11222,#11228),.PCURVE_S1.);
#11218 = LINE('',#11219,#11220);
#11219 = CARTESIAN_POINT('',(-11.075,-35.35,5.1));
#11220 = VECTOR('',#11221,1.);
#11221 = DIRECTION('',(1.,0.,0.));
#11222 = PCURVE('',#8409,#11223);
#11223 = DEFINITIONAL_REPRESENTATION('',(#11224),#11227);
#11224 = B_SPLINE_CURVE_WITH_KNOTS('',1,(#11225,#11226),.UNSPECIFIED.,
  .F.,.F.,(2,2),(9.075,19.075),.PIECEWISE_BEZIER_KNOTS.);
#11225 = CARTESIAN_POINT('',(18.15,-0.31));
#11226 = CARTESIAN_POINT('',(28.15,-0.31));
#11227 = ( GEOMETRIC_REPRESENTATION_CONTEXT(2) 
PARAMETRIC_REPRESENTATION_CONTEXT() REPRESENTATION_CONTEXT('2D SPACE',''
  ) );
#11228 = PCURVE('',#10341,#11229);
#11229 = DEFINITIONAL_REPRESENTATION('',(#11230),#11233);
#11230 = B_SPLINE_CURVE_WITH_KNOTS('',1,(#11231,#11232),.UNSPECIFIED.,
  .F.,.F.,(2,2),(9.075,19.075),.PIECEWISE_BEZIER_KNOTS.);
#11231 = CARTESIAN_POINT('',(0.,2.7));
#11232 = CARTESIAN_POINT('',(10.,2.7));
#11233 = ( GEOMETRIC_REPRESENTATION_CONTEXT(2) 
PARAMETRIC_REPRESENTATION_CONTEXT() REPRESENTATION_CONTEXT('2D SPACE',''
  ) );
#11234 = ORIENTED_EDGE('',*,*,#11235,.F.);
#11235 = EDGE_CURVE('',#11236,#11215,#11238,.T.);
#11236 = VERTEX_POINT('',#11237);
#11237 = CARTESIAN_POINT('',(8.,-35.35,8.3));
#11238 = SURFACE_CURVE('',#11239,(#11243,#11249),.PCURVE_S1.);
#11239 = LINE('',#11240,#11241);
#11240 = CARTESIAN_POINT('',(8.,-35.35,4.945));
#11241 = VECTOR('',#11242,1.);
#11242 = DIRECTION('',(-0.,0.,-1.));
#11243 = PCURVE('',#8409,#11244);
#11244 = DEFINITIONAL_REPRESENTATION('',(#11245),#11248);
#11245 = B_SPLINE_CURVE_WITH_KNOTS('',1,(#11246,#11247),.UNSPECIFIED.,
  .F.,.F.,(2,2),(-3.355,-0.155),.PIECEWISE_BEZIER_KNOTS.);
#11246 = CARTESIAN_POINT('',(28.15,-3.51));
#11247 = CARTESIAN_POINT('',(28.15,-0.31));
#11248 = ( GEOMETRIC_REPRESENTATION_CONTEXT(2) 
PARAMETRIC_REPRESENTATION_CONTEXT() REPRESENTATION_CONTEXT('2D SPACE',''
  ) );
#11249 = PCURVE('',#10365,#11250);
#11250 = DEFINITIONAL_REPRESENTATION('',(#11251),#11254);
#11251 = B_SPLINE_CURVE_WITH_KNOTS('',1,(#11252,#11253),.UNSPECIFIED.,
  .F.,.F.,(2,2),(-3.355,-0.155),.PIECEWISE_BEZIER_KNOTS.);
#11252 = CARTESIAN_POINT('',(3.2,-2.7));
#11253 = CARTESIAN_POINT('',(0.,-2.7));
#11254 = ( GEOMETRIC_REPRESENTATION_CONTEXT(2) 
PARAMETRIC_REPRESENTATION_CONTEXT() REPRESENTATION_CONTEXT('2D SPACE',''
  ) );
#11255 = ORIENTED_EDGE('',*,*,#11256,.T.);
#11256 = EDGE_CURVE('',#11236,#11146,#11257,.T.);
#11257 = SURFACE_CURVE('',#11258,(#11262,#11269),.PCURVE_S1.);
#11258 = LINE('',#11259,#11260);
#11259 = CARTESIAN_POINT('',(0.,-35.35,8.3));
#11260 = VECTOR('',#11261,1.);
#11261 = DIRECTION('',(1.,0.,0.));
#11262 = PCURVE('',#8409,#11263);
#11263 = DEFINITIONAL_REPRESENTATION('',(#11264),#11268);
#11264 = LINE('',#11265,#11266);
#11265 = CARTESIAN_POINT('',(20.15,-3.51));
#11266 = VECTOR('',#11267,1.);
#11267 = DIRECTION('',(1.,0.));
#11268 = ( GEOMETRIC_REPRESENTATION_CONTEXT(2) 
PARAMETRIC_REPRESENTATION_CONTEXT() REPRESENTATION_CONTEXT('2D SPACE',''
  ) );
#11269 = PCURVE('',#10772,#11270);
#11270 = DEFINITIONAL_REPRESENTATION('',(#11271),#11275);
#11271 = LINE('',#11272,#11273);
#11272 = CARTESIAN_POINT('',(-1.178668669698E-15,-35.35));
#11273 = VECTOR('',#11274,1.);
#11274 = DIRECTION('',(1.,0.));
#11275 = ( GEOMETRIC_REPRESENTATION_CONTEXT(2) 
PARAMETRIC_REPRESENTATION_CONTEXT() REPRESENTATION_CONTEXT('2D SPACE',''
  ) );
#11276 = ADVANCED_FACE('',(#11277),#8323,.F.);
#11277 = FACE_BOUND('',#11278,.T.);
#11278 = EDGE_LOOP('',(#11279,#11280,#11281,#11304,#11328,#11349,#11382,
    #11403));
#11279 = ORIENTED_EDGE('',*,*,#11121,.F.);
#11280 = ORIENTED_EDGE('',*,*,#8302,.T.);
#11281 = ORIENTED_EDGE('',*,*,#11282,.T.);
#11282 = EDGE_CURVE('',#8303,#11283,#11285,.T.);
#11283 = VERTEX_POINT('',#11284);
#11284 = CARTESIAN_POINT('',(23.35,32.15,8.3));
#11285 = SURFACE_CURVE('',#11286,(#11290,#11297),.PCURVE_S1.);
#11286 = LINE('',#11287,#11288);
#11287 = CARTESIAN_POINT('',(23.35,32.15,4.79));
#11288 = VECTOR('',#11289,1.);
#11289 = DIRECTION('',(0.,0.,1.));
#11290 = PCURVE('',#8323,#11291);
#11291 = DEFINITIONAL_REPRESENTATION('',(#11292),#11296);
#11292 = LINE('',#11293,#11294);
#11293 = CARTESIAN_POINT('',(-0.,0.));
#11294 = VECTOR('',#11295,1.);
#11295 = DIRECTION('',(-0.,-1.));
#11296 = ( GEOMETRIC_REPRESENTATION_CONTEXT(2) 
PARAMETRIC_REPRESENTATION_CONTEXT() REPRESENTATION_CONTEXT('2D SPACE',''
  ) );
#11297 = PCURVE('',#8350,#11298);
#11298 = DEFINITIONAL_REPRESENTATION('',(#11299),#11303);
#11299 = LINE('',#11300,#11301);
#11300 = CARTESIAN_POINT('',(64.3,0.));
#11301 = VECTOR('',#11302,1.);
#11302 = DIRECTION('',(0.,-1.));
#11303 = ( GEOMETRIC_REPRESENTATION_CONTEXT(2) 
PARAMETRIC_REPRESENTATION_CONTEXT() REPRESENTATION_CONTEXT('2D SPACE',''
  ) );
#11304 = ORIENTED_EDGE('',*,*,#11305,.T.);
#11305 = EDGE_CURVE('',#11283,#11306,#11308,.T.);
#11306 = VERTEX_POINT('',#11307);
#11307 = CARTESIAN_POINT('',(23.064645838943,33.470923780365,8.3));
#11308 = SURFACE_CURVE('',#11309,(#11314,#11321),.PCURVE_S1.);
#11309 = CIRCLE('',#11310,3.2);
#11310 = AXIS2_PLACEMENT_3D('',#11311,#11312,#11313);
#11311 = CARTESIAN_POINT('',(20.15,32.15,8.3));
#11312 = DIRECTION('',(0.,0.,1.));
#11313 = DIRECTION('',(1.,0.,0.));
#11314 = PCURVE('',#8323,#11315);
#11315 = DEFINITIONAL_REPRESENTATION('',(#11316),#11320);
#11316 = LINE('',#11317,#11318);
#11317 = CARTESIAN_POINT('',(-0.,-3.51));
#11318 = VECTOR('',#11319,1.);
#11319 = DIRECTION('',(-1.,0.));
#11320 = ( GEOMETRIC_REPRESENTATION_CONTEXT(2) 
PARAMETRIC_REPRESENTATION_CONTEXT() REPRESENTATION_CONTEXT('2D SPACE',''
  ) );
#11321 = PCURVE('',#10772,#11322);
#11322 = DEFINITIONAL_REPRESENTATION('',(#11323),#11327);
#11323 = CIRCLE('',#11324,3.2);
#11324 = AXIS2_PLACEMENT_2D('',#11325,#11326);
#11325 = CARTESIAN_POINT('',(20.15,32.15));
#11326 = DIRECTION('',(1.,0.));
#11327 = ( GEOMETRIC_REPRESENTATION_CONTEXT(2) 
PARAMETRIC_REPRESENTATION_CONTEXT() REPRESENTATION_CONTEXT('2D SPACE',''
  ) );
#11328 = ORIENTED_EDGE('',*,*,#11329,.T.);
#11329 = EDGE_CURVE('',#11306,#11330,#11332,.T.);
#11330 = VERTEX_POINT('',#11331);
#11331 = CARTESIAN_POINT('',(23.064645838943,33.470923780364,
    7.418180800302));
#11332 = SURFACE_CURVE('',#11333,(#11337,#11343),.PCURVE_S1.);
#11333 = LINE('',#11334,#11335);
#11334 = CARTESIAN_POINT('',(23.064645838943,33.470923780364,4.79));
#11335 = VECTOR('',#11336,1.);
#11336 = DIRECTION('',(-0.,-0.,-1.));
#11337 = PCURVE('',#8323,#11338);
#11338 = DEFINITIONAL_REPRESENTATION('',(#11339),#11342);
#11339 = B_SPLINE_CURVE_WITH_KNOTS('',1,(#11340,#11341),.UNSPECIFIED.,
  .F.,.F.,(2,2),(-3.5100006,-2.628180200302),.PIECEWISE_BEZIER_KNOTS.);
#11340 = CARTESIAN_POINT('',(-0.425513648889,-3.5100006));
#11341 = CARTESIAN_POINT('',(-0.425513648889,-2.628180200302));
#11342 = ( GEOMETRIC_REPRESENTATION_CONTEXT(2) 
PARAMETRIC_REPRESENTATION_CONTEXT() REPRESENTATION_CONTEXT('2D SPACE',''
  ) );
#11343 = PCURVE('',#9602,#11344);
#11344 = DEFINITIONAL_REPRESENTATION('',(#11345),#11348);
#11345 = B_SPLINE_CURVE_WITH_KNOTS('',1,(#11346,#11347),.UNSPECIFIED.,
  .F.,.F.,(2,2),(-3.5100006,-2.628180200302),.PIECEWISE_BEZIER_KNOTS.);
#11346 = CARTESIAN_POINT('',(4.439046492262,0.881819799698));
#11347 = CARTESIAN_POINT('',(4.439046492262,-5.999999999062E-07));
#11348 = ( GEOMETRIC_REPRESENTATION_CONTEXT(2) 
PARAMETRIC_REPRESENTATION_CONTEXT() REPRESENTATION_CONTEXT('2D SPACE',''
  ) );
#11349 = ORIENTED_EDGE('',*,*,#11350,.F.);
#11350 = EDGE_CURVE('',#11351,#11330,#11353,.T.);
#11351 = VERTEX_POINT('',#11352);
#11352 = CARTESIAN_POINT('',(21.470923780364,35.064645838943,
    7.418180800302));
#11353 = SURFACE_CURVE('',#11354,(#11359,#11366),.PCURVE_S1.);
#11354 = CIRCLE('',#11355,3.2);
#11355 = AXIS2_PLACEMENT_3D('',#11356,#11357,#11358);
#11356 = CARTESIAN_POINT('',(20.15,32.15,7.418180800302));
#11357 = DIRECTION('',(0.,0.,-1.));
#11358 = DIRECTION('',(1.,0.,0.));
#11359 = PCURVE('',#8323,#11360);
#11360 = DEFINITIONAL_REPRESENTATION('',(#11361),#11365);
#11361 = LINE('',#11362,#11363);
#11362 = CARTESIAN_POINT('',(-6.28318530718,-2.628180800302));
#11363 = VECTOR('',#11364,1.);
#11364 = DIRECTION('',(1.,-0.));
#11365 = ( GEOMETRIC_REPRESENTATION_CONTEXT(2) 
PARAMETRIC_REPRESENTATION_CONTEXT() REPRESENTATION_CONTEXT('2D SPACE',''
  ) );
#11366 = PCURVE('',#11367,#11372);
#11367 = PLANE('',#11368);
#11368 = AXIS2_PLACEMENT_3D('',#11369,#11370,#11371);
#11369 = CARTESIAN_POINT('',(23.685533905933,35.685533905933,
    7.418180800302));
#11370 = DIRECTION('',(0.,0.,1.));
#11371 = DIRECTION('',(1.,0.,-0.));
#11372 = DEFINITIONAL_REPRESENTATION('',(#11373),#11381);
#11373 = ( BOUNDED_CURVE() B_SPLINE_CURVE(2,(#11374,#11375,#11376,#11377
    ,#11378,#11379,#11380),.UNSPECIFIED.,.T.,.F.) 
B_SPLINE_CURVE_WITH_KNOTS((1,2,2,2,2,1),(-2.094395102393,0.,
    2.094395102393,4.188790204786,6.28318530718,8.377580409573),
.UNSPECIFIED.) CURVE() GEOMETRIC_REPRESENTATION_ITEM() 
RATIONAL_B_SPLINE_CURVE((1.,0.5,1.,0.5,1.,0.5,1.)) REPRESENTATION_ITEM(
  '') );
#11374 = CARTESIAN_POINT('',(-0.335533905933,-3.535533905933));
#11375 = CARTESIAN_POINT('',(-0.335533905933,-9.078096490153));
#11376 = CARTESIAN_POINT('',(-5.135533905933,-6.306815198043));
#11377 = CARTESIAN_POINT('',(-9.935533905933,-3.535533905933));
#11378 = CARTESIAN_POINT('',(-5.135533905933,-0.764252613823));
#11379 = CARTESIAN_POINT('',(-0.335533905933,2.007028678288));
#11380 = CARTESIAN_POINT('',(-0.335533905933,-3.535533905933));
#11381 = ( GEOMETRIC_REPRESENTATION_CONTEXT(2) 
PARAMETRIC_REPRESENTATION_CONTEXT() REPRESENTATION_CONTEXT('2D SPACE',''
  ) );
#11382 = ORIENTED_EDGE('',*,*,#11383,.F.);
#11383 = EDGE_CURVE('',#11384,#11351,#11386,.T.);
#11384 = VERTEX_POINT('',#11385);
#11385 = CARTESIAN_POINT('',(21.470923780365,35.064645838943,8.3));
#11386 = SURFACE_CURVE('',#11387,(#11391,#11397),.PCURVE_S1.);
#11387 = LINE('',#11388,#11389);
#11388 = CARTESIAN_POINT('',(21.470923780364,35.064645838943,4.79));
#11389 = VECTOR('',#11390,1.);
#11390 = DIRECTION('',(-0.,-0.,-1.));
#11391 = PCURVE('',#8323,#11392);
#11392 = DEFINITIONAL_REPRESENTATION('',(#11393),#11396);
#11393 = B_SPLINE_CURVE_WITH_KNOTS('',1,(#11394,#11395),.UNSPECIFIED.,
  .F.,.F.,(2,2),(-3.5100006,-2.628180200302),.PIECEWISE_BEZIER_KNOTS.);
#11394 = CARTESIAN_POINT('',(-1.145282677905,-3.5100006));
#11395 = CARTESIAN_POINT('',(-1.145282677905,-2.628180200302));
#11396 = ( GEOMETRIC_REPRESENTATION_CONTEXT(2) 
PARAMETRIC_REPRESENTATION_CONTEXT() REPRESENTATION_CONTEXT('2D SPACE',''
  ) );
#11397 = PCURVE('',#9602,#11398);
#11398 = DEFINITIONAL_REPRESENTATION('',(#11399),#11402);
#11399 = B_SPLINE_CURVE_WITH_KNOTS('',1,(#11400,#11401),.UNSPECIFIED.,
  .F.,.F.,(2,2),(-3.5100006,-2.628180200302),.PIECEWISE_BEZIER_KNOTS.);
#11400 = CARTESIAN_POINT('',(3.414935141712,0.881819799698));
#11401 = CARTESIAN_POINT('',(3.414935141712,-5.999999999062E-07));
#11402 = ( GEOMETRIC_REPRESENTATION_CONTEXT(2) 
PARAMETRIC_REPRESENTATION_CONTEXT() REPRESENTATION_CONTEXT('2D SPACE',''
  ) );
#11403 = ORIENTED_EDGE('',*,*,#11404,.T.);
#11404 = EDGE_CURVE('',#11384,#11099,#11405,.T.);
#11405 = SURFACE_CURVE('',#11406,(#11411,#11418),.PCURVE_S1.);
#11406 = CIRCLE('',#11407,3.2);
#11407 = AXIS2_PLACEMENT_3D('',#11408,#11409,#11410);
#11408 = CARTESIAN_POINT('',(20.15,32.15,8.3));
#11409 = DIRECTION('',(0.,0.,1.));
#11410 = DIRECTION('',(1.,0.,0.));
#11411 = PCURVE('',#8323,#11412);
#11412 = DEFINITIONAL_REPRESENTATION('',(#11413),#11417);
#11413 = LINE('',#11414,#11415);
#11414 = CARTESIAN_POINT('',(-0.,-3.51));
#11415 = VECTOR('',#11416,1.);
#11416 = DIRECTION('',(-1.,0.));
#11417 = ( GEOMETRIC_REPRESENTATION_CONTEXT(2) 
PARAMETRIC_REPRESENTATION_CONTEXT() REPRESENTATION_CONTEXT('2D SPACE',''
  ) );
#11418 = PCURVE('',#10772,#11419);
#11419 = DEFINITIONAL_REPRESENTATION('',(#11420),#11424);
#11420 = CIRCLE('',#11421,3.2);
#11421 = AXIS2_PLACEMENT_2D('',#11422,#11423);
#11422 = CARTESIAN_POINT('',(20.15,32.15));
#11423 = DIRECTION('',(1.,0.));
#11424 = ( GEOMETRIC_REPRESENTATION_CONTEXT(2) 
PARAMETRIC_REPRESENTATION_CONTEXT() REPRESENTATION_CONTEXT('2D SPACE',''
  ) );
#11425 = ADVANCED_FACE('',(#11426),#8382,.F.);
#11426 = FACE_BOUND('',#11427,.T.);
#11427 = EDGE_LOOP('',(#11428,#11451,#11452,#11453,#11477,#11498,#11526,
    #11547));
#11428 = ORIENTED_EDGE('',*,*,#11429,.F.);
#11429 = EDGE_CURVE('',#8336,#11430,#11432,.T.);
#11430 = VERTEX_POINT('',#11431);
#11431 = CARTESIAN_POINT('',(23.35,-32.15,8.3));
#11432 = SURFACE_CURVE('',#11433,(#11437,#11444),.PCURVE_S1.);
#11433 = LINE('',#11434,#11435);
#11434 = CARTESIAN_POINT('',(23.35,-32.15,4.79));
#11435 = VECTOR('',#11436,1.);
#11436 = DIRECTION('',(0.,0.,1.));
#11437 = PCURVE('',#8382,#11438);
#11438 = DEFINITIONAL_REPRESENTATION('',(#11439),#11443);
#11439 = LINE('',#11440,#11441);
#11440 = CARTESIAN_POINT('',(-6.28318530718,0.));
#11441 = VECTOR('',#11442,1.);
#11442 = DIRECTION('',(-0.,-1.));
#11443 = ( GEOMETRIC_REPRESENTATION_CONTEXT(2) 
PARAMETRIC_REPRESENTATION_CONTEXT() REPRESENTATION_CONTEXT('2D SPACE',''
  ) );
#11444 = PCURVE('',#8350,#11445);
#11445 = DEFINITIONAL_REPRESENTATION('',(#11446),#11450);
#11446 = LINE('',#11447,#11448);
#11447 = CARTESIAN_POINT('',(0.,0.));
#11448 = VECTOR('',#11449,1.);
#11449 = DIRECTION('',(0.,-1.));
#11450 = ( GEOMETRIC_REPRESENTATION_CONTEXT(2) 
PARAMETRIC_REPRESENTATION_CONTEXT() REPRESENTATION_CONTEXT('2D SPACE',''
  ) );
#11451 = ORIENTED_EDGE('',*,*,#8361,.T.);
#11452 = ORIENTED_EDGE('',*,*,#11145,.T.);
#11453 = ORIENTED_EDGE('',*,*,#11454,.T.);
#11454 = EDGE_CURVE('',#11146,#11455,#11457,.T.);
#11455 = VERTEX_POINT('',#11456);
#11456 = CARTESIAN_POINT('',(21.470923780365,-35.06464583894,8.3));
#11457 = SURFACE_CURVE('',#11458,(#11463,#11470),.PCURVE_S1.);
#11458 = CIRCLE('',#11459,3.2);
#11459 = AXIS2_PLACEMENT_3D('',#11460,#11461,#11462);
#11460 = CARTESIAN_POINT('',(20.15,-32.15,8.3));
#11461 = DIRECTION('',(0.,0.,1.));
#11462 = DIRECTION('',(1.,0.,0.));
#11463 = PCURVE('',#8382,#11464);
#11464 = DEFINITIONAL_REPRESENTATION('',(#11465),#11469);
#11465 = LINE('',#11466,#11467);
#11466 = CARTESIAN_POINT('',(-0.,-3.51));
#11467 = VECTOR('',#11468,1.);
#11468 = DIRECTION('',(-1.,0.));
#11469 = ( GEOMETRIC_REPRESENTATION_CONTEXT(2) 
PARAMETRIC_REPRESENTATION_CONTEXT() REPRESENTATION_CONTEXT('2D SPACE',''
  ) );
#11470 = PCURVE('',#10772,#11471);
#11471 = DEFINITIONAL_REPRESENTATION('',(#11472),#11476);
#11472 = CIRCLE('',#11473,3.2);
#11473 = AXIS2_PLACEMENT_2D('',#11474,#11475);
#11474 = CARTESIAN_POINT('',(20.15,-32.15));
#11475 = DIRECTION('',(1.,0.));
#11476 = ( GEOMETRIC_REPRESENTATION_CONTEXT(2) 
PARAMETRIC_REPRESENTATION_CONTEXT() REPRESENTATION_CONTEXT('2D SPACE',''
  ) );
#11477 = ORIENTED_EDGE('',*,*,#11478,.T.);
#11478 = EDGE_CURVE('',#11455,#11479,#11481,.T.);
#11479 = VERTEX_POINT('',#11480);
#11480 = CARTESIAN_POINT('',(21.470923780364,-35.06464583894,
    7.418180800302));
#11481 = SURFACE_CURVE('',#11482,(#11486,#11492),.PCURVE_S1.);
#11482 = LINE('',#11483,#11484);
#11483 = CARTESIAN_POINT('',(21.470923780364,-35.06464583894,4.79));
#11484 = VECTOR('',#11485,1.);
#11485 = DIRECTION('',(-0.,-0.,-1.));
#11486 = PCURVE('',#8382,#11487);
#11487 = DEFINITIONAL_REPRESENTATION('',(#11488),#11491);
#11488 = B_SPLINE_CURVE_WITH_KNOTS('',1,(#11489,#11490),.UNSPECIFIED.,
  .F.,.F.,(2,2),(-3.5100006,-2.628180200302),.PIECEWISE_BEZIER_KNOTS.);
#11489 = CARTESIAN_POINT('',(-5.137902629274,-3.5100006));
#11490 = CARTESIAN_POINT('',(-5.137902629274,-2.628180200302));
#11491 = ( GEOMETRIC_REPRESENTATION_CONTEXT(2) 
PARAMETRIC_REPRESENTATION_CONTEXT() REPRESENTATION_CONTEXT('2D SPACE',''
  ) );
#11492 = PCURVE('',#9908,#11493);
#11493 = DEFINITIONAL_REPRESENTATION('',(#11494),#11497);
#11494 = B_SPLINE_CURVE_WITH_KNOTS('',1,(#11495,#11496),.UNSPECIFIED.,
  .F.,.F.,(2,2),(-3.5100006,-2.628180200302),.PIECEWISE_BEZIER_KNOTS.);
#11495 = CARTESIAN_POINT('',(2.868250165467,0.881819799698));
#11496 = CARTESIAN_POINT('',(2.868250165467,-5.999999999062E-07));
#11497 = ( GEOMETRIC_REPRESENTATION_CONTEXT(2) 
PARAMETRIC_REPRESENTATION_CONTEXT() REPRESENTATION_CONTEXT('2D SPACE',''
  ) );
#11498 = ORIENTED_EDGE('',*,*,#11499,.F.);
#11499 = EDGE_CURVE('',#11500,#11479,#11502,.T.);
#11500 = VERTEX_POINT('',#11501);
#11501 = CARTESIAN_POINT('',(23.064645838943,-33.47092378036,
    7.418180800302));
#11502 = SURFACE_CURVE('',#11503,(#11508,#11515),.PCURVE_S1.);
#11503 = CIRCLE('',#11504,3.2);
#11504 = AXIS2_PLACEMENT_3D('',#11505,#11506,#11507);
#11505 = CARTESIAN_POINT('',(20.15,-32.15,7.418180800302));
#11506 = DIRECTION('',(0.,0.,-1.));
#11507 = DIRECTION('',(1.,0.,0.));
#11508 = PCURVE('',#8382,#11509);
#11509 = DEFINITIONAL_REPRESENTATION('',(#11510),#11514);
#11510 = LINE('',#11511,#11512);
#11511 = CARTESIAN_POINT('',(-6.28318530718,-2.628180800302));
#11512 = VECTOR('',#11513,1.);
#11513 = DIRECTION('',(1.,-0.));
#11514 = ( GEOMETRIC_REPRESENTATION_CONTEXT(2) 
PARAMETRIC_REPRESENTATION_CONTEXT() REPRESENTATION_CONTEXT('2D SPACE',''
  ) );
#11515 = PCURVE('',#10639,#11516);
#11516 = DEFINITIONAL_REPRESENTATION('',(#11517),#11525);
#11517 = ( BOUNDED_CURVE() B_SPLINE_CURVE(2,(#11518,#11519,#11520,#11521
    ,#11522,#11523,#11524),.UNSPECIFIED.,.T.,.F.) 
B_SPLINE_CURVE_WITH_KNOTS((1,2,2,2,2,1),(-2.094395102393,0.,
    2.094395102393,4.188790204786,6.28318530718,8.377580409573),
.UNSPECIFIED.) CURVE() GEOMETRIC_REPRESENTATION_ITEM() 
RATIONAL_B_SPLINE_CURVE((1.,0.5,1.,0.5,1.,0.5,1.)) REPRESENTATION_ITEM(
  '') );
#11518 = CARTESIAN_POINT('',(-0.335533905933,3.535533905933));
#11519 = CARTESIAN_POINT('',(-0.335533905933,-2.007028678288));
#11520 = CARTESIAN_POINT('',(-5.135533905933,0.764252613823));
#11521 = CARTESIAN_POINT('',(-9.935533905933,3.535533905933));
#11522 = CARTESIAN_POINT('',(-5.135533905933,6.306815198043));
#11523 = CARTESIAN_POINT('',(-0.335533905933,9.078096490153));
#11524 = CARTESIAN_POINT('',(-0.335533905933,3.535533905933));
#11525 = ( GEOMETRIC_REPRESENTATION_CONTEXT(2) 
PARAMETRIC_REPRESENTATION_CONTEXT() REPRESENTATION_CONTEXT('2D SPACE',''
  ) );
#11526 = ORIENTED_EDGE('',*,*,#11527,.F.);
#11527 = EDGE_CURVE('',#11528,#11500,#11530,.T.);
#11528 = VERTEX_POINT('',#11529);
#11529 = CARTESIAN_POINT('',(23.064645838943,-33.47092378036,8.3));
#11530 = SURFACE_CURVE('',#11531,(#11535,#11541),.PCURVE_S1.);
#11531 = LINE('',#11532,#11533);
#11532 = CARTESIAN_POINT('',(23.064645838943,-33.47092378036,4.79));
#11533 = VECTOR('',#11534,1.);
#11534 = DIRECTION('',(-0.,-0.,-1.));
#11535 = PCURVE('',#8382,#11536);
#11536 = DEFINITIONAL_REPRESENTATION('',(#11537),#11540);
#11537 = B_SPLINE_CURVE_WITH_KNOTS('',1,(#11538,#11539),.UNSPECIFIED.,
  .F.,.F.,(2,2),(-3.5100006,-2.628180200302),.PIECEWISE_BEZIER_KNOTS.);
#11538 = CARTESIAN_POINT('',(-5.85767165829,-3.5100006));
#11539 = CARTESIAN_POINT('',(-5.85767165829,-2.628180200302));
#11540 = ( GEOMETRIC_REPRESENTATION_CONTEXT(2) 
PARAMETRIC_REPRESENTATION_CONTEXT() REPRESENTATION_CONTEXT('2D SPACE',''
  ) );
#11541 = PCURVE('',#9908,#11542);
#11542 = DEFINITIONAL_REPRESENTATION('',(#11543),#11546);
#11543 = B_SPLINE_CURVE_WITH_KNOTS('',1,(#11544,#11545),.UNSPECIFIED.,
  .F.,.F.,(2,2),(-3.5100006,-2.628180200302),.PIECEWISE_BEZIER_KNOTS.);
#11544 = CARTESIAN_POINT('',(1.844138814917,0.881819799698));
#11545 = CARTESIAN_POINT('',(1.844138814917,-5.999999999062E-07));
#11546 = ( GEOMETRIC_REPRESENTATION_CONTEXT(2) 
PARAMETRIC_REPRESENTATION_CONTEXT() REPRESENTATION_CONTEXT('2D SPACE',''
  ) );
#11547 = ORIENTED_EDGE('',*,*,#11548,.T.);
#11548 = EDGE_CURVE('',#11528,#11430,#11549,.T.);
#11549 = SURFACE_CURVE('',#11550,(#11555,#11562),.PCURVE_S1.);
#11550 = CIRCLE('',#11551,3.2);
#11551 = AXIS2_PLACEMENT_3D('',#11552,#11553,#11554);
#11552 = CARTESIAN_POINT('',(20.15,-32.15,8.3));
#11553 = DIRECTION('',(0.,0.,1.));
#11554 = DIRECTION('',(1.,0.,0.));
#11555 = PCURVE('',#8382,#11556);
#11556 = DEFINITIONAL_REPRESENTATION('',(#11557),#11561);
#11557 = LINE('',#11558,#11559);
#11558 = CARTESIAN_POINT('',(-0.,-3.51));
#11559 = VECTOR('',#11560,1.);
#11560 = DIRECTION('',(-1.,0.));
#11561 = ( GEOMETRIC_REPRESENTATION_CONTEXT(2) 
PARAMETRIC_REPRESENTATION_CONTEXT() REPRESENTATION_CONTEXT('2D SPACE',''
  ) );
#11562 = PCURVE('',#10772,#11563);
#11563 = DEFINITIONAL_REPRESENTATION('',(#11564),#11568);
#11564 = CIRCLE('',#11565,3.2);
#11565 = AXIS2_PLACEMENT_2D('',#11566,#11567);
#11566 = CARTESIAN_POINT('',(20.15,-32.15));
#11567 = DIRECTION('',(1.,0.));
#11568 = ( GEOMETRIC_REPRESENTATION_CONTEXT(2) 
PARAMETRIC_REPRESENTATION_CONTEXT() REPRESENTATION_CONTEXT('2D SPACE',''
  ) );
#11569 = ADVANCED_FACE('',(#11570),#8350,.T.);
#11570 = FACE_BOUND('',#11571,.T.);
#11571 = EDGE_LOOP('',(#11572,#11573,#11574,#11595));
#11572 = ORIENTED_EDGE('',*,*,#8335,.T.);
#11573 = ORIENTED_EDGE('',*,*,#11429,.T.);
#11574 = ORIENTED_EDGE('',*,*,#11575,.T.);
#11575 = EDGE_CURVE('',#11430,#11283,#11576,.T.);
#11576 = SURFACE_CURVE('',#11577,(#11581,#11588),.PCURVE_S1.);
#11577 = LINE('',#11578,#11579);
#11578 = CARTESIAN_POINT('',(23.35,0.,8.3));
#11579 = VECTOR('',#11580,1.);
#11580 = DIRECTION('',(0.,1.,0.));
#11581 = PCURVE('',#8350,#11582);
#11582 = DEFINITIONAL_REPRESENTATION('',(#11583),#11587);
#11583 = LINE('',#11584,#11585);
#11584 = CARTESIAN_POINT('',(32.15,-3.51));
#11585 = VECTOR('',#11586,1.);
#11586 = DIRECTION('',(1.,0.));
#11587 = ( GEOMETRIC_REPRESENTATION_CONTEXT(2) 
PARAMETRIC_REPRESENTATION_CONTEXT() REPRESENTATION_CONTEXT('2D SPACE',''
  ) );
#11588 = PCURVE('',#10772,#11589);
#11589 = DEFINITIONAL_REPRESENTATION('',(#11590),#11594);
#11590 = LINE('',#11591,#11592);
#11591 = CARTESIAN_POINT('',(23.35,-6.2035193142E-16));
#11592 = VECTOR('',#11593,1.);
#11593 = DIRECTION('',(0.,1.));
#11594 = ( GEOMETRIC_REPRESENTATION_CONTEXT(2) 
PARAMETRIC_REPRESENTATION_CONTEXT() REPRESENTATION_CONTEXT('2D SPACE',''
  ) );
#11595 = ORIENTED_EDGE('',*,*,#11282,.F.);
#11596 = ADVANCED_FACE('',(#11597),#8470,.F.);
#11597 = FACE_BOUND('',#11598,.F.);
#11598 = EDGE_LOOP('',(#11599,#11623,#11644,#11645));
#11599 = ORIENTED_EDGE('',*,*,#11600,.F.);
#11600 = EDGE_CURVE('',#11601,#11601,#11603,.T.);
#11601 = VERTEX_POINT('',#11602);
#11602 = CARTESIAN_POINT('',(24.935533905933,35.685533905933,
    7.418180800302));
#11603 = SURFACE_CURVE('',#11604,(#11609,#11616),.PCURVE_S1.);
#11604 = CIRCLE('',#11605,1.25);
#11605 = AXIS2_PLACEMENT_3D('',#11606,#11607,#11608);
#11606 = CARTESIAN_POINT('',(23.685533905933,35.685533905933,
    7.418180800302));
#11607 = DIRECTION('',(0.,0.,1.));
#11608 = DIRECTION('',(1.,0.,-0.));
#11609 = PCURVE('',#8470,#11610);
#11610 = DEFINITIONAL_REPRESENTATION('',(#11611),#11615);
#11611 = LINE('',#11612,#11613);
#11612 = CARTESIAN_POINT('',(0.,2.668180800302));
#11613 = VECTOR('',#11614,1.);
#11614 = DIRECTION('',(1.,0.));
#11615 = ( GEOMETRIC_REPRESENTATION_CONTEXT(2) 
PARAMETRIC_REPRESENTATION_CONTEXT() REPRESENTATION_CONTEXT('2D SPACE',''
  ) );
#11616 = PCURVE('',#11367,#11617);
#11617 = DEFINITIONAL_REPRESENTATION('',(#11618),#11622);
#11618 = CIRCLE('',#11619,1.25);
#11619 = AXIS2_PLACEMENT_2D('',#11620,#11621);
#11620 = CARTESIAN_POINT('',(0.,0.));
#11621 = DIRECTION('',(1.,0.));
#11622 = ( GEOMETRIC_REPRESENTATION_CONTEXT(2) 
PARAMETRIC_REPRESENTATION_CONTEXT() REPRESENTATION_CONTEXT('2D SPACE',''
  ) );
#11623 = ORIENTED_EDGE('',*,*,#11624,.F.);
#11624 = EDGE_CURVE('',#8454,#11601,#11625,.T.);
#11625 = SEAM_CURVE('',#11626,(#11630,#11637),.PCURVE_S1.);
#11626 = LINE('',#11627,#11628);
#11627 = CARTESIAN_POINT('',(24.935533905933,35.685533905933,4.75));
#11628 = VECTOR('',#11629,1.);
#11629 = DIRECTION('',(0.,0.,1.));
#11630 = PCURVE('',#8470,#11631);
#11631 = DEFINITIONAL_REPRESENTATION('',(#11632),#11636);
#11632 = LINE('',#11633,#11634);
#11633 = CARTESIAN_POINT('',(6.28318530718,-0.));
#11634 = VECTOR('',#11635,1.);
#11635 = DIRECTION('',(0.,1.));
#11636 = ( GEOMETRIC_REPRESENTATION_CONTEXT(2) 
PARAMETRIC_REPRESENTATION_CONTEXT() REPRESENTATION_CONTEXT('2D SPACE',''
  ) );
#11637 = PCURVE('',#8470,#11638);
#11638 = DEFINITIONAL_REPRESENTATION('',(#11639),#11643);
#11639 = LINE('',#11640,#11641);
#11640 = CARTESIAN_POINT('',(0.,-0.));
#11641 = VECTOR('',#11642,1.);
#11642 = DIRECTION('',(0.,1.));
#11643 = ( GEOMETRIC_REPRESENTATION_CONTEXT(2) 
PARAMETRIC_REPRESENTATION_CONTEXT() REPRESENTATION_CONTEXT('2D SPACE',''
  ) );
#11644 = ORIENTED_EDGE('',*,*,#8453,.T.);
#11645 = ORIENTED_EDGE('',*,*,#11624,.T.);
#11646 = ADVANCED_FACE('',(#11647),#9602,.F.);
#11647 = FACE_BOUND('',#11648,.F.);
#11648 = EDGE_LOOP('',(#11649,#11650,#11673,#11695,#11696,#11718,#11719,
    #11741));
#11649 = ORIENTED_EDGE('',*,*,#9504,.F.);
#11650 = ORIENTED_EDGE('',*,*,#11651,.F.);
#11651 = EDGE_CURVE('',#11652,#9505,#11654,.T.);
#11652 = VERTEX_POINT('',#11653);
#11653 = CARTESIAN_POINT('',(25.985533905933,35.685533905933,
    7.418180800302));
#11654 = SEAM_CURVE('',#11655,(#11659,#11666),.PCURVE_S1.);
#11655 = LINE('',#11656,#11657);
#11656 = CARTESIAN_POINT('',(25.985533905933,35.685533905933,
    7.418180800302));
#11657 = VECTOR('',#11658,1.);
#11658 = DIRECTION('',(0.,0.,1.));
#11659 = PCURVE('',#9602,#11660);
#11660 = DEFINITIONAL_REPRESENTATION('',(#11661),#11665);
#11661 = LINE('',#11662,#11663);
#11662 = CARTESIAN_POINT('',(6.28318530718,-0.));
#11663 = VECTOR('',#11664,1.);
#11664 = DIRECTION('',(0.,1.));
#11665 = ( GEOMETRIC_REPRESENTATION_CONTEXT(2) 
PARAMETRIC_REPRESENTATION_CONTEXT() REPRESENTATION_CONTEXT('2D SPACE',''
  ) );
#11666 = PCURVE('',#9602,#11667);
#11667 = DEFINITIONAL_REPRESENTATION('',(#11668),#11672);
#11668 = LINE('',#11669,#11670);
#11669 = CARTESIAN_POINT('',(0.,-0.));
#11670 = VECTOR('',#11671,1.);
#11671 = DIRECTION('',(0.,1.));
#11672 = ( GEOMETRIC_REPRESENTATION_CONTEXT(2) 
PARAMETRIC_REPRESENTATION_CONTEXT() REPRESENTATION_CONTEXT('2D SPACE',''
  ) );
#11673 = ORIENTED_EDGE('',*,*,#11674,.T.);
#11674 = EDGE_CURVE('',#11652,#11351,#11675,.T.);
#11675 = SURFACE_CURVE('',#11676,(#11681,#11688),.PCURVE_S1.);
#11676 = CIRCLE('',#11677,2.3);
#11677 = AXIS2_PLACEMENT_3D('',#11678,#11679,#11680);
#11678 = CARTESIAN_POINT('',(23.685533905933,35.685533905933,
    7.418180800302));
#11679 = DIRECTION('',(0.,0.,1.));
#11680 = DIRECTION('',(1.,0.,-0.));
#11681 = PCURVE('',#9602,#11682);
#11682 = DEFINITIONAL_REPRESENTATION('',(#11683),#11687);
#11683 = LINE('',#11684,#11685);
#11684 = CARTESIAN_POINT('',(0.,0.));
#11685 = VECTOR('',#11686,1.);
#11686 = DIRECTION('',(1.,0.));
#11687 = ( GEOMETRIC_REPRESENTATION_CONTEXT(2) 
PARAMETRIC_REPRESENTATION_CONTEXT() REPRESENTATION_CONTEXT('2D SPACE',''
  ) );
#11688 = PCURVE('',#11367,#11689);
#11689 = DEFINITIONAL_REPRESENTATION('',(#11690),#11694);
#11690 = CIRCLE('',#11691,2.3);
#11691 = AXIS2_PLACEMENT_2D('',#11692,#11693);
#11692 = CARTESIAN_POINT('',(0.,0.));
#11693 = DIRECTION('',(1.,0.));
#11694 = ( GEOMETRIC_REPRESENTATION_CONTEXT(2) 
PARAMETRIC_REPRESENTATION_CONTEXT() REPRESENTATION_CONTEXT('2D SPACE',''
  ) );
#11695 = ORIENTED_EDGE('',*,*,#11383,.F.);
#11696 = ORIENTED_EDGE('',*,*,#11697,.T.);
#11697 = EDGE_CURVE('',#11384,#11306,#11698,.T.);
#11698 = SURFACE_CURVE('',#11699,(#11704,#11711),.PCURVE_S1.);
#11699 = CIRCLE('',#11700,2.3);
#11700 = AXIS2_PLACEMENT_3D('',#11701,#11702,#11703);
#11701 = CARTESIAN_POINT('',(23.685533905933,35.685533905933,8.3));
#11702 = DIRECTION('',(0.,0.,1.));
#11703 = DIRECTION('',(1.,0.,-0.));
#11704 = PCURVE('',#9602,#11705);
#11705 = DEFINITIONAL_REPRESENTATION('',(#11706),#11710);
#11706 = LINE('',#11707,#11708);
#11707 = CARTESIAN_POINT('',(0.,0.881819199698));
#11708 = VECTOR('',#11709,1.);
#11709 = DIRECTION('',(1.,0.));
#11710 = ( GEOMETRIC_REPRESENTATION_CONTEXT(2) 
PARAMETRIC_REPRESENTATION_CONTEXT() REPRESENTATION_CONTEXT('2D SPACE',''
  ) );
#11711 = PCURVE('',#10772,#11712);
#11712 = DEFINITIONAL_REPRESENTATION('',(#11713),#11717);
#11713 = CIRCLE('',#11714,2.3);
#11714 = AXIS2_PLACEMENT_2D('',#11715,#11716);
#11715 = CARTESIAN_POINT('',(23.685533905933,35.685533905933));
#11716 = DIRECTION('',(1.,0.));
#11717 = ( GEOMETRIC_REPRESENTATION_CONTEXT(2) 
PARAMETRIC_REPRESENTATION_CONTEXT() REPRESENTATION_CONTEXT('2D SPACE',''
  ) );
#11718 = ORIENTED_EDGE('',*,*,#11329,.T.);
#11719 = ORIENTED_EDGE('',*,*,#11720,.T.);
#11720 = EDGE_CURVE('',#11330,#11652,#11721,.T.);
#11721 = SURFACE_CURVE('',#11722,(#11727,#11734),.PCURVE_S1.);
#11722 = CIRCLE('',#11723,2.3);
#11723 = AXIS2_PLACEMENT_3D('',#11724,#11725,#11726);
#11724 = CARTESIAN_POINT('',(23.685533905933,35.685533905933,
    7.418180800302));
#11725 = DIRECTION('',(0.,0.,1.));
#11726 = DIRECTION('',(1.,0.,-0.));
#11727 = PCURVE('',#9602,#11728);
#11728 = DEFINITIONAL_REPRESENTATION('',(#11729),#11733);
#11729 = LINE('',#11730,#11731);
#11730 = CARTESIAN_POINT('',(0.,0.));
#11731 = VECTOR('',#11732,1.);
#11732 = DIRECTION('',(1.,0.));
#11733 = ( GEOMETRIC_REPRESENTATION_CONTEXT(2) 
PARAMETRIC_REPRESENTATION_CONTEXT() REPRESENTATION_CONTEXT('2D SPACE',''
  ) );
#11734 = PCURVE('',#11367,#11735);
#11735 = DEFINITIONAL_REPRESENTATION('',(#11736),#11740);
#11736 = CIRCLE('',#11737,2.3);
#11737 = AXIS2_PLACEMENT_2D('',#11738,#11739);
#11738 = CARTESIAN_POINT('',(0.,0.));
#11739 = DIRECTION('',(1.,0.));
#11740 = ( GEOMETRIC_REPRESENTATION_CONTEXT(2) 
PARAMETRIC_REPRESENTATION_CONTEXT() REPRESENTATION_CONTEXT('2D SPACE',''
  ) );
#11741 = ORIENTED_EDGE('',*,*,#11651,.T.);
#11742 = ADVANCED_FACE('',(#11743),#9755,.F.);
#11743 = FACE_BOUND('',#11744,.F.);
#11744 = EDGE_LOOP('',(#11745,#11746,#11769,#11791,#11792,#11814,#11815,
    #11837));
#11745 = ORIENTED_EDGE('',*,*,#9657,.F.);
#11746 = ORIENTED_EDGE('',*,*,#11747,.F.);
#11747 = EDGE_CURVE('',#11748,#9658,#11750,.T.);
#11748 = VERTEX_POINT('',#11749);
#11749 = CARTESIAN_POINT('',(-21.38553390593,35.685533905933,
    7.418180800302));
#11750 = SEAM_CURVE('',#11751,(#11755,#11762),.PCURVE_S1.);
#11751 = LINE('',#11752,#11753);
#11752 = CARTESIAN_POINT('',(-21.38553390593,35.685533905933,
    7.418180800302));
#11753 = VECTOR('',#11754,1.);
#11754 = DIRECTION('',(0.,0.,1.));
#11755 = PCURVE('',#9755,#11756);
#11756 = DEFINITIONAL_REPRESENTATION('',(#11757),#11761);
#11757 = LINE('',#11758,#11759);
#11758 = CARTESIAN_POINT('',(6.28318530718,-0.));
#11759 = VECTOR('',#11760,1.);
#11760 = DIRECTION('',(0.,1.));
#11761 = ( GEOMETRIC_REPRESENTATION_CONTEXT(2) 
PARAMETRIC_REPRESENTATION_CONTEXT() REPRESENTATION_CONTEXT('2D SPACE',''
  ) );
#11762 = PCURVE('',#9755,#11763);
#11763 = DEFINITIONAL_REPRESENTATION('',(#11764),#11768);
#11764 = LINE('',#11765,#11766);
#11765 = CARTESIAN_POINT('',(0.,-0.));
#11766 = VECTOR('',#11767,1.);
#11767 = DIRECTION('',(0.,1.));
#11768 = ( GEOMETRIC_REPRESENTATION_CONTEXT(2) 
PARAMETRIC_REPRESENTATION_CONTEXT() REPRESENTATION_CONTEXT('2D SPACE',''
  ) );
#11769 = ORIENTED_EDGE('',*,*,#11770,.T.);
#11770 = EDGE_CURVE('',#11748,#10879,#11771,.T.);
#11771 = SURFACE_CURVE('',#11772,(#11777,#11784),.PCURVE_S1.);
#11772 = CIRCLE('',#11773,2.3);
#11773 = AXIS2_PLACEMENT_3D('',#11774,#11775,#11776);
#11774 = CARTESIAN_POINT('',(-23.68553390593,35.685533905933,
    7.418180800302));
#11775 = DIRECTION('',(0.,0.,1.));
#11776 = DIRECTION('',(1.,0.,-0.));
#11777 = PCURVE('',#9755,#11778);
#11778 = DEFINITIONAL_REPRESENTATION('',(#11779),#11783);
#11779 = LINE('',#11780,#11781);
#11780 = CARTESIAN_POINT('',(0.,0.));
#11781 = VECTOR('',#11782,1.);
#11782 = DIRECTION('',(1.,0.));
#11783 = ( GEOMETRIC_REPRESENTATION_CONTEXT(2) 
PARAMETRIC_REPRESENTATION_CONTEXT() REPRESENTATION_CONTEXT('2D SPACE',''
  ) );
#11784 = PCURVE('',#10694,#11785);
#11785 = DEFINITIONAL_REPRESENTATION('',(#11786),#11790);
#11786 = CIRCLE('',#11787,2.3);
#11787 = AXIS2_PLACEMENT_2D('',#11788,#11789);
#11788 = CARTESIAN_POINT('',(0.,0.));
#11789 = DIRECTION('',(1.,0.));
#11790 = ( GEOMETRIC_REPRESENTATION_CONTEXT(2) 
PARAMETRIC_REPRESENTATION_CONTEXT() REPRESENTATION_CONTEXT('2D SPACE',''
  ) );
#11791 = ORIENTED_EDGE('',*,*,#10906,.F.);
#11792 = ORIENTED_EDGE('',*,*,#11793,.T.);
#11793 = EDGE_CURVE('',#10907,#10834,#11794,.T.);
#11794 = SURFACE_CURVE('',#11795,(#11800,#11807),.PCURVE_S1.);
#11795 = CIRCLE('',#11796,2.3);
#11796 = AXIS2_PLACEMENT_3D('',#11797,#11798,#11799);
#11797 = CARTESIAN_POINT('',(-23.68553390593,35.685533905933,8.3));
#11798 = DIRECTION('',(0.,0.,1.));
#11799 = DIRECTION('',(1.,0.,-0.));
#11800 = PCURVE('',#9755,#11801);
#11801 = DEFINITIONAL_REPRESENTATION('',(#11802),#11806);
#11802 = LINE('',#11803,#11804);
#11803 = CARTESIAN_POINT('',(0.,0.881819199698));
#11804 = VECTOR('',#11805,1.);
#11805 = DIRECTION('',(1.,0.));
#11806 = ( GEOMETRIC_REPRESENTATION_CONTEXT(2) 
PARAMETRIC_REPRESENTATION_CONTEXT() REPRESENTATION_CONTEXT('2D SPACE',''
  ) );
#11807 = PCURVE('',#10772,#11808);
#11808 = DEFINITIONAL_REPRESENTATION('',(#11809),#11813);
#11809 = CIRCLE('',#11810,2.3);
#11810 = AXIS2_PLACEMENT_2D('',#11811,#11812);
#11811 = CARTESIAN_POINT('',(-23.68553390593,35.685533905933));
#11812 = DIRECTION('',(1.,0.));
#11813 = ( GEOMETRIC_REPRESENTATION_CONTEXT(2) 
PARAMETRIC_REPRESENTATION_CONTEXT() REPRESENTATION_CONTEXT('2D SPACE',''
  ) );
#11814 = ORIENTED_EDGE('',*,*,#10857,.T.);
#11815 = ORIENTED_EDGE('',*,*,#11816,.T.);
#11816 = EDGE_CURVE('',#10858,#11748,#11817,.T.);
#11817 = SURFACE_CURVE('',#11818,(#11823,#11830),.PCURVE_S1.);
#11818 = CIRCLE('',#11819,2.3);
#11819 = AXIS2_PLACEMENT_3D('',#11820,#11821,#11822);
#11820 = CARTESIAN_POINT('',(-23.68553390593,35.685533905933,
    7.418180800302));
#11821 = DIRECTION('',(0.,0.,1.));
#11822 = DIRECTION('',(1.,0.,-0.));
#11823 = PCURVE('',#9755,#11824);
#11824 = DEFINITIONAL_REPRESENTATION('',(#11825),#11829);
#11825 = LINE('',#11826,#11827);
#11826 = CARTESIAN_POINT('',(0.,0.));
#11827 = VECTOR('',#11828,1.);
#11828 = DIRECTION('',(1.,0.));
#11829 = ( GEOMETRIC_REPRESENTATION_CONTEXT(2) 
PARAMETRIC_REPRESENTATION_CONTEXT() REPRESENTATION_CONTEXT('2D SPACE',''
  ) );
#11830 = PCURVE('',#10694,#11831);
#11831 = DEFINITIONAL_REPRESENTATION('',(#11832),#11836);
#11832 = CIRCLE('',#11833,2.3);
#11833 = AXIS2_PLACEMENT_2D('',#11834,#11835);
#11834 = CARTESIAN_POINT('',(0.,0.));
#11835 = DIRECTION('',(1.,0.));
#11836 = ( GEOMETRIC_REPRESENTATION_CONTEXT(2) 
PARAMETRIC_REPRESENTATION_CONTEXT() REPRESENTATION_CONTEXT('2D SPACE',''
  ) );
#11837 = ORIENTED_EDGE('',*,*,#11747,.T.);
#11838 = ADVANCED_FACE('',(#11839),#9908,.F.);
#11839 = FACE_BOUND('',#11840,.F.);
#11840 = EDGE_LOOP('',(#11841,#11842,#11865,#11887,#11888,#11910,#11911,
    #11933));
#11841 = ORIENTED_EDGE('',*,*,#9810,.F.);
#11842 = ORIENTED_EDGE('',*,*,#11843,.F.);
#11843 = EDGE_CURVE('',#11844,#9811,#11846,.T.);
#11844 = VERTEX_POINT('',#11845);
#11845 = CARTESIAN_POINT('',(25.985533905933,-35.68553390593,
    7.418180800302));
#11846 = SEAM_CURVE('',#11847,(#11851,#11858),.PCURVE_S1.);
#11847 = LINE('',#11848,#11849);
#11848 = CARTESIAN_POINT('',(25.985533905933,-35.68553390593,
    7.418180800302));
#11849 = VECTOR('',#11850,1.);
#11850 = DIRECTION('',(0.,0.,1.));
#11851 = PCURVE('',#9908,#11852);
#11852 = DEFINITIONAL_REPRESENTATION('',(#11853),#11857);
#11853 = LINE('',#11854,#11855);
#11854 = CARTESIAN_POINT('',(6.28318530718,-0.));
#11855 = VECTOR('',#11856,1.);
#11856 = DIRECTION('',(0.,1.));
#11857 = ( GEOMETRIC_REPRESENTATION_CONTEXT(2) 
PARAMETRIC_REPRESENTATION_CONTEXT() REPRESENTATION_CONTEXT('2D SPACE',''
  ) );
#11858 = PCURVE('',#9908,#11859);
#11859 = DEFINITIONAL_REPRESENTATION('',(#11860),#11864);
#11860 = LINE('',#11861,#11862);
#11861 = CARTESIAN_POINT('',(0.,-0.));
#11862 = VECTOR('',#11863,1.);
#11863 = DIRECTION('',(0.,1.));
#11864 = ( GEOMETRIC_REPRESENTATION_CONTEXT(2) 
PARAMETRIC_REPRESENTATION_CONTEXT() REPRESENTATION_CONTEXT('2D SPACE',''
  ) );
#11865 = ORIENTED_EDGE('',*,*,#11866,.T.);
#11866 = EDGE_CURVE('',#11844,#11500,#11867,.T.);
#11867 = SURFACE_CURVE('',#11868,(#11873,#11880),.PCURVE_S1.);
#11868 = CIRCLE('',#11869,2.3);
#11869 = AXIS2_PLACEMENT_3D('',#11870,#11871,#11872);
#11870 = CARTESIAN_POINT('',(23.685533905933,-35.68553390593,
    7.418180800302));
#11871 = DIRECTION('',(0.,0.,1.));
#11872 = DIRECTION('',(1.,0.,-0.));
#11873 = PCURVE('',#9908,#11874);
#11874 = DEFINITIONAL_REPRESENTATION('',(#11875),#11879);
#11875 = LINE('',#11876,#11877);
#11876 = CARTESIAN_POINT('',(0.,0.));
#11877 = VECTOR('',#11878,1.);
#11878 = DIRECTION('',(1.,0.));
#11879 = ( GEOMETRIC_REPRESENTATION_CONTEXT(2) 
PARAMETRIC_REPRESENTATION_CONTEXT() REPRESENTATION_CONTEXT('2D SPACE',''
  ) );
#11880 = PCURVE('',#10639,#11881);
#11881 = DEFINITIONAL_REPRESENTATION('',(#11882),#11886);
#11882 = CIRCLE('',#11883,2.3);
#11883 = AXIS2_PLACEMENT_2D('',#11884,#11885);
#11884 = CARTESIAN_POINT('',(0.,0.));
#11885 = DIRECTION('',(1.,0.));
#11886 = ( GEOMETRIC_REPRESENTATION_CONTEXT(2) 
PARAMETRIC_REPRESENTATION_CONTEXT() REPRESENTATION_CONTEXT('2D SPACE',''
  ) );
#11887 = ORIENTED_EDGE('',*,*,#11527,.F.);
#11888 = ORIENTED_EDGE('',*,*,#11889,.T.);
#11889 = EDGE_CURVE('',#11528,#11455,#11890,.T.);
#11890 = SURFACE_CURVE('',#11891,(#11896,#11903),.PCURVE_S1.);
#11891 = CIRCLE('',#11892,2.3);
#11892 = AXIS2_PLACEMENT_3D('',#11893,#11894,#11895);
#11893 = CARTESIAN_POINT('',(23.685533905933,-35.68553390593,8.3));
#11894 = DIRECTION('',(0.,0.,1.));
#11895 = DIRECTION('',(1.,0.,-0.));
#11896 = PCURVE('',#9908,#11897);
#11897 = DEFINITIONAL_REPRESENTATION('',(#11898),#11902);
#11898 = LINE('',#11899,#11900);
#11899 = CARTESIAN_POINT('',(0.,0.881819199698));
#11900 = VECTOR('',#11901,1.);
#11901 = DIRECTION('',(1.,0.));
#11902 = ( GEOMETRIC_REPRESENTATION_CONTEXT(2) 
PARAMETRIC_REPRESENTATION_CONTEXT() REPRESENTATION_CONTEXT('2D SPACE',''
  ) );
#11903 = PCURVE('',#10772,#11904);
#11904 = DEFINITIONAL_REPRESENTATION('',(#11905),#11909);
#11905 = CIRCLE('',#11906,2.3);
#11906 = AXIS2_PLACEMENT_2D('',#11907,#11908);
#11907 = CARTESIAN_POINT('',(23.685533905933,-35.68553390593));
#11908 = DIRECTION('',(1.,0.));
#11909 = ( GEOMETRIC_REPRESENTATION_CONTEXT(2) 
PARAMETRIC_REPRESENTATION_CONTEXT() REPRESENTATION_CONTEXT('2D SPACE',''
  ) );
#11910 = ORIENTED_EDGE('',*,*,#11478,.T.);
#11911 = ORIENTED_EDGE('',*,*,#11912,.T.);
#11912 = EDGE_CURVE('',#11479,#11844,#11913,.T.);
#11913 = SURFACE_CURVE('',#11914,(#11919,#11926),.PCURVE_S1.);
#11914 = CIRCLE('',#11915,2.3);
#11915 = AXIS2_PLACEMENT_3D('',#11916,#11917,#11918);
#11916 = CARTESIAN_POINT('',(23.685533905933,-35.68553390593,
    7.418180800302));
#11917 = DIRECTION('',(0.,0.,1.));
#11918 = DIRECTION('',(1.,0.,-0.));
#11919 = PCURVE('',#9908,#11920);
#11920 = DEFINITIONAL_REPRESENTATION('',(#11921),#11925);
#11921 = LINE('',#11922,#11923);
#11922 = CARTESIAN_POINT('',(0.,0.));
#11923 = VECTOR('',#11924,1.);
#11924 = DIRECTION('',(1.,0.));
#11925 = ( GEOMETRIC_REPRESENTATION_CONTEXT(2) 
PARAMETRIC_REPRESENTATION_CONTEXT() REPRESENTATION_CONTEXT('2D SPACE',''
  ) );
#11926 = PCURVE('',#10639,#11927);
#11927 = DEFINITIONAL_REPRESENTATION('',(#11928),#11932);
#11928 = CIRCLE('',#11929,2.3);
#11929 = AXIS2_PLACEMENT_2D('',#11930,#11931);
#11930 = CARTESIAN_POINT('',(0.,0.));
#11931 = DIRECTION('',(1.,0.));
#11932 = ( GEOMETRIC_REPRESENTATION_CONTEXT(2) 
PARAMETRIC_REPRESENTATION_CONTEXT() REPRESENTATION_CONTEXT('2D SPACE',''
  ) );
#11933 = ORIENTED_EDGE('',*,*,#11843,.T.);
#11934 = ADVANCED_FACE('',(#11935),#10061,.F.);
#11935 = FACE_BOUND('',#11936,.F.);
#11936 = EDGE_LOOP('',(#11937,#11938,#11961,#11983,#11984,#12006,#12007,
    #12029));
#11937 = ORIENTED_EDGE('',*,*,#9963,.F.);
#11938 = ORIENTED_EDGE('',*,*,#11939,.F.);
#11939 = EDGE_CURVE('',#11940,#9964,#11942,.T.);
#11940 = VERTEX_POINT('',#11941);
#11941 = CARTESIAN_POINT('',(-21.38553390593,-35.68553390593,
    7.418180800302));
#11942 = SEAM_CURVE('',#11943,(#11947,#11954),.PCURVE_S1.);
#11943 = LINE('',#11944,#11945);
#11944 = CARTESIAN_POINT('',(-21.38553390593,-35.68553390593,
    7.418180800302));
#11945 = VECTOR('',#11946,1.);
#11946 = DIRECTION('',(0.,0.,1.));
#11947 = PCURVE('',#10061,#11948);
#11948 = DEFINITIONAL_REPRESENTATION('',(#11949),#11953);
#11949 = LINE('',#11950,#11951);
#11950 = CARTESIAN_POINT('',(6.28318530718,-0.));
#11951 = VECTOR('',#11952,1.);
#11952 = DIRECTION('',(0.,1.));
#11953 = ( GEOMETRIC_REPRESENTATION_CONTEXT(2) 
PARAMETRIC_REPRESENTATION_CONTEXT() REPRESENTATION_CONTEXT('2D SPACE',''
  ) );
#11954 = PCURVE('',#10061,#11955);
#11955 = DEFINITIONAL_REPRESENTATION('',(#11956),#11960);
#11956 = LINE('',#11957,#11958);
#11957 = CARTESIAN_POINT('',(0.,-0.));
#11958 = VECTOR('',#11959,1.);
#11959 = DIRECTION('',(0.,1.));
#11960 = ( GEOMETRIC_REPRESENTATION_CONTEXT(2) 
PARAMETRIC_REPRESENTATION_CONTEXT() REPRESENTATION_CONTEXT('2D SPACE',''
  ) );
#11961 = ORIENTED_EDGE('',*,*,#11962,.T.);
#11962 = EDGE_CURVE('',#11940,#11023,#11963,.T.);
#11963 = SURFACE_CURVE('',#11964,(#11969,#11976),.PCURVE_S1.);
#11964 = CIRCLE('',#11965,2.3);
#11965 = AXIS2_PLACEMENT_3D('',#11966,#11967,#11968);
#11966 = CARTESIAN_POINT('',(-23.68553390593,-35.68553390593,
    7.418180800302));
#11967 = DIRECTION('',(0.,0.,1.));
#11968 = DIRECTION('',(1.,0.,-0.));
#11969 = PCURVE('',#10061,#11970);
#11970 = DEFINITIONAL_REPRESENTATION('',(#11971),#11975);
#11971 = LINE('',#11972,#11973);
#11972 = CARTESIAN_POINT('',(0.,0.));
#11973 = VECTOR('',#11974,1.);
#11974 = DIRECTION('',(1.,0.));
#11975 = ( GEOMETRIC_REPRESENTATION_CONTEXT(2) 
PARAMETRIC_REPRESENTATION_CONTEXT() REPRESENTATION_CONTEXT('2D SPACE',''
  ) );
#11976 = PCURVE('',#10584,#11977);
#11977 = DEFINITIONAL_REPRESENTATION('',(#11978),#11982);
#11978 = CIRCLE('',#11979,2.3);
#11979 = AXIS2_PLACEMENT_2D('',#11980,#11981);
#11980 = CARTESIAN_POINT('',(0.,0.));
#11981 = DIRECTION('',(1.,0.));
#11982 = ( GEOMETRIC_REPRESENTATION_CONTEXT(2) 
PARAMETRIC_REPRESENTATION_CONTEXT() REPRESENTATION_CONTEXT('2D SPACE',''
  ) );
#11983 = ORIENTED_EDGE('',*,*,#11050,.F.);
#11984 = ORIENTED_EDGE('',*,*,#11985,.T.);
#11985 = EDGE_CURVE('',#11051,#10978,#11986,.T.);
#11986 = SURFACE_CURVE('',#11987,(#11992,#11999),.PCURVE_S1.);
#11987 = CIRCLE('',#11988,2.3);
#11988 = AXIS2_PLACEMENT_3D('',#11989,#11990,#11991);
#11989 = CARTESIAN_POINT('',(-23.68553390593,-35.68553390593,8.3));
#11990 = DIRECTION('',(0.,0.,1.));
#11991 = DIRECTION('',(1.,0.,-0.));
#11992 = PCURVE('',#10061,#11993);
#11993 = DEFINITIONAL_REPRESENTATION('',(#11994),#11998);
#11994 = LINE('',#11995,#11996);
#11995 = CARTESIAN_POINT('',(0.,0.881819199698));
#11996 = VECTOR('',#11997,1.);
#11997 = DIRECTION('',(1.,0.));
#11998 = ( GEOMETRIC_REPRESENTATION_CONTEXT(2) 
PARAMETRIC_REPRESENTATION_CONTEXT() REPRESENTATION_CONTEXT('2D SPACE',''
  ) );
#11999 = PCURVE('',#10772,#12000);
#12000 = DEFINITIONAL_REPRESENTATION('',(#12001),#12005);
#12001 = CIRCLE('',#12002,2.3);
#12002 = AXIS2_PLACEMENT_2D('',#12003,#12004);
#12003 = CARTESIAN_POINT('',(-23.68553390593,-35.68553390593));
#12004 = DIRECTION('',(1.,0.));
#12005 = ( GEOMETRIC_REPRESENTATION_CONTEXT(2) 
PARAMETRIC_REPRESENTATION_CONTEXT() REPRESENTATION_CONTEXT('2D SPACE',''
  ) );
#12006 = ORIENTED_EDGE('',*,*,#11001,.T.);
#12007 = ORIENTED_EDGE('',*,*,#12008,.T.);
#12008 = EDGE_CURVE('',#11002,#11940,#12009,.T.);
#12009 = SURFACE_CURVE('',#12010,(#12015,#12022),.PCURVE_S1.);
#12010 = CIRCLE('',#12011,2.3);
#12011 = AXIS2_PLACEMENT_3D('',#12012,#12013,#12014);
#12012 = CARTESIAN_POINT('',(-23.68553390593,-35.68553390593,
    7.418180800302));
#12013 = DIRECTION('',(0.,0.,1.));
#12014 = DIRECTION('',(1.,0.,-0.));
#12015 = PCURVE('',#10061,#12016);
#12016 = DEFINITIONAL_REPRESENTATION('',(#12017),#12021);
#12017 = LINE('',#12018,#12019);
#12018 = CARTESIAN_POINT('',(0.,0.));
#12019 = VECTOR('',#12020,1.);
#12020 = DIRECTION('',(1.,0.));
#12021 = ( GEOMETRIC_REPRESENTATION_CONTEXT(2) 
PARAMETRIC_REPRESENTATION_CONTEXT() REPRESENTATION_CONTEXT('2D SPACE',''
  ) );
#12022 = PCURVE('',#10584,#12023);
#12023 = DEFINITIONAL_REPRESENTATION('',(#12024),#12028);
#12024 = CIRCLE('',#12025,2.3);
#12025 = AXIS2_PLACEMENT_2D('',#12026,#12027);
#12026 = CARTESIAN_POINT('',(0.,0.));
#12027 = DIRECTION('',(1.,0.));
#12028 = ( GEOMETRIC_REPRESENTATION_CONTEXT(2) 
PARAMETRIC_REPRESENTATION_CONTEXT() REPRESENTATION_CONTEXT('2D SPACE',''
  ) );
#12029 = ORIENTED_EDGE('',*,*,#11939,.T.);
#12030 = ADVANCED_FACE('',(#12031),#10289,.F.);
#12031 = FACE_BOUND('',#12032,.F.);
#12032 = EDGE_LOOP('',(#12033,#12056,#12057,#12080));
#12033 = ORIENTED_EDGE('',*,*,#12034,.F.);
#12034 = EDGE_CURVE('',#10273,#12035,#12037,.T.);
#12035 = VERTEX_POINT('',#12036);
#12036 = CARTESIAN_POINT('',(-2.,-34.25,9.3));
#12037 = SURFACE_CURVE('',#12038,(#12042,#12049),.PCURVE_S1.);
#12038 = LINE('',#12039,#12040);
#12039 = CARTESIAN_POINT('',(-2.,-38.05,9.3));
#12040 = VECTOR('',#12041,1.);
#12041 = DIRECTION('',(-0.,1.,0.));
#12042 = PCURVE('',#10289,#12043);
#12043 = DEFINITIONAL_REPRESENTATION('',(#12044),#12048);
#12044 = LINE('',#12045,#12046);
#12045 = CARTESIAN_POINT('',(0.,0.));
#12046 = VECTOR('',#12047,1.);
#12047 = DIRECTION('',(0.,1.));
#12048 = ( GEOMETRIC_REPRESENTATION_CONTEXT(2) 
PARAMETRIC_REPRESENTATION_CONTEXT() REPRESENTATION_CONTEXT('2D SPACE',''
  ) );
#12049 = PCURVE('',#10315,#12050);
#12050 = DEFINITIONAL_REPRESENTATION('',(#12051),#12055);
#12051 = LINE('',#12052,#12053);
#12052 = CARTESIAN_POINT('',(4.2,0.));
#12053 = VECTOR('',#12054,1.);
#12054 = DIRECTION('',(0.,-1.));
#12055 = ( GEOMETRIC_REPRESENTATION_CONTEXT(2) 
PARAMETRIC_REPRESENTATION_CONTEXT() REPRESENTATION_CONTEXT('2D SPACE',''
  ) );
#12056 = ORIENTED_EDGE('',*,*,#10272,.T.);
#12057 = ORIENTED_EDGE('',*,*,#12058,.T.);
#12058 = EDGE_CURVE('',#10275,#12059,#12061,.T.);
#12059 = VERTEX_POINT('',#12060);
#12060 = CARTESIAN_POINT('',(8.,-34.25,9.3));
#12061 = SURFACE_CURVE('',#12062,(#12066,#12073),.PCURVE_S1.);
#12062 = LINE('',#12063,#12064);
#12063 = CARTESIAN_POINT('',(8.,-38.05,9.3));
#12064 = VECTOR('',#12065,1.);
#12065 = DIRECTION('',(-0.,1.,0.));
#12066 = PCURVE('',#10289,#12067);
#12067 = DEFINITIONAL_REPRESENTATION('',(#12068),#12072);
#12068 = LINE('',#12069,#12070);
#12069 = CARTESIAN_POINT('',(10.,0.));
#12070 = VECTOR('',#12071,1.);
#12071 = DIRECTION('',(0.,1.));
#12072 = ( GEOMETRIC_REPRESENTATION_CONTEXT(2) 
PARAMETRIC_REPRESENTATION_CONTEXT() REPRESENTATION_CONTEXT('2D SPACE',''
  ) );
#12073 = PCURVE('',#10365,#12074);
#12074 = DEFINITIONAL_REPRESENTATION('',(#12075),#12079);
#12075 = LINE('',#12076,#12077);
#12076 = CARTESIAN_POINT('',(4.2,0.));
#12077 = VECTOR('',#12078,1.);
#12078 = DIRECTION('',(0.,-1.));
#12079 = ( GEOMETRIC_REPRESENTATION_CONTEXT(2) 
PARAMETRIC_REPRESENTATION_CONTEXT() REPRESENTATION_CONTEXT('2D SPACE',''
  ) );
#12080 = ORIENTED_EDGE('',*,*,#12081,.F.);
#12081 = EDGE_CURVE('',#12035,#12059,#12082,.T.);
#12082 = SURFACE_CURVE('',#12083,(#12087,#12094),.PCURVE_S1.);
#12083 = LINE('',#12084,#12085);
#12084 = CARTESIAN_POINT('',(-2.,-34.25,9.3));
#12085 = VECTOR('',#12086,1.);
#12086 = DIRECTION('',(1.,0.,-0.));
#12087 = PCURVE('',#10289,#12088);
#12088 = DEFINITIONAL_REPRESENTATION('',(#12089),#12093);
#12089 = LINE('',#12090,#12091);
#12090 = CARTESIAN_POINT('',(0.,3.8));
#12091 = VECTOR('',#12092,1.);
#12092 = DIRECTION('',(1.,0.));
#12093 = ( GEOMETRIC_REPRESENTATION_CONTEXT(2) 
PARAMETRIC_REPRESENTATION_CONTEXT() REPRESENTATION_CONTEXT('2D SPACE',''
  ) );
#12094 = PCURVE('',#12095,#12100);
#12095 = PLANE('',#12096);
#12096 = AXIS2_PLACEMENT_3D('',#12097,#12098,#12099);
#12097 = CARTESIAN_POINT('',(-2.,-34.25,5.1));
#12098 = DIRECTION('',(-0.,1.,0.));
#12099 = DIRECTION('',(0.,0.,1.));
#12100 = DEFINITIONAL_REPRESENTATION('',(#12101),#12105);
#12101 = LINE('',#12102,#12103);
#12102 = CARTESIAN_POINT('',(4.2,0.));
#12103 = VECTOR('',#12104,1.);
#12104 = DIRECTION('',(0.,1.));
#12105 = ( GEOMETRIC_REPRESENTATION_CONTEXT(2) 
PARAMETRIC_REPRESENTATION_CONTEXT() REPRESENTATION_CONTEXT('2D SPACE',''
  ) );
#12106 = ADVANCED_FACE('',(#12107),#10365,.F.);
#12107 = FACE_BOUND('',#12108,.F.);
#12108 = EDGE_LOOP('',(#12109,#12110,#12111,#12132,#12133,#12154));
#12109 = ORIENTED_EDGE('',*,*,#12058,.F.);
#12110 = ORIENTED_EDGE('',*,*,#10352,.T.);
#12111 = ORIENTED_EDGE('',*,*,#12112,.T.);
#12112 = EDGE_CURVE('',#10327,#11215,#12113,.T.);
#12113 = SURFACE_CURVE('',#12114,(#12118,#12125),.PCURVE_S1.);
#12114 = LINE('',#12115,#12116);
#12115 = CARTESIAN_POINT('',(8.,-38.05,5.1));
#12116 = VECTOR('',#12117,1.);
#12117 = DIRECTION('',(-0.,1.,0.));
#12118 = PCURVE('',#10365,#12119);
#12119 = DEFINITIONAL_REPRESENTATION('',(#12120),#12124);
#12120 = LINE('',#12121,#12122);
#12121 = CARTESIAN_POINT('',(0.,0.));
#12122 = VECTOR('',#12123,1.);
#12123 = DIRECTION('',(0.,-1.));
#12124 = ( GEOMETRIC_REPRESENTATION_CONTEXT(2) 
PARAMETRIC_REPRESENTATION_CONTEXT() REPRESENTATION_CONTEXT('2D SPACE',''
  ) );
#12125 = PCURVE('',#10341,#12126);
#12126 = DEFINITIONAL_REPRESENTATION('',(#12127),#12131);
#12127 = LINE('',#12128,#12129);
#12128 = CARTESIAN_POINT('',(10.,0.));
#12129 = VECTOR('',#12130,1.);
#12130 = DIRECTION('',(0.,1.));
#12131 = ( GEOMETRIC_REPRESENTATION_CONTEXT(2) 
PARAMETRIC_REPRESENTATION_CONTEXT() REPRESENTATION_CONTEXT('2D SPACE',''
  ) );
#12132 = ORIENTED_EDGE('',*,*,#11235,.F.);
#12133 = ORIENTED_EDGE('',*,*,#12134,.T.);
#12134 = EDGE_CURVE('',#11236,#12135,#12137,.T.);
#12135 = VERTEX_POINT('',#12136);
#12136 = CARTESIAN_POINT('',(8.,-34.25,8.3));
#12137 = SURFACE_CURVE('',#12138,(#12142,#12148),.PCURVE_S1.);
#12138 = LINE('',#12139,#12140);
#12139 = CARTESIAN_POINT('',(8.,-19.025,8.3));
#12140 = VECTOR('',#12141,1.);
#12141 = DIRECTION('',(-0.,1.,0.));
#12142 = PCURVE('',#10365,#12143);
#12143 = DEFINITIONAL_REPRESENTATION('',(#12144),#12147);
#12144 = B_SPLINE_CURVE_WITH_KNOTS('',1,(#12145,#12146),.UNSPECIFIED.,
  .F.,.F.,(2,2),(-16.325,-15.225),.PIECEWISE_BEZIER_KNOTS.);
#12145 = CARTESIAN_POINT('',(3.2,-2.7));
#12146 = CARTESIAN_POINT('',(3.2,-3.8));
#12147 = ( GEOMETRIC_REPRESENTATION_CONTEXT(2) 
PARAMETRIC_REPRESENTATION_CONTEXT() REPRESENTATION_CONTEXT('2D SPACE',''
  ) );
#12148 = PCURVE('',#10772,#12149);
#12149 = DEFINITIONAL_REPRESENTATION('',(#12150),#12153);
#12150 = B_SPLINE_CURVE_WITH_KNOTS('',1,(#12151,#12152),.UNSPECIFIED.,
  .F.,.F.,(2,2),(-16.325,-15.225),.PIECEWISE_BEZIER_KNOTS.);
#12151 = CARTESIAN_POINT('',(8.,-35.35));
#12152 = CARTESIAN_POINT('',(8.,-34.25));
#12153 = ( GEOMETRIC_REPRESENTATION_CONTEXT(2) 
PARAMETRIC_REPRESENTATION_CONTEXT() REPRESENTATION_CONTEXT('2D SPACE',''
  ) );
#12154 = ORIENTED_EDGE('',*,*,#12155,.T.);
#12155 = EDGE_CURVE('',#12135,#12059,#12156,.T.);
#12156 = SURFACE_CURVE('',#12157,(#12161,#12168),.PCURVE_S1.);
#12157 = LINE('',#12158,#12159);
#12158 = CARTESIAN_POINT('',(8.,-34.25,5.1));
#12159 = VECTOR('',#12160,1.);
#12160 = DIRECTION('',(0.,0.,1.));
#12161 = PCURVE('',#10365,#12162);
#12162 = DEFINITIONAL_REPRESENTATION('',(#12163),#12167);
#12163 = LINE('',#12164,#12165);
#12164 = CARTESIAN_POINT('',(0.,-3.8));
#12165 = VECTOR('',#12166,1.);
#12166 = DIRECTION('',(1.,0.));
#12167 = ( GEOMETRIC_REPRESENTATION_CONTEXT(2) 
PARAMETRIC_REPRESENTATION_CONTEXT() REPRESENTATION_CONTEXT('2D SPACE',''
  ) );
#12168 = PCURVE('',#12095,#12169);
#12169 = DEFINITIONAL_REPRESENTATION('',(#12170),#12174);
#12170 = LINE('',#12171,#12172);
#12171 = CARTESIAN_POINT('',(0.,10.));
#12172 = VECTOR('',#12173,1.);
#12173 = DIRECTION('',(1.,0.));
#12174 = ( GEOMETRIC_REPRESENTATION_CONTEXT(2) 
PARAMETRIC_REPRESENTATION_CONTEXT() REPRESENTATION_CONTEXT('2D SPACE',''
  ) );
#12175 = ADVANCED_FACE('',(#12176),#10341,.T.);
#12176 = FACE_BOUND('',#12177,.T.);
#12177 = EDGE_LOOP('',(#12178,#12199,#12200,#12201));
#12178 = ORIENTED_EDGE('',*,*,#12179,.F.);
#12179 = EDGE_CURVE('',#10301,#11194,#12180,.T.);
#12180 = SURFACE_CURVE('',#12181,(#12185,#12192),.PCURVE_S1.);
#12181 = LINE('',#12182,#12183);
#12182 = CARTESIAN_POINT('',(-2.,-38.05,5.1));
#12183 = VECTOR('',#12184,1.);
#12184 = DIRECTION('',(-0.,1.,0.));
#12185 = PCURVE('',#10341,#12186);
#12186 = DEFINITIONAL_REPRESENTATION('',(#12187),#12191);
#12187 = LINE('',#12188,#12189);
#12188 = CARTESIAN_POINT('',(0.,0.));
#12189 = VECTOR('',#12190,1.);
#12190 = DIRECTION('',(0.,1.));
#12191 = ( GEOMETRIC_REPRESENTATION_CONTEXT(2) 
PARAMETRIC_REPRESENTATION_CONTEXT() REPRESENTATION_CONTEXT('2D SPACE',''
  ) );
#12192 = PCURVE('',#10315,#12193);
#12193 = DEFINITIONAL_REPRESENTATION('',(#12194),#12198);
#12194 = LINE('',#12195,#12196);
#12195 = CARTESIAN_POINT('',(0.,0.));
#12196 = VECTOR('',#12197,1.);
#12197 = DIRECTION('',(0.,-1.));
#12198 = ( GEOMETRIC_REPRESENTATION_CONTEXT(2) 
PARAMETRIC_REPRESENTATION_CONTEXT() REPRESENTATION_CONTEXT('2D SPACE',''
  ) );
#12199 = ORIENTED_EDGE('',*,*,#10326,.T.);
#12200 = ORIENTED_EDGE('',*,*,#12112,.T.);
#12201 = ORIENTED_EDGE('',*,*,#11214,.F.);
#12202 = ADVANCED_FACE('',(#12203),#10315,.T.);
#12203 = FACE_BOUND('',#12204,.T.);
#12204 = EDGE_LOOP('',(#12205,#12206,#12207,#12208,#12209,#12230));
#12205 = ORIENTED_EDGE('',*,*,#12034,.F.);
#12206 = ORIENTED_EDGE('',*,*,#10300,.T.);
#12207 = ORIENTED_EDGE('',*,*,#12179,.T.);
#12208 = ORIENTED_EDGE('',*,*,#11193,.F.);
#12209 = ORIENTED_EDGE('',*,*,#12210,.T.);
#12210 = EDGE_CURVE('',#11171,#12211,#12213,.T.);
#12211 = VERTEX_POINT('',#12212);
#12212 = CARTESIAN_POINT('',(-2.,-34.25,8.3));
#12213 = SURFACE_CURVE('',#12214,(#12218,#12224),.PCURVE_S1.);
#12214 = LINE('',#12215,#12216);
#12215 = CARTESIAN_POINT('',(-2.,-19.025,8.3));
#12216 = VECTOR('',#12217,1.);
#12217 = DIRECTION('',(-0.,1.,0.));
#12218 = PCURVE('',#10315,#12219);
#12219 = DEFINITIONAL_REPRESENTATION('',(#12220),#12223);
#12220 = B_SPLINE_CURVE_WITH_KNOTS('',1,(#12221,#12222),.UNSPECIFIED.,
  .F.,.F.,(2,2),(-16.325,-15.225),.PIECEWISE_BEZIER_KNOTS.);
#12221 = CARTESIAN_POINT('',(3.2,-2.7));
#12222 = CARTESIAN_POINT('',(3.2,-3.8));
#12223 = ( GEOMETRIC_REPRESENTATION_CONTEXT(2) 
PARAMETRIC_REPRESENTATION_CONTEXT() REPRESENTATION_CONTEXT('2D SPACE',''
  ) );
#12224 = PCURVE('',#10772,#12225);
#12225 = DEFINITIONAL_REPRESENTATION('',(#12226),#12229);
#12226 = B_SPLINE_CURVE_WITH_KNOTS('',1,(#12227,#12228),.UNSPECIFIED.,
  .F.,.F.,(2,2),(-16.325,-15.225),.PIECEWISE_BEZIER_KNOTS.);
#12227 = CARTESIAN_POINT('',(-2.,-35.35));
#12228 = CARTESIAN_POINT('',(-2.,-34.25));
#12229 = ( GEOMETRIC_REPRESENTATION_CONTEXT(2) 
PARAMETRIC_REPRESENTATION_CONTEXT() REPRESENTATION_CONTEXT('2D SPACE',''
  ) );
#12230 = ORIENTED_EDGE('',*,*,#12231,.T.);
#12231 = EDGE_CURVE('',#12211,#12035,#12232,.T.);
#12232 = SURFACE_CURVE('',#12233,(#12237,#12244),.PCURVE_S1.);
#12233 = LINE('',#12234,#12235);
#12234 = CARTESIAN_POINT('',(-2.,-34.25,5.1));
#12235 = VECTOR('',#12236,1.);
#12236 = DIRECTION('',(0.,0.,1.));
#12237 = PCURVE('',#10315,#12238);
#12238 = DEFINITIONAL_REPRESENTATION('',(#12239),#12243);
#12239 = LINE('',#12240,#12241);
#12240 = CARTESIAN_POINT('',(0.,-3.8));
#12241 = VECTOR('',#12242,1.);
#12242 = DIRECTION('',(1.,0.));
#12243 = ( GEOMETRIC_REPRESENTATION_CONTEXT(2) 
PARAMETRIC_REPRESENTATION_CONTEXT() REPRESENTATION_CONTEXT('2D SPACE',''
  ) );
#12244 = PCURVE('',#12095,#12245);
#12245 = DEFINITIONAL_REPRESENTATION('',(#12246),#12250);
#12246 = LINE('',#12247,#12248);
#12247 = CARTESIAN_POINT('',(0.,0.));
#12248 = VECTOR('',#12249,1.);
#12249 = DIRECTION('',(1.,0.));
#12250 = ( GEOMETRIC_REPRESENTATION_CONTEXT(2) 
PARAMETRIC_REPRESENTATION_CONTEXT() REPRESENTATION_CONTEXT('2D SPACE',''
  ) );
#12251 = ADVANCED_FACE('',(#12252,#12257),#10584,.T.);
#12252 = FACE_BOUND('',#12253,.T.);
#12253 = EDGE_LOOP('',(#12254,#12255,#12256));
#12254 = ORIENTED_EDGE('',*,*,#12008,.T.);
#12255 = ORIENTED_EDGE('',*,*,#11962,.T.);
#12256 = ORIENTED_EDGE('',*,*,#11022,.T.);
#12257 = FACE_BOUND('',#12258,.T.);
#12258 = EDGE_LOOP('',(#12259));
#12259 = ORIENTED_EDGE('',*,*,#10567,.F.);
#12260 = ADVANCED_FACE('',(#12261,#12266),#10639,.T.);
#12261 = FACE_BOUND('',#12262,.T.);
#12262 = EDGE_LOOP('',(#12263,#12264,#12265));
#12263 = ORIENTED_EDGE('',*,*,#11912,.T.);
#12264 = ORIENTED_EDGE('',*,*,#11866,.T.);
#12265 = ORIENTED_EDGE('',*,*,#11499,.T.);
#12266 = FACE_BOUND('',#12267,.T.);
#12267 = EDGE_LOOP('',(#12268));
#12268 = ORIENTED_EDGE('',*,*,#10622,.F.);
#12269 = ADVANCED_FACE('',(#12270,#12275),#10694,.T.);
#12270 = FACE_BOUND('',#12271,.T.);
#12271 = EDGE_LOOP('',(#12272,#12273,#12274));
#12272 = ORIENTED_EDGE('',*,*,#11816,.T.);
#12273 = ORIENTED_EDGE('',*,*,#11770,.T.);
#12274 = ORIENTED_EDGE('',*,*,#10878,.T.);
#12275 = FACE_BOUND('',#12276,.T.);
#12276 = EDGE_LOOP('',(#12277));
#12277 = ORIENTED_EDGE('',*,*,#10677,.F.);
#12278 = ADVANCED_FACE('',(#12279,#12319,#12433,#12539),#10772,.F.);
#12279 = FACE_BOUND('',#12280,.F.);
#12280 = EDGE_LOOP('',(#12281,#12282,#12283,#12284,#12285,#12286,#12287,
    #12306,#12307,#12308,#12309,#12310,#12311,#12312,#12313,#12314,
    #12315,#12316,#12317,#12318));
#12281 = ORIENTED_EDGE('',*,*,#10756,.F.);
#12282 = ORIENTED_EDGE('',*,*,#10977,.T.);
#12283 = ORIENTED_EDGE('',*,*,#11985,.F.);
#12284 = ORIENTED_EDGE('',*,*,#11071,.T.);
#12285 = ORIENTED_EDGE('',*,*,#11170,.T.);
#12286 = ORIENTED_EDGE('',*,*,#12210,.T.);
#12287 = ORIENTED_EDGE('',*,*,#12288,.F.);
#12288 = EDGE_CURVE('',#12135,#12211,#12289,.T.);
#12289 = SURFACE_CURVE('',#12290,(#12294,#12300),.PCURVE_S1.);
#12290 = LINE('',#12291,#12292);
#12291 = CARTESIAN_POINT('',(-1.,-34.25,8.3));
#12292 = VECTOR('',#12293,1.);
#12293 = DIRECTION('',(-1.,-0.,0.));
#12294 = PCURVE('',#10772,#12295);
#12295 = DEFINITIONAL_REPRESENTATION('',(#12296),#12299);
#12296 = B_SPLINE_CURVE_WITH_KNOTS('',1,(#12297,#12298),.UNSPECIFIED.,
  .F.,.F.,(2,2),(-9.,1.),.PIECEWISE_BEZIER_KNOTS.);
#12297 = CARTESIAN_POINT('',(8.,-34.25));
#12298 = CARTESIAN_POINT('',(-2.,-34.25));
#12299 = ( GEOMETRIC_REPRESENTATION_CONTEXT(2) 
PARAMETRIC_REPRESENTATION_CONTEXT() REPRESENTATION_CONTEXT('2D SPACE',''
  ) );
#12300 = PCURVE('',#12095,#12301);
#12301 = DEFINITIONAL_REPRESENTATION('',(#12302),#12305);
#12302 = B_SPLINE_CURVE_WITH_KNOTS('',1,(#12303,#12304),.UNSPECIFIED.,
  .F.,.F.,(2,2),(-9.,1.),.PIECEWISE_BEZIER_KNOTS.);
#12303 = CARTESIAN_POINT('',(3.2,10.));
#12304 = CARTESIAN_POINT('',(3.2,0.));
#12305 = ( GEOMETRIC_REPRESENTATION_CONTEXT(2) 
PARAMETRIC_REPRESENTATION_CONTEXT() REPRESENTATION_CONTEXT('2D SPACE',''
  ) );
#12306 = ORIENTED_EDGE('',*,*,#12134,.F.);
#12307 = ORIENTED_EDGE('',*,*,#11256,.T.);
#12308 = ORIENTED_EDGE('',*,*,#11454,.T.);
#12309 = ORIENTED_EDGE('',*,*,#11889,.F.);
#12310 = ORIENTED_EDGE('',*,*,#11548,.T.);
#12311 = ORIENTED_EDGE('',*,*,#11575,.T.);
#12312 = ORIENTED_EDGE('',*,*,#11305,.T.);
#12313 = ORIENTED_EDGE('',*,*,#11697,.F.);
#12314 = ORIENTED_EDGE('',*,*,#11404,.T.);
#12315 = ORIENTED_EDGE('',*,*,#11098,.F.);
#12316 = ORIENTED_EDGE('',*,*,#10833,.T.);
#12317 = ORIENTED_EDGE('',*,*,#11793,.F.);
#12318 = ORIENTED_EDGE('',*,*,#10927,.T.);
#12319 = FACE_BOUND('',#12320,.F.);
#12320 = EDGE_LOOP('',(#12321,#12351,#12379,#12407));
#12321 = ORIENTED_EDGE('',*,*,#12322,.T.);
#12322 = EDGE_CURVE('',#12323,#12325,#12327,.T.);
#12323 = VERTEX_POINT('',#12324);
#12324 = CARTESIAN_POINT('',(-23.15,-21.,8.3));
#12325 = VERTEX_POINT('',#12326);
#12326 = CARTESIAN_POINT('',(-23.15,-19.,8.3));
#12327 = SURFACE_CURVE('',#12328,(#12332,#12339),.PCURVE_S1.);
#12328 = LINE('',#12329,#12330);
#12329 = CARTESIAN_POINT('',(-23.15,-21.,8.3));
#12330 = VECTOR('',#12331,1.);
#12331 = DIRECTION('',(-0.,1.,0.));
#12332 = PCURVE('',#10772,#12333);
#12333 = DEFINITIONAL_REPRESENTATION('',(#12334),#12338);
#12334 = LINE('',#12335,#12336);
#12335 = CARTESIAN_POINT('',(-23.15,-21.));
#12336 = VECTOR('',#12337,1.);
#12337 = DIRECTION('',(0.,1.));
#12338 = ( GEOMETRIC_REPRESENTATION_CONTEXT(2) 
PARAMETRIC_REPRESENTATION_CONTEXT() REPRESENTATION_CONTEXT('2D SPACE',''
  ) );
#12339 = PCURVE('',#12340,#12345);
#12340 = PLANE('',#12341);
#12341 = AXIS2_PLACEMENT_3D('',#12342,#12343,#12344);
#12342 = CARTESIAN_POINT('',(-23.15,-21.,4.85));
#12343 = DIRECTION('',(1.,0.,-0.));
#12344 = DIRECTION('',(0.,0.,1.));
#12345 = DEFINITIONAL_REPRESENTATION('',(#12346),#12350);
#12346 = LINE('',#12347,#12348);
#12347 = CARTESIAN_POINT('',(3.45,0.));
#12348 = VECTOR('',#12349,1.);
#12349 = DIRECTION('',(0.,-1.));
#12350 = ( GEOMETRIC_REPRESENTATION_CONTEXT(2) 
PARAMETRIC_REPRESENTATION_CONTEXT() REPRESENTATION_CONTEXT('2D SPACE',''
  ) );
#12351 = ORIENTED_EDGE('',*,*,#12352,.T.);
#12352 = EDGE_CURVE('',#12325,#12353,#12355,.T.);
#12353 = VERTEX_POINT('',#12354);
#12354 = CARTESIAN_POINT('',(23.15,-19.,8.3));
#12355 = SURFACE_CURVE('',#12356,(#12360,#12367),.PCURVE_S1.);
#12356 = LINE('',#12357,#12358);
#12357 = CARTESIAN_POINT('',(-23.15,-19.,8.3));
#12358 = VECTOR('',#12359,1.);
#12359 = DIRECTION('',(1.,0.,-0.));
#12360 = PCURVE('',#10772,#12361);
#12361 = DEFINITIONAL_REPRESENTATION('',(#12362),#12366);
#12362 = LINE('',#12363,#12364);
#12363 = CARTESIAN_POINT('',(-23.15,-19.));
#12364 = VECTOR('',#12365,1.);
#12365 = DIRECTION('',(1.,0.));
#12366 = ( GEOMETRIC_REPRESENTATION_CONTEXT(2) 
PARAMETRIC_REPRESENTATION_CONTEXT() REPRESENTATION_CONTEXT('2D SPACE',''
  ) );
#12367 = PCURVE('',#12368,#12373);
#12368 = PLANE('',#12369);
#12369 = AXIS2_PLACEMENT_3D('',#12370,#12371,#12372);
#12370 = CARTESIAN_POINT('',(-23.15,-19.,4.85));
#12371 = DIRECTION('',(-0.,1.,0.));
#12372 = DIRECTION('',(0.,0.,1.));
#12373 = DEFINITIONAL_REPRESENTATION('',(#12374),#12378);
#12374 = LINE('',#12375,#12376);
#12375 = CARTESIAN_POINT('',(3.45,0.));
#12376 = VECTOR('',#12377,1.);
#12377 = DIRECTION('',(0.,1.));
#12378 = ( GEOMETRIC_REPRESENTATION_CONTEXT(2) 
PARAMETRIC_REPRESENTATION_CONTEXT() REPRESENTATION_CONTEXT('2D SPACE',''
  ) );
#12379 = ORIENTED_EDGE('',*,*,#12380,.F.);
#12380 = EDGE_CURVE('',#12381,#12353,#12383,.T.);
#12381 = VERTEX_POINT('',#12382);
#12382 = CARTESIAN_POINT('',(23.15,-21.,8.3));
#12383 = SURFACE_CURVE('',#12384,(#12388,#12395),.PCURVE_S1.);
#12384 = LINE('',#12385,#12386);
#12385 = CARTESIAN_POINT('',(23.15,-21.,8.3));
#12386 = VECTOR('',#12387,1.);
#12387 = DIRECTION('',(-0.,1.,0.));
#12388 = PCURVE('',#10772,#12389);
#12389 = DEFINITIONAL_REPRESENTATION('',(#12390),#12394);
#12390 = LINE('',#12391,#12392);
#12391 = CARTESIAN_POINT('',(23.15,-21.));
#12392 = VECTOR('',#12393,1.);
#12393 = DIRECTION('',(0.,1.));
#12394 = ( GEOMETRIC_REPRESENTATION_CONTEXT(2) 
PARAMETRIC_REPRESENTATION_CONTEXT() REPRESENTATION_CONTEXT('2D SPACE',''
  ) );
#12395 = PCURVE('',#12396,#12401);
#12396 = PLANE('',#12397);
#12397 = AXIS2_PLACEMENT_3D('',#12398,#12399,#12400);
#12398 = CARTESIAN_POINT('',(23.15,-21.,4.85));
#12399 = DIRECTION('',(1.,0.,-0.));
#12400 = DIRECTION('',(0.,0.,1.));
#12401 = DEFINITIONAL_REPRESENTATION('',(#12402),#12406);
#12402 = LINE('',#12403,#12404);
#12403 = CARTESIAN_POINT('',(3.45,0.));
#12404 = VECTOR('',#12405,1.);
#12405 = DIRECTION('',(0.,-1.));
#12406 = ( GEOMETRIC_REPRESENTATION_CONTEXT(2) 
PARAMETRIC_REPRESENTATION_CONTEXT() REPRESENTATION_CONTEXT('2D SPACE',''
  ) );
#12407 = ORIENTED_EDGE('',*,*,#12408,.F.);
#12408 = EDGE_CURVE('',#12323,#12381,#12409,.T.);
#12409 = SURFACE_CURVE('',#12410,(#12414,#12421),.PCURVE_S1.);
#12410 = LINE('',#12411,#12412);
#12411 = CARTESIAN_POINT('',(-23.15,-21.,8.3));
#12412 = VECTOR('',#12413,1.);
#12413 = DIRECTION('',(1.,0.,-0.));
#12414 = PCURVE('',#10772,#12415);
#12415 = DEFINITIONAL_REPRESENTATION('',(#12416),#12420);
#12416 = LINE('',#12417,#12418);
#12417 = CARTESIAN_POINT('',(-23.15,-21.));
#12418 = VECTOR('',#12419,1.);
#12419 = DIRECTION('',(1.,0.));
#12420 = ( GEOMETRIC_REPRESENTATION_CONTEXT(2) 
PARAMETRIC_REPRESENTATION_CONTEXT() REPRESENTATION_CONTEXT('2D SPACE',''
  ) );
#12421 = PCURVE('',#12422,#12427);
#12422 = PLANE('',#12423);
#12423 = AXIS2_PLACEMENT_3D('',#12424,#12425,#12426);
#12424 = CARTESIAN_POINT('',(-23.15,-21.,4.85));
#12425 = DIRECTION('',(-0.,1.,0.));
#12426 = DIRECTION('',(0.,0.,1.));
#12427 = DEFINITIONAL_REPRESENTATION('',(#12428),#12432);
#12428 = LINE('',#12429,#12430);
#12429 = CARTESIAN_POINT('',(3.45,0.));
#12430 = VECTOR('',#12431,1.);
#12431 = DIRECTION('',(0.,1.));
#12432 = ( GEOMETRIC_REPRESENTATION_CONTEXT(2) 
PARAMETRIC_REPRESENTATION_CONTEXT() REPRESENTATION_CONTEXT('2D SPACE',''
  ) );
#12433 = FACE_BOUND('',#12434,.F.);
#12434 = EDGE_LOOP('',(#12435,#12463,#12489,#12515));
#12435 = ORIENTED_EDGE('',*,*,#12436,.T.);
#12436 = EDGE_CURVE('',#12437,#12439,#12441,.T.);
#12437 = VERTEX_POINT('',#12438);
#12438 = CARTESIAN_POINT('',(12.9,-12.4,8.3));
#12439 = VERTEX_POINT('',#12440);
#12440 = CARTESIAN_POINT('',(-12.9,-12.4,8.3));
#12441 = SURFACE_CURVE('',#12442,(#12446,#12452),.PCURVE_S1.);
#12442 = LINE('',#12443,#12444);
#12443 = CARTESIAN_POINT('',(-6.45,-12.4,8.3));
#12444 = VECTOR('',#12445,1.);
#12445 = DIRECTION('',(-1.,-0.,0.));
#12446 = PCURVE('',#10772,#12447);
#12447 = DEFINITIONAL_REPRESENTATION('',(#12448),#12451);
#12448 = B_SPLINE_CURVE_WITH_KNOTS('',1,(#12449,#12450),.UNSPECIFIED.,
  .F.,.F.,(2,2),(-19.35,6.45),.PIECEWISE_BEZIER_KNOTS.);
#12449 = CARTESIAN_POINT('',(12.9,-12.4));
#12450 = CARTESIAN_POINT('',(-12.9,-12.4));
#12451 = ( GEOMETRIC_REPRESENTATION_CONTEXT(2) 
PARAMETRIC_REPRESENTATION_CONTEXT() REPRESENTATION_CONTEXT('2D SPACE',''
  ) );
#12452 = PCURVE('',#12453,#12458);
#12453 = PLANE('',#12454);
#12454 = AXIS2_PLACEMENT_3D('',#12455,#12456,#12457);
#12455 = CARTESIAN_POINT('',(-12.9,-12.4,4.8));
#12456 = DIRECTION('',(-0.,1.,0.));
#12457 = DIRECTION('',(0.,0.,1.));
#12458 = DEFINITIONAL_REPRESENTATION('',(#12459),#12462);
#12459 = B_SPLINE_CURVE_WITH_KNOTS('',1,(#12460,#12461),.UNSPECIFIED.,
  .F.,.F.,(2,2),(-19.35,6.45),.PIECEWISE_BEZIER_KNOTS.);
#12460 = CARTESIAN_POINT('',(3.5,25.8));
#12461 = CARTESIAN_POINT('',(3.5,0.));
#12462 = ( GEOMETRIC_REPRESENTATION_CONTEXT(2) 
PARAMETRIC_REPRESENTATION_CONTEXT() REPRESENTATION_CONTEXT('2D SPACE',''
  ) );
#12463 = ORIENTED_EDGE('',*,*,#12464,.T.);
#12464 = EDGE_CURVE('',#12439,#12465,#12467,.T.);
#12465 = VERTEX_POINT('',#12466);
#12466 = CARTESIAN_POINT('',(-12.9,23.4,8.3));
#12467 = SURFACE_CURVE('',#12468,(#12472,#12478),.PCURVE_S1.);
#12468 = LINE('',#12469,#12470);
#12469 = CARTESIAN_POINT('',(-12.9,-6.2,8.3));
#12470 = VECTOR('',#12471,1.);
#12471 = DIRECTION('',(-0.,1.,0.));
#12472 = PCURVE('',#10772,#12473);
#12473 = DEFINITIONAL_REPRESENTATION('',(#12474),#12477);
#12474 = B_SPLINE_CURVE_WITH_KNOTS('',1,(#12475,#12476),.UNSPECIFIED.,
  .F.,.F.,(2,2),(-6.2,29.6),.PIECEWISE_BEZIER_KNOTS.);
#12475 = CARTESIAN_POINT('',(-12.9,-12.4));
#12476 = CARTESIAN_POINT('',(-12.9,23.4));
#12477 = ( GEOMETRIC_REPRESENTATION_CONTEXT(2) 
PARAMETRIC_REPRESENTATION_CONTEXT() REPRESENTATION_CONTEXT('2D SPACE',''
  ) );
#12478 = PCURVE('',#12479,#12484);
#12479 = PLANE('',#12480);
#12480 = AXIS2_PLACEMENT_3D('',#12481,#12482,#12483);
#12481 = CARTESIAN_POINT('',(-12.9,-12.4,4.8));
#12482 = DIRECTION('',(1.,0.,-0.));
#12483 = DIRECTION('',(0.,0.,1.));
#12484 = DEFINITIONAL_REPRESENTATION('',(#12485),#12488);
#12485 = B_SPLINE_CURVE_WITH_KNOTS('',1,(#12486,#12487),.UNSPECIFIED.,
  .F.,.F.,(2,2),(-6.2,29.6),.PIECEWISE_BEZIER_KNOTS.);
#12486 = CARTESIAN_POINT('',(3.5,0.));
#12487 = CARTESIAN_POINT('',(3.5,-35.8));
#12488 = ( GEOMETRIC_REPRESENTATION_CONTEXT(2) 
PARAMETRIC_REPRESENTATION_CONTEXT() REPRESENTATION_CONTEXT('2D SPACE',''
  ) );
#12489 = ORIENTED_EDGE('',*,*,#12490,.F.);
#12490 = EDGE_CURVE('',#12491,#12465,#12493,.T.);
#12491 = VERTEX_POINT('',#12492);
#12492 = CARTESIAN_POINT('',(12.9,23.4,8.3));
#12493 = SURFACE_CURVE('',#12494,(#12498,#12504),.PCURVE_S1.);
#12494 = LINE('',#12495,#12496);
#12495 = CARTESIAN_POINT('',(-6.45,23.4,8.3));
#12496 = VECTOR('',#12497,1.);
#12497 = DIRECTION('',(-1.,-0.,0.));
#12498 = PCURVE('',#10772,#12499);
#12499 = DEFINITIONAL_REPRESENTATION('',(#12500),#12503);
#12500 = B_SPLINE_CURVE_WITH_KNOTS('',1,(#12501,#12502),.UNSPECIFIED.,
  .F.,.F.,(2,2),(-19.35,6.45),.PIECEWISE_BEZIER_KNOTS.);
#12501 = CARTESIAN_POINT('',(12.9,23.4));
#12502 = CARTESIAN_POINT('',(-12.9,23.4));
#12503 = ( GEOMETRIC_REPRESENTATION_CONTEXT(2) 
PARAMETRIC_REPRESENTATION_CONTEXT() REPRESENTATION_CONTEXT('2D SPACE',''
  ) );
#12504 = PCURVE('',#12505,#12510);
#12505 = PLANE('',#12506);
#12506 = AXIS2_PLACEMENT_3D('',#12507,#12508,#12509);
#12507 = CARTESIAN_POINT('',(-12.9,23.4,4.8));
#12508 = DIRECTION('',(-0.,1.,0.));
#12509 = DIRECTION('',(0.,0.,1.));
#12510 = DEFINITIONAL_REPRESENTATION('',(#12511),#12514);
#12511 = B_SPLINE_CURVE_WITH_KNOTS('',1,(#12512,#12513),.UNSPECIFIED.,
  .F.,.F.,(2,2),(-19.35,6.45),.PIECEWISE_BEZIER_KNOTS.);
#12512 = CARTESIAN_POINT('',(3.5,25.8));
#12513 = CARTESIAN_POINT('',(3.5,0.));
#12514 = ( GEOMETRIC_REPRESENTATION_CONTEXT(2) 
PARAMETRIC_REPRESENTATION_CONTEXT() REPRESENTATION_CONTEXT('2D SPACE',''
  ) );
#12515 = ORIENTED_EDGE('',*,*,#12516,.F.);
#12516 = EDGE_CURVE('',#12437,#12491,#12517,.T.);
#12517 = SURFACE_CURVE('',#12518,(#12522,#12528),.PCURVE_S1.);
#12518 = LINE('',#12519,#12520);
#12519 = CARTESIAN_POINT('',(12.9,-6.2,8.3));
#12520 = VECTOR('',#12521,1.);
#12521 = DIRECTION('',(-0.,1.,0.));
#12522 = PCURVE('',#10772,#12523);
#12523 = DEFINITIONAL_REPRESENTATION('',(#12524),#12527);
#12524 = B_SPLINE_CURVE_WITH_KNOTS('',1,(#12525,#12526),.UNSPECIFIED.,
  .F.,.F.,(2,2),(-6.2,29.6),.PIECEWISE_BEZIER_KNOTS.);
#12525 = CARTESIAN_POINT('',(12.9,-12.4));
#12526 = CARTESIAN_POINT('',(12.9,23.4));
#12527 = ( GEOMETRIC_REPRESENTATION_CONTEXT(2) 
PARAMETRIC_REPRESENTATION_CONTEXT() REPRESENTATION_CONTEXT('2D SPACE',''
  ) );
#12528 = PCURVE('',#12529,#12534);
#12529 = PLANE('',#12530);
#12530 = AXIS2_PLACEMENT_3D('',#12531,#12532,#12533);
#12531 = CARTESIAN_POINT('',(12.9,-12.4,4.8));
#12532 = DIRECTION('',(1.,0.,-0.));
#12533 = DIRECTION('',(0.,0.,1.));
#12534 = DEFINITIONAL_REPRESENTATION('',(#12535),#12538);
#12535 = B_SPLINE_CURVE_WITH_KNOTS('',1,(#12536,#12537),.UNSPECIFIED.,
  .F.,.F.,(2,2),(-6.2,29.6),.PIECEWISE_BEZIER_KNOTS.);
#12536 = CARTESIAN_POINT('',(3.5,0.));
#12537 = CARTESIAN_POINT('',(3.5,-35.8));
#12538 = ( GEOMETRIC_REPRESENTATION_CONTEXT(2) 
PARAMETRIC_REPRESENTATION_CONTEXT() REPRESENTATION_CONTEXT('2D SPACE',''
  ) );
#12539 = FACE_BOUND('',#12540,.F.);
#12540 = EDGE_LOOP('',(#12541,#12571,#12599,#12627));
#12541 = ORIENTED_EDGE('',*,*,#12542,.T.);
#12542 = EDGE_CURVE('',#12543,#12545,#12547,.T.);
#12543 = VERTEX_POINT('',#12544);
#12544 = CARTESIAN_POINT('',(-23.15,29.,8.3));
#12545 = VERTEX_POINT('',#12546);
#12546 = CARTESIAN_POINT('',(-23.15,31.,8.3));
#12547 = SURFACE_CURVE('',#12548,(#12552,#12559),.PCURVE_S1.);
#12548 = LINE('',#12549,#12550);
#12549 = CARTESIAN_POINT('',(-23.15,29.,8.3));
#12550 = VECTOR('',#12551,1.);
#12551 = DIRECTION('',(-0.,1.,0.));
#12552 = PCURVE('',#10772,#12553);
#12553 = DEFINITIONAL_REPRESENTATION('',(#12554),#12558);
#12554 = LINE('',#12555,#12556);
#12555 = CARTESIAN_POINT('',(-23.15,29.));
#12556 = VECTOR('',#12557,1.);
#12557 = DIRECTION('',(0.,1.));
#12558 = ( GEOMETRIC_REPRESENTATION_CONTEXT(2) 
PARAMETRIC_REPRESENTATION_CONTEXT() REPRESENTATION_CONTEXT('2D SPACE',''
  ) );
#12559 = PCURVE('',#12560,#12565);
#12560 = PLANE('',#12561);
#12561 = AXIS2_PLACEMENT_3D('',#12562,#12563,#12564);
#12562 = CARTESIAN_POINT('',(-23.15,29.,4.85));
#12563 = DIRECTION('',(1.,0.,-0.));
#12564 = DIRECTION('',(0.,0.,1.));
#12565 = DEFINITIONAL_REPRESENTATION('',(#12566),#12570);
#12566 = LINE('',#12567,#12568);
#12567 = CARTESIAN_POINT('',(3.45,0.));
#12568 = VECTOR('',#12569,1.);
#12569 = DIRECTION('',(0.,-1.));
#12570 = ( GEOMETRIC_REPRESENTATION_CONTEXT(2) 
PARAMETRIC_REPRESENTATION_CONTEXT() REPRESENTATION_CONTEXT('2D SPACE',''
  ) );
#12571 = ORIENTED_EDGE('',*,*,#12572,.T.);
#12572 = EDGE_CURVE('',#12545,#12573,#12575,.T.);
#12573 = VERTEX_POINT('',#12574);
#12574 = CARTESIAN_POINT('',(23.15,31.,8.3));
#12575 = SURFACE_CURVE('',#12576,(#12580,#12587),.PCURVE_S1.);
#12576 = LINE('',#12577,#12578);
#12577 = CARTESIAN_POINT('',(-23.15,31.,8.3));
#12578 = VECTOR('',#12579,1.);
#12579 = DIRECTION('',(1.,0.,-0.));
#12580 = PCURVE('',#10772,#12581);
#12581 = DEFINITIONAL_REPRESENTATION('',(#12582),#12586);
#12582 = LINE('',#12583,#12584);
#12583 = CARTESIAN_POINT('',(-23.15,31.));
#12584 = VECTOR('',#12585,1.);
#12585 = DIRECTION('',(1.,0.));
#12586 = ( GEOMETRIC_REPRESENTATION_CONTEXT(2) 
PARAMETRIC_REPRESENTATION_CONTEXT() REPRESENTATION_CONTEXT('2D SPACE',''
  ) );
#12587 = PCURVE('',#12588,#12593);
#12588 = PLANE('',#12589);
#12589 = AXIS2_PLACEMENT_3D('',#12590,#12591,#12592);
#12590 = CARTESIAN_POINT('',(-23.15,31.,4.85));
#12591 = DIRECTION('',(-0.,1.,0.));
#12592 = DIRECTION('',(0.,0.,1.));
#12593 = DEFINITIONAL_REPRESENTATION('',(#12594),#12598);
#12594 = LINE('',#12595,#12596);
#12595 = CARTESIAN_POINT('',(3.45,0.));
#12596 = VECTOR('',#12597,1.);
#12597 = DIRECTION('',(0.,1.));
#12598 = ( GEOMETRIC_REPRESENTATION_CONTEXT(2) 
PARAMETRIC_REPRESENTATION_CONTEXT() REPRESENTATION_CONTEXT('2D SPACE',''
  ) );
#12599 = ORIENTED_EDGE('',*,*,#12600,.F.);
#12600 = EDGE_CURVE('',#12601,#12573,#12603,.T.);
#12601 = VERTEX_POINT('',#12602);
#12602 = CARTESIAN_POINT('',(23.15,29.,8.3));
#12603 = SURFACE_CURVE('',#12604,(#12608,#12615),.PCURVE_S1.);
#12604 = LINE('',#12605,#12606);
#12605 = CARTESIAN_POINT('',(23.15,29.,8.3));
#12606 = VECTOR('',#12607,1.);
#12607 = DIRECTION('',(-0.,1.,0.));
#12608 = PCURVE('',#10772,#12609);
#12609 = DEFINITIONAL_REPRESENTATION('',(#12610),#12614);
#12610 = LINE('',#12611,#12612);
#12611 = CARTESIAN_POINT('',(23.15,29.));
#12612 = VECTOR('',#12613,1.);
#12613 = DIRECTION('',(0.,1.));
#12614 = ( GEOMETRIC_REPRESENTATION_CONTEXT(2) 
PARAMETRIC_REPRESENTATION_CONTEXT() REPRESENTATION_CONTEXT('2D SPACE',''
  ) );
#12615 = PCURVE('',#12616,#12621);
#12616 = PLANE('',#12617);
#12617 = AXIS2_PLACEMENT_3D('',#12618,#12619,#12620);
#12618 = CARTESIAN_POINT('',(23.15,29.,4.85));
#12619 = DIRECTION('',(1.,0.,-0.));
#12620 = DIRECTION('',(0.,0.,1.));
#12621 = DEFINITIONAL_REPRESENTATION('',(#12622),#12626);
#12622 = LINE('',#12623,#12624);
#12623 = CARTESIAN_POINT('',(3.45,0.));
#12624 = VECTOR('',#12625,1.);
#12625 = DIRECTION('',(0.,-1.));
#12626 = ( GEOMETRIC_REPRESENTATION_CONTEXT(2) 
PARAMETRIC_REPRESENTATION_CONTEXT() REPRESENTATION_CONTEXT('2D SPACE',''
  ) );
#12627 = ORIENTED_EDGE('',*,*,#12628,.F.);
#12628 = EDGE_CURVE('',#12543,#12601,#12629,.T.);
#12629 = SURFACE_CURVE('',#12630,(#12634,#12641),.PCURVE_S1.);
#12630 = LINE('',#12631,#12632);
#12631 = CARTESIAN_POINT('',(-23.15,29.,8.3));
#12632 = VECTOR('',#12633,1.);
#12633 = DIRECTION('',(1.,0.,-0.));
#12634 = PCURVE('',#10772,#12635);
#12635 = DEFINITIONAL_REPRESENTATION('',(#12636),#12640);
#12636 = LINE('',#12637,#12638);
#12637 = CARTESIAN_POINT('',(-23.15,29.));
#12638 = VECTOR('',#12639,1.);
#12639 = DIRECTION('',(1.,0.));
#12640 = ( GEOMETRIC_REPRESENTATION_CONTEXT(2) 
PARAMETRIC_REPRESENTATION_CONTEXT() REPRESENTATION_CONTEXT('2D SPACE',''
  ) );
#12641 = PCURVE('',#12642,#12647);
#12642 = PLANE('',#12643);
#12643 = AXIS2_PLACEMENT_3D('',#12644,#12645,#12646);
#12644 = CARTESIAN_POINT('',(-23.15,29.,4.85));
#12645 = DIRECTION('',(-0.,1.,0.));
#12646 = DIRECTION('',(0.,0.,1.));
#12647 = DEFINITIONAL_REPRESENTATION('',(#12648),#12652);
#12648 = LINE('',#12649,#12650);
#12649 = CARTESIAN_POINT('',(3.45,0.));
#12650 = VECTOR('',#12651,1.);
#12651 = DIRECTION('',(0.,1.));
#12652 = ( GEOMETRIC_REPRESENTATION_CONTEXT(2) 
PARAMETRIC_REPRESENTATION_CONTEXT() REPRESENTATION_CONTEXT('2D SPACE',''
  ) );
#12653 = ADVANCED_FACE('',(#12654,#12659),#11367,.T.);
#12654 = FACE_BOUND('',#12655,.T.);
#12655 = EDGE_LOOP('',(#12656,#12657,#12658));
#12656 = ORIENTED_EDGE('',*,*,#11720,.T.);
#12657 = ORIENTED_EDGE('',*,*,#11674,.T.);
#12658 = ORIENTED_EDGE('',*,*,#11350,.T.);
#12659 = FACE_BOUND('',#12660,.T.);
#12660 = EDGE_LOOP('',(#12661));
#12661 = ORIENTED_EDGE('',*,*,#11600,.F.);
#12662 = ADVANCED_FACE('',(#12663),#12095,.F.);
#12663 = FACE_BOUND('',#12664,.F.);
#12664 = EDGE_LOOP('',(#12665,#12666,#12667,#12668));
#12665 = ORIENTED_EDGE('',*,*,#12155,.F.);
#12666 = ORIENTED_EDGE('',*,*,#12288,.T.);
#12667 = ORIENTED_EDGE('',*,*,#12231,.T.);
#12668 = ORIENTED_EDGE('',*,*,#12081,.T.);
#12669 = ADVANCED_FACE('',(#12670),#12340,.F.);
#12670 = FACE_BOUND('',#12671,.F.);
#12671 = EDGE_LOOP('',(#12672,#12695,#12723,#12744));
#12672 = ORIENTED_EDGE('',*,*,#12673,.F.);
#12673 = EDGE_CURVE('',#12674,#12323,#12676,.T.);
#12674 = VERTEX_POINT('',#12675);
#12675 = CARTESIAN_POINT('',(-23.15,-21.,4.85));
#12676 = SURFACE_CURVE('',#12677,(#12681,#12688),.PCURVE_S1.);
#12677 = LINE('',#12678,#12679);
#12678 = CARTESIAN_POINT('',(-23.15,-21.,4.85));
#12679 = VECTOR('',#12680,1.);
#12680 = DIRECTION('',(0.,0.,1.));
#12681 = PCURVE('',#12340,#12682);
#12682 = DEFINITIONAL_REPRESENTATION('',(#12683),#12687);
#12683 = LINE('',#12684,#12685);
#12684 = CARTESIAN_POINT('',(0.,0.));
#12685 = VECTOR('',#12686,1.);
#12686 = DIRECTION('',(1.,0.));
#12687 = ( GEOMETRIC_REPRESENTATION_CONTEXT(2) 
PARAMETRIC_REPRESENTATION_CONTEXT() REPRESENTATION_CONTEXT('2D SPACE',''
  ) );
#12688 = PCURVE('',#12422,#12689);
#12689 = DEFINITIONAL_REPRESENTATION('',(#12690),#12694);
#12690 = LINE('',#12691,#12692);
#12691 = CARTESIAN_POINT('',(0.,0.));
#12692 = VECTOR('',#12693,1.);
#12693 = DIRECTION('',(1.,0.));
#12694 = ( GEOMETRIC_REPRESENTATION_CONTEXT(2) 
PARAMETRIC_REPRESENTATION_CONTEXT() REPRESENTATION_CONTEXT('2D SPACE',''
  ) );
#12695 = ORIENTED_EDGE('',*,*,#12696,.T.);
#12696 = EDGE_CURVE('',#12674,#12697,#12699,.T.);
#12697 = VERTEX_POINT('',#12698);
#12698 = CARTESIAN_POINT('',(-23.15,-19.,4.85));
#12699 = SURFACE_CURVE('',#12700,(#12704,#12711),.PCURVE_S1.);
#12700 = LINE('',#12701,#12702);
#12701 = CARTESIAN_POINT('',(-23.15,-21.,4.85));
#12702 = VECTOR('',#12703,1.);
#12703 = DIRECTION('',(-0.,1.,0.));
#12704 = PCURVE('',#12340,#12705);
#12705 = DEFINITIONAL_REPRESENTATION('',(#12706),#12710);
#12706 = LINE('',#12707,#12708);
#12707 = CARTESIAN_POINT('',(0.,0.));
#12708 = VECTOR('',#12709,1.);
#12709 = DIRECTION('',(0.,-1.));
#12710 = ( GEOMETRIC_REPRESENTATION_CONTEXT(2) 
PARAMETRIC_REPRESENTATION_CONTEXT() REPRESENTATION_CONTEXT('2D SPACE',''
  ) );
#12711 = PCURVE('',#12712,#12717);
#12712 = PLANE('',#12713);
#12713 = AXIS2_PLACEMENT_3D('',#12714,#12715,#12716);
#12714 = CARTESIAN_POINT('',(-23.15,-21.,4.85));
#12715 = DIRECTION('',(0.,0.,1.));
#12716 = DIRECTION('',(1.,0.,-0.));
#12717 = DEFINITIONAL_REPRESENTATION('',(#12718),#12722);
#12718 = LINE('',#12719,#12720);
#12719 = CARTESIAN_POINT('',(0.,0.));
#12720 = VECTOR('',#12721,1.);
#12721 = DIRECTION('',(0.,1.));
#12722 = ( GEOMETRIC_REPRESENTATION_CONTEXT(2) 
PARAMETRIC_REPRESENTATION_CONTEXT() REPRESENTATION_CONTEXT('2D SPACE',''
  ) );
#12723 = ORIENTED_EDGE('',*,*,#12724,.T.);
#12724 = EDGE_CURVE('',#12697,#12325,#12725,.T.);
#12725 = SURFACE_CURVE('',#12726,(#12730,#12737),.PCURVE_S1.);
#12726 = LINE('',#12727,#12728);
#12727 = CARTESIAN_POINT('',(-23.15,-19.,4.85));
#12728 = VECTOR('',#12729,1.);
#12729 = DIRECTION('',(0.,0.,1.));
#12730 = PCURVE('',#12340,#12731);
#12731 = DEFINITIONAL_REPRESENTATION('',(#12732),#12736);
#12732 = LINE('',#12733,#12734);
#12733 = CARTESIAN_POINT('',(0.,-2.));
#12734 = VECTOR('',#12735,1.);
#12735 = DIRECTION('',(1.,0.));
#12736 = ( GEOMETRIC_REPRESENTATION_CONTEXT(2) 
PARAMETRIC_REPRESENTATION_CONTEXT() REPRESENTATION_CONTEXT('2D SPACE',''
  ) );
#12737 = PCURVE('',#12368,#12738);
#12738 = DEFINITIONAL_REPRESENTATION('',(#12739),#12743);
#12739 = LINE('',#12740,#12741);
#12740 = CARTESIAN_POINT('',(0.,0.));
#12741 = VECTOR('',#12742,1.);
#12742 = DIRECTION('',(1.,0.));
#12743 = ( GEOMETRIC_REPRESENTATION_CONTEXT(2) 
PARAMETRIC_REPRESENTATION_CONTEXT() REPRESENTATION_CONTEXT('2D SPACE',''
  ) );
#12744 = ORIENTED_EDGE('',*,*,#12322,.F.);
#12745 = ADVANCED_FACE('',(#12746),#12368,.T.);
#12746 = FACE_BOUND('',#12747,.T.);
#12747 = EDGE_LOOP('',(#12748,#12771,#12772,#12773));
#12748 = ORIENTED_EDGE('',*,*,#12749,.F.);
#12749 = EDGE_CURVE('',#12697,#12750,#12752,.T.);
#12750 = VERTEX_POINT('',#12751);
#12751 = CARTESIAN_POINT('',(23.15,-19.,4.85));
#12752 = SURFACE_CURVE('',#12753,(#12757,#12764),.PCURVE_S1.);
#12753 = LINE('',#12754,#12755);
#12754 = CARTESIAN_POINT('',(-23.15,-19.,4.85));
#12755 = VECTOR('',#12756,1.);
#12756 = DIRECTION('',(1.,0.,-0.));
#12757 = PCURVE('',#12368,#12758);
#12758 = DEFINITIONAL_REPRESENTATION('',(#12759),#12763);
#12759 = LINE('',#12760,#12761);
#12760 = CARTESIAN_POINT('',(0.,0.));
#12761 = VECTOR('',#12762,1.);
#12762 = DIRECTION('',(0.,1.));
#12763 = ( GEOMETRIC_REPRESENTATION_CONTEXT(2) 
PARAMETRIC_REPRESENTATION_CONTEXT() REPRESENTATION_CONTEXT('2D SPACE',''
  ) );
#12764 = PCURVE('',#12712,#12765);
#12765 = DEFINITIONAL_REPRESENTATION('',(#12766),#12770);
#12766 = LINE('',#12767,#12768);
#12767 = CARTESIAN_POINT('',(0.,2.));
#12768 = VECTOR('',#12769,1.);
#12769 = DIRECTION('',(1.,0.));
#12770 = ( GEOMETRIC_REPRESENTATION_CONTEXT(2) 
PARAMETRIC_REPRESENTATION_CONTEXT() REPRESENTATION_CONTEXT('2D SPACE',''
  ) );
#12771 = ORIENTED_EDGE('',*,*,#12724,.T.);
#12772 = ORIENTED_EDGE('',*,*,#12352,.T.);
#12773 = ORIENTED_EDGE('',*,*,#12774,.F.);
#12774 = EDGE_CURVE('',#12750,#12353,#12775,.T.);
#12775 = SURFACE_CURVE('',#12776,(#12780,#12787),.PCURVE_S1.);
#12776 = LINE('',#12777,#12778);
#12777 = CARTESIAN_POINT('',(23.15,-19.,4.85));
#12778 = VECTOR('',#12779,1.);
#12779 = DIRECTION('',(0.,0.,1.));
#12780 = PCURVE('',#12368,#12781);
#12781 = DEFINITIONAL_REPRESENTATION('',(#12782),#12786);
#12782 = LINE('',#12783,#12784);
#12783 = CARTESIAN_POINT('',(0.,46.3));
#12784 = VECTOR('',#12785,1.);
#12785 = DIRECTION('',(1.,0.));
#12786 = ( GEOMETRIC_REPRESENTATION_CONTEXT(2) 
PARAMETRIC_REPRESENTATION_CONTEXT() REPRESENTATION_CONTEXT('2D SPACE',''
  ) );
#12787 = PCURVE('',#12396,#12788);
#12788 = DEFINITIONAL_REPRESENTATION('',(#12789),#12793);
#12789 = LINE('',#12790,#12791);
#12790 = CARTESIAN_POINT('',(0.,-2.));
#12791 = VECTOR('',#12792,1.);
#12792 = DIRECTION('',(1.,0.));
#12793 = ( GEOMETRIC_REPRESENTATION_CONTEXT(2) 
PARAMETRIC_REPRESENTATION_CONTEXT() REPRESENTATION_CONTEXT('2D SPACE',''
  ) );
#12794 = ADVANCED_FACE('',(#12795),#12422,.F.);
#12795 = FACE_BOUND('',#12796,.F.);
#12796 = EDGE_LOOP('',(#12797,#12820,#12821,#12822));
#12797 = ORIENTED_EDGE('',*,*,#12798,.F.);
#12798 = EDGE_CURVE('',#12674,#12799,#12801,.T.);
#12799 = VERTEX_POINT('',#12800);
#12800 = CARTESIAN_POINT('',(23.15,-21.,4.85));
#12801 = SURFACE_CURVE('',#12802,(#12806,#12813),.PCURVE_S1.);
#12802 = LINE('',#12803,#12804);
#12803 = CARTESIAN_POINT('',(-23.15,-21.,4.85));
#12804 = VECTOR('',#12805,1.);
#12805 = DIRECTION('',(1.,0.,-0.));
#12806 = PCURVE('',#12422,#12807);
#12807 = DEFINITIONAL_REPRESENTATION('',(#12808),#12812);
#12808 = LINE('',#12809,#12810);
#12809 = CARTESIAN_POINT('',(0.,0.));
#12810 = VECTOR('',#12811,1.);
#12811 = DIRECTION('',(0.,1.));
#12812 = ( GEOMETRIC_REPRESENTATION_CONTEXT(2) 
PARAMETRIC_REPRESENTATION_CONTEXT() REPRESENTATION_CONTEXT('2D SPACE',''
  ) );
#12813 = PCURVE('',#12712,#12814);
#12814 = DEFINITIONAL_REPRESENTATION('',(#12815),#12819);
#12815 = LINE('',#12816,#12817);
#12816 = CARTESIAN_POINT('',(0.,0.));
#12817 = VECTOR('',#12818,1.);
#12818 = DIRECTION('',(1.,0.));
#12819 = ( GEOMETRIC_REPRESENTATION_CONTEXT(2) 
PARAMETRIC_REPRESENTATION_CONTEXT() REPRESENTATION_CONTEXT('2D SPACE',''
  ) );
#12820 = ORIENTED_EDGE('',*,*,#12673,.T.);
#12821 = ORIENTED_EDGE('',*,*,#12408,.T.);
#12822 = ORIENTED_EDGE('',*,*,#12823,.F.);
#12823 = EDGE_CURVE('',#12799,#12381,#12824,.T.);
#12824 = SURFACE_CURVE('',#12825,(#12829,#12836),.PCURVE_S1.);
#12825 = LINE('',#12826,#12827);
#12826 = CARTESIAN_POINT('',(23.15,-21.,4.85));
#12827 = VECTOR('',#12828,1.);
#12828 = DIRECTION('',(0.,0.,1.));
#12829 = PCURVE('',#12422,#12830);
#12830 = DEFINITIONAL_REPRESENTATION('',(#12831),#12835);
#12831 = LINE('',#12832,#12833);
#12832 = CARTESIAN_POINT('',(0.,46.3));
#12833 = VECTOR('',#12834,1.);
#12834 = DIRECTION('',(1.,0.));
#12835 = ( GEOMETRIC_REPRESENTATION_CONTEXT(2) 
PARAMETRIC_REPRESENTATION_CONTEXT() REPRESENTATION_CONTEXT('2D SPACE',''
  ) );
#12836 = PCURVE('',#12396,#12837);
#12837 = DEFINITIONAL_REPRESENTATION('',(#12838),#12842);
#12838 = LINE('',#12839,#12840);
#12839 = CARTESIAN_POINT('',(0.,0.));
#12840 = VECTOR('',#12841,1.);
#12841 = DIRECTION('',(1.,0.));
#12842 = ( GEOMETRIC_REPRESENTATION_CONTEXT(2) 
PARAMETRIC_REPRESENTATION_CONTEXT() REPRESENTATION_CONTEXT('2D SPACE',''
  ) );
#12843 = ADVANCED_FACE('',(#12844),#12396,.T.);
#12844 = FACE_BOUND('',#12845,.T.);
#12845 = EDGE_LOOP('',(#12846,#12847,#12868,#12869));
#12846 = ORIENTED_EDGE('',*,*,#12823,.F.);
#12847 = ORIENTED_EDGE('',*,*,#12848,.T.);
#12848 = EDGE_CURVE('',#12799,#12750,#12849,.T.);
#12849 = SURFACE_CURVE('',#12850,(#12854,#12861),.PCURVE_S1.);
#12850 = LINE('',#12851,#12852);
#12851 = CARTESIAN_POINT('',(23.15,-21.,4.85));
#12852 = VECTOR('',#12853,1.);
#12853 = DIRECTION('',(-0.,1.,0.));
#12854 = PCURVE('',#12396,#12855);
#12855 = DEFINITIONAL_REPRESENTATION('',(#12856),#12860);
#12856 = LINE('',#12857,#12858);
#12857 = CARTESIAN_POINT('',(0.,0.));
#12858 = VECTOR('',#12859,1.);
#12859 = DIRECTION('',(0.,-1.));
#12860 = ( GEOMETRIC_REPRESENTATION_CONTEXT(2) 
PARAMETRIC_REPRESENTATION_CONTEXT() REPRESENTATION_CONTEXT('2D SPACE',''
  ) );
#12861 = PCURVE('',#12712,#12862);
#12862 = DEFINITIONAL_REPRESENTATION('',(#12863),#12867);
#12863 = LINE('',#12864,#12865);
#12864 = CARTESIAN_POINT('',(46.3,0.));
#12865 = VECTOR('',#12866,1.);
#12866 = DIRECTION('',(0.,1.));
#12867 = ( GEOMETRIC_REPRESENTATION_CONTEXT(2) 
PARAMETRIC_REPRESENTATION_CONTEXT() REPRESENTATION_CONTEXT('2D SPACE',''
  ) );
#12868 = ORIENTED_EDGE('',*,*,#12774,.T.);
#12869 = ORIENTED_EDGE('',*,*,#12380,.F.);
#12870 = ADVANCED_FACE('',(#12871),#12453,.T.);
#12871 = FACE_BOUND('',#12872,.T.);
#12872 = EDGE_LOOP('',(#12873,#12896,#12897,#12920));
#12873 = ORIENTED_EDGE('',*,*,#12874,.F.);
#12874 = EDGE_CURVE('',#12437,#12875,#12877,.T.);
#12875 = VERTEX_POINT('',#12876);
#12876 = CARTESIAN_POINT('',(12.9,-12.4,9.72));
#12877 = SURFACE_CURVE('',#12878,(#12882,#12889),.PCURVE_S1.);
#12878 = LINE('',#12879,#12880);
#12879 = CARTESIAN_POINT('',(12.9,-12.4,4.8));
#12880 = VECTOR('',#12881,1.);
#12881 = DIRECTION('',(0.,0.,1.));
#12882 = PCURVE('',#12453,#12883);
#12883 = DEFINITIONAL_REPRESENTATION('',(#12884),#12888);
#12884 = LINE('',#12885,#12886);
#12885 = CARTESIAN_POINT('',(0.,25.8));
#12886 = VECTOR('',#12887,1.);
#12887 = DIRECTION('',(1.,0.));
#12888 = ( GEOMETRIC_REPRESENTATION_CONTEXT(2) 
PARAMETRIC_REPRESENTATION_CONTEXT() REPRESENTATION_CONTEXT('2D SPACE',''
  ) );
#12889 = PCURVE('',#12529,#12890);
#12890 = DEFINITIONAL_REPRESENTATION('',(#12891),#12895);
#12891 = LINE('',#12892,#12893);
#12892 = CARTESIAN_POINT('',(0.,0.));
#12893 = VECTOR('',#12894,1.);
#12894 = DIRECTION('',(1.,0.));
#12895 = ( GEOMETRIC_REPRESENTATION_CONTEXT(2) 
PARAMETRIC_REPRESENTATION_CONTEXT() REPRESENTATION_CONTEXT('2D SPACE',''
  ) );
#12896 = ORIENTED_EDGE('',*,*,#12436,.T.);
#12897 = ORIENTED_EDGE('',*,*,#12898,.T.);
#12898 = EDGE_CURVE('',#12439,#12899,#12901,.T.);
#12899 = VERTEX_POINT('',#12900);
#12900 = CARTESIAN_POINT('',(-12.9,-12.4,9.72));
#12901 = SURFACE_CURVE('',#12902,(#12906,#12913),.PCURVE_S1.);
#12902 = LINE('',#12903,#12904);
#12903 = CARTESIAN_POINT('',(-12.9,-12.4,4.8));
#12904 = VECTOR('',#12905,1.);
#12905 = DIRECTION('',(0.,0.,1.));
#12906 = PCURVE('',#12453,#12907);
#12907 = DEFINITIONAL_REPRESENTATION('',(#12908),#12912);
#12908 = LINE('',#12909,#12910);
#12909 = CARTESIAN_POINT('',(0.,0.));
#12910 = VECTOR('',#12911,1.);
#12911 = DIRECTION('',(1.,0.));
#12912 = ( GEOMETRIC_REPRESENTATION_CONTEXT(2) 
PARAMETRIC_REPRESENTATION_CONTEXT() REPRESENTATION_CONTEXT('2D SPACE',''
  ) );
#12913 = PCURVE('',#12479,#12914);
#12914 = DEFINITIONAL_REPRESENTATION('',(#12915),#12919);
#12915 = LINE('',#12916,#12917);
#12916 = CARTESIAN_POINT('',(0.,0.));
#12917 = VECTOR('',#12918,1.);
#12918 = DIRECTION('',(1.,0.));
#12919 = ( GEOMETRIC_REPRESENTATION_CONTEXT(2) 
PARAMETRIC_REPRESENTATION_CONTEXT() REPRESENTATION_CONTEXT('2D SPACE',''
  ) );
#12920 = ORIENTED_EDGE('',*,*,#12921,.T.);
#12921 = EDGE_CURVE('',#12899,#12875,#12922,.T.);
#12922 = SURFACE_CURVE('',#12923,(#12927,#12934),.PCURVE_S1.);
#12923 = LINE('',#12924,#12925);
#12924 = CARTESIAN_POINT('',(-12.9,-12.4,9.72));
#12925 = VECTOR('',#12926,1.);
#12926 = DIRECTION('',(1.,0.,-0.));
#12927 = PCURVE('',#12453,#12928);
#12928 = DEFINITIONAL_REPRESENTATION('',(#12929),#12933);
#12929 = LINE('',#12930,#12931);
#12930 = CARTESIAN_POINT('',(4.92,0.));
#12931 = VECTOR('',#12932,1.);
#12932 = DIRECTION('',(0.,1.));
#12933 = ( GEOMETRIC_REPRESENTATION_CONTEXT(2) 
PARAMETRIC_REPRESENTATION_CONTEXT() REPRESENTATION_CONTEXT('2D SPACE',''
  ) );
#12934 = PCURVE('',#12935,#12940);
#12935 = PLANE('',#12936);
#12936 = AXIS2_PLACEMENT_3D('',#12937,#12938,#12939);
#12937 = CARTESIAN_POINT('',(-12.9,-12.4,9.72));
#12938 = DIRECTION('',(0.,0.,1.));
#12939 = DIRECTION('',(1.,0.,-0.));
#12940 = DEFINITIONAL_REPRESENTATION('',(#12941),#12945);
#12941 = LINE('',#12942,#12943);
#12942 = CARTESIAN_POINT('',(0.,0.));
#12943 = VECTOR('',#12944,1.);
#12944 = DIRECTION('',(1.,0.));
#12945 = ( GEOMETRIC_REPRESENTATION_CONTEXT(2) 
PARAMETRIC_REPRESENTATION_CONTEXT() REPRESENTATION_CONTEXT('2D SPACE',''
  ) );
#12946 = ADVANCED_FACE('',(#12947),#12529,.F.);
#12947 = FACE_BOUND('',#12948,.F.);
#12948 = EDGE_LOOP('',(#12949,#12950,#12951,#12974));
#12949 = ORIENTED_EDGE('',*,*,#12874,.F.);
#12950 = ORIENTED_EDGE('',*,*,#12516,.T.);
#12951 = ORIENTED_EDGE('',*,*,#12952,.T.);
#12952 = EDGE_CURVE('',#12491,#12953,#12955,.T.);
#12953 = VERTEX_POINT('',#12954);
#12954 = CARTESIAN_POINT('',(12.9,23.4,9.72));
#12955 = SURFACE_CURVE('',#12956,(#12960,#12967),.PCURVE_S1.);
#12956 = LINE('',#12957,#12958);
#12957 = CARTESIAN_POINT('',(12.9,23.4,4.8));
#12958 = VECTOR('',#12959,1.);
#12959 = DIRECTION('',(0.,0.,1.));
#12960 = PCURVE('',#12529,#12961);
#12961 = DEFINITIONAL_REPRESENTATION('',(#12962),#12966);
#12962 = LINE('',#12963,#12964);
#12963 = CARTESIAN_POINT('',(0.,-35.8));
#12964 = VECTOR('',#12965,1.);
#12965 = DIRECTION('',(1.,0.));
#12966 = ( GEOMETRIC_REPRESENTATION_CONTEXT(2) 
PARAMETRIC_REPRESENTATION_CONTEXT() REPRESENTATION_CONTEXT('2D SPACE',''
  ) );
#12967 = PCURVE('',#12505,#12968);
#12968 = DEFINITIONAL_REPRESENTATION('',(#12969),#12973);
#12969 = LINE('',#12970,#12971);
#12970 = CARTESIAN_POINT('',(0.,25.8));
#12971 = VECTOR('',#12972,1.);
#12972 = DIRECTION('',(1.,0.));
#12973 = ( GEOMETRIC_REPRESENTATION_CONTEXT(2) 
PARAMETRIC_REPRESENTATION_CONTEXT() REPRESENTATION_CONTEXT('2D SPACE',''
  ) );
#12974 = ORIENTED_EDGE('',*,*,#12975,.F.);
#12975 = EDGE_CURVE('',#12875,#12953,#12976,.T.);
#12976 = SURFACE_CURVE('',#12977,(#12981,#12988),.PCURVE_S1.);
#12977 = LINE('',#12978,#12979);
#12978 = CARTESIAN_POINT('',(12.9,-12.4,9.72));
#12979 = VECTOR('',#12980,1.);
#12980 = DIRECTION('',(-0.,1.,0.));
#12981 = PCURVE('',#12529,#12982);
#12982 = DEFINITIONAL_REPRESENTATION('',(#12983),#12987);
#12983 = LINE('',#12984,#12985);
#12984 = CARTESIAN_POINT('',(4.92,0.));
#12985 = VECTOR('',#12986,1.);
#12986 = DIRECTION('',(0.,-1.));
#12987 = ( GEOMETRIC_REPRESENTATION_CONTEXT(2) 
PARAMETRIC_REPRESENTATION_CONTEXT() REPRESENTATION_CONTEXT('2D SPACE',''
  ) );
#12988 = PCURVE('',#12935,#12989);
#12989 = DEFINITIONAL_REPRESENTATION('',(#12990),#12994);
#12990 = LINE('',#12991,#12992);
#12991 = CARTESIAN_POINT('',(25.8,0.));
#12992 = VECTOR('',#12993,1.);
#12993 = DIRECTION('',(0.,1.));
#12994 = ( GEOMETRIC_REPRESENTATION_CONTEXT(2) 
PARAMETRIC_REPRESENTATION_CONTEXT() REPRESENTATION_CONTEXT('2D SPACE',''
  ) );
#12995 = ADVANCED_FACE('',(#12996),#12479,.T.);
#12996 = FACE_BOUND('',#12997,.T.);
#12997 = EDGE_LOOP('',(#12998,#12999,#13000,#13023));
#12998 = ORIENTED_EDGE('',*,*,#12898,.F.);
#12999 = ORIENTED_EDGE('',*,*,#12464,.T.);
#13000 = ORIENTED_EDGE('',*,*,#13001,.T.);
#13001 = EDGE_CURVE('',#12465,#13002,#13004,.T.);
#13002 = VERTEX_POINT('',#13003);
#13003 = CARTESIAN_POINT('',(-12.9,23.4,9.72));
#13004 = SURFACE_CURVE('',#13005,(#13009,#13016),.PCURVE_S1.);
#13005 = LINE('',#13006,#13007);
#13006 = CARTESIAN_POINT('',(-12.9,23.4,4.8));
#13007 = VECTOR('',#13008,1.);
#13008 = DIRECTION('',(0.,0.,1.));
#13009 = PCURVE('',#12479,#13010);
#13010 = DEFINITIONAL_REPRESENTATION('',(#13011),#13015);
#13011 = LINE('',#13012,#13013);
#13012 = CARTESIAN_POINT('',(0.,-35.8));
#13013 = VECTOR('',#13014,1.);
#13014 = DIRECTION('',(1.,0.));
#13015 = ( GEOMETRIC_REPRESENTATION_CONTEXT(2) 
PARAMETRIC_REPRESENTATION_CONTEXT() REPRESENTATION_CONTEXT('2D SPACE',''
  ) );
#13016 = PCURVE('',#12505,#13017);
#13017 = DEFINITIONAL_REPRESENTATION('',(#13018),#13022);
#13018 = LINE('',#13019,#13020);
#13019 = CARTESIAN_POINT('',(0.,0.));
#13020 = VECTOR('',#13021,1.);
#13021 = DIRECTION('',(1.,0.));
#13022 = ( GEOMETRIC_REPRESENTATION_CONTEXT(2) 
PARAMETRIC_REPRESENTATION_CONTEXT() REPRESENTATION_CONTEXT('2D SPACE',''
  ) );
#13023 = ORIENTED_EDGE('',*,*,#13024,.F.);
#13024 = EDGE_CURVE('',#12899,#13002,#13025,.T.);
#13025 = SURFACE_CURVE('',#13026,(#13030,#13037),.PCURVE_S1.);
#13026 = LINE('',#13027,#13028);
#13027 = CARTESIAN_POINT('',(-12.9,-12.4,9.72));
#13028 = VECTOR('',#13029,1.);
#13029 = DIRECTION('',(-0.,1.,0.));
#13030 = PCURVE('',#12479,#13031);
#13031 = DEFINITIONAL_REPRESENTATION('',(#13032),#13036);
#13032 = LINE('',#13033,#13034);
#13033 = CARTESIAN_POINT('',(4.92,0.));
#13034 = VECTOR('',#13035,1.);
#13035 = DIRECTION('',(0.,-1.));
#13036 = ( GEOMETRIC_REPRESENTATION_CONTEXT(2) 
PARAMETRIC_REPRESENTATION_CONTEXT() REPRESENTATION_CONTEXT('2D SPACE',''
  ) );
#13037 = PCURVE('',#12935,#13038);
#13038 = DEFINITIONAL_REPRESENTATION('',(#13039),#13043);
#13039 = LINE('',#13040,#13041);
#13040 = CARTESIAN_POINT('',(0.,0.));
#13041 = VECTOR('',#13042,1.);
#13042 = DIRECTION('',(0.,1.));
#13043 = ( GEOMETRIC_REPRESENTATION_CONTEXT(2) 
PARAMETRIC_REPRESENTATION_CONTEXT() REPRESENTATION_CONTEXT('2D SPACE',''
  ) );
#13044 = ADVANCED_FACE('',(#13045),#12505,.F.);
#13045 = FACE_BOUND('',#13046,.F.);
#13046 = EDGE_LOOP('',(#13047,#13048,#13049,#13050));
#13047 = ORIENTED_EDGE('',*,*,#12952,.F.);
#13048 = ORIENTED_EDGE('',*,*,#12490,.T.);
#13049 = ORIENTED_EDGE('',*,*,#13001,.T.);
#13050 = ORIENTED_EDGE('',*,*,#13051,.T.);
#13051 = EDGE_CURVE('',#13002,#12953,#13052,.T.);
#13052 = SURFACE_CURVE('',#13053,(#13057,#13064),.PCURVE_S1.);
#13053 = LINE('',#13054,#13055);
#13054 = CARTESIAN_POINT('',(-12.9,23.4,9.72));
#13055 = VECTOR('',#13056,1.);
#13056 = DIRECTION('',(1.,0.,-0.));
#13057 = PCURVE('',#12505,#13058);
#13058 = DEFINITIONAL_REPRESENTATION('',(#13059),#13063);
#13059 = LINE('',#13060,#13061);
#13060 = CARTESIAN_POINT('',(4.92,0.));
#13061 = VECTOR('',#13062,1.);
#13062 = DIRECTION('',(0.,1.));
#13063 = ( GEOMETRIC_REPRESENTATION_CONTEXT(2) 
PARAMETRIC_REPRESENTATION_CONTEXT() REPRESENTATION_CONTEXT('2D SPACE',''
  ) );
#13064 = PCURVE('',#12935,#13065);
#13065 = DEFINITIONAL_REPRESENTATION('',(#13066),#13070);
#13066 = LINE('',#13067,#13068);
#13067 = CARTESIAN_POINT('',(0.,35.8));
#13068 = VECTOR('',#13069,1.);
#13069 = DIRECTION('',(1.,0.));
#13070 = ( GEOMETRIC_REPRESENTATION_CONTEXT(2) 
PARAMETRIC_REPRESENTATION_CONTEXT() REPRESENTATION_CONTEXT('2D SPACE',''
  ) );
#13071 = ADVANCED_FACE('',(#13072),#12560,.F.);
#13072 = FACE_BOUND('',#13073,.F.);
#13073 = EDGE_LOOP('',(#13074,#13097,#13125,#13146));
#13074 = ORIENTED_EDGE('',*,*,#13075,.F.);
#13075 = EDGE_CURVE('',#13076,#12543,#13078,.T.);
#13076 = VERTEX_POINT('',#13077);
#13077 = CARTESIAN_POINT('',(-23.15,29.,4.85));
#13078 = SURFACE_CURVE('',#13079,(#13083,#13090),.PCURVE_S1.);
#13079 = LINE('',#13080,#13081);
#13080 = CARTESIAN_POINT('',(-23.15,29.,4.85));
#13081 = VECTOR('',#13082,1.);
#13082 = DIRECTION('',(0.,0.,1.));
#13083 = PCURVE('',#12560,#13084);
#13084 = DEFINITIONAL_REPRESENTATION('',(#13085),#13089);
#13085 = LINE('',#13086,#13087);
#13086 = CARTESIAN_POINT('',(0.,0.));
#13087 = VECTOR('',#13088,1.);
#13088 = DIRECTION('',(1.,0.));
#13089 = ( GEOMETRIC_REPRESENTATION_CONTEXT(2) 
PARAMETRIC_REPRESENTATION_CONTEXT() REPRESENTATION_CONTEXT('2D SPACE',''
  ) );
#13090 = PCURVE('',#12642,#13091);
#13091 = DEFINITIONAL_REPRESENTATION('',(#13092),#13096);
#13092 = LINE('',#13093,#13094);
#13093 = CARTESIAN_POINT('',(0.,0.));
#13094 = VECTOR('',#13095,1.);
#13095 = DIRECTION('',(1.,0.));
#13096 = ( GEOMETRIC_REPRESENTATION_CONTEXT(2) 
PARAMETRIC_REPRESENTATION_CONTEXT() REPRESENTATION_CONTEXT('2D SPACE',''
  ) );
#13097 = ORIENTED_EDGE('',*,*,#13098,.T.);
#13098 = EDGE_CURVE('',#13076,#13099,#13101,.T.);
#13099 = VERTEX_POINT('',#13100);
#13100 = CARTESIAN_POINT('',(-23.15,31.,4.85));
#13101 = SURFACE_CURVE('',#13102,(#13106,#13113),.PCURVE_S1.);
#13102 = LINE('',#13103,#13104);
#13103 = CARTESIAN_POINT('',(-23.15,29.,4.85));
#13104 = VECTOR('',#13105,1.);
#13105 = DIRECTION('',(-0.,1.,0.));
#13106 = PCURVE('',#12560,#13107);
#13107 = DEFINITIONAL_REPRESENTATION('',(#13108),#13112);
#13108 = LINE('',#13109,#13110);
#13109 = CARTESIAN_POINT('',(0.,0.));
#13110 = VECTOR('',#13111,1.);
#13111 = DIRECTION('',(0.,-1.));
#13112 = ( GEOMETRIC_REPRESENTATION_CONTEXT(2) 
PARAMETRIC_REPRESENTATION_CONTEXT() REPRESENTATION_CONTEXT('2D SPACE',''
  ) );
#13113 = PCURVE('',#13114,#13119);
#13114 = PLANE('',#13115);
#13115 = AXIS2_PLACEMENT_3D('',#13116,#13117,#13118);
#13116 = CARTESIAN_POINT('',(-23.15,29.,4.85));
#13117 = DIRECTION('',(0.,0.,1.));
#13118 = DIRECTION('',(1.,0.,-0.));
#13119 = DEFINITIONAL_REPRESENTATION('',(#13120),#13124);
#13120 = LINE('',#13121,#13122);
#13121 = CARTESIAN_POINT('',(0.,0.));
#13122 = VECTOR('',#13123,1.);
#13123 = DIRECTION('',(0.,1.));
#13124 = ( GEOMETRIC_REPRESENTATION_CONTEXT(2) 
PARAMETRIC_REPRESENTATION_CONTEXT() REPRESENTATION_CONTEXT('2D SPACE',''
  ) );
#13125 = ORIENTED_EDGE('',*,*,#13126,.T.);
#13126 = EDGE_CURVE('',#13099,#12545,#13127,.T.);
#13127 = SURFACE_CURVE('',#13128,(#13132,#13139),.PCURVE_S1.);
#13128 = LINE('',#13129,#13130);
#13129 = CARTESIAN_POINT('',(-23.15,31.,4.85));
#13130 = VECTOR('',#13131,1.);
#13131 = DIRECTION('',(0.,0.,1.));
#13132 = PCURVE('',#12560,#13133);
#13133 = DEFINITIONAL_REPRESENTATION('',(#13134),#13138);
#13134 = LINE('',#13135,#13136);
#13135 = CARTESIAN_POINT('',(0.,-2.));
#13136 = VECTOR('',#13137,1.);
#13137 = DIRECTION('',(1.,0.));
#13138 = ( GEOMETRIC_REPRESENTATION_CONTEXT(2) 
PARAMETRIC_REPRESENTATION_CONTEXT() REPRESENTATION_CONTEXT('2D SPACE',''
  ) );
#13139 = PCURVE('',#12588,#13140);
#13140 = DEFINITIONAL_REPRESENTATION('',(#13141),#13145);
#13141 = LINE('',#13142,#13143);
#13142 = CARTESIAN_POINT('',(0.,0.));
#13143 = VECTOR('',#13144,1.);
#13144 = DIRECTION('',(1.,0.));
#13145 = ( GEOMETRIC_REPRESENTATION_CONTEXT(2) 
PARAMETRIC_REPRESENTATION_CONTEXT() REPRESENTATION_CONTEXT('2D SPACE',''
  ) );
#13146 = ORIENTED_EDGE('',*,*,#12542,.F.);
#13147 = ADVANCED_FACE('',(#13148),#12588,.T.);
#13148 = FACE_BOUND('',#13149,.T.);
#13149 = EDGE_LOOP('',(#13150,#13173,#13174,#13175));
#13150 = ORIENTED_EDGE('',*,*,#13151,.F.);
#13151 = EDGE_CURVE('',#13099,#13152,#13154,.T.);
#13152 = VERTEX_POINT('',#13153);
#13153 = CARTESIAN_POINT('',(23.15,31.,4.85));
#13154 = SURFACE_CURVE('',#13155,(#13159,#13166),.PCURVE_S1.);
#13155 = LINE('',#13156,#13157);
#13156 = CARTESIAN_POINT('',(-23.15,31.,4.85));
#13157 = VECTOR('',#13158,1.);
#13158 = DIRECTION('',(1.,0.,-0.));
#13159 = PCURVE('',#12588,#13160);
#13160 = DEFINITIONAL_REPRESENTATION('',(#13161),#13165);
#13161 = LINE('',#13162,#13163);
#13162 = CARTESIAN_POINT('',(0.,0.));
#13163 = VECTOR('',#13164,1.);
#13164 = DIRECTION('',(0.,1.));
#13165 = ( GEOMETRIC_REPRESENTATION_CONTEXT(2) 
PARAMETRIC_REPRESENTATION_CONTEXT() REPRESENTATION_CONTEXT('2D SPACE',''
  ) );
#13166 = PCURVE('',#13114,#13167);
#13167 = DEFINITIONAL_REPRESENTATION('',(#13168),#13172);
#13168 = LINE('',#13169,#13170);
#13169 = CARTESIAN_POINT('',(0.,2.));
#13170 = VECTOR('',#13171,1.);
#13171 = DIRECTION('',(1.,0.));
#13172 = ( GEOMETRIC_REPRESENTATION_CONTEXT(2) 
PARAMETRIC_REPRESENTATION_CONTEXT() REPRESENTATION_CONTEXT('2D SPACE',''
  ) );
#13173 = ORIENTED_EDGE('',*,*,#13126,.T.);
#13174 = ORIENTED_EDGE('',*,*,#12572,.T.);
#13175 = ORIENTED_EDGE('',*,*,#13176,.F.);
#13176 = EDGE_CURVE('',#13152,#12573,#13177,.T.);
#13177 = SURFACE_CURVE('',#13178,(#13182,#13189),.PCURVE_S1.);
#13178 = LINE('',#13179,#13180);
#13179 = CARTESIAN_POINT('',(23.15,31.,4.85));
#13180 = VECTOR('',#13181,1.);
#13181 = DIRECTION('',(0.,0.,1.));
#13182 = PCURVE('',#12588,#13183);
#13183 = DEFINITIONAL_REPRESENTATION('',(#13184),#13188);
#13184 = LINE('',#13185,#13186);
#13185 = CARTESIAN_POINT('',(0.,46.3));
#13186 = VECTOR('',#13187,1.);
#13187 = DIRECTION('',(1.,0.));
#13188 = ( GEOMETRIC_REPRESENTATION_CONTEXT(2) 
PARAMETRIC_REPRESENTATION_CONTEXT() REPRESENTATION_CONTEXT('2D SPACE',''
  ) );
#13189 = PCURVE('',#12616,#13190);
#13190 = DEFINITIONAL_REPRESENTATION('',(#13191),#13195);
#13191 = LINE('',#13192,#13193);
#13192 = CARTESIAN_POINT('',(0.,-2.));
#13193 = VECTOR('',#13194,1.);
#13194 = DIRECTION('',(1.,0.));
#13195 = ( GEOMETRIC_REPRESENTATION_CONTEXT(2) 
PARAMETRIC_REPRESENTATION_CONTEXT() REPRESENTATION_CONTEXT('2D SPACE',''
  ) );
#13196 = ADVANCED_FACE('',(#13197),#12642,.F.);
#13197 = FACE_BOUND('',#13198,.F.);
#13198 = EDGE_LOOP('',(#13199,#13222,#13223,#13224));
#13199 = ORIENTED_EDGE('',*,*,#13200,.F.);
#13200 = EDGE_CURVE('',#13076,#13201,#13203,.T.);
#13201 = VERTEX_POINT('',#13202);
#13202 = CARTESIAN_POINT('',(23.15,29.,4.85));
#13203 = SURFACE_CURVE('',#13204,(#13208,#13215),.PCURVE_S1.);
#13204 = LINE('',#13205,#13206);
#13205 = CARTESIAN_POINT('',(-23.15,29.,4.85));
#13206 = VECTOR('',#13207,1.);
#13207 = DIRECTION('',(1.,0.,-0.));
#13208 = PCURVE('',#12642,#13209);
#13209 = DEFINITIONAL_REPRESENTATION('',(#13210),#13214);
#13210 = LINE('',#13211,#13212);
#13211 = CARTESIAN_POINT('',(0.,0.));
#13212 = VECTOR('',#13213,1.);
#13213 = DIRECTION('',(0.,1.));
#13214 = ( GEOMETRIC_REPRESENTATION_CONTEXT(2) 
PARAMETRIC_REPRESENTATION_CONTEXT() REPRESENTATION_CONTEXT('2D SPACE',''
  ) );
#13215 = PCURVE('',#13114,#13216);
#13216 = DEFINITIONAL_REPRESENTATION('',(#13217),#13221);
#13217 = LINE('',#13218,#13219);
#13218 = CARTESIAN_POINT('',(0.,0.));
#13219 = VECTOR('',#13220,1.);
#13220 = DIRECTION('',(1.,0.));
#13221 = ( GEOMETRIC_REPRESENTATION_CONTEXT(2) 
PARAMETRIC_REPRESENTATION_CONTEXT() REPRESENTATION_CONTEXT('2D SPACE',''
  ) );
#13222 = ORIENTED_EDGE('',*,*,#13075,.T.);
#13223 = ORIENTED_EDGE('',*,*,#12628,.T.);
#13224 = ORIENTED_EDGE('',*,*,#13225,.F.);
#13225 = EDGE_CURVE('',#13201,#12601,#13226,.T.);
#13226 = SURFACE_CURVE('',#13227,(#13231,#13238),.PCURVE_S1.);
#13227 = LINE('',#13228,#13229);
#13228 = CARTESIAN_POINT('',(23.15,29.,4.85));
#13229 = VECTOR('',#13230,1.);
#13230 = DIRECTION('',(0.,0.,1.));
#13231 = PCURVE('',#12642,#13232);
#13232 = DEFINITIONAL_REPRESENTATION('',(#13233),#13237);
#13233 = LINE('',#13234,#13235);
#13234 = CARTESIAN_POINT('',(0.,46.3));
#13235 = VECTOR('',#13236,1.);
#13236 = DIRECTION('',(1.,0.));
#13237 = ( GEOMETRIC_REPRESENTATION_CONTEXT(2) 
PARAMETRIC_REPRESENTATION_CONTEXT() REPRESENTATION_CONTEXT('2D SPACE',''
  ) );
#13238 = PCURVE('',#12616,#13239);
#13239 = DEFINITIONAL_REPRESENTATION('',(#13240),#13244);
#13240 = LINE('',#13241,#13242);
#13241 = CARTESIAN_POINT('',(0.,0.));
#13242 = VECTOR('',#13243,1.);
#13243 = DIRECTION('',(1.,0.));
#13244 = ( GEOMETRIC_REPRESENTATION_CONTEXT(2) 
PARAMETRIC_REPRESENTATION_CONTEXT() REPRESENTATION_CONTEXT('2D SPACE',''
  ) );
#13245 = ADVANCED_FACE('',(#13246),#12616,.T.);
#13246 = FACE_BOUND('',#13247,.T.);
#13247 = EDGE_LOOP('',(#13248,#13249,#13270,#13271));
#13248 = ORIENTED_EDGE('',*,*,#13225,.F.);
#13249 = ORIENTED_EDGE('',*,*,#13250,.T.);
#13250 = EDGE_CURVE('',#13201,#13152,#13251,.T.);
#13251 = SURFACE_CURVE('',#13252,(#13256,#13263),.PCURVE_S1.);
#13252 = LINE('',#13253,#13254);
#13253 = CARTESIAN_POINT('',(23.15,29.,4.85));
#13254 = VECTOR('',#13255,1.);
#13255 = DIRECTION('',(-0.,1.,0.));
#13256 = PCURVE('',#12616,#13257);
#13257 = DEFINITIONAL_REPRESENTATION('',(#13258),#13262);
#13258 = LINE('',#13259,#13260);
#13259 = CARTESIAN_POINT('',(0.,0.));
#13260 = VECTOR('',#13261,1.);
#13261 = DIRECTION('',(0.,-1.));
#13262 = ( GEOMETRIC_REPRESENTATION_CONTEXT(2) 
PARAMETRIC_REPRESENTATION_CONTEXT() REPRESENTATION_CONTEXT('2D SPACE',''
  ) );
#13263 = PCURVE('',#13114,#13264);
#13264 = DEFINITIONAL_REPRESENTATION('',(#13265),#13269);
#13265 = LINE('',#13266,#13267);
#13266 = CARTESIAN_POINT('',(46.3,0.));
#13267 = VECTOR('',#13268,1.);
#13268 = DIRECTION('',(0.,1.));
#13269 = ( GEOMETRIC_REPRESENTATION_CONTEXT(2) 
PARAMETRIC_REPRESENTATION_CONTEXT() REPRESENTATION_CONTEXT('2D SPACE',''
  ) );
#13270 = ORIENTED_EDGE('',*,*,#13176,.T.);
#13271 = ORIENTED_EDGE('',*,*,#12600,.F.);
#13272 = ADVANCED_FACE('',(#13273),#12712,.F.);
#13273 = FACE_BOUND('',#13274,.F.);
#13274 = EDGE_LOOP('',(#13275,#13276,#13277,#13278));
#13275 = ORIENTED_EDGE('',*,*,#12696,.F.);
#13276 = ORIENTED_EDGE('',*,*,#12798,.T.);
#13277 = ORIENTED_EDGE('',*,*,#12848,.T.);
#13278 = ORIENTED_EDGE('',*,*,#12749,.F.);
#13279 = ADVANCED_FACE('',(#13280),#12935,.F.);
#13280 = FACE_BOUND('',#13281,.F.);
#13281 = EDGE_LOOP('',(#13282,#13283,#13284,#13285));
#13282 = ORIENTED_EDGE('',*,*,#13024,.F.);
#13283 = ORIENTED_EDGE('',*,*,#12921,.T.);
#13284 = ORIENTED_EDGE('',*,*,#12975,.T.);
#13285 = ORIENTED_EDGE('',*,*,#13051,.F.);
#13286 = ADVANCED_FACE('',(#13287),#13114,.F.);
#13287 = FACE_BOUND('',#13288,.F.);
#13288 = EDGE_LOOP('',(#13289,#13290,#13291,#13292));
#13289 = ORIENTED_EDGE('',*,*,#13098,.F.);
#13290 = ORIENTED_EDGE('',*,*,#13200,.T.);
#13291 = ORIENTED_EDGE('',*,*,#13250,.T.);
#13292 = ORIENTED_EDGE('',*,*,#13151,.F.);
#13293 = ( GEOMETRIC_REPRESENTATION_CONTEXT(3) 
GLOBAL_UNCERTAINTY_ASSIGNED_CONTEXT((#13297)) 
GLOBAL_UNIT_ASSIGNED_CONTEXT((#13294,#13295,#13296)) 
REPRESENTATION_CONTEXT('Context #1',
  '3D Context with UNIT and UNCERTAINTY') );
#13294 = ( LENGTH_UNIT() NAMED_UNIT(*) SI_UNIT(.MILLI.,.METRE.) );
#13295 = ( NAMED_UNIT(*) PLANE_ANGLE_UNIT() SI_UNIT($,.RADIAN.) );
#13296 = ( NAMED_UNIT(*) SI_UNIT($,.STERADIAN.) SOLID_ANGLE_UNIT() );
#13297 = UNCERTAINTY_MEASURE_WITH_UNIT(LENGTH_MEASURE(1.E-07),#13294,
  'distance_accuracy_value','confusion accuracy');
#13298 = CONTEXT_DEPENDENT_SHAPE_REPRESENTATION(#13299,#13301);
#13299 = ( REPRESENTATION_RELATIONSHIP('','',#7534,#10) 
REPRESENTATION_RELATIONSHIP_WITH_TRANSFORMATION(#13300) 
SHAPE_REPRESENTATION_RELATIONSHIP() );
#13300 = ITEM_DEFINED_TRANSFORMATION('','',#11,#19);
#13301 = PRODUCT_DEFINITION_SHAPE('Placement','Placement of an item',
  #13302);
#13302 = NEXT_ASSEMBLY_USAGE_OCCURRENCE('2','=>[0:1:1:3]','',#5,#7529,$
  );
#13303 = PRODUCT_RELATED_PRODUCT_CATEGORY('part',$,(#7531));
#13304 = SHAPE_DEFINITION_REPRESENTATION(#13305,#13311);
#13305 = PRODUCT_DEFINITION_SHAPE('','',#13306);
#13306 = PRODUCT_DEFINITION('design','',#13307,#13310);
#13307 = PRODUCT_DEFINITION_FORMATION('','',#13308);
#13308 = PRODUCT('COMPOUND','COMPOUND','',(#13309));
#13309 = PRODUCT_CONTEXT('',#2,'mechanical');
#13310 = PRODUCT_DEFINITION_CONTEXT('part definition',#2,'design');
#13311 = ADVANCED_BREP_SHAPE_REPRESENTATION('',(#11,#13312),#13994);
#13312 = MANIFOLD_SOLID_BREP('',#13313);
#13313 = CLOSED_SHELL('',(#13314,#13434,#13520,#13596,#13682,#13758,
    #13844,#13915,#13972,#13983));
#13314 = ADVANCED_FACE('',(#13315),#13329,.T.);
#13315 = FACE_BOUND('',#13316,.T.);
#13316 = EDGE_LOOP('',(#13317,#13352,#13380,#13408));
#13317 = ORIENTED_EDGE('',*,*,#13318,.T.);
#13318 = EDGE_CURVE('',#13319,#13321,#13323,.T.);
#13319 = VERTEX_POINT('',#13320);
#13320 = CARTESIAN_POINT('',(-23.,-33.5,0.));
#13321 = VERTEX_POINT('',#13322);
#13322 = CARTESIAN_POINT('',(-23.,-33.5,1.6));
#13323 = SURFACE_CURVE('',#13324,(#13328,#13340),.PCURVE_S1.);
#13324 = LINE('',#13325,#13326);
#13325 = CARTESIAN_POINT('',(-23.,-33.5,0.));
#13326 = VECTOR('',#13327,1.);
#13327 = DIRECTION('',(0.,0.,1.));
#13328 = PCURVE('',#13329,#13334);
#13329 = PLANE('',#13330);
#13330 = AXIS2_PLACEMENT_3D('',#13331,#13332,#13333);
#13331 = CARTESIAN_POINT('',(-23.,-33.5,0.));
#13332 = DIRECTION('',(-1.,0.,0.));
#13333 = DIRECTION('',(0.,1.,0.));
#13334 = DEFINITIONAL_REPRESENTATION('',(#13335),#13339);
#13335 = LINE('',#13336,#13337);
#13336 = CARTESIAN_POINT('',(0.,0.));
#13337 = VECTOR('',#13338,1.);
#13338 = DIRECTION('',(0.,-1.));
#13339 = ( GEOMETRIC_REPRESENTATION_CONTEXT(2) 
PARAMETRIC_REPRESENTATION_CONTEXT() REPRESENTATION_CONTEXT('2D SPACE',''
  ) );
#13340 = PCURVE('',#13341,#13346);
#13341 = CYLINDRICAL_SURFACE('',#13342,1.5);
#13342 = AXIS2_PLACEMENT_3D('',#13343,#13344,#13345);
#13343 = CARTESIAN_POINT('',(-21.5,-33.5,0.));
#13344 = DIRECTION('',(0.,0.,-1.));
#13345 = DIRECTION('',(-1.,0.,0.));
#13346 = DEFINITIONAL_REPRESENTATION('',(#13347),#13351);
#13347 = LINE('',#13348,#13349);
#13348 = CARTESIAN_POINT('',(6.28318530718,0.));
#13349 = VECTOR('',#13350,1.);
#13350 = DIRECTION('',(0.,-1.));
#13351 = ( GEOMETRIC_REPRESENTATION_CONTEXT(2) 
PARAMETRIC_REPRESENTATION_CONTEXT() REPRESENTATION_CONTEXT('2D SPACE',''
  ) );
#13352 = ORIENTED_EDGE('',*,*,#13353,.T.);
#13353 = EDGE_CURVE('',#13321,#13354,#13356,.T.);
#13354 = VERTEX_POINT('',#13355);
#13355 = CARTESIAN_POINT('',(-23.,33.5,1.6));
#13356 = SURFACE_CURVE('',#13357,(#13361,#13368),.PCURVE_S1.);
#13357 = LINE('',#13358,#13359);
#13358 = CARTESIAN_POINT('',(-23.,0.,1.6));
#13359 = VECTOR('',#13360,1.);
#13360 = DIRECTION('',(0.,1.,0.));
#13361 = PCURVE('',#13329,#13362);
#13362 = DEFINITIONAL_REPRESENTATION('',(#13363),#13367);
#13363 = LINE('',#13364,#13365);
#13364 = CARTESIAN_POINT('',(33.5,-1.6));
#13365 = VECTOR('',#13366,1.);
#13366 = DIRECTION('',(1.,0.));
#13367 = ( GEOMETRIC_REPRESENTATION_CONTEXT(2) 
PARAMETRIC_REPRESENTATION_CONTEXT() REPRESENTATION_CONTEXT('2D SPACE',''
  ) );
#13368 = PCURVE('',#13369,#13374);
#13369 = PLANE('',#13370);
#13370 = AXIS2_PLACEMENT_3D('',#13371,#13372,#13373);
#13371 = CARTESIAN_POINT('',(1.084478825675E-16,-5.344931355115E-16,1.6)
  );
#13372 = DIRECTION('',(0.,0.,1.));
#13373 = DIRECTION('',(1.,0.,-0.));
#13374 = DEFINITIONAL_REPRESENTATION('',(#13375),#13379);
#13375 = LINE('',#13376,#13377);
#13376 = CARTESIAN_POINT('',(-23.,5.344931355115E-16));
#13377 = VECTOR('',#13378,1.);
#13378 = DIRECTION('',(0.,1.));
#13379 = ( GEOMETRIC_REPRESENTATION_CONTEXT(2) 
PARAMETRIC_REPRESENTATION_CONTEXT() REPRESENTATION_CONTEXT('2D SPACE',''
  ) );
#13380 = ORIENTED_EDGE('',*,*,#13381,.F.);
#13381 = EDGE_CURVE('',#13382,#13354,#13384,.T.);
#13382 = VERTEX_POINT('',#13383);
#13383 = CARTESIAN_POINT('',(-23.,33.5,0.));
#13384 = SURFACE_CURVE('',#13385,(#13389,#13396),.PCURVE_S1.);
#13385 = LINE('',#13386,#13387);
#13386 = CARTESIAN_POINT('',(-23.,33.5,0.));
#13387 = VECTOR('',#13388,1.);
#13388 = DIRECTION('',(0.,0.,1.));
#13389 = PCURVE('',#13329,#13390);
#13390 = DEFINITIONAL_REPRESENTATION('',(#13391),#13395);
#13391 = LINE('',#13392,#13393);
#13392 = CARTESIAN_POINT('',(67.,0.));
#13393 = VECTOR('',#13394,1.);
#13394 = DIRECTION('',(0.,-1.));
#13395 = ( GEOMETRIC_REPRESENTATION_CONTEXT(2) 
PARAMETRIC_REPRESENTATION_CONTEXT() REPRESENTATION_CONTEXT('2D SPACE',''
  ) );
#13396 = PCURVE('',#13397,#13402);
#13397 = CYLINDRICAL_SURFACE('',#13398,1.5);
#13398 = AXIS2_PLACEMENT_3D('',#13399,#13400,#13401);
#13399 = CARTESIAN_POINT('',(-21.5,33.5,0.));
#13400 = DIRECTION('',(0.,0.,-1.));
#13401 = DIRECTION('',(-1.,0.,0.));
#13402 = DEFINITIONAL_REPRESENTATION('',(#13403),#13407);
#13403 = LINE('',#13404,#13405);
#13404 = CARTESIAN_POINT('',(0.,0.));
#13405 = VECTOR('',#13406,1.);
#13406 = DIRECTION('',(0.,-1.));
#13407 = ( GEOMETRIC_REPRESENTATION_CONTEXT(2) 
PARAMETRIC_REPRESENTATION_CONTEXT() REPRESENTATION_CONTEXT('2D SPACE',''
  ) );
#13408 = ORIENTED_EDGE('',*,*,#13409,.F.);
#13409 = EDGE_CURVE('',#13319,#13382,#13410,.T.);
#13410 = SURFACE_CURVE('',#13411,(#13415,#13422),.PCURVE_S1.);
#13411 = LINE('',#13412,#13413);
#13412 = CARTESIAN_POINT('',(-23.,0.,0.));
#13413 = VECTOR('',#13414,1.);
#13414 = DIRECTION('',(0.,1.,0.));
#13415 = PCURVE('',#13329,#13416);
#13416 = DEFINITIONAL_REPRESENTATION('',(#13417),#13421);
#13417 = LINE('',#13418,#13419);
#13418 = CARTESIAN_POINT('',(33.5,0.));
#13419 = VECTOR('',#13420,1.);
#13420 = DIRECTION('',(1.,0.));
#13421 = ( GEOMETRIC_REPRESENTATION_CONTEXT(2) 
PARAMETRIC_REPRESENTATION_CONTEXT() REPRESENTATION_CONTEXT('2D SPACE',''
  ) );
#13422 = PCURVE('',#13423,#13428);
#13423 = PLANE('',#13424);
#13424 = AXIS2_PLACEMENT_3D('',#13425,#13426,#13427);
#13425 = CARTESIAN_POINT('',(1.084478825675E-16,-5.344931355115E-16,0.)
  );
#13426 = DIRECTION('',(0.,0.,1.));
#13427 = DIRECTION('',(1.,0.,-0.));
#13428 = DEFINITIONAL_REPRESENTATION('',(#13429),#13433);
#13429 = LINE('',#13430,#13431);
#13430 = CARTESIAN_POINT('',(-23.,5.344931355115E-16));
#13431 = VECTOR('',#13432,1.);
#13432 = DIRECTION('',(0.,1.));
#13433 = ( GEOMETRIC_REPRESENTATION_CONTEXT(2) 
PARAMETRIC_REPRESENTATION_CONTEXT() REPRESENTATION_CONTEXT('2D SPACE',''
  ) );
#13434 = ADVANCED_FACE('',(#13435),#13341,.T.);
#13435 = FACE_BOUND('',#13436,.T.);
#13436 = EDGE_LOOP('',(#13437,#13467,#13493,#13494));
#13437 = ORIENTED_EDGE('',*,*,#13438,.T.);
#13438 = EDGE_CURVE('',#13439,#13441,#13443,.T.);
#13439 = VERTEX_POINT('',#13440);
#13440 = CARTESIAN_POINT('',(-21.5,-35.,0.));
#13441 = VERTEX_POINT('',#13442);
#13442 = CARTESIAN_POINT('',(-21.5,-35.,1.6));
#13443 = SURFACE_CURVE('',#13444,(#13448,#13455),.PCURVE_S1.);
#13444 = LINE('',#13445,#13446);
#13445 = CARTESIAN_POINT('',(-21.5,-35.,0.));
#13446 = VECTOR('',#13447,1.);
#13447 = DIRECTION('',(0.,0.,1.));
#13448 = PCURVE('',#13341,#13449);
#13449 = DEFINITIONAL_REPRESENTATION('',(#13450),#13454);
#13450 = LINE('',#13451,#13452);
#13451 = CARTESIAN_POINT('',(4.712388980385,0.));
#13452 = VECTOR('',#13453,1.);
#13453 = DIRECTION('',(0.,-1.));
#13454 = ( GEOMETRIC_REPRESENTATION_CONTEXT(2) 
PARAMETRIC_REPRESENTATION_CONTEXT() REPRESENTATION_CONTEXT('2D SPACE',''
  ) );
#13455 = PCURVE('',#13456,#13461);
#13456 = PLANE('',#13457);
#13457 = AXIS2_PLACEMENT_3D('',#13458,#13459,#13460);
#13458 = CARTESIAN_POINT('',(-21.5,-35.,0.));
#13459 = DIRECTION('',(0.,1.,0.));
#13460 = DIRECTION('',(1.,0.,0.));
#13461 = DEFINITIONAL_REPRESENTATION('',(#13462),#13466);
#13462 = LINE('',#13463,#13464);
#13463 = CARTESIAN_POINT('',(0.,0.));
#13464 = VECTOR('',#13465,1.);
#13465 = DIRECTION('',(0.,-1.));
#13466 = ( GEOMETRIC_REPRESENTATION_CONTEXT(2) 
PARAMETRIC_REPRESENTATION_CONTEXT() REPRESENTATION_CONTEXT('2D SPACE',''
  ) );
#13467 = ORIENTED_EDGE('',*,*,#13468,.T.);
#13468 = EDGE_CURVE('',#13441,#13321,#13469,.T.);
#13469 = SURFACE_CURVE('',#13470,(#13475,#13482),.PCURVE_S1.);
#13470 = CIRCLE('',#13471,1.5);
#13471 = AXIS2_PLACEMENT_3D('',#13472,#13473,#13474);
#13472 = CARTESIAN_POINT('',(-21.5,-33.5,1.6));
#13473 = DIRECTION('',(0.,0.,-1.));
#13474 = DIRECTION('',(-1.,0.,0.));
#13475 = PCURVE('',#13341,#13476);
#13476 = DEFINITIONAL_REPRESENTATION('',(#13477),#13481);
#13477 = LINE('',#13478,#13479);
#13478 = CARTESIAN_POINT('',(0.,-1.6));
#13479 = VECTOR('',#13480,1.);
#13480 = DIRECTION('',(1.,0.));
#13481 = ( GEOMETRIC_REPRESENTATION_CONTEXT(2) 
PARAMETRIC_REPRESENTATION_CONTEXT() REPRESENTATION_CONTEXT('2D SPACE',''
  ) );
#13482 = PCURVE('',#13369,#13483);
#13483 = DEFINITIONAL_REPRESENTATION('',(#13484),#13492);
#13484 = ( BOUNDED_CURVE() B_SPLINE_CURVE(2,(#13485,#13486,#13487,#13488
    ,#13489,#13490,#13491),.UNSPECIFIED.,.T.,.F.) 
B_SPLINE_CURVE_WITH_KNOTS((1,2,2,2,2,1),(-2.094395102393,0.,
    2.094395102393,4.188790204786,6.28318530718,8.377580409573),
.UNSPECIFIED.) CURVE() GEOMETRIC_REPRESENTATION_ITEM() 
RATIONAL_B_SPLINE_CURVE((1.,0.5,1.,0.5,1.,0.5,1.)) REPRESENTATION_ITEM(
  '') );
#13485 = CARTESIAN_POINT('',(-23.,-33.5));
#13486 = CARTESIAN_POINT('',(-23.,-30.90192378864));
#13487 = CARTESIAN_POINT('',(-20.75,-32.20096189432));
#13488 = CARTESIAN_POINT('',(-18.5,-33.5));
#13489 = CARTESIAN_POINT('',(-20.75,-34.79903810567));
#13490 = CARTESIAN_POINT('',(-23.,-36.09807621135));
#13491 = CARTESIAN_POINT('',(-23.,-33.5));
#13492 = ( GEOMETRIC_REPRESENTATION_CONTEXT(2) 
PARAMETRIC_REPRESENTATION_CONTEXT() REPRESENTATION_CONTEXT('2D SPACE',''
  ) );
#13493 = ORIENTED_EDGE('',*,*,#13318,.F.);
#13494 = ORIENTED_EDGE('',*,*,#13495,.F.);
#13495 = EDGE_CURVE('',#13439,#13319,#13496,.T.);
#13496 = SURFACE_CURVE('',#13497,(#13502,#13509),.PCURVE_S1.);
#13497 = CIRCLE('',#13498,1.5);
#13498 = AXIS2_PLACEMENT_3D('',#13499,#13500,#13501);
#13499 = CARTESIAN_POINT('',(-21.5,-33.5,0.));
#13500 = DIRECTION('',(0.,0.,-1.));
#13501 = DIRECTION('',(-1.,0.,0.));
#13502 = PCURVE('',#13341,#13503);
#13503 = DEFINITIONAL_REPRESENTATION('',(#13504),#13508);
#13504 = LINE('',#13505,#13506);
#13505 = CARTESIAN_POINT('',(0.,0.));
#13506 = VECTOR('',#13507,1.);
#13507 = DIRECTION('',(1.,0.));
#13508 = ( GEOMETRIC_REPRESENTATION_CONTEXT(2) 
PARAMETRIC_REPRESENTATION_CONTEXT() REPRESENTATION_CONTEXT('2D SPACE',''
  ) );
#13509 = PCURVE('',#13423,#13510);
#13510 = DEFINITIONAL_REPRESENTATION('',(#13511),#13519);
#13511 = ( BOUNDED_CURVE() B_SPLINE_CURVE(2,(#13512,#13513,#13514,#13515
    ,#13516,#13517,#13518),.UNSPECIFIED.,.T.,.F.) 
B_SPLINE_CURVE_WITH_KNOTS((1,2,2,2,2,1),(-2.094395102393,0.,
    2.094395102393,4.188790204786,6.28318530718,8.377580409573),
.UNSPECIFIED.) CURVE() GEOMETRIC_REPRESENTATION_ITEM() 
RATIONAL_B_SPLINE_CURVE((1.,0.5,1.,0.5,1.,0.5,1.)) REPRESENTATION_ITEM(
  '') );
#13512 = CARTESIAN_POINT('',(-23.,-33.5));
#13513 = CARTESIAN_POINT('',(-23.,-30.90192378864));
#13514 = CARTESIAN_POINT('',(-20.75,-32.20096189432));
#13515 = CARTESIAN_POINT('',(-18.5,-33.5));
#13516 = CARTESIAN_POINT('',(-20.75,-34.79903810567));
#13517 = CARTESIAN_POINT('',(-23.,-36.09807621135));
#13518 = CARTESIAN_POINT('',(-23.,-33.5));
#13519 = ( GEOMETRIC_REPRESENTATION_CONTEXT(2) 
PARAMETRIC_REPRESENTATION_CONTEXT() REPRESENTATION_CONTEXT('2D SPACE',''
  ) );
#13520 = ADVANCED_FACE('',(#13521),#13456,.F.);
#13521 = FACE_BOUND('',#13522,.F.);
#13522 = EDGE_LOOP('',(#13523,#13524,#13547,#13575));
#13523 = ORIENTED_EDGE('',*,*,#13438,.T.);
#13524 = ORIENTED_EDGE('',*,*,#13525,.T.);
#13525 = EDGE_CURVE('',#13441,#13526,#13528,.T.);
#13526 = VERTEX_POINT('',#13527);
#13527 = CARTESIAN_POINT('',(21.5,-35.,1.6));
#13528 = SURFACE_CURVE('',#13529,(#13533,#13540),.PCURVE_S1.);
#13529 = LINE('',#13530,#13531);
#13530 = CARTESIAN_POINT('',(0.,-35.,1.6));
#13531 = VECTOR('',#13532,1.);
#13532 = DIRECTION('',(1.,0.,0.));
#13533 = PCURVE('',#13456,#13534);
#13534 = DEFINITIONAL_REPRESENTATION('',(#13535),#13539);
#13535 = LINE('',#13536,#13537);
#13536 = CARTESIAN_POINT('',(21.5,-1.6));
#13537 = VECTOR('',#13538,1.);
#13538 = DIRECTION('',(1.,0.));
#13539 = ( GEOMETRIC_REPRESENTATION_CONTEXT(2) 
PARAMETRIC_REPRESENTATION_CONTEXT() REPRESENTATION_CONTEXT('2D SPACE',''
  ) );
#13540 = PCURVE('',#13369,#13541);
#13541 = DEFINITIONAL_REPRESENTATION('',(#13542),#13546);
#13542 = LINE('',#13543,#13544);
#13543 = CARTESIAN_POINT('',(-1.084478825675E-16,-35.));
#13544 = VECTOR('',#13545,1.);
#13545 = DIRECTION('',(1.,0.));
#13546 = ( GEOMETRIC_REPRESENTATION_CONTEXT(2) 
PARAMETRIC_REPRESENTATION_CONTEXT() REPRESENTATION_CONTEXT('2D SPACE',''
  ) );
#13547 = ORIENTED_EDGE('',*,*,#13548,.F.);
#13548 = EDGE_CURVE('',#13549,#13526,#13551,.T.);
#13549 = VERTEX_POINT('',#13550);
#13550 = CARTESIAN_POINT('',(21.5,-35.,0.));
#13551 = SURFACE_CURVE('',#13552,(#13556,#13563),.PCURVE_S1.);
#13552 = LINE('',#13553,#13554);
#13553 = CARTESIAN_POINT('',(21.5,-35.,0.));
#13554 = VECTOR('',#13555,1.);
#13555 = DIRECTION('',(0.,0.,1.));
#13556 = PCURVE('',#13456,#13557);
#13557 = DEFINITIONAL_REPRESENTATION('',(#13558),#13562);
#13558 = LINE('',#13559,#13560);
#13559 = CARTESIAN_POINT('',(43.,0.));
#13560 = VECTOR('',#13561,1.);
#13561 = DIRECTION('',(0.,-1.));
#13562 = ( GEOMETRIC_REPRESENTATION_CONTEXT(2) 
PARAMETRIC_REPRESENTATION_CONTEXT() REPRESENTATION_CONTEXT('2D SPACE',''
  ) );
#13563 = PCURVE('',#13564,#13569);
#13564 = CYLINDRICAL_SURFACE('',#13565,1.5);
#13565 = AXIS2_PLACEMENT_3D('',#13566,#13567,#13568);
#13566 = CARTESIAN_POINT('',(21.5,-33.5,0.));
#13567 = DIRECTION('',(0.,0.,-1.));
#13568 = DIRECTION('',(-1.,0.,0.));
#13569 = DEFINITIONAL_REPRESENTATION('',(#13570),#13574);
#13570 = LINE('',#13571,#13572);
#13571 = CARTESIAN_POINT('',(4.712388980385,0.));
#13572 = VECTOR('',#13573,1.);
#13573 = DIRECTION('',(0.,-1.));
#13574 = ( GEOMETRIC_REPRESENTATION_CONTEXT(2) 
PARAMETRIC_REPRESENTATION_CONTEXT() REPRESENTATION_CONTEXT('2D SPACE',''
  ) );
#13575 = ORIENTED_EDGE('',*,*,#13576,.F.);
#13576 = EDGE_CURVE('',#13439,#13549,#13577,.T.);
#13577 = SURFACE_CURVE('',#13578,(#13582,#13589),.PCURVE_S1.);
#13578 = LINE('',#13579,#13580);
#13579 = CARTESIAN_POINT('',(0.,-35.,0.));
#13580 = VECTOR('',#13581,1.);
#13581 = DIRECTION('',(1.,0.,0.));
#13582 = PCURVE('',#13456,#13583);
#13583 = DEFINITIONAL_REPRESENTATION('',(#13584),#13588);
#13584 = LINE('',#13585,#13586);
#13585 = CARTESIAN_POINT('',(21.5,0.));
#13586 = VECTOR('',#13587,1.);
#13587 = DIRECTION('',(1.,0.));
#13588 = ( GEOMETRIC_REPRESENTATION_CONTEXT(2) 
PARAMETRIC_REPRESENTATION_CONTEXT() REPRESENTATION_CONTEXT('2D SPACE',''
  ) );
#13589 = PCURVE('',#13423,#13590);
#13590 = DEFINITIONAL_REPRESENTATION('',(#13591),#13595);
#13591 = LINE('',#13592,#13593);
#13592 = CARTESIAN_POINT('',(-1.084478825675E-16,-35.));
#13593 = VECTOR('',#13594,1.);
#13594 = DIRECTION('',(1.,0.));
#13595 = ( GEOMETRIC_REPRESENTATION_CONTEXT(2) 
PARAMETRIC_REPRESENTATION_CONTEXT() REPRESENTATION_CONTEXT('2D SPACE',''
  ) );
#13596 = ADVANCED_FACE('',(#13597),#13564,.T.);
#13597 = FACE_BOUND('',#13598,.T.);
#13598 = EDGE_LOOP('',(#13599,#13629,#13655,#13656));
#13599 = ORIENTED_EDGE('',*,*,#13600,.T.);
#13600 = EDGE_CURVE('',#13601,#13603,#13605,.T.);
#13601 = VERTEX_POINT('',#13602);
#13602 = CARTESIAN_POINT('',(23.,-33.5,0.));
#13603 = VERTEX_POINT('',#13604);
#13604 = CARTESIAN_POINT('',(23.,-33.5,1.6));
#13605 = SURFACE_CURVE('',#13606,(#13610,#13617),.PCURVE_S1.);
#13606 = LINE('',#13607,#13608);
#13607 = CARTESIAN_POINT('',(23.,-33.5,0.));
#13608 = VECTOR('',#13609,1.);
#13609 = DIRECTION('',(0.,0.,1.));
#13610 = PCURVE('',#13564,#13611);
#13611 = DEFINITIONAL_REPRESENTATION('',(#13612),#13616);
#13612 = LINE('',#13613,#13614);
#13613 = CARTESIAN_POINT('',(3.14159265359,0.));
#13614 = VECTOR('',#13615,1.);
#13615 = DIRECTION('',(0.,-1.));
#13616 = ( GEOMETRIC_REPRESENTATION_CONTEXT(2) 
PARAMETRIC_REPRESENTATION_CONTEXT() REPRESENTATION_CONTEXT('2D SPACE',''
  ) );
#13617 = PCURVE('',#13618,#13623);
#13618 = PLANE('',#13619);
#13619 = AXIS2_PLACEMENT_3D('',#13620,#13621,#13622);
#13620 = CARTESIAN_POINT('',(23.,-33.5,0.));
#13621 = DIRECTION('',(-1.,0.,0.));
#13622 = DIRECTION('',(0.,1.,0.));
#13623 = DEFINITIONAL_REPRESENTATION('',(#13624),#13628);
#13624 = LINE('',#13625,#13626);
#13625 = CARTESIAN_POINT('',(0.,0.));
#13626 = VECTOR('',#13627,1.);
#13627 = DIRECTION('',(0.,-1.));
#13628 = ( GEOMETRIC_REPRESENTATION_CONTEXT(2) 
PARAMETRIC_REPRESENTATION_CONTEXT() REPRESENTATION_CONTEXT('2D SPACE',''
  ) );
#13629 = ORIENTED_EDGE('',*,*,#13630,.T.);
#13630 = EDGE_CURVE('',#13603,#13526,#13631,.T.);
#13631 = SURFACE_CURVE('',#13632,(#13637,#13644),.PCURVE_S1.);
#13632 = CIRCLE('',#13633,1.5);
#13633 = AXIS2_PLACEMENT_3D('',#13634,#13635,#13636);
#13634 = CARTESIAN_POINT('',(21.5,-33.5,1.6));
#13635 = DIRECTION('',(0.,0.,-1.));
#13636 = DIRECTION('',(-1.,0.,0.));
#13637 = PCURVE('',#13564,#13638);
#13638 = DEFINITIONAL_REPRESENTATION('',(#13639),#13643);
#13639 = LINE('',#13640,#13641);
#13640 = CARTESIAN_POINT('',(0.,-1.6));
#13641 = VECTOR('',#13642,1.);
#13642 = DIRECTION('',(1.,0.));
#13643 = ( GEOMETRIC_REPRESENTATION_CONTEXT(2) 
PARAMETRIC_REPRESENTATION_CONTEXT() REPRESENTATION_CONTEXT('2D SPACE',''
  ) );
#13644 = PCURVE('',#13369,#13645);
#13645 = DEFINITIONAL_REPRESENTATION('',(#13646),#13654);
#13646 = ( BOUNDED_CURVE() B_SPLINE_CURVE(2,(#13647,#13648,#13649,#13650
    ,#13651,#13652,#13653),.UNSPECIFIED.,.T.,.F.) 
B_SPLINE_CURVE_WITH_KNOTS((1,2,2,2,2,1),(-2.094395102393,0.,
    2.094395102393,4.188790204786,6.28318530718,8.377580409573),
.UNSPECIFIED.) CURVE() GEOMETRIC_REPRESENTATION_ITEM() 
RATIONAL_B_SPLINE_CURVE((1.,0.5,1.,0.5,1.,0.5,1.)) REPRESENTATION_ITEM(
  '') );
#13647 = CARTESIAN_POINT('',(20.,-33.5));
#13648 = CARTESIAN_POINT('',(20.,-30.90192378864));
#13649 = CARTESIAN_POINT('',(22.25,-32.20096189432));
#13650 = CARTESIAN_POINT('',(24.5,-33.5));
#13651 = CARTESIAN_POINT('',(22.25,-34.79903810567));
#13652 = CARTESIAN_POINT('',(20.,-36.09807621135));
#13653 = CARTESIAN_POINT('',(20.,-33.5));
#13654 = ( GEOMETRIC_REPRESENTATION_CONTEXT(2) 
PARAMETRIC_REPRESENTATION_CONTEXT() REPRESENTATION_CONTEXT('2D SPACE',''
  ) );
#13655 = ORIENTED_EDGE('',*,*,#13548,.F.);
#13656 = ORIENTED_EDGE('',*,*,#13657,.F.);
#13657 = EDGE_CURVE('',#13601,#13549,#13658,.T.);
#13658 = SURFACE_CURVE('',#13659,(#13664,#13671),.PCURVE_S1.);
#13659 = CIRCLE('',#13660,1.5);
#13660 = AXIS2_PLACEMENT_3D('',#13661,#13662,#13663);
#13661 = CARTESIAN_POINT('',(21.5,-33.5,0.));
#13662 = DIRECTION('',(0.,0.,-1.));
#13663 = DIRECTION('',(-1.,0.,0.));
#13664 = PCURVE('',#13564,#13665);
#13665 = DEFINITIONAL_REPRESENTATION('',(#13666),#13670);
#13666 = LINE('',#13667,#13668);
#13667 = CARTESIAN_POINT('',(0.,0.));
#13668 = VECTOR('',#13669,1.);
#13669 = DIRECTION('',(1.,0.));
#13670 = ( GEOMETRIC_REPRESENTATION_CONTEXT(2) 
PARAMETRIC_REPRESENTATION_CONTEXT() REPRESENTATION_CONTEXT('2D SPACE',''
  ) );
#13671 = PCURVE('',#13423,#13672);
#13672 = DEFINITIONAL_REPRESENTATION('',(#13673),#13681);
#13673 = ( BOUNDED_CURVE() B_SPLINE_CURVE(2,(#13674,#13675,#13676,#13677
    ,#13678,#13679,#13680),.UNSPECIFIED.,.T.,.F.) 
B_SPLINE_CURVE_WITH_KNOTS((1,2,2,2,2,1),(-2.094395102393,0.,
    2.094395102393,4.188790204786,6.28318530718,8.377580409573),
.UNSPECIFIED.) CURVE() GEOMETRIC_REPRESENTATION_ITEM() 
RATIONAL_B_SPLINE_CURVE((1.,0.5,1.,0.5,1.,0.5,1.)) REPRESENTATION_ITEM(
  '') );
#13674 = CARTESIAN_POINT('',(20.,-33.5));
#13675 = CARTESIAN_POINT('',(20.,-30.90192378864));
#13676 = CARTESIAN_POINT('',(22.25,-32.20096189432));
#13677 = CARTESIAN_POINT('',(24.5,-33.5));
#13678 = CARTESIAN_POINT('',(22.25,-34.79903810567));
#13679 = CARTESIAN_POINT('',(20.,-36.09807621135));
#13680 = CARTESIAN_POINT('',(20.,-33.5));
#13681 = ( GEOMETRIC_REPRESENTATION_CONTEXT(2) 
PARAMETRIC_REPRESENTATION_CONTEXT() REPRESENTATION_CONTEXT('2D SPACE',''
  ) );
#13682 = ADVANCED_FACE('',(#13683),#13618,.F.);
#13683 = FACE_BOUND('',#13684,.F.);
#13684 = EDGE_LOOP('',(#13685,#13686,#13709,#13737));
#13685 = ORIENTED_EDGE('',*,*,#13600,.T.);
#13686 = ORIENTED_EDGE('',*,*,#13687,.T.);
#13687 = EDGE_CURVE('',#13603,#13688,#13690,.T.);
#13688 = VERTEX_POINT('',#13689);
#13689 = CARTESIAN_POINT('',(23.,33.5,1.6));
#13690 = SURFACE_CURVE('',#13691,(#13695,#13702),.PCURVE_S1.);
#13691 = LINE('',#13692,#13693);
#13692 = CARTESIAN_POINT('',(23.,0.,1.6));
#13693 = VECTOR('',#13694,1.);
#13694 = DIRECTION('',(0.,1.,0.));
#13695 = PCURVE('',#13618,#13696);
#13696 = DEFINITIONAL_REPRESENTATION('',(#13697),#13701);
#13697 = LINE('',#13698,#13699);
#13698 = CARTESIAN_POINT('',(33.5,-1.6));
#13699 = VECTOR('',#13700,1.);
#13700 = DIRECTION('',(1.,0.));
#13701 = ( GEOMETRIC_REPRESENTATION_CONTEXT(2) 
PARAMETRIC_REPRESENTATION_CONTEXT() REPRESENTATION_CONTEXT('2D SPACE',''
  ) );
#13702 = PCURVE('',#13369,#13703);
#13703 = DEFINITIONAL_REPRESENTATION('',(#13704),#13708);
#13704 = LINE('',#13705,#13706);
#13705 = CARTESIAN_POINT('',(23.,5.344931355115E-16));
#13706 = VECTOR('',#13707,1.);
#13707 = DIRECTION('',(0.,1.));
#13708 = ( GEOMETRIC_REPRESENTATION_CONTEXT(2) 
PARAMETRIC_REPRESENTATION_CONTEXT() REPRESENTATION_CONTEXT('2D SPACE',''
  ) );
#13709 = ORIENTED_EDGE('',*,*,#13710,.F.);
#13710 = EDGE_CURVE('',#13711,#13688,#13713,.T.);
#13711 = VERTEX_POINT('',#13712);
#13712 = CARTESIAN_POINT('',(23.,33.5,0.));
#13713 = SURFACE_CURVE('',#13714,(#13718,#13725),.PCURVE_S1.);
#13714 = LINE('',#13715,#13716);
#13715 = CARTESIAN_POINT('',(23.,33.5,0.));
#13716 = VECTOR('',#13717,1.);
#13717 = DIRECTION('',(0.,0.,1.));
#13718 = PCURVE('',#13618,#13719);
#13719 = DEFINITIONAL_REPRESENTATION('',(#13720),#13724);
#13720 = LINE('',#13721,#13722);
#13721 = CARTESIAN_POINT('',(67.,0.));
#13722 = VECTOR('',#13723,1.);
#13723 = DIRECTION('',(0.,-1.));
#13724 = ( GEOMETRIC_REPRESENTATION_CONTEXT(2) 
PARAMETRIC_REPRESENTATION_CONTEXT() REPRESENTATION_CONTEXT('2D SPACE',''
  ) );
#13725 = PCURVE('',#13726,#13731);
#13726 = CYLINDRICAL_SURFACE('',#13727,1.5);
#13727 = AXIS2_PLACEMENT_3D('',#13728,#13729,#13730);
#13728 = CARTESIAN_POINT('',(21.5,33.5,0.));
#13729 = DIRECTION('',(0.,0.,-1.));
#13730 = DIRECTION('',(-1.,0.,0.));
#13731 = DEFINITIONAL_REPRESENTATION('',(#13732),#13736);
#13732 = LINE('',#13733,#13734);
#13733 = CARTESIAN_POINT('',(3.14159265359,0.));
#13734 = VECTOR('',#13735,1.);
#13735 = DIRECTION('',(0.,-1.));
#13736 = ( GEOMETRIC_REPRESENTATION_CONTEXT(2) 
PARAMETRIC_REPRESENTATION_CONTEXT() REPRESENTATION_CONTEXT('2D SPACE',''
  ) );
#13737 = ORIENTED_EDGE('',*,*,#13738,.F.);
#13738 = EDGE_CURVE('',#13601,#13711,#13739,.T.);
#13739 = SURFACE_CURVE('',#13740,(#13744,#13751),.PCURVE_S1.);
#13740 = LINE('',#13741,#13742);
#13741 = CARTESIAN_POINT('',(23.,0.,0.));
#13742 = VECTOR('',#13743,1.);
#13743 = DIRECTION('',(0.,1.,0.));
#13744 = PCURVE('',#13618,#13745);
#13745 = DEFINITIONAL_REPRESENTATION('',(#13746),#13750);
#13746 = LINE('',#13747,#13748);
#13747 = CARTESIAN_POINT('',(33.5,0.));
#13748 = VECTOR('',#13749,1.);
#13749 = DIRECTION('',(1.,0.));
#13750 = ( GEOMETRIC_REPRESENTATION_CONTEXT(2) 
PARAMETRIC_REPRESENTATION_CONTEXT() REPRESENTATION_CONTEXT('2D SPACE',''
  ) );
#13751 = PCURVE('',#13423,#13752);
#13752 = DEFINITIONAL_REPRESENTATION('',(#13753),#13757);
#13753 = LINE('',#13754,#13755);
#13754 = CARTESIAN_POINT('',(23.,5.344931355115E-16));
#13755 = VECTOR('',#13756,1.);
#13756 = DIRECTION('',(0.,1.));
#13757 = ( GEOMETRIC_REPRESENTATION_CONTEXT(2) 
PARAMETRIC_REPRESENTATION_CONTEXT() REPRESENTATION_CONTEXT('2D SPACE',''
  ) );
#13758 = ADVANCED_FACE('',(#13759),#13726,.T.);
#13759 = FACE_BOUND('',#13760,.T.);
#13760 = EDGE_LOOP('',(#13761,#13791,#13817,#13818));
#13761 = ORIENTED_EDGE('',*,*,#13762,.T.);
#13762 = EDGE_CURVE('',#13763,#13765,#13767,.T.);
#13763 = VERTEX_POINT('',#13764);
#13764 = CARTESIAN_POINT('',(21.5,35.,0.));
#13765 = VERTEX_POINT('',#13766);
#13766 = CARTESIAN_POINT('',(21.5,35.,1.6));
#13767 = SURFACE_CURVE('',#13768,(#13772,#13779),.PCURVE_S1.);
#13768 = LINE('',#13769,#13770);
#13769 = CARTESIAN_POINT('',(21.5,35.,0.));
#13770 = VECTOR('',#13771,1.);
#13771 = DIRECTION('',(0.,0.,1.));
#13772 = PCURVE('',#13726,#13773);
#13773 = DEFINITIONAL_REPRESENTATION('',(#13774),#13778);
#13774 = LINE('',#13775,#13776);
#13775 = CARTESIAN_POINT('',(1.570796326795,0.));
#13776 = VECTOR('',#13777,1.);
#13777 = DIRECTION('',(0.,-1.));
#13778 = ( GEOMETRIC_REPRESENTATION_CONTEXT(2) 
PARAMETRIC_REPRESENTATION_CONTEXT() REPRESENTATION_CONTEXT('2D SPACE',''
  ) );
#13779 = PCURVE('',#13780,#13785);
#13780 = PLANE('',#13781);
#13781 = AXIS2_PLACEMENT_3D('',#13782,#13783,#13784);
#13782 = CARTESIAN_POINT('',(-21.5,35.,0.));
#13783 = DIRECTION('',(0.,1.,0.));
#13784 = DIRECTION('',(1.,0.,0.));
#13785 = DEFINITIONAL_REPRESENTATION('',(#13786),#13790);
#13786 = LINE('',#13787,#13788);
#13787 = CARTESIAN_POINT('',(43.,0.));
#13788 = VECTOR('',#13789,1.);
#13789 = DIRECTION('',(0.,-1.));
#13790 = ( GEOMETRIC_REPRESENTATION_CONTEXT(2) 
PARAMETRIC_REPRESENTATION_CONTEXT() REPRESENTATION_CONTEXT('2D SPACE',''
  ) );
#13791 = ORIENTED_EDGE('',*,*,#13792,.T.);
#13792 = EDGE_CURVE('',#13765,#13688,#13793,.T.);
#13793 = SURFACE_CURVE('',#13794,(#13799,#13806),.PCURVE_S1.);
#13794 = CIRCLE('',#13795,1.5);
#13795 = AXIS2_PLACEMENT_3D('',#13796,#13797,#13798);
#13796 = CARTESIAN_POINT('',(21.5,33.5,1.6));
#13797 = DIRECTION('',(0.,0.,-1.));
#13798 = DIRECTION('',(-1.,0.,0.));
#13799 = PCURVE('',#13726,#13800);
#13800 = DEFINITIONAL_REPRESENTATION('',(#13801),#13805);
#13801 = LINE('',#13802,#13803);
#13802 = CARTESIAN_POINT('',(0.,-1.6));
#13803 = VECTOR('',#13804,1.);
#13804 = DIRECTION('',(1.,0.));
#13805 = ( GEOMETRIC_REPRESENTATION_CONTEXT(2) 
PARAMETRIC_REPRESENTATION_CONTEXT() REPRESENTATION_CONTEXT('2D SPACE',''
  ) );
#13806 = PCURVE('',#13369,#13807);
#13807 = DEFINITIONAL_REPRESENTATION('',(#13808),#13816);
#13808 = ( BOUNDED_CURVE() B_SPLINE_CURVE(2,(#13809,#13810,#13811,#13812
    ,#13813,#13814,#13815),.UNSPECIFIED.,.T.,.F.) 
B_SPLINE_CURVE_WITH_KNOTS((1,2,2,2,2,1),(-2.094395102393,0.,
    2.094395102393,4.188790204786,6.28318530718,8.377580409573),
.UNSPECIFIED.) CURVE() GEOMETRIC_REPRESENTATION_ITEM() 
RATIONAL_B_SPLINE_CURVE((1.,0.5,1.,0.5,1.,0.5,1.)) REPRESENTATION_ITEM(
  '') );
#13809 = CARTESIAN_POINT('',(20.,33.5));
#13810 = CARTESIAN_POINT('',(20.,36.098076211353));
#13811 = CARTESIAN_POINT('',(22.25,34.799038105677));
#13812 = CARTESIAN_POINT('',(24.5,33.5));
#13813 = CARTESIAN_POINT('',(22.25,32.200961894323));
#13814 = CARTESIAN_POINT('',(20.,30.901923788647));
#13815 = CARTESIAN_POINT('',(20.,33.5));
#13816 = ( GEOMETRIC_REPRESENTATION_CONTEXT(2) 
PARAMETRIC_REPRESENTATION_CONTEXT() REPRESENTATION_CONTEXT('2D SPACE',''
  ) );
#13817 = ORIENTED_EDGE('',*,*,#13710,.F.);
#13818 = ORIENTED_EDGE('',*,*,#13819,.F.);
#13819 = EDGE_CURVE('',#13763,#13711,#13820,.T.);
#13820 = SURFACE_CURVE('',#13821,(#13826,#13833),.PCURVE_S1.);
#13821 = CIRCLE('',#13822,1.5);
#13822 = AXIS2_PLACEMENT_3D('',#13823,#13824,#13825);
#13823 = CARTESIAN_POINT('',(21.5,33.5,0.));
#13824 = DIRECTION('',(0.,0.,-1.));
#13825 = DIRECTION('',(-1.,0.,0.));
#13826 = PCURVE('',#13726,#13827);
#13827 = DEFINITIONAL_REPRESENTATION('',(#13828),#13832);
#13828 = LINE('',#13829,#13830);
#13829 = CARTESIAN_POINT('',(0.,0.));
#13830 = VECTOR('',#13831,1.);
#13831 = DIRECTION('',(1.,0.));
#13832 = ( GEOMETRIC_REPRESENTATION_CONTEXT(2) 
PARAMETRIC_REPRESENTATION_CONTEXT() REPRESENTATION_CONTEXT('2D SPACE',''
  ) );
#13833 = PCURVE('',#13423,#13834);
#13834 = DEFINITIONAL_REPRESENTATION('',(#13835),#13843);
#13835 = ( BOUNDED_CURVE() B_SPLINE_CURVE(2,(#13836,#13837,#13838,#13839
    ,#13840,#13841,#13842),.UNSPECIFIED.,.T.,.F.) 
B_SPLINE_CURVE_WITH_KNOTS((1,2,2,2,2,1),(-2.094395102393,0.,
    2.094395102393,4.188790204786,6.28318530718,8.377580409573),
.UNSPECIFIED.) CURVE() GEOMETRIC_REPRESENTATION_ITEM() 
RATIONAL_B_SPLINE_CURVE((1.,0.5,1.,0.5,1.,0.5,1.)) REPRESENTATION_ITEM(
  '') );
#13836 = CARTESIAN_POINT('',(20.,33.5));
#13837 = CARTESIAN_POINT('',(20.,36.098076211353));
#13838 = CARTESIAN_POINT('',(22.25,34.799038105677));
#13839 = CARTESIAN_POINT('',(24.5,33.5));
#13840 = CARTESIAN_POINT('',(22.25,32.200961894323));
#13841 = CARTESIAN_POINT('',(20.,30.901923788647));
#13842 = CARTESIAN_POINT('',(20.,33.5));
#13843 = ( GEOMETRIC_REPRESENTATION_CONTEXT(2) 
PARAMETRIC_REPRESENTATION_CONTEXT() REPRESENTATION_CONTEXT('2D SPACE',''
  ) );
#13844 = ADVANCED_FACE('',(#13845),#13780,.T.);
#13845 = FACE_BOUND('',#13846,.T.);
#13846 = EDGE_LOOP('',(#13847,#13872,#13893,#13894));
#13847 = ORIENTED_EDGE('',*,*,#13848,.T.);
#13848 = EDGE_CURVE('',#13849,#13851,#13853,.T.);
#13849 = VERTEX_POINT('',#13850);
#13850 = CARTESIAN_POINT('',(-21.5,35.,0.));
#13851 = VERTEX_POINT('',#13852);
#13852 = CARTESIAN_POINT('',(-21.5,35.,1.6));
#13853 = SURFACE_CURVE('',#13854,(#13858,#13865),.PCURVE_S1.);
#13854 = LINE('',#13855,#13856);
#13855 = CARTESIAN_POINT('',(-21.5,35.,0.));
#13856 = VECTOR('',#13857,1.);
#13857 = DIRECTION('',(0.,0.,1.));
#13858 = PCURVE('',#13780,#13859);
#13859 = DEFINITIONAL_REPRESENTATION('',(#13860),#13864);
#13860 = LINE('',#13861,#13862);
#13861 = CARTESIAN_POINT('',(0.,0.));
#13862 = VECTOR('',#13863,1.);
#13863 = DIRECTION('',(0.,-1.));
#13864 = ( GEOMETRIC_REPRESENTATION_CONTEXT(2) 
PARAMETRIC_REPRESENTATION_CONTEXT() REPRESENTATION_CONTEXT('2D SPACE',''
  ) );
#13865 = PCURVE('',#13397,#13866);
#13866 = DEFINITIONAL_REPRESENTATION('',(#13867),#13871);
#13867 = LINE('',#13868,#13869);
#13868 = CARTESIAN_POINT('',(1.570796326795,0.));
#13869 = VECTOR('',#13870,1.);
#13870 = DIRECTION('',(0.,-1.));
#13871 = ( GEOMETRIC_REPRESENTATION_CONTEXT(2) 
PARAMETRIC_REPRESENTATION_CONTEXT() REPRESENTATION_CONTEXT('2D SPACE',''
  ) );
#13872 = ORIENTED_EDGE('',*,*,#13873,.T.);
#13873 = EDGE_CURVE('',#13851,#13765,#13874,.T.);
#13874 = SURFACE_CURVE('',#13875,(#13879,#13886),.PCURVE_S1.);
#13875 = LINE('',#13876,#13877);
#13876 = CARTESIAN_POINT('',(0.,35.,1.6));
#13877 = VECTOR('',#13878,1.);
#13878 = DIRECTION('',(1.,0.,0.));
#13879 = PCURVE('',#13780,#13880);
#13880 = DEFINITIONAL_REPRESENTATION('',(#13881),#13885);
#13881 = LINE('',#13882,#13883);
#13882 = CARTESIAN_POINT('',(21.5,-1.6));
#13883 = VECTOR('',#13884,1.);
#13884 = DIRECTION('',(1.,0.));
#13885 = ( GEOMETRIC_REPRESENTATION_CONTEXT(2) 
PARAMETRIC_REPRESENTATION_CONTEXT() REPRESENTATION_CONTEXT('2D SPACE',''
  ) );
#13886 = PCURVE('',#13369,#13887);
#13887 = DEFINITIONAL_REPRESENTATION('',(#13888),#13892);
#13888 = LINE('',#13889,#13890);
#13889 = CARTESIAN_POINT('',(-1.084478825675E-16,35.));
#13890 = VECTOR('',#13891,1.);
#13891 = DIRECTION('',(1.,0.));
#13892 = ( GEOMETRIC_REPRESENTATION_CONTEXT(2) 
PARAMETRIC_REPRESENTATION_CONTEXT() REPRESENTATION_CONTEXT('2D SPACE',''
  ) );
#13893 = ORIENTED_EDGE('',*,*,#13762,.F.);
#13894 = ORIENTED_EDGE('',*,*,#13895,.F.);
#13895 = EDGE_CURVE('',#13849,#13763,#13896,.T.);
#13896 = SURFACE_CURVE('',#13897,(#13901,#13908),.PCURVE_S1.);
#13897 = LINE('',#13898,#13899);
#13898 = CARTESIAN_POINT('',(0.,35.,0.));
#13899 = VECTOR('',#13900,1.);
#13900 = DIRECTION('',(1.,0.,0.));
#13901 = PCURVE('',#13780,#13902);
#13902 = DEFINITIONAL_REPRESENTATION('',(#13903),#13907);
#13903 = LINE('',#13904,#13905);
#13904 = CARTESIAN_POINT('',(21.5,0.));
#13905 = VECTOR('',#13906,1.);
#13906 = DIRECTION('',(1.,0.));
#13907 = ( GEOMETRIC_REPRESENTATION_CONTEXT(2) 
PARAMETRIC_REPRESENTATION_CONTEXT() REPRESENTATION_CONTEXT('2D SPACE',''
  ) );
#13908 = PCURVE('',#13423,#13909);
#13909 = DEFINITIONAL_REPRESENTATION('',(#13910),#13914);
#13910 = LINE('',#13911,#13912);
#13911 = CARTESIAN_POINT('',(-1.084478825675E-16,35.));
#13912 = VECTOR('',#13913,1.);
#13913 = DIRECTION('',(1.,0.));
#13914 = ( GEOMETRIC_REPRESENTATION_CONTEXT(2) 
PARAMETRIC_REPRESENTATION_CONTEXT() REPRESENTATION_CONTEXT('2D SPACE',''
  ) );
#13915 = ADVANCED_FACE('',(#13916),#13397,.T.);
#13916 = FACE_BOUND('',#13917,.T.);
#13917 = EDGE_LOOP('',(#13918,#13919,#13945,#13946));
#13918 = ORIENTED_EDGE('',*,*,#13381,.T.);
#13919 = ORIENTED_EDGE('',*,*,#13920,.T.);
#13920 = EDGE_CURVE('',#13354,#13851,#13921,.T.);
#13921 = SURFACE_CURVE('',#13922,(#13927,#13934),.PCURVE_S1.);
#13922 = CIRCLE('',#13923,1.5);
#13923 = AXIS2_PLACEMENT_3D('',#13924,#13925,#13926);
#13924 = CARTESIAN_POINT('',(-21.5,33.5,1.6));
#13925 = DIRECTION('',(0.,0.,-1.));
#13926 = DIRECTION('',(-1.,0.,0.));
#13927 = PCURVE('',#13397,#13928);
#13928 = DEFINITIONAL_REPRESENTATION('',(#13929),#13933);
#13929 = LINE('',#13930,#13931);
#13930 = CARTESIAN_POINT('',(0.,-1.6));
#13931 = VECTOR('',#13932,1.);
#13932 = DIRECTION('',(1.,0.));
#13933 = ( GEOMETRIC_REPRESENTATION_CONTEXT(2) 
PARAMETRIC_REPRESENTATION_CONTEXT() REPRESENTATION_CONTEXT('2D SPACE',''
  ) );
#13934 = PCURVE('',#13369,#13935);
#13935 = DEFINITIONAL_REPRESENTATION('',(#13936),#13944);
#13936 = ( BOUNDED_CURVE() B_SPLINE_CURVE(2,(#13937,#13938,#13939,#13940
    ,#13941,#13942,#13943),.UNSPECIFIED.,.T.,.F.) 
B_SPLINE_CURVE_WITH_KNOTS((1,2,2,2,2,1),(-2.094395102393,0.,
    2.094395102393,4.188790204786,6.28318530718,8.377580409573),
.UNSPECIFIED.) CURVE() GEOMETRIC_REPRESENTATION_ITEM() 
RATIONAL_B_SPLINE_CURVE((1.,0.5,1.,0.5,1.,0.5,1.)) REPRESENTATION_ITEM(
  '') );
#13937 = CARTESIAN_POINT('',(-23.,33.5));
#13938 = CARTESIAN_POINT('',(-23.,36.098076211353));
#13939 = CARTESIAN_POINT('',(-20.75,34.799038105677));
#13940 = CARTESIAN_POINT('',(-18.5,33.5));
#13941 = CARTESIAN_POINT('',(-20.75,32.200961894323));
#13942 = CARTESIAN_POINT('',(-23.,30.901923788647));
#13943 = CARTESIAN_POINT('',(-23.,33.5));
#13944 = ( GEOMETRIC_REPRESENTATION_CONTEXT(2) 
PARAMETRIC_REPRESENTATION_CONTEXT() REPRESENTATION_CONTEXT('2D SPACE',''
  ) );
#13945 = ORIENTED_EDGE('',*,*,#13848,.F.);
#13946 = ORIENTED_EDGE('',*,*,#13947,.F.);
#13947 = EDGE_CURVE('',#13382,#13849,#13948,.T.);
#13948 = SURFACE_CURVE('',#13949,(#13954,#13961),.PCURVE_S1.);
#13949 = CIRCLE('',#13950,1.5);
#13950 = AXIS2_PLACEMENT_3D('',#13951,#13952,#13953);
#13951 = CARTESIAN_POINT('',(-21.5,33.5,0.));
#13952 = DIRECTION('',(0.,0.,-1.));
#13953 = DIRECTION('',(-1.,0.,0.));
#13954 = PCURVE('',#13397,#13955);
#13955 = DEFINITIONAL_REPRESENTATION('',(#13956),#13960);
#13956 = LINE('',#13957,#13958);
#13957 = CARTESIAN_POINT('',(0.,0.));
#13958 = VECTOR('',#13959,1.);
#13959 = DIRECTION('',(1.,0.));
#13960 = ( GEOMETRIC_REPRESENTATION_CONTEXT(2) 
PARAMETRIC_REPRESENTATION_CONTEXT() REPRESENTATION_CONTEXT('2D SPACE',''
  ) );
#13961 = PCURVE('',#13423,#13962);
#13962 = DEFINITIONAL_REPRESENTATION('',(#13963),#13971);
#13963 = ( BOUNDED_CURVE() B_SPLINE_CURVE(2,(#13964,#13965,#13966,#13967
    ,#13968,#13969,#13970),.UNSPECIFIED.,.T.,.F.) 
B_SPLINE_CURVE_WITH_KNOTS((1,2,2,2,2,1),(-2.094395102393,0.,
    2.094395102393,4.188790204786,6.28318530718,8.377580409573),
.UNSPECIFIED.) CURVE() GEOMETRIC_REPRESENTATION_ITEM() 
RATIONAL_B_SPLINE_CURVE((1.,0.5,1.,0.5,1.,0.5,1.)) REPRESENTATION_ITEM(
  '') );
#13964 = CARTESIAN_POINT('',(-23.,33.5));
#13965 = CARTESIAN_POINT('',(-23.,36.098076211353));
#13966 = CARTESIAN_POINT('',(-20.75,34.799038105677));
#13967 = CARTESIAN_POINT('',(-18.5,33.5));
#13968 = CARTESIAN_POINT('',(-20.75,32.200961894323));
#13969 = CARTESIAN_POINT('',(-23.,30.901923788647));
#13970 = CARTESIAN_POINT('',(-23.,33.5));
#13971 = ( GEOMETRIC_REPRESENTATION_CONTEXT(2) 
PARAMETRIC_REPRESENTATION_CONTEXT() REPRESENTATION_CONTEXT('2D SPACE',''
  ) );
#13972 = ADVANCED_FACE('',(#13973),#13423,.F.);
#13973 = FACE_BOUND('',#13974,.F.);
#13974 = EDGE_LOOP('',(#13975,#13976,#13977,#13978,#13979,#13980,#13981,
    #13982));
#13975 = ORIENTED_EDGE('',*,*,#13409,.F.);
#13976 = ORIENTED_EDGE('',*,*,#13495,.F.);
#13977 = ORIENTED_EDGE('',*,*,#13576,.T.);
#13978 = ORIENTED_EDGE('',*,*,#13657,.F.);
#13979 = ORIENTED_EDGE('',*,*,#13738,.T.);
#13980 = ORIENTED_EDGE('',*,*,#13819,.F.);
#13981 = ORIENTED_EDGE('',*,*,#13895,.F.);
#13982 = ORIENTED_EDGE('',*,*,#13947,.F.);
#13983 = ADVANCED_FACE('',(#13984),#13369,.T.);
#13984 = FACE_BOUND('',#13985,.T.);
#13985 = EDGE_LOOP('',(#13986,#13987,#13988,#13989,#13990,#13991,#13992,
    #13993));
#13986 = ORIENTED_EDGE('',*,*,#13353,.F.);
#13987 = ORIENTED_EDGE('',*,*,#13468,.F.);
#13988 = ORIENTED_EDGE('',*,*,#13525,.T.);
#13989 = ORIENTED_EDGE('',*,*,#13630,.F.);
#13990 = ORIENTED_EDGE('',*,*,#13687,.T.);
#13991 = ORIENTED_EDGE('',*,*,#13792,.F.);
#13992 = ORIENTED_EDGE('',*,*,#13873,.F.);
#13993 = ORIENTED_EDGE('',*,*,#13920,.F.);
#13994 = ( GEOMETRIC_REPRESENTATION_CONTEXT(3) 
GLOBAL_UNCERTAINTY_ASSIGNED_CONTEXT((#13998)) 
GLOBAL_UNIT_ASSIGNED_CONTEXT((#13995,#13996,#13997)) 
REPRESENTATION_CONTEXT('Context #1',
  '3D Context with UNIT and UNCERTAINTY') );
#13995 = ( LENGTH_UNIT() NAMED_UNIT(*) SI_UNIT(.MILLI.,.METRE.) );
#13996 = ( NAMED_UNIT(*) PLANE_ANGLE_UNIT() SI_UNIT($,.RADIAN.) );
#13997 = ( NAMED_UNIT(*) SI_UNIT($,.STERADIAN.) SOLID_ANGLE_UNIT() );
#13998 = UNCERTAINTY_MEASURE_WITH_UNIT(LENGTH_MEASURE(1.E-07),#13995,
  'distance_accuracy_value','confusion accuracy');
#13999 = CONTEXT_DEPENDENT_SHAPE_REPRESENTATION(#14000,#14002);
#14000 = ( REPRESENTATION_RELATIONSHIP('','',#13311,#10) 
REPRESENTATION_RELATIONSHIP_WITH_TRANSFORMATION(#14001) 
SHAPE_REPRESENTATION_RELATIONSHIP() );
#14001 = ITEM_DEFINED_TRANSFORMATION('','',#11,#23);
#14002 = PRODUCT_DEFINITION_SHAPE('Placement','Placement of an item',
  #14003);
#14003 = NEXT_ASSEMBLY_USAGE_OCCURRENCE('3','=>[0:1:1:4]','',#5,#13306,$
  );
#14004 = PRODUCT_RELATED_PRODUCT_CATEGORY('part',$,(#13308));
#14005 = SHAPE_DEFINITION_REPRESENTATION(#14006,#14012);
#14006 = PRODUCT_DEFINITION_SHAPE('','',#14007);
#14007 = PRODUCT_DEFINITION('design','',#14008,#14011);
#14008 = PRODUCT_DEFINITION_FORMATION('','',#14009);
#14009 = PRODUCT('COMPOUND','COMPOUND','',(#14010));
#14010 = PRODUCT_CONTEXT('',#2,'mechanical');
#14011 = PRODUCT_DEFINITION_CONTEXT('part definition',#2,'design');
#14012 = ADVANCED_BREP_SHAPE_REPRESENTATION('',(#11,#14013),#14343);
#14013 = MANIFOLD_SOLID_BREP('',#14014);
#14014 = CLOSED_SHELL('',(#14015,#14135,#14235,#14282,#14329,#14336));
#14015 = ADVANCED_FACE('',(#14016),#14030,.F.);
#14016 = FACE_BOUND('',#14017,.F.);
#14017 = EDGE_LOOP('',(#14018,#14053,#14081,#14109));
#14018 = ORIENTED_EDGE('',*,*,#14019,.F.);
#14019 = EDGE_CURVE('',#14020,#14022,#14024,.T.);
#14020 = VERTEX_POINT('',#14021);
#14021 = CARTESIAN_POINT('',(-12.5,-17.5,0.));
#14022 = VERTEX_POINT('',#14023);
#14023 = CARTESIAN_POINT('',(-12.5,-17.5,4.5));
#14024 = SURFACE_CURVE('',#14025,(#14029,#14041),.PCURVE_S1.);
#14025 = LINE('',#14026,#14027);
#14026 = CARTESIAN_POINT('',(-12.5,-17.5,0.));
#14027 = VECTOR('',#14028,1.);
#14028 = DIRECTION('',(0.,0.,1.));
#14029 = PCURVE('',#14030,#14035);
#14030 = PLANE('',#14031);
#14031 = AXIS2_PLACEMENT_3D('',#14032,#14033,#14034);
#14032 = CARTESIAN_POINT('',(-12.5,-17.5,0.));
#14033 = DIRECTION('',(1.,0.,-0.));
#14034 = DIRECTION('',(0.,0.,1.));
#14035 = DEFINITIONAL_REPRESENTATION('',(#14036),#14040);
#14036 = LINE('',#14037,#14038);
#14037 = CARTESIAN_POINT('',(0.,0.));
#14038 = VECTOR('',#14039,1.);
#14039 = DIRECTION('',(1.,0.));
#14040 = ( GEOMETRIC_REPRESENTATION_CONTEXT(2) 
PARAMETRIC_REPRESENTATION_CONTEXT() REPRESENTATION_CONTEXT('2D SPACE',''
  ) );
#14041 = PCURVE('',#14042,#14047);
#14042 = PLANE('',#14043);
#14043 = AXIS2_PLACEMENT_3D('',#14044,#14045,#14046);
#14044 = CARTESIAN_POINT('',(-12.5,-17.5,0.));
#14045 = DIRECTION('',(-0.,1.,0.));
#14046 = DIRECTION('',(0.,0.,1.));
#14047 = DEFINITIONAL_REPRESENTATION('',(#14048),#14052);
#14048 = LINE('',#14049,#14050);
#14049 = CARTESIAN_POINT('',(0.,0.));
#14050 = VECTOR('',#14051,1.);
#14051 = DIRECTION('',(1.,0.));
#14052 = ( GEOMETRIC_REPRESENTATION_CONTEXT(2) 
PARAMETRIC_REPRESENTATION_CONTEXT() REPRESENTATION_CONTEXT('2D SPACE',''
  ) );
#14053 = ORIENTED_EDGE('',*,*,#14054,.T.);
#14054 = EDGE_CURVE('',#14020,#14055,#14057,.T.);
#14055 = VERTEX_POINT('',#14056);
#14056 = CARTESIAN_POINT('',(-12.5,17.5,0.));
#14057 = SURFACE_CURVE('',#14058,(#14062,#14069),.PCURVE_S1.);
#14058 = LINE('',#14059,#14060);
#14059 = CARTESIAN_POINT('',(-12.5,-17.5,0.));
#14060 = VECTOR('',#14061,1.);
#14061 = DIRECTION('',(-0.,1.,0.));
#14062 = PCURVE('',#14030,#14063);
#14063 = DEFINITIONAL_REPRESENTATION('',(#14064),#14068);
#14064 = LINE('',#14065,#14066);
#14065 = CARTESIAN_POINT('',(0.,0.));
#14066 = VECTOR('',#14067,1.);
#14067 = DIRECTION('',(0.,-1.));
#14068 = ( GEOMETRIC_REPRESENTATION_CONTEXT(2) 
PARAMETRIC_REPRESENTATION_CONTEXT() REPRESENTATION_CONTEXT('2D SPACE',''
  ) );
#14069 = PCURVE('',#14070,#14075);
#14070 = PLANE('',#14071);
#14071 = AXIS2_PLACEMENT_3D('',#14072,#14073,#14074);
#14072 = CARTESIAN_POINT('',(-12.5,-17.5,0.));
#14073 = DIRECTION('',(0.,0.,1.));
#14074 = DIRECTION('',(1.,0.,-0.));
#14075 = DEFINITIONAL_REPRESENTATION('',(#14076),#14080);
#14076 = LINE('',#14077,#14078);
#14077 = CARTESIAN_POINT('',(0.,0.));
#14078 = VECTOR('',#14079,1.);
#14079 = DIRECTION('',(0.,1.));
#14080 = ( GEOMETRIC_REPRESENTATION_CONTEXT(2) 
PARAMETRIC_REPRESENTATION_CONTEXT() REPRESENTATION_CONTEXT('2D SPACE',''
  ) );
#14081 = ORIENTED_EDGE('',*,*,#14082,.T.);
#14082 = EDGE_CURVE('',#14055,#14083,#14085,.T.);
#14083 = VERTEX_POINT('',#14084);
#14084 = CARTESIAN_POINT('',(-12.5,17.5,4.5));
#14085 = SURFACE_CURVE('',#14086,(#14090,#14097),.PCURVE_S1.);
#14086 = LINE('',#14087,#14088);
#14087 = CARTESIAN_POINT('',(-12.5,17.5,0.));
#14088 = VECTOR('',#14089,1.);
#14089 = DIRECTION('',(0.,0.,1.));
#14090 = PCURVE('',#14030,#14091);
#14091 = DEFINITIONAL_REPRESENTATION('',(#14092),#14096);
#14092 = LINE('',#14093,#14094);
#14093 = CARTESIAN_POINT('',(0.,-35.));
#14094 = VECTOR('',#14095,1.);
#14095 = DIRECTION('',(1.,0.));
#14096 = ( GEOMETRIC_REPRESENTATION_CONTEXT(2) 
PARAMETRIC_REPRESENTATION_CONTEXT() REPRESENTATION_CONTEXT('2D SPACE',''
  ) );
#14097 = PCURVE('',#14098,#14103);
#14098 = PLANE('',#14099);
#14099 = AXIS2_PLACEMENT_3D('',#14100,#14101,#14102);
#14100 = CARTESIAN_POINT('',(-12.5,17.5,0.));
#14101 = DIRECTION('',(-0.,1.,0.));
#14102 = DIRECTION('',(0.,0.,1.));
#14103 = DEFINITIONAL_REPRESENTATION('',(#14104),#14108);
#14104 = LINE('',#14105,#14106);
#14105 = CARTESIAN_POINT('',(0.,0.));
#14106 = VECTOR('',#14107,1.);
#14107 = DIRECTION('',(1.,0.));
#14108 = ( GEOMETRIC_REPRESENTATION_CONTEXT(2) 
PARAMETRIC_REPRESENTATION_CONTEXT() REPRESENTATION_CONTEXT('2D SPACE',''
  ) );
#14109 = ORIENTED_EDGE('',*,*,#14110,.F.);
#14110 = EDGE_CURVE('',#14022,#14083,#14111,.T.);
#14111 = SURFACE_CURVE('',#14112,(#14116,#14123),.PCURVE_S1.);
#14112 = LINE('',#14113,#14114);
#14113 = CARTESIAN_POINT('',(-12.5,-17.5,4.5));
#14114 = VECTOR('',#14115,1.);
#14115 = DIRECTION('',(-0.,1.,0.));
#14116 = PCURVE('',#14030,#14117);
#14117 = DEFINITIONAL_REPRESENTATION('',(#14118),#14122);
#14118 = LINE('',#14119,#14120);
#14119 = CARTESIAN_POINT('',(4.5,0.));
#14120 = VECTOR('',#14121,1.);
#14121 = DIRECTION('',(0.,-1.));
#14122 = ( GEOMETRIC_REPRESENTATION_CONTEXT(2) 
PARAMETRIC_REPRESENTATION_CONTEXT() REPRESENTATION_CONTEXT('2D SPACE',''
  ) );
#14123 = PCURVE('',#14124,#14129);
#14124 = PLANE('',#14125);
#14125 = AXIS2_PLACEMENT_3D('',#14126,#14127,#14128);
#14126 = CARTESIAN_POINT('',(-12.5,-17.5,4.5));
#14127 = DIRECTION('',(0.,0.,1.));
#14128 = DIRECTION('',(1.,0.,-0.));
#14129 = DEFINITIONAL_REPRESENTATION('',(#14130),#14134);
#14130 = LINE('',#14131,#14132);
#14131 = CARTESIAN_POINT('',(0.,0.));
#14132 = VECTOR('',#14133,1.);
#14133 = DIRECTION('',(0.,1.));
#14134 = ( GEOMETRIC_REPRESENTATION_CONTEXT(2) 
PARAMETRIC_REPRESENTATION_CONTEXT() REPRESENTATION_CONTEXT('2D SPACE',''
  ) );
#14135 = ADVANCED_FACE('',(#14136),#14150,.T.);
#14136 = FACE_BOUND('',#14137,.T.);
#14137 = EDGE_LOOP('',(#14138,#14168,#14191,#14214));
#14138 = ORIENTED_EDGE('',*,*,#14139,.F.);
#14139 = EDGE_CURVE('',#14140,#14142,#14144,.T.);
#14140 = VERTEX_POINT('',#14141);
#14141 = CARTESIAN_POINT('',(12.5,-17.5,0.));
#14142 = VERTEX_POINT('',#14143);
#14143 = CARTESIAN_POINT('',(12.5,-17.5,4.5));
#14144 = SURFACE_CURVE('',#14145,(#14149,#14161),.PCURVE_S1.);
#14145 = LINE('',#14146,#14147);
#14146 = CARTESIAN_POINT('',(12.5,-17.5,0.));
#14147 = VECTOR('',#14148,1.);
#14148 = DIRECTION('',(0.,0.,1.));
#14149 = PCURVE('',#14150,#14155);
#14150 = PLANE('',#14151);
#14151 = AXIS2_PLACEMENT_3D('',#14152,#14153,#14154);
#14152 = CARTESIAN_POINT('',(12.5,-17.5,0.));
#14153 = DIRECTION('',(1.,0.,-0.));
#14154 = DIRECTION('',(0.,0.,1.));
#14155 = DEFINITIONAL_REPRESENTATION('',(#14156),#14160);
#14156 = LINE('',#14157,#14158);
#14157 = CARTESIAN_POINT('',(0.,0.));
#14158 = VECTOR('',#14159,1.);
#14159 = DIRECTION('',(1.,0.));
#14160 = ( GEOMETRIC_REPRESENTATION_CONTEXT(2) 
PARAMETRIC_REPRESENTATION_CONTEXT() REPRESENTATION_CONTEXT('2D SPACE',''
  ) );
#14161 = PCURVE('',#14042,#14162);
#14162 = DEFINITIONAL_REPRESENTATION('',(#14163),#14167);
#14163 = LINE('',#14164,#14165);
#14164 = CARTESIAN_POINT('',(0.,25.));
#14165 = VECTOR('',#14166,1.);
#14166 = DIRECTION('',(1.,0.));
#14167 = ( GEOMETRIC_REPRESENTATION_CONTEXT(2) 
PARAMETRIC_REPRESENTATION_CONTEXT() REPRESENTATION_CONTEXT('2D SPACE',''
  ) );
#14168 = ORIENTED_EDGE('',*,*,#14169,.T.);
#14169 = EDGE_CURVE('',#14140,#14170,#14172,.T.);
#14170 = VERTEX_POINT('',#14171);
#14171 = CARTESIAN_POINT('',(12.5,17.5,0.));
#14172 = SURFACE_CURVE('',#14173,(#14177,#14184),.PCURVE_S1.);
#14173 = LINE('',#14174,#14175);
#14174 = CARTESIAN_POINT('',(12.5,-17.5,0.));
#14175 = VECTOR('',#14176,1.);
#14176 = DIRECTION('',(-0.,1.,0.));
#14177 = PCURVE('',#14150,#14178);
#14178 = DEFINITIONAL_REPRESENTATION('',(#14179),#14183);
#14179 = LINE('',#14180,#14181);
#14180 = CARTESIAN_POINT('',(0.,0.));
#14181 = VECTOR('',#14182,1.);
#14182 = DIRECTION('',(0.,-1.));
#14183 = ( GEOMETRIC_REPRESENTATION_CONTEXT(2) 
PARAMETRIC_REPRESENTATION_CONTEXT() REPRESENTATION_CONTEXT('2D SPACE',''
  ) );
#14184 = PCURVE('',#14070,#14185);
#14185 = DEFINITIONAL_REPRESENTATION('',(#14186),#14190);
#14186 = LINE('',#14187,#14188);
#14187 = CARTESIAN_POINT('',(25.,0.));
#14188 = VECTOR('',#14189,1.);
#14189 = DIRECTION('',(0.,1.));
#14190 = ( GEOMETRIC_REPRESENTATION_CONTEXT(2) 
PARAMETRIC_REPRESENTATION_CONTEXT() REPRESENTATION_CONTEXT('2D SPACE',''
  ) );
#14191 = ORIENTED_EDGE('',*,*,#14192,.T.);
#14192 = EDGE_CURVE('',#14170,#14193,#14195,.T.);
#14193 = VERTEX_POINT('',#14194);
#14194 = CARTESIAN_POINT('',(12.5,17.5,4.5));
#14195 = SURFACE_CURVE('',#14196,(#14200,#14207),.PCURVE_S1.);
#14196 = LINE('',#14197,#14198);
#14197 = CARTESIAN_POINT('',(12.5,17.5,0.));
#14198 = VECTOR('',#14199,1.);
#14199 = DIRECTION('',(0.,0.,1.));
#14200 = PCURVE('',#14150,#14201);
#14201 = DEFINITIONAL_REPRESENTATION('',(#14202),#14206);
#14202 = LINE('',#14203,#14204);
#14203 = CARTESIAN_POINT('',(0.,-35.));
#14204 = VECTOR('',#14205,1.);
#14205 = DIRECTION('',(1.,0.));
#14206 = ( GEOMETRIC_REPRESENTATION_CONTEXT(2) 
PARAMETRIC_REPRESENTATION_CONTEXT() REPRESENTATION_CONTEXT('2D SPACE',''
  ) );
#14207 = PCURVE('',#14098,#14208);
#14208 = DEFINITIONAL_REPRESENTATION('',(#14209),#14213);
#14209 = LINE('',#14210,#14211);
#14210 = CARTESIAN_POINT('',(0.,25.));
#14211 = VECTOR('',#14212,1.);
#14212 = DIRECTION('',(1.,0.));
#14213 = ( GEOMETRIC_REPRESENTATION_CONTEXT(2) 
PARAMETRIC_REPRESENTATION_CONTEXT() REPRESENTATION_CONTEXT('2D SPACE',''
  ) );
#14214 = ORIENTED_EDGE('',*,*,#14215,.F.);
#14215 = EDGE_CURVE('',#14142,#14193,#14216,.T.);
#14216 = SURFACE_CURVE('',#14217,(#14221,#14228),.PCURVE_S1.);
#14217 = LINE('',#14218,#14219);
#14218 = CARTESIAN_POINT('',(12.5,-17.5,4.5));
#14219 = VECTOR('',#14220,1.);
#14220 = DIRECTION('',(-0.,1.,0.));
#14221 = PCURVE('',#14150,#14222);
#14222 = DEFINITIONAL_REPRESENTATION('',(#14223),#14227);
#14223 = LINE('',#14224,#14225);
#14224 = CARTESIAN_POINT('',(4.5,0.));
#14225 = VECTOR('',#14226,1.);
#14226 = DIRECTION('',(0.,-1.));
#14227 = ( GEOMETRIC_REPRESENTATION_CONTEXT(2) 
PARAMETRIC_REPRESENTATION_CONTEXT() REPRESENTATION_CONTEXT('2D SPACE',''
  ) );
#14228 = PCURVE('',#14124,#14229);
#14229 = DEFINITIONAL_REPRESENTATION('',(#14230),#14234);
#14230 = LINE('',#14231,#14232);
#14231 = CARTESIAN_POINT('',(25.,0.));
#14232 = VECTOR('',#14233,1.);
#14233 = DIRECTION('',(0.,1.));
#14234 = ( GEOMETRIC_REPRESENTATION_CONTEXT(2) 
PARAMETRIC_REPRESENTATION_CONTEXT() REPRESENTATION_CONTEXT('2D SPACE',''
  ) );
#14235 = ADVANCED_FACE('',(#14236),#14042,.F.);
#14236 = FACE_BOUND('',#14237,.F.);
#14237 = EDGE_LOOP('',(#14238,#14259,#14260,#14281));
#14238 = ORIENTED_EDGE('',*,*,#14239,.F.);
#14239 = EDGE_CURVE('',#14020,#14140,#14240,.T.);
#14240 = SURFACE_CURVE('',#14241,(#14245,#14252),.PCURVE_S1.);
#14241 = LINE('',#14242,#14243);
#14242 = CARTESIAN_POINT('',(-12.5,-17.5,0.));
#14243 = VECTOR('',#14244,1.);
#14244 = DIRECTION('',(1.,0.,-0.));
#14245 = PCURVE('',#14042,#14246);
#14246 = DEFINITIONAL_REPRESENTATION('',(#14247),#14251);
#14247 = LINE('',#14248,#14249);
#14248 = CARTESIAN_POINT('',(0.,0.));
#14249 = VECTOR('',#14250,1.);
#14250 = DIRECTION('',(0.,1.));
#14251 = ( GEOMETRIC_REPRESENTATION_CONTEXT(2) 
PARAMETRIC_REPRESENTATION_CONTEXT() REPRESENTATION_CONTEXT('2D SPACE',''
  ) );
#14252 = PCURVE('',#14070,#14253);
#14253 = DEFINITIONAL_REPRESENTATION('',(#14254),#14258);
#14254 = LINE('',#14255,#14256);
#14255 = CARTESIAN_POINT('',(0.,0.));
#14256 = VECTOR('',#14257,1.);
#14257 = DIRECTION('',(1.,0.));
#14258 = ( GEOMETRIC_REPRESENTATION_CONTEXT(2) 
PARAMETRIC_REPRESENTATION_CONTEXT() REPRESENTATION_CONTEXT('2D SPACE',''
  ) );
#14259 = ORIENTED_EDGE('',*,*,#14019,.T.);
#14260 = ORIENTED_EDGE('',*,*,#14261,.T.);
#14261 = EDGE_CURVE('',#14022,#14142,#14262,.T.);
#14262 = SURFACE_CURVE('',#14263,(#14267,#14274),.PCURVE_S1.);
#14263 = LINE('',#14264,#14265);
#14264 = CARTESIAN_POINT('',(-12.5,-17.5,4.5));
#14265 = VECTOR('',#14266,1.);
#14266 = DIRECTION('',(1.,0.,-0.));
#14267 = PCURVE('',#14042,#14268);
#14268 = DEFINITIONAL_REPRESENTATION('',(#14269),#14273);
#14269 = LINE('',#14270,#14271);
#14270 = CARTESIAN_POINT('',(4.5,0.));
#14271 = VECTOR('',#14272,1.);
#14272 = DIRECTION('',(0.,1.));
#14273 = ( GEOMETRIC_REPRESENTATION_CONTEXT(2) 
PARAMETRIC_REPRESENTATION_CONTEXT() REPRESENTATION_CONTEXT('2D SPACE',''
  ) );
#14274 = PCURVE('',#14124,#14275);
#14275 = DEFINITIONAL_REPRESENTATION('',(#14276),#14280);
#14276 = LINE('',#14277,#14278);
#14277 = CARTESIAN_POINT('',(0.,0.));
#14278 = VECTOR('',#14279,1.);
#14279 = DIRECTION('',(1.,0.));
#14280 = ( GEOMETRIC_REPRESENTATION_CONTEXT(2) 
PARAMETRIC_REPRESENTATION_CONTEXT() REPRESENTATION_CONTEXT('2D SPACE',''
  ) );
#14281 = ORIENTED_EDGE('',*,*,#14139,.F.);
#14282 = ADVANCED_FACE('',(#14283),#14098,.T.);
#14283 = FACE_BOUND('',#14284,.T.);
#14284 = EDGE_LOOP('',(#14285,#14306,#14307,#14328));
#14285 = ORIENTED_EDGE('',*,*,#14286,.F.);
#14286 = EDGE_CURVE('',#14055,#14170,#14287,.T.);
#14287 = SURFACE_CURVE('',#14288,(#14292,#14299),.PCURVE_S1.);
#14288 = LINE('',#14289,#14290);
#14289 = CARTESIAN_POINT('',(-12.5,17.5,0.));
#14290 = VECTOR('',#14291,1.);
#14291 = DIRECTION('',(1.,0.,-0.));
#14292 = PCURVE('',#14098,#14293);
#14293 = DEFINITIONAL_REPRESENTATION('',(#14294),#14298);
#14294 = LINE('',#14295,#14296);
#14295 = CARTESIAN_POINT('',(0.,0.));
#14296 = VECTOR('',#14297,1.);
#14297 = DIRECTION('',(0.,1.));
#14298 = ( GEOMETRIC_REPRESENTATION_CONTEXT(2) 
PARAMETRIC_REPRESENTATION_CONTEXT() REPRESENTATION_CONTEXT('2D SPACE',''
  ) );
#14299 = PCURVE('',#14070,#14300);
#14300 = DEFINITIONAL_REPRESENTATION('',(#14301),#14305);
#14301 = LINE('',#14302,#14303);
#14302 = CARTESIAN_POINT('',(0.,35.));
#14303 = VECTOR('',#14304,1.);
#14304 = DIRECTION('',(1.,0.));
#14305 = ( GEOMETRIC_REPRESENTATION_CONTEXT(2) 
PARAMETRIC_REPRESENTATION_CONTEXT() REPRESENTATION_CONTEXT('2D SPACE',''
  ) );
#14306 = ORIENTED_EDGE('',*,*,#14082,.T.);
#14307 = ORIENTED_EDGE('',*,*,#14308,.T.);
#14308 = EDGE_CURVE('',#14083,#14193,#14309,.T.);
#14309 = SURFACE_CURVE('',#14310,(#14314,#14321),.PCURVE_S1.);
#14310 = LINE('',#14311,#14312);
#14311 = CARTESIAN_POINT('',(-12.5,17.5,4.5));
#14312 = VECTOR('',#14313,1.);
#14313 = DIRECTION('',(1.,0.,-0.));
#14314 = PCURVE('',#14098,#14315);
#14315 = DEFINITIONAL_REPRESENTATION('',(#14316),#14320);
#14316 = LINE('',#14317,#14318);
#14317 = CARTESIAN_POINT('',(4.5,0.));
#14318 = VECTOR('',#14319,1.);
#14319 = DIRECTION('',(0.,1.));
#14320 = ( GEOMETRIC_REPRESENTATION_CONTEXT(2) 
PARAMETRIC_REPRESENTATION_CONTEXT() REPRESENTATION_CONTEXT('2D SPACE',''
  ) );
#14321 = PCURVE('',#14124,#14322);
#14322 = DEFINITIONAL_REPRESENTATION('',(#14323),#14327);
#14323 = LINE('',#14324,#14325);
#14324 = CARTESIAN_POINT('',(0.,35.));
#14325 = VECTOR('',#14326,1.);
#14326 = DIRECTION('',(1.,0.));
#14327 = ( GEOMETRIC_REPRESENTATION_CONTEXT(2) 
PARAMETRIC_REPRESENTATION_CONTEXT() REPRESENTATION_CONTEXT('2D SPACE',''
  ) );
#14328 = ORIENTED_EDGE('',*,*,#14192,.F.);
#14329 = ADVANCED_FACE('',(#14330),#14070,.F.);
#14330 = FACE_BOUND('',#14331,.F.);
#14331 = EDGE_LOOP('',(#14332,#14333,#14334,#14335));
#14332 = ORIENTED_EDGE('',*,*,#14054,.F.);
#14333 = ORIENTED_EDGE('',*,*,#14239,.T.);
#14334 = ORIENTED_EDGE('',*,*,#14169,.T.);
#14335 = ORIENTED_EDGE('',*,*,#14286,.F.);
#14336 = ADVANCED_FACE('',(#14337),#14124,.T.);
#14337 = FACE_BOUND('',#14338,.T.);
#14338 = EDGE_LOOP('',(#14339,#14340,#14341,#14342));
#14339 = ORIENTED_EDGE('',*,*,#14110,.F.);
#14340 = ORIENTED_EDGE('',*,*,#14261,.T.);
#14341 = ORIENTED_EDGE('',*,*,#14215,.T.);
#14342 = ORIENTED_EDGE('',*,*,#14308,.F.);
#14343 = ( GEOMETRIC_REPRESENTATION_CONTEXT(3) 
GLOBAL_UNCERTAINTY_ASSIGNED_CONTEXT((#14347)) 
GLOBAL_UNIT_ASSIGNED_CONTEXT((#14344,#14345,#14346)) 
REPRESENTATION_CONTEXT('Context #1',
  '3D Context with UNIT and UNCERTAINTY') );
#14344 = ( LENGTH_UNIT() NAMED_UNIT(*) SI_UNIT(.MILLI.,.METRE.) );
#14345 = ( NAMED_UNIT(*) PLANE_ANGLE_UNIT() SI_UNIT($,.RADIAN.) );
#14346 = ( NAMED_UNIT(*) SI_UNIT($,.STERADIAN.) SOLID_ANGLE_UNIT() );
#14347 = UNCERTAINTY_MEASURE_WITH_UNIT(LENGTH_MEASURE(1.E-07),#14344,
  'distance_accuracy_value','confusion accuracy');
#14348 = CONTEXT_DEPENDENT_SHAPE_REPRESENTATION(#14349,#14351);
#14349 = ( REPRESENTATION_RELATIONSHIP('','',#14012,#10) 
REPRESENTATION_RELATIONSHIP_WITH_TRANSFORMATION(#14350) 
SHAPE_REPRESENTATION_RELATIONSHIP() );
#14350 = ITEM_DEFINED_TRANSFORMATION('','',#11,#27);
#14351 = PRODUCT_DEFINITION_SHAPE('Placement','Placement of an item',
  #14352);
#14352 = NEXT_ASSEMBLY_USAGE_OCCURRENCE('4','=>[0:1:1:5]','',#5,#14007,$
  );
#14353 = PRODUCT_RELATED_PRODUCT_CATEGORY('part',$,(#14009));
ENDSEC;
END-ISO-10303-21;
