ISO-10303-21;
HEADER;
FILE_DESCRIPTION(('Open CASCADE Model'),'2;1');
FILE_NAME('Open CASCADE Shape Model','2026-10-07T17:34:35',('Author'),(
    'Open CASCADE'),'Open CASCADE STEP processor 8.0','build123d',
  'Unknown');
FILE_SCHEMA(('AUTOMOTIVE_DESIGN { 1 0 10303 214 1 1 1 1 }'));
ENDSEC;
DATA;
#1 = APPLICATION_PROTOCOL_DEFINITION('international standard',
  'automotive_design',2000,#2);
#2 = APPLICATION_CONTEXT(
  'core data for automotive mechanical design processes');
#3 = SHAPE_DEFINITION_REPRESENTATION(#4,#10);
#4 = PRODUCT_DEFINITION_SHAPE('','',#5);
#5 = PRODUCT_DEFINITION('design','',#6,#9);
#6 = PRODUCT_DEFINITION_FORMATION('','',#7);
#7 = PRODUCT('COMPOUND','COMPOUND','',(#8));
#8 = PRODUCT_CONTEXT('',#2,'mechanical');
#9 = PRODUCT_DEFINITION_CONTEXT('part definition',#2,'design');
#10 = ADVANCED_BREP_SHAPE_REPRESENTATION('',(#11,#15),#5773);
#11 = AXIS2_PLACEMENT_3D('',#12,#13,#14);
#12 = CARTESIAN_POINT('',(0.,0.,0.));
#13 = DIRECTION('',(0.,0.,1.));
#14 = DIRECTION('',(1.,0.,-0.));
#15 = MANIFOLD_SOLID_BREP('',#16);
#16 = CLOSED_SHELL('',(#17,#135,#961,#1014,#2593,#2618,#2643,#2668,#2695
    ,#2722,#2855,#2882,#2907,#2932,#2957,#2982,#3009,#3036,#3043,#3098,
    #3153,#3208,#3284,#3428,#3572,#3621,#3756,#3905,#4049,#4076,#4126,
    #4222,#4318,#4414,#4510,#4586,#4655,#4682,#4731,#4740,#4749,#4758,
    #5133,#5142,#5149,#5225,#5274,#5323,#5350,#5426,#5475,#5524,#5551,
    #5627,#5676,#5725,#5752,#5759,#5766));
#17 = ADVANCED_FACE('',(#18),#32,.T.);
#18 = FACE_BOUND('',#19,.T.);
#19 = EDGE_LOOP('',(#20,#55,#83,#109));
#20 = ORIENTED_EDGE('',*,*,#21,.F.);
#21 = EDGE_CURVE('',#22,#24,#26,.T.);
#22 = VERTEX_POINT('',#23);
#23 = CARTESIAN_POINT('',(-25.15,-32.15,4.8));
#24 = VERTEX_POINT('',#25);
#25 = CARTESIAN_POINT('',(-25.15,32.15,4.8));
#26 = SURFACE_CURVE('',#27,(#31,#43),.PCURVE_S1.);
#27 = LINE('',#28,#29);
#28 = CARTESIAN_POINT('',(-25.15,0.,4.8));
#29 = VECTOR('',#30,1.);
#30 = DIRECTION('',(0.,1.,0.));
#31 = PCURVE('',#32,#37);
#32 = PLANE('',#33);
#33 = AXIS2_PLACEMENT_3D('',#34,#35,#36);
#34 = CARTESIAN_POINT('',(-25.15,-32.15,4.8));
#35 = DIRECTION('',(-1.,0.,0.));
#36 = DIRECTION('',(0.,1.,0.));
#37 = DEFINITIONAL_REPRESENTATION('',(#38),#42);
#38 = LINE('',#39,#40);
#39 = CARTESIAN_POINT('',(32.15,0.));
#40 = VECTOR('',#41,1.);
#41 = DIRECTION('',(1.,0.));
#42 = ( GEOMETRIC_REPRESENTATION_CONTEXT(2) 
PARAMETRIC_REPRESENTATION_CONTEXT() REPRESENTATION_CONTEXT('2D SPACE',''
  ) );
#43 = PCURVE('',#44,#49);
#44 = PLANE('',#45);
#45 = AXIS2_PLACEMENT_3D('',#46,#47,#48);
#46 = CARTESIAN_POINT('',(0.,-2.0701883982E-15,4.8));
#47 = DIRECTION('',(0.,0.,1.));
#48 = DIRECTION('',(1.,0.,-0.));
#49 = DEFINITIONAL_REPRESENTATION('',(#50),#54);
#50 = LINE('',#51,#52);
#51 = CARTESIAN_POINT('',(-25.15,2.0701883982E-15));
#52 = VECTOR('',#53,1.);
#53 = DIRECTION('',(0.,1.));
#54 = ( GEOMETRIC_REPRESENTATION_CONTEXT(2) 
PARAMETRIC_REPRESENTATION_CONTEXT() REPRESENTATION_CONTEXT('2D SPACE',''
  ) );
#55 = ORIENTED_EDGE('',*,*,#56,.T.);
#56 = EDGE_CURVE('',#22,#57,#59,.T.);
#57 = VERTEX_POINT('',#58);
#58 = CARTESIAN_POINT('',(-25.15,-32.15,9.376561699277));
#59 = SURFACE_CURVE('',#60,(#64,#71),.PCURVE_S1.);
#60 = LINE('',#61,#62);
#61 = CARTESIAN_POINT('',(-25.15,-32.15,4.8));
#62 = VECTOR('',#63,1.);
#63 = DIRECTION('',(0.,0.,1.));
#64 = PCURVE('',#32,#65);
#65 = DEFINITIONAL_REPRESENTATION('',(#66),#70);
#66 = LINE('',#67,#68);
#67 = CARTESIAN_POINT('',(0.,0.));
#68 = VECTOR('',#69,1.);
#69 = DIRECTION('',(0.,-1.));
#70 = ( GEOMETRIC_REPRESENTATION_CONTEXT(2) 
PARAMETRIC_REPRESENTATION_CONTEXT() REPRESENTATION_CONTEXT('2D SPACE',''
  ) );
#71 = PCURVE('',#72,#77);
#72 = CYLINDRICAL_SURFACE('',#73,5.);
#73 = AXIS2_PLACEMENT_3D('',#74,#75,#76);
#74 = CARTESIAN_POINT('',(-20.15,-32.15,4.8));
#75 = DIRECTION('',(0.,0.,-1.));
#76 = DIRECTION('',(-1.,0.,0.));
#77 = DEFINITIONAL_REPRESENTATION('',(#78),#82);
#78 = LINE('',#79,#80);
#79 = CARTESIAN_POINT('',(6.28318530718,0.));
#80 = VECTOR('',#81,1.);
#81 = DIRECTION('',(0.,-1.));
#82 = ( GEOMETRIC_REPRESENTATION_CONTEXT(2) 
PARAMETRIC_REPRESENTATION_CONTEXT() REPRESENTATION_CONTEXT('2D SPACE',''
  ) );
#83 = ORIENTED_EDGE('',*,*,#84,.F.);
#84 = EDGE_CURVE('',#85,#57,#87,.T.);
#85 = VERTEX_POINT('',#86);
#86 = CARTESIAN_POINT('',(-25.15,32.15,9.376561699277));
#87 = SURFACE_CURVE('',#88,(#92,#98),.PCURVE_S1.);
#88 = LINE('',#89,#90);
#89 = CARTESIAN_POINT('',(-25.15,111.45,9.376561699277));
#90 = VECTOR('',#91,1.);
#91 = DIRECTION('',(0.,-1.,2.22044604925E-16));
#92 = PCURVE('',#32,#93);
#93 = DEFINITIONAL_REPRESENTATION('',(#94),#97);
#94 = B_SPLINE_CURVE_WITH_KNOTS('',1,(#95,#96),.UNSPECIFIED.,.F.,.F.,(2,
    2),(72.87,150.03),.PIECEWISE_BEZIER_KNOTS.);
#95 = CARTESIAN_POINT('',(70.73,-4.576561699277));
#96 = CARTESIAN_POINT('',(-6.43,-4.576561699277));
#97 = ( GEOMETRIC_REPRESENTATION_CONTEXT(2) 
PARAMETRIC_REPRESENTATION_CONTEXT() REPRESENTATION_CONTEXT('2D SPACE',''
  ) );
#98 = PCURVE('',#99,#104);
#99 = CYLINDRICAL_SURFACE('',#100,150.);
#100 = AXIS2_PLACEMENT_3D('',#101,#102,#103);
#101 = CARTESIAN_POINT('',(0.,111.45,-138.5));
#102 = DIRECTION('',(0.,-1.,2.22044604925E-16));
#103 = DIRECTION('',(1.,0.,0.));
#104 = DEFINITIONAL_REPRESENTATION('',(#105),#108);
#105 = B_SPLINE_CURVE_WITH_KNOTS('',1,(#106,#107),.UNSPECIFIED.,.F.,.F.,
  (2,2),(72.87,150.03),.PIECEWISE_BEZIER_KNOTS.);
#106 = CARTESIAN_POINT('',(1.739258678239,72.87));
#107 = CARTESIAN_POINT('',(1.739258678239,150.03));
#108 = ( GEOMETRIC_REPRESENTATION_CONTEXT(2) 
PARAMETRIC_REPRESENTATION_CONTEXT() REPRESENTATION_CONTEXT('2D SPACE',''
  ) );
#109 = ORIENTED_EDGE('',*,*,#110,.F.);
#110 = EDGE_CURVE('',#24,#85,#111,.T.);
#111 = SURFACE_CURVE('',#112,(#116,#123),.PCURVE_S1.);
#112 = LINE('',#113,#114);
#113 = CARTESIAN_POINT('',(-25.15,32.15,4.8));
#114 = VECTOR('',#115,1.);
#115 = DIRECTION('',(0.,0.,1.));
#116 = PCURVE('',#32,#117);
#117 = DEFINITIONAL_REPRESENTATION('',(#118),#122);
#118 = LINE('',#119,#120);
#119 = CARTESIAN_POINT('',(64.3,0.));
#120 = VECTOR('',#121,1.);
#121 = DIRECTION('',(0.,-1.));
#122 = ( GEOMETRIC_REPRESENTATION_CONTEXT(2) 
PARAMETRIC_REPRESENTATION_CONTEXT() REPRESENTATION_CONTEXT('2D SPACE',''
  ) );
#123 = PCURVE('',#124,#129);
#124 = CYLINDRICAL_SURFACE('',#125,5.);
#125 = AXIS2_PLACEMENT_3D('',#126,#127,#128);
#126 = CARTESIAN_POINT('',(-20.15,32.15,4.8));
#127 = DIRECTION('',(0.,0.,-1.));
#128 = DIRECTION('',(-1.,0.,0.));
#129 = DEFINITIONAL_REPRESENTATION('',(#130),#134);
#130 = LINE('',#131,#132);
#131 = CARTESIAN_POINT('',(0.,0.));
#132 = VECTOR('',#133,1.);
#133 = DIRECTION('',(0.,-1.));
#134 = ( GEOMETRIC_REPRESENTATION_CONTEXT(2) 
PARAMETRIC_REPRESENTATION_CONTEXT() REPRESENTATION_CONTEXT('2D SPACE',''
  ) );
#135 = ADVANCED_FACE('',(#136,#599,#630,#661,#692,#930),#44,.F.);
#136 = FACE_BOUND('',#137,.F.);
#137 = EDGE_LOOP('',(#138,#139,#167,#196,#229,#257,#290,#323,#356,#384,
    #417,#450,#483,#511,#544,#573));
#138 = ORIENTED_EDGE('',*,*,#21,.F.);
#139 = ORIENTED_EDGE('',*,*,#140,.F.);
#140 = EDGE_CURVE('',#141,#22,#143,.T.);
#141 = VERTEX_POINT('',#142);
#142 = CARTESIAN_POINT('',(-25.13766532639,-32.50099087156,4.8));
#143 = SURFACE_CURVE('',#144,(#149,#160),.PCURVE_S1.);
#144 = CIRCLE('',#145,5.);
#145 = AXIS2_PLACEMENT_3D('',#146,#147,#148);
#146 = CARTESIAN_POINT('',(-20.15,-32.15,4.8));
#147 = DIRECTION('',(0.,0.,-1.));
#148 = DIRECTION('',(-1.,0.,0.));
#149 = PCURVE('',#44,#150);
#150 = DEFINITIONAL_REPRESENTATION('',(#151),#159);
#151 = ( BOUNDED_CURVE() B_SPLINE_CURVE(2,(#152,#153,#154,#155,#156,#157
,#158),.UNSPECIFIED.,.T.,.F.) B_SPLINE_CURVE_WITH_KNOTS((1,2,2,2,2,1),(
    -2.094395102393,0.,2.094395102393,4.188790204786,6.28318530718,
8.377580409573),.UNSPECIFIED.) CURVE() GEOMETRIC_REPRESENTATION_ITEM() 
RATIONAL_B_SPLINE_CURVE((1.,0.5,1.,0.5,1.,0.5,1.)) REPRESENTATION_ITEM(
  '') );
#152 = CARTESIAN_POINT('',(-25.15,-32.15));
#153 = CARTESIAN_POINT('',(-25.15,-23.48974596215));
#154 = CARTESIAN_POINT('',(-17.65,-27.81987298107));
#155 = CARTESIAN_POINT('',(-10.15,-32.15));
#156 = CARTESIAN_POINT('',(-17.65,-36.48012701892));
#157 = CARTESIAN_POINT('',(-25.15,-40.81025403784));
#158 = CARTESIAN_POINT('',(-25.15,-32.15));
#159 = ( GEOMETRIC_REPRESENTATION_CONTEXT(2) 
PARAMETRIC_REPRESENTATION_CONTEXT() REPRESENTATION_CONTEXT('2D SPACE',''
  ) );
#160 = PCURVE('',#72,#161);
#161 = DEFINITIONAL_REPRESENTATION('',(#162),#166);
#162 = LINE('',#163,#164);
#163 = CARTESIAN_POINT('',(0.,0.));
#164 = VECTOR('',#165,1.);
#165 = DIRECTION('',(1.,0.));
#166 = ( GEOMETRIC_REPRESENTATION_CONTEXT(2) 
PARAMETRIC_REPRESENTATION_CONTEXT() REPRESENTATION_CONTEXT('2D SPACE',''
  ) );
#167 = ORIENTED_EDGE('',*,*,#168,.T.);
#168 = EDGE_CURVE('',#141,#169,#171,.T.);
#169 = VERTEX_POINT('',#170);
#170 = CARTESIAN_POINT('',(-20.50099087156,-37.13766532639,4.8));
#171 = SURFACE_CURVE('',#172,(#177,#184),.PCURVE_S1.);
#172 = CIRCLE('',#173,3.5);
#173 = AXIS2_PLACEMENT_3D('',#174,#175,#176);
#174 = CARTESIAN_POINT('',(-23.68553390593,-35.68553390593,4.8));
#175 = DIRECTION('',(0.,0.,1.));
#176 = DIRECTION('',(1.,0.,-0.));
#177 = PCURVE('',#44,#178);
#178 = DEFINITIONAL_REPRESENTATION('',(#179),#183);
#179 = CIRCLE('',#180,3.5);
#180 = AXIS2_PLACEMENT_2D('',#181,#182);
#181 = CARTESIAN_POINT('',(-23.68553390593,-35.68553390593));
#182 = DIRECTION('',(1.,0.));
#183 = ( GEOMETRIC_REPRESENTATION_CONTEXT(2) 
PARAMETRIC_REPRESENTATION_CONTEXT() REPRESENTATION_CONTEXT('2D SPACE',''
  ) );
#184 = PCURVE('',#185,#190);
#185 = CYLINDRICAL_SURFACE('',#186,3.5);
#186 = AXIS2_PLACEMENT_3D('',#187,#188,#189);
#187 = CARTESIAN_POINT('',(-23.68553390593,-35.68553390593,4.8));
#188 = DIRECTION('',(0.,0.,1.));
#189 = DIRECTION('',(1.,0.,-0.));
#190 = DEFINITIONAL_REPRESENTATION('',(#191),#195);
#191 = LINE('',#192,#193);
#192 = CARTESIAN_POINT('',(0.,0.));
#193 = VECTOR('',#194,1.);
#194 = DIRECTION('',(1.,0.));
#195 = ( GEOMETRIC_REPRESENTATION_CONTEXT(2) 
PARAMETRIC_REPRESENTATION_CONTEXT() REPRESENTATION_CONTEXT('2D SPACE',''
  ) );
#196 = ORIENTED_EDGE('',*,*,#197,.F.);
#197 = EDGE_CURVE('',#198,#169,#200,.T.);
#198 = VERTEX_POINT('',#199);
#199 = CARTESIAN_POINT('',(-20.15,-37.15,4.8));
#200 = SURFACE_CURVE('',#201,(#206,#217),.PCURVE_S1.);
#201 = CIRCLE('',#202,5.);
#202 = AXIS2_PLACEMENT_3D('',#203,#204,#205);
#203 = CARTESIAN_POINT('',(-20.15,-32.15,4.8));
#204 = DIRECTION('',(0.,0.,-1.));
#205 = DIRECTION('',(-1.,0.,0.));
#206 = PCURVE('',#44,#207);
#207 = DEFINITIONAL_REPRESENTATION('',(#208),#216);
#208 = ( BOUNDED_CURVE() B_SPLINE_CURVE(2,(#209,#210,#211,#212,#213,#214
,#215),.UNSPECIFIED.,.T.,.F.) B_SPLINE_CURVE_WITH_KNOTS((1,2,2,2,2,1),(
    -2.094395102393,0.,2.094395102393,4.188790204786,6.28318530718,
8.377580409573),.UNSPECIFIED.) CURVE() GEOMETRIC_REPRESENTATION_ITEM() 
RATIONAL_B_SPLINE_CURVE((1.,0.5,1.,0.5,1.,0.5,1.)) REPRESENTATION_ITEM(
  '') );
#209 = CARTESIAN_POINT('',(-25.15,-32.15));
#210 = CARTESIAN_POINT('',(-25.15,-23.48974596215));
#211 = CARTESIAN_POINT('',(-17.65,-27.81987298107));
#212 = CARTESIAN_POINT('',(-10.15,-32.15));
#213 = CARTESIAN_POINT('',(-17.65,-36.48012701892));
#214 = CARTESIAN_POINT('',(-25.15,-40.81025403784));
#215 = CARTESIAN_POINT('',(-25.15,-32.15));
#216 = ( GEOMETRIC_REPRESENTATION_CONTEXT(2) 
PARAMETRIC_REPRESENTATION_CONTEXT() REPRESENTATION_CONTEXT('2D SPACE',''
  ) );
#217 = PCURVE('',#218,#223);
#218 = CYLINDRICAL_SURFACE('',#219,5.);
#219 = AXIS2_PLACEMENT_3D('',#220,#221,#222);
#220 = CARTESIAN_POINT('',(-20.15,-32.15,4.8));
#221 = DIRECTION('',(0.,0.,-1.));
#222 = DIRECTION('',(-1.,0.,0.));
#223 = DEFINITIONAL_REPRESENTATION('',(#224),#228);
#224 = LINE('',#225,#226);
#225 = CARTESIAN_POINT('',(0.,0.));
#226 = VECTOR('',#227,1.);
#227 = DIRECTION('',(1.,0.));
#228 = ( GEOMETRIC_REPRESENTATION_CONTEXT(2) 
PARAMETRIC_REPRESENTATION_CONTEXT() REPRESENTATION_CONTEXT('2D SPACE',''
  ) );
#229 = ORIENTED_EDGE('',*,*,#230,.T.);
#230 = EDGE_CURVE('',#198,#231,#233,.T.);
#231 = VERTEX_POINT('',#232);
#232 = CARTESIAN_POINT('',(20.15,-37.15,4.8));
#233 = SURFACE_CURVE('',#234,(#238,#245),.PCURVE_S1.);
#234 = LINE('',#235,#236);
#235 = CARTESIAN_POINT('',(0.,-37.15,4.8));
#236 = VECTOR('',#237,1.);
#237 = DIRECTION('',(1.,0.,0.));
#238 = PCURVE('',#44,#239);
#239 = DEFINITIONAL_REPRESENTATION('',(#240),#244);
#240 = LINE('',#241,#242);
#241 = CARTESIAN_POINT('',(0.,-37.15));
#242 = VECTOR('',#243,1.);
#243 = DIRECTION('',(1.,0.));
#244 = ( GEOMETRIC_REPRESENTATION_CONTEXT(2) 
PARAMETRIC_REPRESENTATION_CONTEXT() REPRESENTATION_CONTEXT('2D SPACE',''
  ) );
#245 = PCURVE('',#246,#251);
#246 = PLANE('',#247);
#247 = AXIS2_PLACEMENT_3D('',#248,#249,#250);
#248 = CARTESIAN_POINT('',(-20.15,-37.15,4.8));
#249 = DIRECTION('',(0.,1.,0.));
#250 = DIRECTION('',(1.,0.,0.));
#251 = DEFINITIONAL_REPRESENTATION('',(#252),#256);
#252 = LINE('',#253,#254);
#253 = CARTESIAN_POINT('',(20.15,0.));
#254 = VECTOR('',#255,1.);
#255 = DIRECTION('',(1.,0.));
#256 = ( GEOMETRIC_REPRESENTATION_CONTEXT(2) 
PARAMETRIC_REPRESENTATION_CONTEXT() REPRESENTATION_CONTEXT('2D SPACE',''
  ) );
#257 = ORIENTED_EDGE('',*,*,#258,.F.);
#258 = EDGE_CURVE('',#259,#231,#261,.T.);
#259 = VERTEX_POINT('',#260);
#260 = CARTESIAN_POINT('',(20.500990871568,-37.13766532639,4.8));
#261 = SURFACE_CURVE('',#262,(#267,#278),.PCURVE_S1.);
#262 = CIRCLE('',#263,5.);
#263 = AXIS2_PLACEMENT_3D('',#264,#265,#266);
#264 = CARTESIAN_POINT('',(20.15,-32.15,4.8));
#265 = DIRECTION('',(0.,0.,-1.));
#266 = DIRECTION('',(-1.,0.,0.));
#267 = PCURVE('',#44,#268);
#268 = DEFINITIONAL_REPRESENTATION('',(#269),#277);
#269 = ( BOUNDED_CURVE() B_SPLINE_CURVE(2,(#270,#271,#272,#273,#274,#275
,#276),.UNSPECIFIED.,.T.,.F.) B_SPLINE_CURVE_WITH_KNOTS((1,2,2,2,2,1),(
    -2.094395102393,0.,2.094395102393,4.188790204786,6.28318530718,
8.377580409573),.UNSPECIFIED.) CURVE() GEOMETRIC_REPRESENTATION_ITEM() 
RATIONAL_B_SPLINE_CURVE((1.,0.5,1.,0.5,1.,0.5,1.)) REPRESENTATION_ITEM(
  '') );
#270 = CARTESIAN_POINT('',(15.15,-32.15));
#271 = CARTESIAN_POINT('',(15.15,-23.48974596215));
#272 = CARTESIAN_POINT('',(22.65,-27.81987298107));
#273 = CARTESIAN_POINT('',(30.15,-32.15));
#274 = CARTESIAN_POINT('',(22.65,-36.48012701892));
#275 = CARTESIAN_POINT('',(15.15,-40.81025403784));
#276 = CARTESIAN_POINT('',(15.15,-32.15));
#277 = ( GEOMETRIC_REPRESENTATION_CONTEXT(2) 
PARAMETRIC_REPRESENTATION_CONTEXT() REPRESENTATION_CONTEXT('2D SPACE',''
  ) );
#278 = PCURVE('',#279,#284);
#279 = CYLINDRICAL_SURFACE('',#280,5.);
#280 = AXIS2_PLACEMENT_3D('',#281,#282,#283);
#281 = CARTESIAN_POINT('',(20.15,-32.15,4.8));
#282 = DIRECTION('',(0.,0.,-1.));
#283 = DIRECTION('',(-1.,0.,0.));
#284 = DEFINITIONAL_REPRESENTATION('',(#285),#289);
#285 = LINE('',#286,#287);
#286 = CARTESIAN_POINT('',(0.,0.));
#287 = VECTOR('',#288,1.);
#288 = DIRECTION('',(1.,0.));
#289 = ( GEOMETRIC_REPRESENTATION_CONTEXT(2) 
PARAMETRIC_REPRESENTATION_CONTEXT() REPRESENTATION_CONTEXT('2D SPACE',''
  ) );
#290 = ORIENTED_EDGE('',*,*,#291,.F.);
#291 = EDGE_CURVE('',#292,#259,#294,.T.);
#292 = VERTEX_POINT('',#293);
#293 = CARTESIAN_POINT('',(25.13766532639,-32.50099087156,4.8));
#294 = SURFACE_CURVE('',#295,(#300,#311),.PCURVE_S1.);
#295 = CIRCLE('',#296,3.5);
#296 = AXIS2_PLACEMENT_3D('',#297,#298,#299);
#297 = CARTESIAN_POINT('',(23.685533905933,-35.68553390593,4.8));
#298 = DIRECTION('',(0.,0.,-1.));
#299 = DIRECTION('',(0.414894691559,0.90986943839,0.));
#300 = PCURVE('',#44,#301);
#301 = DEFINITIONAL_REPRESENTATION('',(#302),#310);
#302 = ( BOUNDED_CURVE() B_SPLINE_CURVE(2,(#303,#304,#305,#306,#307,#308
,#309),.UNSPECIFIED.,.T.,.F.) B_SPLINE_CURVE_WITH_KNOTS((1,2,2,2,2,1),(
    -2.094395102393,0.,2.094395102393,4.188790204786,6.28318530718,
8.377580409573),.UNSPECIFIED.) CURVE() GEOMETRIC_REPRESENTATION_ITEM() 
RATIONAL_B_SPLINE_CURVE((1.,0.5,1.,0.5,1.,0.5,1.)) REPRESENTATION_ITEM(
  '') );
#303 = CARTESIAN_POINT('',(25.13766532639,-32.50099087156));
#304 = CARTESIAN_POINT('',(30.653455660799,-35.01615627106));
#305 = CARTESIAN_POINT('',(25.717363362909,-38.53538812286));
#306 = CARTESIAN_POINT('',(20.781271065018,-42.05461997466));
#307 = CARTESIAN_POINT('',(20.201573028499,-36.02022272336));
#308 = CARTESIAN_POINT('',(19.621874991981,-29.98582547206));
#309 = CARTESIAN_POINT('',(25.13766532639,-32.50099087156));
#310 = ( GEOMETRIC_REPRESENTATION_CONTEXT(2) 
PARAMETRIC_REPRESENTATION_CONTEXT() REPRESENTATION_CONTEXT('2D SPACE',''
  ) );
#311 = PCURVE('',#312,#317);
#312 = CYLINDRICAL_SURFACE('',#313,3.5);
#313 = AXIS2_PLACEMENT_3D('',#314,#315,#316);
#314 = CARTESIAN_POINT('',(23.685533905933,-35.68553390593,4.8));
#315 = DIRECTION('',(0.,0.,1.));
#316 = DIRECTION('',(1.,0.,-0.));
#317 = DEFINITIONAL_REPRESENTATION('',(#318),#322);
#318 = LINE('',#319,#320);
#319 = CARTESIAN_POINT('',(7.426154574223,0.));
#320 = VECTOR('',#321,1.);
#321 = DIRECTION('',(-1.,-0.));
#322 = ( GEOMETRIC_REPRESENTATION_CONTEXT(2) 
PARAMETRIC_REPRESENTATION_CONTEXT() REPRESENTATION_CONTEXT('2D SPACE',''
  ) );
#323 = ORIENTED_EDGE('',*,*,#324,.F.);
#324 = EDGE_CURVE('',#325,#292,#327,.T.);
#325 = VERTEX_POINT('',#326);
#326 = CARTESIAN_POINT('',(25.15,-32.15,4.8));
#327 = SURFACE_CURVE('',#328,(#333,#344),.PCURVE_S1.);
#328 = CIRCLE('',#329,5.);
#329 = AXIS2_PLACEMENT_3D('',#330,#331,#332);
#330 = CARTESIAN_POINT('',(20.15,-32.15,4.8));
#331 = DIRECTION('',(0.,0.,-1.));
#332 = DIRECTION('',(-1.,0.,0.));
#333 = PCURVE('',#44,#334);
#334 = DEFINITIONAL_REPRESENTATION('',(#335),#343);
#335 = ( BOUNDED_CURVE() B_SPLINE_CURVE(2,(#336,#337,#338,#339,#340,#341
,#342),.UNSPECIFIED.,.T.,.F.) B_SPLINE_CURVE_WITH_KNOTS((1,2,2,2,2,1),(
    -2.094395102393,0.,2.094395102393,4.188790204786,6.28318530718,
8.377580409573),.UNSPECIFIED.) CURVE() GEOMETRIC_REPRESENTATION_ITEM() 
RATIONAL_B_SPLINE_CURVE((1.,0.5,1.,0.5,1.,0.5,1.)) REPRESENTATION_ITEM(
  '') );
#336 = CARTESIAN_POINT('',(15.15,-32.15));
#337 = CARTESIAN_POINT('',(15.15,-23.48974596215));
#338 = CARTESIAN_POINT('',(22.65,-27.81987298107));
#339 = CARTESIAN_POINT('',(30.15,-32.15));
#340 = CARTESIAN_POINT('',(22.65,-36.48012701892));
#341 = CARTESIAN_POINT('',(15.15,-40.81025403784));
#342 = CARTESIAN_POINT('',(15.15,-32.15));
#343 = ( GEOMETRIC_REPRESENTATION_CONTEXT(2) 
PARAMETRIC_REPRESENTATION_CONTEXT() REPRESENTATION_CONTEXT('2D SPACE',''
  ) );
#344 = PCURVE('',#345,#350);
#345 = CYLINDRICAL_SURFACE('',#346,5.);
#346 = AXIS2_PLACEMENT_3D('',#347,#348,#349);
#347 = CARTESIAN_POINT('',(20.15,-32.15,4.8));
#348 = DIRECTION('',(0.,0.,-1.));
#349 = DIRECTION('',(-1.,0.,0.));
#350 = DEFINITIONAL_REPRESENTATION('',(#351),#355);
#351 = LINE('',#352,#353);
#352 = CARTESIAN_POINT('',(0.,0.));
#353 = VECTOR('',#354,1.);
#354 = DIRECTION('',(1.,0.));
#355 = ( GEOMETRIC_REPRESENTATION_CONTEXT(2) 
PARAMETRIC_REPRESENTATION_CONTEXT() REPRESENTATION_CONTEXT('2D SPACE',''
  ) );
#356 = ORIENTED_EDGE('',*,*,#357,.T.);
#357 = EDGE_CURVE('',#325,#358,#360,.T.);
#358 = VERTEX_POINT('',#359);
#359 = CARTESIAN_POINT('',(25.15,32.15,4.8));
#360 = SURFACE_CURVE('',#361,(#365,#372),.PCURVE_S1.);
#361 = LINE('',#362,#363);
#362 = CARTESIAN_POINT('',(25.15,0.,4.8));
#363 = VECTOR('',#364,1.);
#364 = DIRECTION('',(0.,1.,0.));
#365 = PCURVE('',#44,#366);
#366 = DEFINITIONAL_REPRESENTATION('',(#367),#371);
#367 = LINE('',#368,#369);
#368 = CARTESIAN_POINT('',(25.15,2.0701883982E-15));
#369 = VECTOR('',#370,1.);
#370 = DIRECTION('',(0.,1.));
#371 = ( GEOMETRIC_REPRESENTATION_CONTEXT(2) 
PARAMETRIC_REPRESENTATION_CONTEXT() REPRESENTATION_CONTEXT('2D SPACE',''
  ) );
#372 = PCURVE('',#373,#378);
#373 = PLANE('',#374);
#374 = AXIS2_PLACEMENT_3D('',#375,#376,#377);
#375 = CARTESIAN_POINT('',(25.15,-32.15,4.8));
#376 = DIRECTION('',(-1.,0.,0.));
#377 = DIRECTION('',(0.,1.,0.));
#378 = DEFINITIONAL_REPRESENTATION('',(#379),#383);
#379 = LINE('',#380,#381);
#380 = CARTESIAN_POINT('',(32.15,0.));
#381 = VECTOR('',#382,1.);
#382 = DIRECTION('',(1.,0.));
#383 = ( GEOMETRIC_REPRESENTATION_CONTEXT(2) 
PARAMETRIC_REPRESENTATION_CONTEXT() REPRESENTATION_CONTEXT('2D SPACE',''
  ) );
#384 = ORIENTED_EDGE('',*,*,#385,.F.);
#385 = EDGE_CURVE('',#386,#358,#388,.T.);
#386 = VERTEX_POINT('',#387);
#387 = CARTESIAN_POINT('',(25.13766532639,32.500990871568,4.8));
#388 = SURFACE_CURVE('',#389,(#394,#405),.PCURVE_S1.);
#389 = CIRCLE('',#390,5.);
#390 = AXIS2_PLACEMENT_3D('',#391,#392,#393);
#391 = CARTESIAN_POINT('',(20.15,32.15,4.8));
#392 = DIRECTION('',(0.,0.,-1.));
#393 = DIRECTION('',(-1.,0.,0.));
#394 = PCURVE('',#44,#395);
#395 = DEFINITIONAL_REPRESENTATION('',(#396),#404);
#396 = ( BOUNDED_CURVE() B_SPLINE_CURVE(2,(#397,#398,#399,#400,#401,#402
,#403),.UNSPECIFIED.,.T.,.F.) B_SPLINE_CURVE_WITH_KNOTS((1,2,2,2,2,1),(
    -2.094395102393,0.,2.094395102393,4.188790204786,6.28318530718,
8.377580409573),.UNSPECIFIED.) CURVE() GEOMETRIC_REPRESENTATION_ITEM() 
RATIONAL_B_SPLINE_CURVE((1.,0.5,1.,0.5,1.,0.5,1.)) REPRESENTATION_ITEM(
  '') );
#397 = CARTESIAN_POINT('',(15.15,32.15));
#398 = CARTESIAN_POINT('',(15.15,40.810254037844));
#399 = CARTESIAN_POINT('',(22.65,36.480127018922));
#400 = CARTESIAN_POINT('',(30.15,32.15));
#401 = CARTESIAN_POINT('',(22.65,27.819872981078));
#402 = CARTESIAN_POINT('',(15.15,23.489745962156));
#403 = CARTESIAN_POINT('',(15.15,32.15));
#404 = ( GEOMETRIC_REPRESENTATION_CONTEXT(2) 
PARAMETRIC_REPRESENTATION_CONTEXT() REPRESENTATION_CONTEXT('2D SPACE',''
  ) );
#405 = PCURVE('',#406,#411);
#406 = CYLINDRICAL_SURFACE('',#407,5.);
#407 = AXIS2_PLACEMENT_3D('',#408,#409,#410);
#408 = CARTESIAN_POINT('',(20.15,32.15,4.8));
#409 = DIRECTION('',(0.,0.,-1.));
#410 = DIRECTION('',(-1.,0.,0.));
#411 = DEFINITIONAL_REPRESENTATION('',(#412),#416);
#412 = LINE('',#413,#414);
#413 = CARTESIAN_POINT('',(0.,0.));
#414 = VECTOR('',#415,1.);
#415 = DIRECTION('',(1.,0.));
#416 = ( GEOMETRIC_REPRESENTATION_CONTEXT(2) 
PARAMETRIC_REPRESENTATION_CONTEXT() REPRESENTATION_CONTEXT('2D SPACE',''
  ) );
#417 = ORIENTED_EDGE('',*,*,#418,.F.);
#418 = EDGE_CURVE('',#419,#386,#421,.T.);
#419 = VERTEX_POINT('',#420);
#420 = CARTESIAN_POINT('',(20.500990871568,37.13766532639,4.8));
#421 = SURFACE_CURVE('',#422,(#427,#438),.PCURVE_S1.);
#422 = CIRCLE('',#423,3.5);
#423 = AXIS2_PLACEMENT_3D('',#424,#425,#426);
#424 = CARTESIAN_POINT('',(23.685533905933,35.685533905933,4.8));
#425 = DIRECTION('',(0.,0.,-1.));
#426 = DIRECTION('',(-0.90986943839,0.414894691559,0.));
#427 = PCURVE('',#44,#428);
#428 = DEFINITIONAL_REPRESENTATION('',(#429),#437);
#429 = ( BOUNDED_CURVE() B_SPLINE_CURVE(2,(#430,#431,#432,#433,#434,#435
,#436),.UNSPECIFIED.,.T.,.F.) B_SPLINE_CURVE_WITH_KNOTS((1,2,2,2,2,1),(
    -2.094395102393,0.,2.094395102393,4.188790204786,6.28318530718,
8.377580409573),.UNSPECIFIED.) CURVE() GEOMETRIC_REPRESENTATION_ITEM() 
RATIONAL_B_SPLINE_CURVE((1.,0.5,1.,0.5,1.,0.5,1.)) REPRESENTATION_ITEM(
  '') );
#430 = CARTESIAN_POINT('',(20.500990871568,37.13766532639));
#431 = CARTESIAN_POINT('',(23.016156271068,42.653455660799));
#432 = CARTESIAN_POINT('',(26.535388122865,37.717363362909));
#433 = CARTESIAN_POINT('',(30.054619974662,32.781271065018));
#434 = CARTESIAN_POINT('',(24.020222723365,32.201573028499));
#435 = CARTESIAN_POINT('',(17.985825472069,31.621874991981));
#436 = CARTESIAN_POINT('',(20.500990871568,37.13766532639));
#437 = ( GEOMETRIC_REPRESENTATION_CONTEXT(2) 
PARAMETRIC_REPRESENTATION_CONTEXT() REPRESENTATION_CONTEXT('2D SPACE',''
  ) );
#438 = PCURVE('',#439,#444);
#439 = CYLINDRICAL_SURFACE('',#440,3.5);
#440 = AXIS2_PLACEMENT_3D('',#441,#442,#443);
#441 = CARTESIAN_POINT('',(23.685533905933,35.685533905933,4.8));
#442 = DIRECTION('',(0.,0.,1.));
#443 = DIRECTION('',(1.,0.,-0.));
#444 = DEFINITIONAL_REPRESENTATION('',(#445),#449);
#445 = LINE('',#446,#447);
#446 = CARTESIAN_POINT('',(8.996950901017,0.));
#447 = VECTOR('',#448,1.);
#448 = DIRECTION('',(-1.,-0.));
#449 = ( GEOMETRIC_REPRESENTATION_CONTEXT(2) 
PARAMETRIC_REPRESENTATION_CONTEXT() REPRESENTATION_CONTEXT('2D SPACE',''
  ) );
#450 = ORIENTED_EDGE('',*,*,#451,.F.);
#451 = EDGE_CURVE('',#452,#419,#454,.T.);
#452 = VERTEX_POINT('',#453);
#453 = CARTESIAN_POINT('',(20.15,37.15,4.8));
#454 = SURFACE_CURVE('',#455,(#460,#471),.PCURVE_S1.);
#455 = CIRCLE('',#456,5.);
#456 = AXIS2_PLACEMENT_3D('',#457,#458,#459);
#457 = CARTESIAN_POINT('',(20.15,32.15,4.8));
#458 = DIRECTION('',(0.,0.,-1.));
#459 = DIRECTION('',(-1.,0.,0.));
#460 = PCURVE('',#44,#461);
#461 = DEFINITIONAL_REPRESENTATION('',(#462),#470);
#462 = ( BOUNDED_CURVE() B_SPLINE_CURVE(2,(#463,#464,#465,#466,#467,#468
,#469),.UNSPECIFIED.,.T.,.F.) B_SPLINE_CURVE_WITH_KNOTS((1,2,2,2,2,1),(
    -2.094395102393,0.,2.094395102393,4.188790204786,6.28318530718,
8.377580409573),.UNSPECIFIED.) CURVE() GEOMETRIC_REPRESENTATION_ITEM() 
RATIONAL_B_SPLINE_CURVE((1.,0.5,1.,0.5,1.,0.5,1.)) REPRESENTATION_ITEM(
  '') );
#463 = CARTESIAN_POINT('',(15.15,32.15));
#464 = CARTESIAN_POINT('',(15.15,40.810254037844));
#465 = CARTESIAN_POINT('',(22.65,36.480127018922));
#466 = CARTESIAN_POINT('',(30.15,32.15));
#467 = CARTESIAN_POINT('',(22.65,27.819872981078));
#468 = CARTESIAN_POINT('',(15.15,23.489745962156));
#469 = CARTESIAN_POINT('',(15.15,32.15));
#470 = ( GEOMETRIC_REPRESENTATION_CONTEXT(2) 
PARAMETRIC_REPRESENTATION_CONTEXT() REPRESENTATION_CONTEXT('2D SPACE',''
  ) );
#471 = PCURVE('',#472,#477);
#472 = CYLINDRICAL_SURFACE('',#473,5.);
#473 = AXIS2_PLACEMENT_3D('',#474,#475,#476);
#474 = CARTESIAN_POINT('',(20.15,32.15,4.8));
#475 = DIRECTION('',(0.,0.,-1.));
#476 = DIRECTION('',(-1.,0.,0.));
#477 = DEFINITIONAL_REPRESENTATION('',(#478),#482);
#478 = LINE('',#479,#480);
#479 = CARTESIAN_POINT('',(0.,0.));
#480 = VECTOR('',#481,1.);
#481 = DIRECTION('',(1.,0.));
#482 = ( GEOMETRIC_REPRESENTATION_CONTEXT(2) 
PARAMETRIC_REPRESENTATION_CONTEXT() REPRESENTATION_CONTEXT('2D SPACE',''
  ) );
#483 = ORIENTED_EDGE('',*,*,#484,.F.);
#484 = EDGE_CURVE('',#485,#452,#487,.T.);
#485 = VERTEX_POINT('',#486);
#486 = CARTESIAN_POINT('',(-20.15,37.15,4.8));
#487 = SURFACE_CURVE('',#488,(#492,#499),.PCURVE_S1.);
#488 = LINE('',#489,#490);
#489 = CARTESIAN_POINT('',(0.,37.15,4.8));
#490 = VECTOR('',#491,1.);
#491 = DIRECTION('',(1.,0.,0.));
#492 = PCURVE('',#44,#493);
#493 = DEFINITIONAL_REPRESENTATION('',(#494),#498);
#494 = LINE('',#495,#496);
#495 = CARTESIAN_POINT('',(0.,37.15));
#496 = VECTOR('',#497,1.);
#497 = DIRECTION('',(1.,0.));
#498 = ( GEOMETRIC_REPRESENTATION_CONTEXT(2) 
PARAMETRIC_REPRESENTATION_CONTEXT() REPRESENTATION_CONTEXT('2D SPACE',''
  ) );
#499 = PCURVE('',#500,#505);
#500 = PLANE('',#501);
#501 = AXIS2_PLACEMENT_3D('',#502,#503,#504);
#502 = CARTESIAN_POINT('',(-20.15,37.15,4.8));
#503 = DIRECTION('',(0.,1.,0.));
#504 = DIRECTION('',(1.,0.,0.));
#505 = DEFINITIONAL_REPRESENTATION('',(#506),#510);
#506 = LINE('',#507,#508);
#507 = CARTESIAN_POINT('',(20.15,0.));
#508 = VECTOR('',#509,1.);
#509 = DIRECTION('',(1.,0.));
#510 = ( GEOMETRIC_REPRESENTATION_CONTEXT(2) 
PARAMETRIC_REPRESENTATION_CONTEXT() REPRESENTATION_CONTEXT('2D SPACE',''
  ) );
#511 = ORIENTED_EDGE('',*,*,#512,.F.);
#512 = EDGE_CURVE('',#513,#485,#515,.T.);
#513 = VERTEX_POINT('',#514);
#514 = CARTESIAN_POINT('',(-20.50099087156,37.13766532639,4.8));
#515 = SURFACE_CURVE('',#516,(#521,#532),.PCURVE_S1.);
#516 = CIRCLE('',#517,5.);
#517 = AXIS2_PLACEMENT_3D('',#518,#519,#520);
#518 = CARTESIAN_POINT('',(-20.15,32.15,4.8));
#519 = DIRECTION('',(0.,0.,-1.));
#520 = DIRECTION('',(-1.,0.,0.));
#521 = PCURVE('',#44,#522);
#522 = DEFINITIONAL_REPRESENTATION('',(#523),#531);
#523 = ( BOUNDED_CURVE() B_SPLINE_CURVE(2,(#524,#525,#526,#527,#528,#529
,#530),.UNSPECIFIED.,.T.,.F.) B_SPLINE_CURVE_WITH_KNOTS((1,2,2,2,2,1),(
    -2.094395102393,0.,2.094395102393,4.188790204786,6.28318530718,
8.377580409573),.UNSPECIFIED.) CURVE() GEOMETRIC_REPRESENTATION_ITEM() 
RATIONAL_B_SPLINE_CURVE((1.,0.5,1.,0.5,1.,0.5,1.)) REPRESENTATION_ITEM(
  '') );
#524 = CARTESIAN_POINT('',(-25.15,32.15));
#525 = CARTESIAN_POINT('',(-25.15,40.810254037844));
#526 = CARTESIAN_POINT('',(-17.65,36.480127018922));
#527 = CARTESIAN_POINT('',(-10.15,32.15));
#528 = CARTESIAN_POINT('',(-17.65,27.819872981078));
#529 = CARTESIAN_POINT('',(-25.15,23.489745962156));
#530 = CARTESIAN_POINT('',(-25.15,32.15));
#531 = ( GEOMETRIC_REPRESENTATION_CONTEXT(2) 
PARAMETRIC_REPRESENTATION_CONTEXT() REPRESENTATION_CONTEXT('2D SPACE',''
  ) );
#532 = PCURVE('',#533,#538);
#533 = CYLINDRICAL_SURFACE('',#534,5.);
#534 = AXIS2_PLACEMENT_3D('',#535,#536,#537);
#535 = CARTESIAN_POINT('',(-20.15,32.15,4.8));
#536 = DIRECTION('',(0.,0.,-1.));
#537 = DIRECTION('',(-1.,0.,0.));
#538 = DEFINITIONAL_REPRESENTATION('',(#539),#543);
#539 = LINE('',#540,#541);
#540 = CARTESIAN_POINT('',(0.,0.));
#541 = VECTOR('',#542,1.);
#542 = DIRECTION('',(1.,0.));
#543 = ( GEOMETRIC_REPRESENTATION_CONTEXT(2) 
PARAMETRIC_REPRESENTATION_CONTEXT() REPRESENTATION_CONTEXT('2D SPACE',''
  ) );
#544 = ORIENTED_EDGE('',*,*,#545,.T.);
#545 = EDGE_CURVE('',#513,#546,#548,.T.);
#546 = VERTEX_POINT('',#547);
#547 = CARTESIAN_POINT('',(-25.13766532639,32.500990871568,4.8));
#548 = SURFACE_CURVE('',#549,(#554,#561),.PCURVE_S1.);
#549 = CIRCLE('',#550,3.5);
#550 = AXIS2_PLACEMENT_3D('',#551,#552,#553);
#551 = CARTESIAN_POINT('',(-23.68553390593,35.685533905933,4.8));
#552 = DIRECTION('',(0.,0.,1.));
#553 = DIRECTION('',(1.,0.,-0.));
#554 = PCURVE('',#44,#555);
#555 = DEFINITIONAL_REPRESENTATION('',(#556),#560);
#556 = CIRCLE('',#557,3.5);
#557 = AXIS2_PLACEMENT_2D('',#558,#559);
#558 = CARTESIAN_POINT('',(-23.68553390593,35.685533905933));
#559 = DIRECTION('',(1.,0.));
#560 = ( GEOMETRIC_REPRESENTATION_CONTEXT(2) 
PARAMETRIC_REPRESENTATION_CONTEXT() REPRESENTATION_CONTEXT('2D SPACE',''
  ) );
#561 = PCURVE('',#562,#567);
#562 = CYLINDRICAL_SURFACE('',#563,3.5);
#563 = AXIS2_PLACEMENT_3D('',#564,#565,#566);
#564 = CARTESIAN_POINT('',(-23.68553390593,35.685533905933,4.8));
#565 = DIRECTION('',(0.,0.,1.));
#566 = DIRECTION('',(1.,0.,-0.));
#567 = DEFINITIONAL_REPRESENTATION('',(#568),#572);
#568 = LINE('',#569,#570);
#569 = CARTESIAN_POINT('',(0.,0.));
#570 = VECTOR('',#571,1.);
#571 = DIRECTION('',(1.,0.));
#572 = ( GEOMETRIC_REPRESENTATION_CONTEXT(2) 
PARAMETRIC_REPRESENTATION_CONTEXT() REPRESENTATION_CONTEXT('2D SPACE',''
  ) );
#573 = ORIENTED_EDGE('',*,*,#574,.F.);
#574 = EDGE_CURVE('',#24,#546,#575,.T.);
#575 = SURFACE_CURVE('',#576,(#581,#592),.PCURVE_S1.);
#576 = CIRCLE('',#577,5.);
#577 = AXIS2_PLACEMENT_3D('',#578,#579,#580);
#578 = CARTESIAN_POINT('',(-20.15,32.15,4.8));
#579 = DIRECTION('',(0.,0.,-1.));
#580 = DIRECTION('',(-1.,0.,0.));
#581 = PCURVE('',#44,#582);
#582 = DEFINITIONAL_REPRESENTATION('',(#583),#591);
#583 = ( BOUNDED_CURVE() B_SPLINE_CURVE(2,(#584,#585,#586,#587,#588,#589
,#590),.UNSPECIFIED.,.T.,.F.) B_SPLINE_CURVE_WITH_KNOTS((1,2,2,2,2,1),(
    -2.094395102393,0.,2.094395102393,4.188790204786,6.28318530718,
8.377580409573),.UNSPECIFIED.) CURVE() GEOMETRIC_REPRESENTATION_ITEM() 
RATIONAL_B_SPLINE_CURVE((1.,0.5,1.,0.5,1.,0.5,1.)) REPRESENTATION_ITEM(
  '') );
#584 = CARTESIAN_POINT('',(-25.15,32.15));
#585 = CARTESIAN_POINT('',(-25.15,40.810254037844));
#586 = CARTESIAN_POINT('',(-17.65,36.480127018922));
#587 = CARTESIAN_POINT('',(-10.15,32.15));
#588 = CARTESIAN_POINT('',(-17.65,27.819872981078));
#589 = CARTESIAN_POINT('',(-25.15,23.489745962156));
#590 = CARTESIAN_POINT('',(-25.15,32.15));
#591 = ( GEOMETRIC_REPRESENTATION_CONTEXT(2) 
PARAMETRIC_REPRESENTATION_CONTEXT() REPRESENTATION_CONTEXT('2D SPACE',''
  ) );
#592 = PCURVE('',#124,#593);
#593 = DEFINITIONAL_REPRESENTATION('',(#594),#598);
#594 = LINE('',#595,#596);
#595 = CARTESIAN_POINT('',(0.,0.));
#596 = VECTOR('',#597,1.);
#597 = DIRECTION('',(1.,0.));
#598 = ( GEOMETRIC_REPRESENTATION_CONTEXT(2) 
PARAMETRIC_REPRESENTATION_CONTEXT() REPRESENTATION_CONTEXT('2D SPACE',''
  ) );
#599 = FACE_BOUND('',#600,.F.);
#600 = EDGE_LOOP('',(#601));
#601 = ORIENTED_EDGE('',*,*,#602,.F.);
#602 = EDGE_CURVE('',#603,#603,#605,.T.);
#603 = VERTEX_POINT('',#604);
#604 = CARTESIAN_POINT('',(-22.43553390593,-35.68553390593,4.8));
#605 = SURFACE_CURVE('',#606,(#611,#618),.PCURVE_S1.);
#606 = CIRCLE('',#607,1.25);
#607 = AXIS2_PLACEMENT_3D('',#608,#609,#610);
#608 = CARTESIAN_POINT('',(-23.68553390593,-35.68553390593,4.8));
#609 = DIRECTION('',(0.,0.,1.));
#610 = DIRECTION('',(1.,0.,-0.));
#611 = PCURVE('',#44,#612);
#612 = DEFINITIONAL_REPRESENTATION('',(#613),#617);
#613 = CIRCLE('',#614,1.25);
#614 = AXIS2_PLACEMENT_2D('',#615,#616);
#615 = CARTESIAN_POINT('',(-23.68553390593,-35.68553390593));
#616 = DIRECTION('',(1.,0.));
#617 = ( GEOMETRIC_REPRESENTATION_CONTEXT(2) 
PARAMETRIC_REPRESENTATION_CONTEXT() REPRESENTATION_CONTEXT('2D SPACE',''
  ) );
#618 = PCURVE('',#619,#624);
#619 = CYLINDRICAL_SURFACE('',#620,1.25);
#620 = AXIS2_PLACEMENT_3D('',#621,#622,#623);
#621 = CARTESIAN_POINT('',(-23.68553390593,-35.68553390593,4.75));
#622 = DIRECTION('',(0.,0.,1.));
#623 = DIRECTION('',(1.,0.,-0.));
#624 = DEFINITIONAL_REPRESENTATION('',(#625),#629);
#625 = LINE('',#626,#627);
#626 = CARTESIAN_POINT('',(0.,5.E-02));
#627 = VECTOR('',#628,1.);
#628 = DIRECTION('',(1.,0.));
#629 = ( GEOMETRIC_REPRESENTATION_CONTEXT(2) 
PARAMETRIC_REPRESENTATION_CONTEXT() REPRESENTATION_CONTEXT('2D SPACE',''
  ) );
#630 = FACE_BOUND('',#631,.F.);
#631 = EDGE_LOOP('',(#632));
#632 = ORIENTED_EDGE('',*,*,#633,.F.);
#633 = EDGE_CURVE('',#634,#634,#636,.T.);
#634 = VERTEX_POINT('',#635);
#635 = CARTESIAN_POINT('',(24.935533905933,-35.68553390593,4.8));
#636 = SURFACE_CURVE('',#637,(#642,#649),.PCURVE_S1.);
#637 = CIRCLE('',#638,1.25);
#638 = AXIS2_PLACEMENT_3D('',#639,#640,#641);
#639 = CARTESIAN_POINT('',(23.685533905933,-35.68553390593,4.8));
#640 = DIRECTION('',(0.,0.,1.));
#641 = DIRECTION('',(1.,0.,-0.));
#642 = PCURVE('',#44,#643);
#643 = DEFINITIONAL_REPRESENTATION('',(#644),#648);
#644 = CIRCLE('',#645,1.25);
#645 = AXIS2_PLACEMENT_2D('',#646,#647);
#646 = CARTESIAN_POINT('',(23.685533905933,-35.68553390593));
#647 = DIRECTION('',(1.,0.));
#648 = ( GEOMETRIC_REPRESENTATION_CONTEXT(2) 
PARAMETRIC_REPRESENTATION_CONTEXT() REPRESENTATION_CONTEXT('2D SPACE',''
  ) );
#649 = PCURVE('',#650,#655);
#650 = CYLINDRICAL_SURFACE('',#651,1.25);
#651 = AXIS2_PLACEMENT_3D('',#652,#653,#654);
#652 = CARTESIAN_POINT('',(23.685533905933,-35.68553390593,4.75));
#653 = DIRECTION('',(0.,0.,1.));
#654 = DIRECTION('',(1.,0.,-0.));
#655 = DEFINITIONAL_REPRESENTATION('',(#656),#660);
#656 = LINE('',#657,#658);
#657 = CARTESIAN_POINT('',(0.,5.E-02));
#658 = VECTOR('',#659,1.);
#659 = DIRECTION('',(1.,0.));
#660 = ( GEOMETRIC_REPRESENTATION_CONTEXT(2) 
PARAMETRIC_REPRESENTATION_CONTEXT() REPRESENTATION_CONTEXT('2D SPACE',''
  ) );
#661 = FACE_BOUND('',#662,.F.);
#662 = EDGE_LOOP('',(#663));
#663 = ORIENTED_EDGE('',*,*,#664,.F.);
#664 = EDGE_CURVE('',#665,#665,#667,.T.);
#665 = VERTEX_POINT('',#666);
#666 = CARTESIAN_POINT('',(-22.43553390593,35.685533905933,4.8));
#667 = SURFACE_CURVE('',#668,(#673,#680),.PCURVE_S1.);
#668 = CIRCLE('',#669,1.25);
#669 = AXIS2_PLACEMENT_3D('',#670,#671,#672);
#670 = CARTESIAN_POINT('',(-23.68553390593,35.685533905933,4.8));
#671 = DIRECTION('',(0.,0.,1.));
#672 = DIRECTION('',(1.,0.,-0.));
#673 = PCURVE('',#44,#674);
#674 = DEFINITIONAL_REPRESENTATION('',(#675),#679);
#675 = CIRCLE('',#676,1.25);
#676 = AXIS2_PLACEMENT_2D('',#677,#678);
#677 = CARTESIAN_POINT('',(-23.68553390593,35.685533905933));
#678 = DIRECTION('',(1.,0.));
#679 = ( GEOMETRIC_REPRESENTATION_CONTEXT(2) 
PARAMETRIC_REPRESENTATION_CONTEXT() REPRESENTATION_CONTEXT('2D SPACE',''
  ) );
#680 = PCURVE('',#681,#686);
#681 = CYLINDRICAL_SURFACE('',#682,1.25);
#682 = AXIS2_PLACEMENT_3D('',#683,#684,#685);
#683 = CARTESIAN_POINT('',(-23.68553390593,35.685533905933,4.75));
#684 = DIRECTION('',(0.,0.,1.));
#685 = DIRECTION('',(1.,0.,-0.));
#686 = DEFINITIONAL_REPRESENTATION('',(#687),#691);
#687 = LINE('',#688,#689);
#688 = CARTESIAN_POINT('',(0.,5.E-02));
#689 = VECTOR('',#690,1.);
#690 = DIRECTION('',(1.,0.));
#691 = ( GEOMETRIC_REPRESENTATION_CONTEXT(2) 
PARAMETRIC_REPRESENTATION_CONTEXT() REPRESENTATION_CONTEXT('2D SPACE',''
  ) );
#692 = FACE_BOUND('',#693,.F.);
#693 = EDGE_LOOP('',(#694,#722,#755,#781,#814,#840,#873,#899));
#694 = ORIENTED_EDGE('',*,*,#695,.F.);
#695 = EDGE_CURVE('',#696,#698,#700,.T.);
#696 = VERTEX_POINT('',#697);
#697 = CARTESIAN_POINT('',(-23.35,32.15,4.8));
#698 = VERTEX_POINT('',#699);
#699 = CARTESIAN_POINT('',(-23.35,-32.15,4.8));
#700 = SURFACE_CURVE('',#701,(#705,#711),.PCURVE_S1.);
#701 = LINE('',#702,#703);
#702 = CARTESIAN_POINT('',(-23.35,-16.075,4.8));
#703 = VECTOR('',#704,1.);
#704 = DIRECTION('',(0.,-1.,0.));
#705 = PCURVE('',#44,#706);
#706 = DEFINITIONAL_REPRESENTATION('',(#707),#710);
#707 = B_SPLINE_CURVE_WITH_KNOTS('',1,(#708,#709),.UNSPECIFIED.,.F.,.F.,
  (2,2),(-48.225,16.075),.PIECEWISE_BEZIER_KNOTS.);
#708 = CARTESIAN_POINT('',(-23.35,32.15));
#709 = CARTESIAN_POINT('',(-23.35,-32.15));
#710 = ( GEOMETRIC_REPRESENTATION_CONTEXT(2) 
PARAMETRIC_REPRESENTATION_CONTEXT() REPRESENTATION_CONTEXT('2D SPACE',''
  ) );
#711 = PCURVE('',#712,#717);
#712 = PLANE('',#713);
#713 = AXIS2_PLACEMENT_3D('',#714,#715,#716);
#714 = CARTESIAN_POINT('',(-23.35,-32.15,4.79));
#715 = DIRECTION('',(-1.,0.,0.));
#716 = DIRECTION('',(0.,1.,0.));
#717 = DEFINITIONAL_REPRESENTATION('',(#718),#721);
#718 = B_SPLINE_CURVE_WITH_KNOTS('',1,(#719,#720),.UNSPECIFIED.,.F.,.F.,
  (2,2),(-48.225,16.075),.PIECEWISE_BEZIER_KNOTS.);
#719 = CARTESIAN_POINT('',(64.3,-1.E-02));
#720 = CARTESIAN_POINT('',(0.,-1.E-02));
#721 = ( GEOMETRIC_REPRESENTATION_CONTEXT(2) 
PARAMETRIC_REPRESENTATION_CONTEXT() REPRESENTATION_CONTEXT('2D SPACE',''
  ) );
#722 = ORIENTED_EDGE('',*,*,#723,.T.);
#723 = EDGE_CURVE('',#696,#724,#726,.T.);
#724 = VERTEX_POINT('',#725);
#725 = CARTESIAN_POINT('',(-20.15,35.35,4.8));
#726 = SURFACE_CURVE('',#727,(#732,#743),.PCURVE_S1.);
#727 = CIRCLE('',#728,3.2);
#728 = AXIS2_PLACEMENT_3D('',#729,#730,#731);
#729 = CARTESIAN_POINT('',(-20.15,32.15,4.8));
#730 = DIRECTION('',(0.,0.,-1.));
#731 = DIRECTION('',(1.,0.,0.));
#732 = PCURVE('',#44,#733);
#733 = DEFINITIONAL_REPRESENTATION('',(#734),#742);
#734 = ( BOUNDED_CURVE() B_SPLINE_CURVE(2,(#735,#736,#737,#738,#739,#740
,#741),.UNSPECIFIED.,.T.,.F.) B_SPLINE_CURVE_WITH_KNOTS((1,2,2,2,2,1),(
    -2.094395102393,0.,2.094395102393,4.188790204786,6.28318530718,
8.377580409573),.UNSPECIFIED.) CURVE() GEOMETRIC_REPRESENTATION_ITEM() 
RATIONAL_B_SPLINE_CURVE((1.,0.5,1.,0.5,1.,0.5,1.)) REPRESENTATION_ITEM(
  '') );
#735 = CARTESIAN_POINT('',(-16.95,32.15));
#736 = CARTESIAN_POINT('',(-16.95,26.60743741578));
#737 = CARTESIAN_POINT('',(-21.75,29.37871870789));
#738 = CARTESIAN_POINT('',(-26.55,32.15));
#739 = CARTESIAN_POINT('',(-21.75,34.92128129211));
#740 = CARTESIAN_POINT('',(-16.95,37.69256258422));
#741 = CARTESIAN_POINT('',(-16.95,32.15));
#742 = ( GEOMETRIC_REPRESENTATION_CONTEXT(2) 
PARAMETRIC_REPRESENTATION_CONTEXT() REPRESENTATION_CONTEXT('2D SPACE',''
  ) );
#743 = PCURVE('',#744,#749);
#744 = CYLINDRICAL_SURFACE('',#745,3.2);
#745 = AXIS2_PLACEMENT_3D('',#746,#747,#748);
#746 = CARTESIAN_POINT('',(-20.15,32.15,4.79));
#747 = DIRECTION('',(-0.,-0.,-1.));
#748 = DIRECTION('',(1.,0.,0.));
#749 = DEFINITIONAL_REPRESENTATION('',(#750),#754);
#750 = LINE('',#751,#752);
#751 = CARTESIAN_POINT('',(-6.28318530718,-1.E-02));
#752 = VECTOR('',#753,1.);
#753 = DIRECTION('',(1.,-0.));
#754 = ( GEOMETRIC_REPRESENTATION_CONTEXT(2) 
PARAMETRIC_REPRESENTATION_CONTEXT() REPRESENTATION_CONTEXT('2D SPACE',''
  ) );
#755 = ORIENTED_EDGE('',*,*,#756,.F.);
#756 = EDGE_CURVE('',#757,#724,#759,.T.);
#757 = VERTEX_POINT('',#758);
#758 = CARTESIAN_POINT('',(20.15,35.35,4.8));
#759 = SURFACE_CURVE('',#760,(#764,#770),.PCURVE_S1.);
#760 = LINE('',#761,#762);
#761 = CARTESIAN_POINT('',(-10.075,35.35,4.8));
#762 = VECTOR('',#763,1.);
#763 = DIRECTION('',(-1.,0.,0.));
#764 = PCURVE('',#44,#765);
#765 = DEFINITIONAL_REPRESENTATION('',(#766),#769);
#766 = B_SPLINE_CURVE_WITH_KNOTS('',1,(#767,#768),.UNSPECIFIED.,.F.,.F.,
  (2,2),(-30.225,10.075),.PIECEWISE_BEZIER_KNOTS.);
#767 = CARTESIAN_POINT('',(20.15,35.35));
#768 = CARTESIAN_POINT('',(-20.15,35.35));
#769 = ( GEOMETRIC_REPRESENTATION_CONTEXT(2) 
PARAMETRIC_REPRESENTATION_CONTEXT() REPRESENTATION_CONTEXT('2D SPACE',''
  ) );
#770 = PCURVE('',#771,#776);
#771 = PLANE('',#772);
#772 = AXIS2_PLACEMENT_3D('',#773,#774,#775);
#773 = CARTESIAN_POINT('',(-20.15,35.35,4.79));
#774 = DIRECTION('',(0.,1.,0.));
#775 = DIRECTION('',(1.,0.,0.));
#776 = DEFINITIONAL_REPRESENTATION('',(#777),#780);
#777 = B_SPLINE_CURVE_WITH_KNOTS('',1,(#778,#779),.UNSPECIFIED.,.F.,.F.,
  (2,2),(-30.225,10.075),.PIECEWISE_BEZIER_KNOTS.);
#778 = CARTESIAN_POINT('',(40.3,-1.E-02));
#779 = CARTESIAN_POINT('',(0.,-1.E-02));
#780 = ( GEOMETRIC_REPRESENTATION_CONTEXT(2) 
PARAMETRIC_REPRESENTATION_CONTEXT() REPRESENTATION_CONTEXT('2D SPACE',''
  ) );
#781 = ORIENTED_EDGE('',*,*,#782,.T.);
#782 = EDGE_CURVE('',#757,#783,#785,.T.);
#783 = VERTEX_POINT('',#784);
#784 = CARTESIAN_POINT('',(23.35,32.15,4.8));
#785 = SURFACE_CURVE('',#786,(#791,#802),.PCURVE_S1.);
#786 = CIRCLE('',#787,3.2);
#787 = AXIS2_PLACEMENT_3D('',#788,#789,#790);
#788 = CARTESIAN_POINT('',(20.15,32.15,4.8));
#789 = DIRECTION('',(0.,0.,-1.));
#790 = DIRECTION('',(1.,0.,0.));
#791 = PCURVE('',#44,#792);
#792 = DEFINITIONAL_REPRESENTATION('',(#793),#801);
#793 = ( BOUNDED_CURVE() B_SPLINE_CURVE(2,(#794,#795,#796,#797,#798,#799
,#800),.UNSPECIFIED.,.T.,.F.) B_SPLINE_CURVE_WITH_KNOTS((1,2,2,2,2,1),(
    -2.094395102393,0.,2.094395102393,4.188790204786,6.28318530718,
8.377580409573),.UNSPECIFIED.) CURVE() GEOMETRIC_REPRESENTATION_ITEM() 
RATIONAL_B_SPLINE_CURVE((1.,0.5,1.,0.5,1.,0.5,1.)) REPRESENTATION_ITEM(
  '') );
#794 = CARTESIAN_POINT('',(23.35,32.15));
#795 = CARTESIAN_POINT('',(23.35,26.60743741578));
#796 = CARTESIAN_POINT('',(18.55,29.37871870789));
#797 = CARTESIAN_POINT('',(13.75,32.15));
#798 = CARTESIAN_POINT('',(18.55,34.92128129211));
#799 = CARTESIAN_POINT('',(23.35,37.69256258422));
#800 = CARTESIAN_POINT('',(23.35,32.15));
#801 = ( GEOMETRIC_REPRESENTATION_CONTEXT(2) 
PARAMETRIC_REPRESENTATION_CONTEXT() REPRESENTATION_CONTEXT('2D SPACE',''
  ) );
#802 = PCURVE('',#803,#808);
#803 = CYLINDRICAL_SURFACE('',#804,3.2);
#804 = AXIS2_PLACEMENT_3D('',#805,#806,#807);
#805 = CARTESIAN_POINT('',(20.15,32.15,4.79));
#806 = DIRECTION('',(-0.,-0.,-1.));
#807 = DIRECTION('',(1.,0.,0.));
#808 = DEFINITIONAL_REPRESENTATION('',(#809),#813);
#809 = LINE('',#810,#811);
#810 = CARTESIAN_POINT('',(-6.28318530718,-1.E-02));
#811 = VECTOR('',#812,1.);
#812 = DIRECTION('',(1.,-0.));
#813 = ( GEOMETRIC_REPRESENTATION_CONTEXT(2) 
PARAMETRIC_REPRESENTATION_CONTEXT() REPRESENTATION_CONTEXT('2D SPACE',''
  ) );
#814 = ORIENTED_EDGE('',*,*,#815,.T.);
#815 = EDGE_CURVE('',#783,#816,#818,.T.);
#816 = VERTEX_POINT('',#817);
#817 = CARTESIAN_POINT('',(23.35,-32.15,4.8));
#818 = SURFACE_CURVE('',#819,(#823,#829),.PCURVE_S1.);
#819 = LINE('',#820,#821);
#820 = CARTESIAN_POINT('',(23.35,-16.075,4.8));
#821 = VECTOR('',#822,1.);
#822 = DIRECTION('',(0.,-1.,0.));
#823 = PCURVE('',#44,#824);
#824 = DEFINITIONAL_REPRESENTATION('',(#825),#828);
#825 = B_SPLINE_CURVE_WITH_KNOTS('',1,(#826,#827),.UNSPECIFIED.,.F.,.F.,
  (2,2),(-48.225,16.075),.PIECEWISE_BEZIER_KNOTS.);
#826 = CARTESIAN_POINT('',(23.35,32.15));
#827 = CARTESIAN_POINT('',(23.35,-32.15));
#828 = ( GEOMETRIC_REPRESENTATION_CONTEXT(2) 
PARAMETRIC_REPRESENTATION_CONTEXT() REPRESENTATION_CONTEXT('2D SPACE',''
  ) );
#829 = PCURVE('',#830,#835);
#830 = PLANE('',#831);
#831 = AXIS2_PLACEMENT_3D('',#832,#833,#834);
#832 = CARTESIAN_POINT('',(23.35,-32.15,4.79));
#833 = DIRECTION('',(-1.,0.,0.));
#834 = DIRECTION('',(0.,1.,0.));
#835 = DEFINITIONAL_REPRESENTATION('',(#836),#839);
#836 = B_SPLINE_CURVE_WITH_KNOTS('',1,(#837,#838),.UNSPECIFIED.,.F.,.F.,
  (2,2),(-48.225,16.075),.PIECEWISE_BEZIER_KNOTS.);
#837 = CARTESIAN_POINT('',(64.3,-1.E-02));
#838 = CARTESIAN_POINT('',(0.,-1.E-02));
#839 = ( GEOMETRIC_REPRESENTATION_CONTEXT(2) 
PARAMETRIC_REPRESENTATION_CONTEXT() REPRESENTATION_CONTEXT('2D SPACE',''
  ) );
#840 = ORIENTED_EDGE('',*,*,#841,.T.);
#841 = EDGE_CURVE('',#816,#842,#844,.T.);
#842 = VERTEX_POINT('',#843);
#843 = CARTESIAN_POINT('',(20.15,-35.35,4.8));
#844 = SURFACE_CURVE('',#845,(#850,#861),.PCURVE_S1.);
#845 = CIRCLE('',#846,3.2);
#846 = AXIS2_PLACEMENT_3D('',#847,#848,#849);
#847 = CARTESIAN_POINT('',(20.15,-32.15,4.8));
#848 = DIRECTION('',(0.,0.,-1.));
#849 = DIRECTION('',(1.,0.,0.));
#850 = PCURVE('',#44,#851);
#851 = DEFINITIONAL_REPRESENTATION('',(#852),#860);
#852 = ( BOUNDED_CURVE() B_SPLINE_CURVE(2,(#853,#854,#855,#856,#857,#858
,#859),.UNSPECIFIED.,.T.,.F.) B_SPLINE_CURVE_WITH_KNOTS((1,2,2,2,2,1),(
    -2.094395102393,0.,2.094395102393,4.188790204786,6.28318530718,
8.377580409573),.UNSPECIFIED.) CURVE() GEOMETRIC_REPRESENTATION_ITEM() 
RATIONAL_B_SPLINE_CURVE((1.,0.5,1.,0.5,1.,0.5,1.)) REPRESENTATION_ITEM(
  '') );
#853 = CARTESIAN_POINT('',(23.35,-32.15));
#854 = CARTESIAN_POINT('',(23.35,-37.69256258422));
#855 = CARTESIAN_POINT('',(18.55,-34.92128129211));
#856 = CARTESIAN_POINT('',(13.75,-32.15));
#857 = CARTESIAN_POINT('',(18.55,-29.37871870789));
#858 = CARTESIAN_POINT('',(23.35,-26.60743741578));
#859 = CARTESIAN_POINT('',(23.35,-32.15));
#860 = ( GEOMETRIC_REPRESENTATION_CONTEXT(2) 
PARAMETRIC_REPRESENTATION_CONTEXT() REPRESENTATION_CONTEXT('2D SPACE',''
  ) );
#861 = PCURVE('',#862,#867);
#862 = CYLINDRICAL_SURFACE('',#863,3.2);
#863 = AXIS2_PLACEMENT_3D('',#864,#865,#866);
#864 = CARTESIAN_POINT('',(20.15,-32.15,4.79));
#865 = DIRECTION('',(-0.,-0.,-1.));
#866 = DIRECTION('',(1.,0.,0.));
#867 = DEFINITIONAL_REPRESENTATION('',(#868),#872);
#868 = LINE('',#869,#870);
#869 = CARTESIAN_POINT('',(-6.28318530718,-1.E-02));
#870 = VECTOR('',#871,1.);
#871 = DIRECTION('',(1.,-0.));
#872 = ( GEOMETRIC_REPRESENTATION_CONTEXT(2) 
PARAMETRIC_REPRESENTATION_CONTEXT() REPRESENTATION_CONTEXT('2D SPACE',''
  ) );
#873 = ORIENTED_EDGE('',*,*,#874,.T.);
#874 = EDGE_CURVE('',#842,#875,#877,.T.);
#875 = VERTEX_POINT('',#876);
#876 = CARTESIAN_POINT('',(-20.15,-35.35,4.8));
#877 = SURFACE_CURVE('',#878,(#882,#888),.PCURVE_S1.);
#878 = LINE('',#879,#880);
#879 = CARTESIAN_POINT('',(-10.075,-35.35,4.8));
#880 = VECTOR('',#881,1.);
#881 = DIRECTION('',(-1.,0.,0.));
#882 = PCURVE('',#44,#883);
#883 = DEFINITIONAL_REPRESENTATION('',(#884),#887);
#884 = B_SPLINE_CURVE_WITH_KNOTS('',1,(#885,#886),.UNSPECIFIED.,.F.,.F.,
  (2,2),(-30.225,10.075),.PIECEWISE_BEZIER_KNOTS.);
#885 = CARTESIAN_POINT('',(20.15,-35.35));
#886 = CARTESIAN_POINT('',(-20.15,-35.35));
#887 = ( GEOMETRIC_REPRESENTATION_CONTEXT(2) 
PARAMETRIC_REPRESENTATION_CONTEXT() REPRESENTATION_CONTEXT('2D SPACE',''
  ) );
#888 = PCURVE('',#889,#894);
#889 = PLANE('',#890);
#890 = AXIS2_PLACEMENT_3D('',#891,#892,#893);
#891 = CARTESIAN_POINT('',(-20.15,-35.35,4.79));
#892 = DIRECTION('',(0.,1.,0.));
#893 = DIRECTION('',(1.,0.,0.));
#894 = DEFINITIONAL_REPRESENTATION('',(#895),#898);
#895 = B_SPLINE_CURVE_WITH_KNOTS('',1,(#896,#897),.UNSPECIFIED.,.F.,.F.,
  (2,2),(-30.225,10.075),.PIECEWISE_BEZIER_KNOTS.);
#896 = CARTESIAN_POINT('',(40.3,-1.E-02));
#897 = CARTESIAN_POINT('',(0.,-1.E-02));
#898 = ( GEOMETRIC_REPRESENTATION_CONTEXT(2) 
PARAMETRIC_REPRESENTATION_CONTEXT() REPRESENTATION_CONTEXT('2D SPACE',''
  ) );
#899 = ORIENTED_EDGE('',*,*,#900,.T.);
#900 = EDGE_CURVE('',#875,#698,#901,.T.);
#901 = SURFACE_CURVE('',#902,(#907,#918),.PCURVE_S1.);
#902 = CIRCLE('',#903,3.2);
#903 = AXIS2_PLACEMENT_3D('',#904,#905,#906);
#904 = CARTESIAN_POINT('',(-20.15,-32.15,4.8));
#905 = DIRECTION('',(0.,0.,-1.));
#906 = DIRECTION('',(1.,0.,0.));
#907 = PCURVE('',#44,#908);
#908 = DEFINITIONAL_REPRESENTATION('',(#909),#917);
#909 = ( BOUNDED_CURVE() B_SPLINE_CURVE(2,(#910,#911,#912,#913,#914,#915
,#916),.UNSPECIFIED.,.T.,.F.) B_SPLINE_CURVE_WITH_KNOTS((1,2,2,2,2,1),(
    -2.094395102393,0.,2.094395102393,4.188790204786,6.28318530718,
8.377580409573),.UNSPECIFIED.) CURVE() GEOMETRIC_REPRESENTATION_ITEM() 
RATIONAL_B_SPLINE_CURVE((1.,0.5,1.,0.5,1.,0.5,1.)) REPRESENTATION_ITEM(
  '') );
#910 = CARTESIAN_POINT('',(-16.95,-32.15));
#911 = CARTESIAN_POINT('',(-16.95,-37.69256258422));
#912 = CARTESIAN_POINT('',(-21.75,-34.92128129211));
#913 = CARTESIAN_POINT('',(-26.55,-32.15));
#914 = CARTESIAN_POINT('',(-21.75,-29.37871870789));
#915 = CARTESIAN_POINT('',(-16.95,-26.60743741578));
#916 = CARTESIAN_POINT('',(-16.95,-32.15));
#917 = ( GEOMETRIC_REPRESENTATION_CONTEXT(2) 
PARAMETRIC_REPRESENTATION_CONTEXT() REPRESENTATION_CONTEXT('2D SPACE',''
  ) );
#918 = PCURVE('',#919,#924);
#919 = CYLINDRICAL_SURFACE('',#920,3.2);
#920 = AXIS2_PLACEMENT_3D('',#921,#922,#923);
#921 = CARTESIAN_POINT('',(-20.15,-32.15,4.79));
#922 = DIRECTION('',(-0.,-0.,-1.));
#923 = DIRECTION('',(1.,0.,0.));
#924 = DEFINITIONAL_REPRESENTATION('',(#925),#929);
#925 = LINE('',#926,#927);
#926 = CARTESIAN_POINT('',(-6.28318530718,-1.E-02));
#927 = VECTOR('',#928,1.);
#928 = DIRECTION('',(1.,-0.));
#929 = ( GEOMETRIC_REPRESENTATION_CONTEXT(2) 
PARAMETRIC_REPRESENTATION_CONTEXT() REPRESENTATION_CONTEXT('2D SPACE',''
  ) );
#930 = FACE_BOUND('',#931,.F.);
#931 = EDGE_LOOP('',(#932));
#932 = ORIENTED_EDGE('',*,*,#933,.F.);
#933 = EDGE_CURVE('',#934,#934,#936,.T.);
#934 = VERTEX_POINT('',#935);
#935 = CARTESIAN_POINT('',(24.935533905933,35.685533905933,4.8));
#936 = SURFACE_CURVE('',#937,(#942,#949),.PCURVE_S1.);
#937 = CIRCLE('',#938,1.25);
#938 = AXIS2_PLACEMENT_3D('',#939,#940,#941);
#939 = CARTESIAN_POINT('',(23.685533905933,35.685533905933,4.8));
#940 = DIRECTION('',(0.,0.,1.));
#941 = DIRECTION('',(1.,0.,-0.));
#942 = PCURVE('',#44,#943);
#943 = DEFINITIONAL_REPRESENTATION('',(#944),#948);
#944 = CIRCLE('',#945,1.25);
#945 = AXIS2_PLACEMENT_2D('',#946,#947);
#946 = CARTESIAN_POINT('',(23.685533905933,35.685533905933));
#947 = DIRECTION('',(1.,0.));
#948 = ( GEOMETRIC_REPRESENTATION_CONTEXT(2) 
PARAMETRIC_REPRESENTATION_CONTEXT() REPRESENTATION_CONTEXT('2D SPACE',''
  ) );
#949 = PCURVE('',#950,#955);
#950 = CYLINDRICAL_SURFACE('',#951,1.25);
#951 = AXIS2_PLACEMENT_3D('',#952,#953,#954);
#952 = CARTESIAN_POINT('',(23.685533905933,35.685533905933,4.75));
#953 = DIRECTION('',(0.,0.,1.));
#954 = DIRECTION('',(1.,0.,-0.));
#955 = DEFINITIONAL_REPRESENTATION('',(#956),#960);
#956 = LINE('',#957,#958);
#957 = CARTESIAN_POINT('',(0.,5.E-02));
#958 = VECTOR('',#959,1.);
#959 = DIRECTION('',(1.,0.));
#960 = ( GEOMETRIC_REPRESENTATION_CONTEXT(2) 
PARAMETRIC_REPRESENTATION_CONTEXT() REPRESENTATION_CONTEXT('2D SPACE',''
  ) );
#961 = ADVANCED_FACE('',(#962),#124,.T.);
#962 = FACE_BOUND('',#963,.T.);
#963 = EDGE_LOOP('',(#964,#965,#966,#995));
#964 = ORIENTED_EDGE('',*,*,#574,.F.);
#965 = ORIENTED_EDGE('',*,*,#110,.T.);
#966 = ORIENTED_EDGE('',*,*,#967,.F.);
#967 = EDGE_CURVE('',#968,#85,#970,.T.);
#968 = VERTEX_POINT('',#969);
#969 = CARTESIAN_POINT('',(-25.13766532639,32.500990871568,
    9.378658980728));
#970 = SURFACE_CURVE('',#971,(#977,#986),.PCURVE_S1.);
#971 = B_SPLINE_CURVE_WITH_KNOTS('',4,(#972,#973,#974,#975,#976),
  .UNSPECIFIED.,.F.,.F.,(5,5),(0.,1.),.PIECEWISE_BEZIER_KNOTS.);
#972 = CARTESIAN_POINT('',(-25.13766532639,32.500990871568,
    9.378658980728));
#973 = CARTESIAN_POINT('',(-25.14383480984,32.413321016827,
    9.377610239743));
#974 = CARTESIAN_POINT('',(-25.1479449363,32.325573182747,9.376911212673
    ));
#975 = CARTESIAN_POINT('',(-25.15,32.237786627498,9.376561699277));
#976 = CARTESIAN_POINT('',(-25.15,32.15,9.376561699277));
#977 = PCURVE('',#124,#978);
#978 = DEFINITIONAL_REPRESENTATION('',(#979),#985);
#979 = B_SPLINE_CURVE_WITH_KNOTS('',4,(#980,#981,#982,#983,#984),
  .UNSPECIFIED.,.F.,.F.,(5,5),(0.,1.),.PIECEWISE_BEZIER_KNOTS.);
#980 = CARTESIAN_POINT('',(7.025595610643E-02,-4.578658980728));
#981 = CARTESIAN_POINT('',(5.267862302487E-02,-4.577610239743));
#982 = CARTESIAN_POINT('',(3.511464124758E-02,-4.576911212673));
#983 = CARTESIAN_POINT('',(1.755732549955E-02,-4.576561699277));
#984 = CARTESIAN_POINT('',(0.,-4.576561699277));
#985 = ( GEOMETRIC_REPRESENTATION_CONTEXT(2) 
PARAMETRIC_REPRESENTATION_CONTEXT() REPRESENTATION_CONTEXT('2D SPACE',''
  ) );
#986 = PCURVE('',#99,#987);
#987 = DEFINITIONAL_REPRESENTATION('',(#988),#994);
#988 = B_SPLINE_CURVE_WITH_KNOTS('',4,(#989,#990,#991,#992,#993),
  .UNSPECIFIED.,.F.,.F.,(5,5),(0.,1.),.PIECEWISE_BEZIER_KNOTS.);
#989 = CARTESIAN_POINT('',(1.739175266872,78.949009128432));
#990 = CARTESIAN_POINT('',(1.739216986776,79.036678983173));
#991 = CARTESIAN_POINT('',(1.739244781083,79.124426817253));
#992 = CARTESIAN_POINT('',(1.739258678239,79.212213372502));
#993 = CARTESIAN_POINT('',(1.739258678239,79.3));
#994 = ( GEOMETRIC_REPRESENTATION_CONTEXT(2) 
PARAMETRIC_REPRESENTATION_CONTEXT() REPRESENTATION_CONTEXT('2D SPACE',''
  ) );
#995 = ORIENTED_EDGE('',*,*,#996,.T.);
#996 = EDGE_CURVE('',#968,#546,#997,.T.);
#997 = SURFACE_CURVE('',#998,(#1002,#1008),.PCURVE_S1.);
#998 = LINE('',#999,#1000);
#999 = CARTESIAN_POINT('',(-25.13766532639,32.500990871568,4.8));
#1000 = VECTOR('',#1001,1.);
#1001 = DIRECTION('',(0.,0.,-1.));
#1002 = PCURVE('',#124,#1003);
#1003 = DEFINITIONAL_REPRESENTATION('',(#1004),#1007);
#1004 = B_SPLINE_CURVE_WITH_KNOTS('',1,(#1005,#1006),.UNSPECIFIED.,.F.,
  .F.,(2,2),(-7.3000024,2.399999999625E-06),.PIECEWISE_BEZIER_KNOTS.);
#1005 = CARTESIAN_POINT('',(7.025595610643E-02,-7.3000024));
#1006 = CARTESIAN_POINT('',(7.025595610643E-02,2.399999999625E-06));
#1007 = ( GEOMETRIC_REPRESENTATION_CONTEXT(2) 
PARAMETRIC_REPRESENTATION_CONTEXT() REPRESENTATION_CONTEXT('2D SPACE',''
  ) );
#1008 = PCURVE('',#562,#1009);
#1009 = DEFINITIONAL_REPRESENTATION('',(#1010),#1013);
#1010 = B_SPLINE_CURVE_WITH_KNOTS('',1,(#1011,#1012),.UNSPECIFIED.,.F.,
  .F.,(2,2),(-7.3000024,2.399999999625E-06),.PIECEWISE_BEZIER_KNOTS.);
#1011 = CARTESIAN_POINT('',(4.284561920633,7.3000024));
#1012 = CARTESIAN_POINT('',(4.284561920633,-2.399999999625E-06));
#1013 = ( GEOMETRIC_REPRESENTATION_CONTEXT(2) 
PARAMETRIC_REPRESENTATION_CONTEXT() REPRESENTATION_CONTEXT('2D SPACE',''
  ) );
#1014 = ADVANCED_FACE('',(#1015,#1981,#2134,#2287,#2440),#99,.T.);
#1015 = FACE_BOUND('',#1016,.T.);
#1016 = EDGE_LOOP('',(#1017,#1018,#1019,#1048,#1194,#1223,#1251,#1280,
    #1476,#1505,#1526,#1555,#1751,#1780,#1808,#1837));
#1017 = ORIENTED_EDGE('',*,*,#967,.T.);
#1018 = ORIENTED_EDGE('',*,*,#84,.T.);
#1019 = ORIENTED_EDGE('',*,*,#1020,.F.);
#1020 = EDGE_CURVE('',#1021,#57,#1023,.T.);
#1021 = VERTEX_POINT('',#1022);
#1022 = CARTESIAN_POINT('',(-25.13766532639,-32.50099087156,
    9.378658980728));
#1023 = SURFACE_CURVE('',#1024,(#1030,#1039),.PCURVE_S1.);
#1024 = B_SPLINE_CURVE_WITH_KNOTS('',4,(#1025,#1026,#1027,#1028,#1029),
  .UNSPECIFIED.,.F.,.F.,(5,5),(0.,1.),.PIECEWISE_BEZIER_KNOTS.);
#1025 = CARTESIAN_POINT('',(-25.13766532639,-32.50099087156,
    9.378658980728));
#1026 = CARTESIAN_POINT('',(-25.14383480984,-32.41332101682,
    9.377610239743));
#1027 = CARTESIAN_POINT('',(-25.1479449363,-32.32557318274,
    9.376911212673));
#1028 = CARTESIAN_POINT('',(-25.15,-32.23778662749,9.376561699277));
#1029 = CARTESIAN_POINT('',(-25.15,-32.15,9.376561699277));
#1030 = PCURVE('',#99,#1031);
#1031 = DEFINITIONAL_REPRESENTATION('',(#1032),#1038);
#1032 = B_SPLINE_CURVE_WITH_KNOTS('',4,(#1033,#1034,#1035,#1036,#1037),
  .UNSPECIFIED.,.F.,.F.,(5,5),(0.,1.),.PIECEWISE_BEZIER_KNOTS.);
#1033 = CARTESIAN_POINT('',(1.739175266872,143.95099087156));
#1034 = CARTESIAN_POINT('',(1.739216986776,143.86332101682));
#1035 = CARTESIAN_POINT('',(1.739244781083,143.77557318274));
#1036 = CARTESIAN_POINT('',(1.739258678239,143.68778662749));
#1037 = CARTESIAN_POINT('',(1.739258678239,143.6));
#1038 = ( GEOMETRIC_REPRESENTATION_CONTEXT(2) 
PARAMETRIC_REPRESENTATION_CONTEXT() REPRESENTATION_CONTEXT('2D SPACE',''
  ) );
#1039 = PCURVE('',#72,#1040);
#1040 = DEFINITIONAL_REPRESENTATION('',(#1041),#1047);
#1041 = B_SPLINE_CURVE_WITH_KNOTS('',4,(#1042,#1043,#1044,#1045,#1046),
  .UNSPECIFIED.,.F.,.F.,(5,5),(0.,1.),.PIECEWISE_BEZIER_KNOTS.);
#1042 = CARTESIAN_POINT('',(6.212929351073,-4.578658980728));
#1043 = CARTESIAN_POINT('',(6.230506684155,-4.577610239743));
#1044 = CARTESIAN_POINT('',(6.248070665932,-4.576911212673));
#1045 = CARTESIAN_POINT('',(6.26562798168,-4.576561699277));
#1046 = CARTESIAN_POINT('',(6.28318530718,-4.576561699277));
#1047 = ( GEOMETRIC_REPRESENTATION_CONTEXT(2) 
PARAMETRIC_REPRESENTATION_CONTEXT() REPRESENTATION_CONTEXT('2D SPACE',''
  ) );
#1048 = ORIENTED_EDGE('',*,*,#1049,.T.);
#1049 = EDGE_CURVE('',#1021,#1050,#1052,.T.);
#1050 = VERTEX_POINT('',#1051);
#1051 = CARTESIAN_POINT('',(-20.50099087156,-37.13766532639,
    10.092427038809));
#1052 = SURFACE_CURVE('',#1053,(#1098,#1146),.PCURVE_S1.);
#1053 = B_SPLINE_CURVE_WITH_KNOTS('',7,(#1054,#1055,#1056,#1057,#1058,
    #1059,#1060,#1061,#1062,#1063,#1064,#1065,#1066,#1067,#1068,#1069,
    #1070,#1071,#1072,#1073,#1074,#1075,#1076,#1077,#1078,#1079,#1080,
    #1081,#1082,#1083,#1084,#1085,#1086,#1087,#1088,#1089,#1090,#1091,
    #1092,#1093,#1094,#1095,#1096,#1097),.UNSPECIFIED.,.F.,.F.,(8,6,6,6,
    6,6,6,8),(0.,8.156378840709E-02,0.186968434935,0.309038396119,
    0.51737084653,0.682972094512,0.829930932075,1.),.UNSPECIFIED.);
#1054 = CARTESIAN_POINT('',(-25.13766532639,-32.50099087156,
    9.378658980728));
#1055 = CARTESIAN_POINT('',(-25.29580361474,-32.5731009278,
    9.351777296816));
#1056 = CARTESIAN_POINT('',(-25.44701389791,-32.65311801527,
    9.325870273586));
#1057 = CARTESIAN_POINT('',(-25.59105230831,-32.74023991494,
    9.301011320061));
#1058 = CARTESIAN_POINT('',(-25.72773564387,-32.83369416533,
    9.277263159918));
#1059 = CARTESIAN_POINT('',(-25.85694016064,-32.93273762536,
    9.254677154377));
#1060 = CARTESIAN_POINT('',(-25.97860036536,-33.03665603712,
    9.233292625081));
#1061 = CARTESIAN_POINT('',(-26.24016852442,-33.28447066321,
    9.187088057749));
#1062 = CARTESIAN_POINT('',(-26.37514834037,-33.43129990156,
    9.163067490911));
#1063 = CARTESIAN_POINT('',(-26.49788188306,-33.58407697983,
    9.14108697325));
#1064 = CARTESIAN_POINT('',(-26.60863480263,-33.7418088573,
    9.121144809124));
#1065 = CARTESIAN_POINT('',(-26.70768249024,-33.90365575192,
    9.103229659884));
#1066 = CARTESIAN_POINT('',(-26.79528879606,-34.06890311574,
    9.087325093287));
#1067 = CARTESIAN_POINT('',(-26.96015950724,-34.43153106546,
    9.057303738825));
#1068 = CARTESIAN_POINT('',(-27.03361618704,-34.6298988278,
    9.043864119436));
#1069 = CARTESIAN_POINT('',(-27.09241133106,-34.83109745851,
    9.033069148412));
#1070 = CARTESIAN_POINT('',(-27.13682885362,-35.0343341013,
    9.024895007461));
#1071 = CARTESIAN_POINT('',(-27.16706976563,-35.23891857132,
    9.019323056286));
#1072 = CARTESIAN_POINT('',(-27.18324190118,-35.44421944378,
    9.016342702546));
#1073 = CARTESIAN_POINT('',(-27.18894685396,-36.0001701922,
    9.015291350936));
#1074 = CARTESIAN_POINT('',(-27.15157652697,-36.3506906161,
    9.022178121532));
#1075 = CARTESIAN_POINT('',(-27.07339161248,-36.69835221377,
    9.036590796985));
#1076 = CARTESIAN_POINT('',(-26.95353703216,-37.04008481266,
    9.058616944166));
#1077 = CARTESIAN_POINT('',(-26.79037889757,-37.37206640737,
    9.088416033363));
#1078 = CARTESIAN_POINT('',(-26.5817731113,-37.68907256558,
    9.126139648949));
#1079 = CARTESIAN_POINT('',(-26.12176989647,-38.21753473935,
    9.208144519875));
#1080 = CARTESIAN_POINT('',(-25.88571672282,-38.43984074511,
    9.249887418717));
#1081 = CARTESIAN_POINT('',(-25.61724204328,-38.6434896754,
    9.296879094201));
#1082 = CARTESIAN_POINT('',(-25.31761367567,-38.8216589015,
    9.348653545609));
#1083 = CARTESIAN_POINT('',(-24.98933666461,-38.96769303777,
    9.404501299246));
#1084 = CARTESIAN_POINT('',(-24.63617711321,-39.0751045921,
    9.463514183581));
#1085 = CARTESIAN_POINT('',(-23.93245012674,-39.19289460471,
    9.578864973721));
#1086 = CARTESIAN_POINT('',(-23.59178928329,-39.21187738837,
    9.633818376814));
#1087 = CARTESIAN_POINT('',(-23.24933901506,-39.19163407947,
    9.688084665503));
#1088 = CARTESIAN_POINT('',(-22.9136141976,-39.13235037228,
    9.740303387815));
#1089 = CARTESIAN_POINT('',(-22.59276280914,-39.0371029967,
    9.789324666782));
#1090 = CARTESIAN_POINT('',(-22.29379999439,-38.91176050387,
    9.834291398746));
#1091 = CARTESIAN_POINT('',(-21.70737875408,-38.59495791908,
    9.921328828399));
#1092 = CARTESIAN_POINT('',(-21.42572216139,-38.39436271339,
    9.96233737604));
#1093 = CARTESIAN_POINT('',(-21.17735696335,-38.17033657016,
    9.997910295073));
#1094 = CARTESIAN_POINT('',(-20.96173427226,-37.92853448604,
    10.028386864009));
#1095 = CARTESIAN_POINT('',(-20.77787871229,-37.67349437236,
    10.054103000346));
#1096 = CARTESIAN_POINT('',(-20.62466753856,-37.40888986079,
    10.075363623992));
#1097 = CARTESIAN_POINT('',(-20.50099087156,-37.13766532639,
    10.092427038809));
#1098 = PCURVE('',#99,#1099);
#1099 = DEFINITIONAL_REPRESENTATION('',(#1100),#1145);
#1100 = B_SPLINE_CURVE_WITH_KNOTS('',7,(#1101,#1102,#1103,#1104,#1105,
    #1106,#1107,#1108,#1109,#1110,#1111,#1112,#1113,#1114,#1115,#1116,
    #1117,#1118,#1119,#1120,#1121,#1122,#1123,#1124,#1125,#1126,#1127,
    #1128,#1129,#1130,#1131,#1132,#1133,#1134,#1135,#1136,#1137,#1138,
    #1139,#1140,#1141,#1142,#1143,#1144),.UNSPECIFIED.,.F.,.F.,(8,6,6,6,
    6,6,6,8),(0.,8.156378840709E-02,0.186968434935,0.309038396119,
    0.51737084653,0.682972094512,0.829930932075,1.),.UNSPECIFIED.);
#1101 = CARTESIAN_POINT('',(1.739175266872,143.95099087156));
#1102 = CARTESIAN_POINT('',(1.740244645574,144.0231009278));
#1103 = CARTESIAN_POINT('',(1.741267401837,144.10311801527));
#1104 = CARTESIAN_POINT('',(1.742241852864,144.19023991494));
#1105 = CARTESIAN_POINT('',(1.7431667257,144.28369416533));
#1106 = CARTESIAN_POINT('',(1.7440411502,144.38273762536));
#1107 = CARTESIAN_POINT('',(1.74486465201,144.48665603712));
#1108 = CARTESIAN_POINT('',(1.746635436693,144.73447066321));
#1109 = CARTESIAN_POINT('',(1.747549439089,144.88129990156));
#1110 = CARTESIAN_POINT('',(1.748380680141,145.03407697983));
#1111 = CARTESIAN_POINT('',(1.749130906277,145.1918088573));
#1112 = CARTESIAN_POINT('',(1.749801938336,145.35365575192));
#1113 = CARTESIAN_POINT('',(1.750395526951,145.51890311574));
#1114 = CARTESIAN_POINT('',(1.751512738423,145.88153106546));
#1115 = CARTESIAN_POINT('',(1.752010578363,146.0798988278));
#1116 = CARTESIAN_POINT('',(1.752409097755,146.28109745851));
#1117 = CARTESIAN_POINT('',(1.752710187096,146.4843341013));
#1118 = CARTESIAN_POINT('',(1.752915186791,146.68891857132));
#1119 = CARTESIAN_POINT('',(1.75302481655,146.89421944378));
#1120 = CARTESIAN_POINT('',(1.753063490013,147.4501701922));
#1121 = CARTESIAN_POINT('',(1.752810159407,147.8006906161));
#1122 = CARTESIAN_POINT('',(1.752280144459,148.14835221377));
#1123 = CARTESIAN_POINT('',(1.751467733348,148.49008481266));
#1124 = CARTESIAN_POINT('',(1.750362021024,148.82206640737));
#1125 = CARTESIAN_POINT('',(1.748948763674,149.13907256558));
#1126 = CARTESIAN_POINT('',(1.745833726621,149.66753473935));
#1127 = CARTESIAN_POINT('',(1.744235624233,149.88984074511));
#1128 = CARTESIAN_POINT('',(1.742418587392,150.0934896754));
#1129 = CARTESIAN_POINT('',(1.740391473006,150.2716589015));
#1130 = CARTESIAN_POINT('',(1.738171529457,150.41769303777));
#1131 = CARTESIAN_POINT('',(1.735784500185,150.5251045921));
#1132 = CARTESIAN_POINT('',(1.731030379277,150.64289460471));
#1133 = CARTESIAN_POINT('',(1.728729954801,150.66187738837));
#1134 = CARTESIAN_POINT('',(1.726418481312,150.64163407947));
#1135 = CARTESIAN_POINT('',(1.724153419094,150.58235037228));
#1136 = CARTESIAN_POINT('',(1.721989598257,150.4871029967));
#1137 = CARTESIAN_POINT('',(1.719974097888,150.36176050387));
#1138 = CARTESIAN_POINT('',(1.716021796812,150.04495791908));
#1139 = CARTESIAN_POINT('',(1.714124295323,149.84436271339));
#1140 = CARTESIAN_POINT('',(1.712451636085,149.62033657016));
#1141 = CARTESIAN_POINT('',(1.710999866762,149.37853448604));
#1142 = CARTESIAN_POINT('',(1.70976223251,149.12349437236));
#1143 = CARTESIAN_POINT('',(1.708731037659,148.85888986079));
#1144 = CARTESIAN_POINT('',(1.707898716191,148.58766532639));
#1145 = ( GEOMETRIC_REPRESENTATION_CONTEXT(2) 
PARAMETRIC_REPRESENTATION_CONTEXT() REPRESENTATION_CONTEXT('2D SPACE',''
  ) );
#1146 = PCURVE('',#185,#1147);
#1147 = DEFINITIONAL_REPRESENTATION('',(#1148),#1193);
#1148 = B_SPLINE_CURVE_WITH_KNOTS('',7,(#1149,#1150,#1151,#1152,#1153,
    #1154,#1155,#1156,#1157,#1158,#1159,#1160,#1161,#1162,#1163,#1164,
    #1165,#1166,#1167,#1168,#1169,#1170,#1171,#1172,#1173,#1174,#1175,
    #1176,#1177,#1178,#1179,#1180,#1181,#1182,#1183,#1184,#1185,#1186,
    #1187,#1188,#1189,#1190,#1191,#1192),.UNSPECIFIED.,.F.,.F.,(8,6,6,6,
    6,6,6,8),(0.,8.156378840709E-02,0.186968434935,0.309038396119,
    0.51737084653,0.682972094512,0.829930932075,1.),.UNSPECIFIED.);
#1149 = CARTESIAN_POINT('',(1.998623386547,4.578658980728));
#1150 = CARTESIAN_POINT('',(2.048281465164,4.551777296816));
#1151 = CARTESIAN_POINT('',(2.097075944203,4.525870273586));
#1152 = CARTESIAN_POINT('',(2.145047875632,4.501011320061));
#1153 = CARTESIAN_POINT('',(2.192227434693,4.477263159918));
#1154 = CARTESIAN_POINT('',(2.238636309481,4.454677154377));
#1155 = CARTESIAN_POINT('',(2.284290090519,4.433292625081));
#1156 = CARTESIAN_POINT('',(2.387238459088,4.387088057749));
#1157 = CARTESIAN_POINT('',(2.44408749982,4.363067490911));
#1158 = CARTESIAN_POINT('',(2.499883510516,4.34108697325));
#1159 = CARTESIAN_POINT('',(2.554748946646,4.321144809124));
#1160 = CARTESIAN_POINT('',(2.60879712792,4.303229659884));
#1161 = CARTESIAN_POINT('',(2.662136375036,4.287325093287));
#1162 = CARTESIAN_POINT('',(2.775950179773,4.257303738825));
#1163 = CARTESIAN_POINT('',(2.836231162673,4.243864119436));
#1164 = CARTESIAN_POINT('',(2.895886001393,4.233069148412));
#1165 = CARTESIAN_POINT('',(2.955072146172,4.224895007461));
#1166 = CARTESIAN_POINT('',(3.01394084453,4.219323056286));
#1167 = CARTESIAN_POINT('',(3.072642394577,4.216342702546));
#1168 = CARTESIAN_POINT('',(3.231493828483,4.215291350936));
#1169 = CARTESIAN_POINT('',(3.33152748217,4.222178121532));
#1170 = CARTESIAN_POINT('',(3.432267177961,4.236590796985));
#1171 = CARTESIAN_POINT('',(3.534451632211,4.258616944166));
#1172 = CARTESIAN_POINT('',(3.638867307916,4.288416033363));
#1173 = CARTESIAN_POINT('',(3.746316462236,4.326139648949));
#1174 = CARTESIAN_POINT('',(3.946495000252,4.408144519875));
#1175 = CARTESIAN_POINT('',(4.038684863428,4.449887418717));
#1176 = CARTESIAN_POINT('',(4.134071694206,4.496879094201));
#1177 = CARTESIAN_POINT('',(4.232500085635,4.548653545609));
#1178 = CARTESIAN_POINT('',(4.333950320206,4.604501299246));
#1179 = CARTESIAN_POINT('',(4.438535506831,4.663514183581));
#1180 = CARTESIAN_POINT('',(4.642397436611,4.778864973721));
#1181 = CARTESIAN_POINT('',(4.739288549268,4.833818376814));
#1182 = CARTESIAN_POINT('',(4.836274401665,4.888084665503));
#1183 = CARTESIAN_POINT('',(4.932536153708,4.940303387815));
#1184 = CARTESIAN_POINT('',(5.027250103702,4.989324666782));
#1185 = CARTESIAN_POINT('',(5.119423989353,5.034291398746));
#1186 = CARTESIAN_POINT('',(5.309859312097,5.121328828399));
#1187 = CARTESIAN_POINT('',(5.407902670362,5.16233737604));
#1188 = CARTESIAN_POINT('',(5.502499884524,5.197910295073));
#1189 = CARTESIAN_POINT('',(5.5941350203,5.228386864009));
#1190 = CARTESIAN_POINT('',(5.683240165383,5.254103000346));
#1191 = CARTESIAN_POINT('',(5.770189188169,5.275363623992));
#1192 = CARTESIAN_POINT('',(5.855358247428,5.292427038809));
#1193 = ( GEOMETRIC_REPRESENTATION_CONTEXT(2) 
PARAMETRIC_REPRESENTATION_CONTEXT() REPRESENTATION_CONTEXT('2D SPACE',''
  ) );
#1194 = ORIENTED_EDGE('',*,*,#1195,.F.);
#1195 = EDGE_CURVE('',#1196,#1050,#1198,.T.);
#1196 = VERTEX_POINT('',#1197);
#1197 = CARTESIAN_POINT('',(-20.15,-37.15,10.1404302335));
#1198 = SURFACE_CURVE('',#1199,(#1205,#1214),.PCURVE_S1.);
#1199 = B_SPLINE_CURVE_WITH_KNOTS('',4,(#1200,#1201,#1202,#1203,#1204),
  .UNSPECIFIED.,.F.,.F.,(5,5),(0.,1.),.PIECEWISE_BEZIER_KNOTS.);
#1200 = CARTESIAN_POINT('',(-20.15,-37.15,10.1404302335));
#1201 = CARTESIAN_POINT('',(-20.23791109377,-37.15,10.128512826259));
#1202 = CARTESIAN_POINT('',(-20.32580460918,-37.14793907945,
    10.116527201855));
#1203 = CARTESIAN_POINT('',(-20.41354222436,-37.14381924308,
    10.10449214841));
#1204 = CARTESIAN_POINT('',(-20.50099087156,-37.13766532639,
    10.092427038809));
#1205 = PCURVE('',#99,#1206);
#1206 = DEFINITIONAL_REPRESENTATION('',(#1207),#1213);
#1207 = B_SPLINE_CURVE_WITH_KNOTS('',4,(#1208,#1209,#1210,#1211,#1212),
  .UNSPECIFIED.,.F.,.F.,(5,5),(0.,1.),.PIECEWISE_BEZIER_KNOTS.);
#1208 = CARTESIAN_POINT('',(1.705536994061,148.6));
#1209 = CARTESIAN_POINT('',(1.706128428664,148.6));
#1210 = CARTESIAN_POINT('',(1.706719808231,148.59793907945));
#1211 = CARTESIAN_POINT('',(1.707310202706,148.59381924308));
#1212 = CARTESIAN_POINT('',(1.707898716191,148.58766532639));
#1213 = ( GEOMETRIC_REPRESENTATION_CONTEXT(2) 
PARAMETRIC_REPRESENTATION_CONTEXT() REPRESENTATION_CONTEXT('2D SPACE',''
  ) );
#1214 = PCURVE('',#218,#1215);
#1215 = DEFINITIONAL_REPRESENTATION('',(#1216),#1222);
#1216 = B_SPLINE_CURVE_WITH_KNOTS('',4,(#1217,#1218,#1219,#1220,#1221),
  .UNSPECIFIED.,.F.,.F.,(5,5),(0.,1.),.PIECEWISE_BEZIER_KNOTS.);
#1217 = CARTESIAN_POINT('',(4.712388980385,-5.3404302335));
#1218 = CARTESIAN_POINT('',(4.72997119914,-5.328512826259));
#1219 = CARTESIAN_POINT('',(4.747549890644,-5.316527201855));
#1220 = CARTESIAN_POINT('',(4.765111954328,-5.30449214841));
#1221 = CARTESIAN_POINT('',(4.782644936491,-5.292427038809));
#1222 = ( GEOMETRIC_REPRESENTATION_CONTEXT(2) 
PARAMETRIC_REPRESENTATION_CONTEXT() REPRESENTATION_CONTEXT('2D SPACE',''
  ) );
#1223 = ORIENTED_EDGE('',*,*,#1224,.F.);
#1224 = EDGE_CURVE('',#1225,#1196,#1227,.T.);
#1225 = VERTEX_POINT('',#1226);
#1226 = CARTESIAN_POINT('',(20.15,-37.15,10.1404302335));
#1227 = SURFACE_CURVE('',#1228,(#1233,#1240),.PCURVE_S1.);
#1228 = CIRCLE('',#1229,150.);
#1229 = AXIS2_PLACEMENT_3D('',#1230,#1231,#1232);
#1230 = CARTESIAN_POINT('',(0.,-37.15,-138.5));
#1231 = DIRECTION('',(0.,-1.,2.22044604925E-16));
#1232 = DIRECTION('',(1.,0.,0.));
#1233 = PCURVE('',#99,#1234);
#1234 = DEFINITIONAL_REPRESENTATION('',(#1235),#1239);
#1235 = LINE('',#1236,#1237);
#1236 = CARTESIAN_POINT('',(0.,148.6));
#1237 = VECTOR('',#1238,1.);
#1238 = DIRECTION('',(1.,0.));
#1239 = ( GEOMETRIC_REPRESENTATION_CONTEXT(2) 
PARAMETRIC_REPRESENTATION_CONTEXT() REPRESENTATION_CONTEXT('2D SPACE',''
  ) );
#1240 = PCURVE('',#246,#1241);
#1241 = DEFINITIONAL_REPRESENTATION('',(#1242),#1250);
#1242 = ( BOUNDED_CURVE() B_SPLINE_CURVE(2,(#1243,#1244,#1245,#1246,
#1247,#1248,#1249),.UNSPECIFIED.,.T.,.F.) B_SPLINE_CURVE_WITH_KNOTS((1,2
    ,2,2,2,1),(-2.094395102393,0.,2.094395102393,4.188790204786,
6.28318530718,8.377580409573),.UNSPECIFIED.) CURVE() 
GEOMETRIC_REPRESENTATION_ITEM() RATIONAL_B_SPLINE_CURVE((1.,0.5,1.,0.5,
1.,0.5,1.)) REPRESENTATION_ITEM('') );
#1243 = CARTESIAN_POINT('',(170.15,143.3));
#1244 = CARTESIAN_POINT('',(170.15,-116.5076211353));
#1245 = CARTESIAN_POINT('',(-54.85,13.396189432334));
#1246 = CARTESIAN_POINT('',(-279.85,143.3));
#1247 = CARTESIAN_POINT('',(-54.85,273.20381056766));
#1248 = CARTESIAN_POINT('',(170.15,403.10762113533));
#1249 = CARTESIAN_POINT('',(170.15,143.3));
#1250 = ( GEOMETRIC_REPRESENTATION_CONTEXT(2) 
PARAMETRIC_REPRESENTATION_CONTEXT() REPRESENTATION_CONTEXT('2D SPACE',''
  ) );
#1251 = ORIENTED_EDGE('',*,*,#1252,.F.);
#1252 = EDGE_CURVE('',#1253,#1225,#1255,.T.);
#1253 = VERTEX_POINT('',#1254);
#1254 = CARTESIAN_POINT('',(20.500990871568,-37.13766532639,
    10.092427038809));
#1255 = SURFACE_CURVE('',#1256,(#1262,#1271),.PCURVE_S1.);
#1256 = B_SPLINE_CURVE_WITH_KNOTS('',4,(#1257,#1258,#1259,#1260,#1261),
  .UNSPECIFIED.,.F.,.F.,(5,5),(0.,1.),.PIECEWISE_BEZIER_KNOTS.);
#1257 = CARTESIAN_POINT('',(20.500990871568,-37.13766532639,
    10.092427038809));
#1258 = CARTESIAN_POINT('',(20.413542224365,-37.14381924308,
    10.10449214841));
#1259 = CARTESIAN_POINT('',(20.325804609187,-37.14793907945,
    10.116527201855));
#1260 = CARTESIAN_POINT('',(20.237911093776,-37.15,10.128512826259));
#1261 = CARTESIAN_POINT('',(20.15,-37.15,10.1404302335));
#1262 = PCURVE('',#99,#1263);
#1263 = DEFINITIONAL_REPRESENTATION('',(#1264),#1270);
#1264 = B_SPLINE_CURVE_WITH_KNOTS('',4,(#1265,#1266,#1267,#1268,#1269),
  .UNSPECIFIED.,.F.,.F.,(5,5),(0.,1.),.PIECEWISE_BEZIER_KNOTS.);
#1265 = CARTESIAN_POINT('',(1.433693937398,148.58766532639));
#1266 = CARTESIAN_POINT('',(1.434282450884,148.59381924308));
#1267 = CARTESIAN_POINT('',(1.434872845359,148.59793907945));
#1268 = CARTESIAN_POINT('',(1.435464224926,148.6));
#1269 = CARTESIAN_POINT('',(1.436055659529,148.6));
#1270 = ( GEOMETRIC_REPRESENTATION_CONTEXT(2) 
PARAMETRIC_REPRESENTATION_CONTEXT() REPRESENTATION_CONTEXT('2D SPACE',''
  ) );
#1271 = PCURVE('',#279,#1272);
#1272 = DEFINITIONAL_REPRESENTATION('',(#1273),#1279);
#1273 = B_SPLINE_CURVE_WITH_KNOTS('',4,(#1274,#1275,#1276,#1277,#1278),
  .UNSPECIFIED.,.F.,.F.,(5,5),(0.,1.),.PIECEWISE_BEZIER_KNOTS.);
#1274 = CARTESIAN_POINT('',(4.642133024278,-5.292427038809));
#1275 = CARTESIAN_POINT('',(4.659666006441,-5.30449214841));
#1276 = CARTESIAN_POINT('',(4.677228070125,-5.316527201855));
#1277 = CARTESIAN_POINT('',(4.69480676163,-5.328512826259));
#1278 = CARTESIAN_POINT('',(4.712388980385,-5.3404302335));
#1279 = ( GEOMETRIC_REPRESENTATION_CONTEXT(2) 
PARAMETRIC_REPRESENTATION_CONTEXT() REPRESENTATION_CONTEXT('2D SPACE',''
  ) );
#1280 = ORIENTED_EDGE('',*,*,#1281,.T.);
#1281 = EDGE_CURVE('',#1253,#1282,#1284,.T.);
#1282 = VERTEX_POINT('',#1283);
#1283 = CARTESIAN_POINT('',(25.13766532639,-32.50099087156,
    9.378658980728));
#1284 = SURFACE_CURVE('',#1285,(#1330,#1403),.PCURVE_S1.);
#1285 = B_SPLINE_CURVE_WITH_KNOTS('',7,(#1286,#1287,#1288,#1289,#1290,
    #1291,#1292,#1293,#1294,#1295,#1296,#1297,#1298,#1299,#1300,#1301,
    #1302,#1303,#1304,#1305,#1306,#1307,#1308,#1309,#1310,#1311,#1312,
    #1313,#1314,#1315,#1316,#1317,#1318,#1319,#1320,#1321,#1322,#1323,
    #1324,#1325,#1326,#1327,#1328,#1329),.UNSPECIFIED.,.F.,.F.,(8,6,6,6,
    6,6,6,8),(0.,0.289108937178,0.528192939556,0.750616334686,1.,
    1.249273383769,1.334981936197,1.453381835289),.UNSPECIFIED.);
#1286 = CARTESIAN_POINT('',(20.500990871568,-37.13766532639,
    10.092427038809));
#1287 = CARTESIAN_POINT('',(20.645465655235,-37.45450040032,
    10.072494150706));
#1288 = CARTESIAN_POINT('',(20.830647301061,-37.76318525071,
    10.046777956877));
#1289 = CARTESIAN_POINT('',(21.05843370761,-38.05834648033,
    10.014847562991));
#1290 = CARTESIAN_POINT('',(21.330456802009,-38.33340336973,
    9.97622175551));
#1291 = CARTESIAN_POINT('',(21.64764802361,-38.58022757783,
    9.930420563478));
#1292 = CARTESIAN_POINT('',(22.009883673777,-38.78889644977,
    9.876994668494));
#1293 = CARTESIAN_POINT('',(22.749265348379,-39.07705617835,
    9.765253830479));
#1294 = CARTESIAN_POINT('',(23.112462722698,-39.17244827696,
    9.709463369571));
#1295 = CARTESIAN_POINT('',(23.494220791405,-39.22250221054,
    9.649690105839));
#1296 = CARTESIAN_POINT('',(23.882224571273,-39.22213834667,
    9.587636957349));
#1297 = CARTESIAN_POINT('',(24.26335087685,-39.17148710187,
    9.525403885643));
#1298 = CARTESIAN_POINT('',(24.625335580795,-39.07589126122,
    9.46522179524));
#1299 = CARTESIAN_POINT('',(25.268037385294,-38.82500021339,
    9.356771788263));
#1300 = CARTESIAN_POINT('',(25.553480359425,-38.67400836177,
    9.307827480811));
#1301 = CARTESIAN_POINT('',(25.813124689659,-38.49853598197,
    9.262677300227));
#1302 = CARTESIAN_POINT('',(26.046340291203,-38.30340748182,
    9.221642355789));
#1303 = CARTESIAN_POINT('',(26.253072374945,-38.09286778872,
    9.184916594882));
#1304 = CARTESIAN_POINT('',(26.433669939017,-37.87069575887,
    9.152585310439));
#1305 = CARTESIAN_POINT('',(26.762795094147,-37.38185130946,
    9.093306232788));
#1306 = CARTESIAN_POINT('',(26.90554553189,-37.11191492114,
    9.067348335732));
#1307 = CARTESIAN_POINT('',(27.018298237942,-36.83387600522,
    9.046705861405));
#1308 = CARTESIAN_POINT('',(27.102098087802,-36.55031266194,
    9.031296529421));
#1309 = CARTESIAN_POINT('',(27.157710365645,-36.26325626448,
    9.021047911424));
#1310 = CARTESIAN_POINT('',(27.185533905933,-35.97444826396,
    9.015920314552));
#1311 = CARTESIAN_POINT('',(27.185533905933,-35.39674731056,
    9.015920314552));
#1312 = CARTESIAN_POINT('',(27.157734967366,-35.10806708991,
    9.021043377456));
#1313 = CARTESIAN_POINT('',(27.102171890399,-34.82113649157,
    9.031282928778));
#1314 = CARTESIAN_POINT('',(27.018446693461,-34.53769469619,
    9.046678562838));
#1315 = CARTESIAN_POINT('',(26.905795606993,-34.25977008288,
    9.067302551593));
#1316 = CARTESIAN_POINT('',(26.763175622864,-33.98993642999,
    9.093237035985));
#1317 = CARTESIAN_POINT('',(26.529610601267,-33.64281833988,
    9.13530556225));
#1318 = CARTESIAN_POINT('',(26.466160574436,-33.5553626444,
    9.146704714089));
#1319 = CARTESIAN_POINT('',(26.398973951248,-33.46941111995,
    9.158741276446));
#1320 = CARTESIAN_POINT('',(26.328006162837,-33.38512489724,
    9.171416074746));
#1321 = CARTESIAN_POINT('',(26.253214804466,-33.3026802057,9.18472878494
    ));
#1322 = CARTESIAN_POINT('',(26.174559800815,-33.2222684967,
    9.198677879728));
#1323 = CARTESIAN_POINT('',(25.977958368423,-33.03610794264,
    9.233405467868));
#1324 = CARTESIAN_POINT('',(25.856372145743,-32.93230225477,
    9.254776446884));
#1325 = CARTESIAN_POINT('',(25.727253995079,-32.83336467657,
    9.277346846175));
#1326 = CARTESIAN_POINT('',(25.590670068779,-32.74000847827,
    9.301077292848));
#1327 = CARTESIAN_POINT('',(25.446744734898,-32.65297543422,
    9.325916392541));
#1328 = CARTESIAN_POINT('',(25.295661732405,-32.57303623035,
    9.351801415177));
#1329 = CARTESIAN_POINT('',(25.13766532639,-32.50099087156,
    9.378658980728));
#1330 = PCURVE('',#99,#1331);
#1331 = DEFINITIONAL_REPRESENTATION('',(#1332),#1402);
#1332 = B_SPLINE_CURVE_WITH_KNOTS('',3,(#1333,#1334,#1335,#1336,#1337,
    #1338,#1339,#1340,#1341,#1342,#1343,#1344,#1345,#1346,#1347,#1348,
    #1349,#1350,#1351,#1352,#1353,#1354,#1355,#1356,#1357,#1358,#1359,
    #1360,#1361,#1362,#1363,#1364,#1365,#1366,#1367,#1368,#1369,#1370,
    #1371,#1372,#1373,#1374,#1375,#1376,#1377,#1378,#1379,#1380,#1381,
    #1382,#1383,#1384,#1385,#1386,#1387,#1388,#1389,#1390,#1391,#1392,
    #1393,#1394,#1395,#1396,#1397,#1398,#1399,#1400,#1401),
  .UNSPECIFIED.,.F.,.F.,(4,1,1,1,1,1,1,1,1,1,1,1,1,1,1,1,1,1,1,1,1,1,1,1
    ,1,1,1,1,1,1,1,1,1,1,1,1,1,1,1,1,1,1,1,1,1,1,1,1,1,1,1,1,1,1,1,1,1,1
    ,1,1,1,1,1,1,1,1,4),(0.,2.202093689832E-02,4.404187379664E-02,
    6.606281069495E-02,8.808374759327E-02,0.110104684492,0.13212562139,
    0.154146558288,0.176167495187,0.198188432085,0.220209368983,
    0.242230305881,0.26425124278,0.286272179678,0.308293116576,
    0.330314053475,0.352334990373,0.374355927271,0.39637686417,
    0.418397801068,0.440418737966,0.462439674865,0.484460611763,
    0.506481548661,0.52850248556,0.550523422458,0.572544359356,
    0.594565296255,0.616586233153,0.638607170051,0.66062810695,
    0.682649043848,0.704669980746,0.726690917644,0.748711854543,
    0.770732791441,0.792753728339,0.814774665238,0.836795602136,
    0.858816539034,0.880837475933,0.902858412831,0.924879349729,
    0.946900286628,0.968921223526,0.990942160424,1.012963097323,
    1.034984034221,1.057004971119,1.079025908018,1.101046844916,
    1.123067781814,1.145088718713,1.167109655611,1.189130592509,
    1.211151529407,1.233172466306,1.255193403204,1.277214340102,
    1.299235277001,1.321256213899,1.343277150797,1.365298087696,
    1.387319024594,1.409339961492,1.431360898391,1.453381835289),
  .QUASI_UNIFORM_KNOTS.);
#1333 = CARTESIAN_POINT('',(1.433693937398,148.58766532639));
#1334 = CARTESIAN_POINT('',(1.433521142209,148.64397210844));
#1335 = CARTESIAN_POINT('',(1.433153266723,148.75593525484));
#1336 = CARTESIAN_POINT('',(1.432533502158,148.921372445));
#1337 = CARTESIAN_POINT('',(1.431844658233,149.0837607319));
#1338 = CARTESIAN_POINT('',(1.431085718966,149.24250658277));
#1339 = CARTESIAN_POINT('',(1.430255766085,149.39697951544));
#1340 = CARTESIAN_POINT('',(1.429354008472,149.54650513622));
#1341 = CARTESIAN_POINT('',(1.428379801979,149.69036390755));
#1342 = CARTESIAN_POINT('',(1.427332674526,149.8277880697));
#1343 = CARTESIAN_POINT('',(1.426212353731,149.9579587051));
#1344 = CARTESIAN_POINT('',(1.425018796595,150.08000215373));
#1345 = CARTESIAN_POINT('',(1.423752229411,150.19298654449));
#1346 = CARTESIAN_POINT('',(1.422413169123,150.29591576167));
#1347 = CARTESIAN_POINT('',(1.421002536582,150.38773039212));
#1348 = CARTESIAN_POINT('',(1.419521452143,150.46727973908));
#1349 = CARTESIAN_POINT('',(1.417981393931,150.53295867116));
#1350 = CARTESIAN_POINT('',(1.416394471986,150.58351813976));
#1351 = CARTESIAN_POINT('',(1.414773475138,150.61801402966));
#1352 = CARTESIAN_POINT('',(1.41313164615,150.63582014243));
#1353 = CARTESIAN_POINT('',(1.411482515155,150.63662464849));
#1354 = CARTESIAN_POINT('',(1.409839720366,150.62043119456));
#1355 = CARTESIAN_POINT('',(1.408216815598,150.58755808335));
#1356 = CARTESIAN_POINT('',(1.406627140403,150.53864067092));
#1357 = CARTESIAN_POINT('',(1.405083453033,150.47462298375));
#1358 = CARTESIAN_POINT('',(1.403598452553,150.39678940154));
#1359 = CARTESIAN_POINT('',(1.402181986158,150.30664693999));
#1360 = CARTESIAN_POINT('',(1.400834439261,150.20523925148));
#1361 = CARTESIAN_POINT('',(1.399557647317,150.09363458599));
#1362 = CARTESIAN_POINT('',(1.398352558366,149.97282547172));
#1363 = CARTESIAN_POINT('',(1.39721990626,149.84376022973));
#1364 = CARTESIAN_POINT('',(1.396160074612,149.70733911696));
#1365 = CARTESIAN_POINT('',(1.395173165502,149.56441792521));
#1366 = CARTESIAN_POINT('',(1.394259036831,149.41581493079));
#1367 = CARTESIAN_POINT('',(1.39341723872,149.26229478907));
#1368 = CARTESIAN_POINT('',(1.392647363508,149.10463910191));
#1369 = CARTESIAN_POINT('',(1.391947820741,148.94339115209));
#1370 = CARTESIAN_POINT('',(1.391316102786,148.77874303857));
#1371 = CARTESIAN_POINT('',(1.390751489132,148.61120926555));
#1372 = CARTESIAN_POINT('',(1.390252883401,148.44117308229));
#1373 = CARTESIAN_POINT('',(1.389819394435,148.26901090639));
#1374 = CARTESIAN_POINT('',(1.389450191839,148.09506385837));
#1375 = CARTESIAN_POINT('',(1.389144555492,147.91965007834));
#1376 = CARTESIAN_POINT('',(1.388901872747,147.74306589897));
#1377 = CARTESIAN_POINT('',(1.388721648956,147.56558990668));
#1378 = CARTESIAN_POINT('',(1.388603514999,147.38748568914));
#1379 = CARTESIAN_POINT('',(1.388547231507,147.20900604525));
#1380 = CARTESIAN_POINT('',(1.388552707313,147.03039175433));
#1381 = CARTESIAN_POINT('',(1.388619948323,146.85196249862));
#1382 = CARTESIAN_POINT('',(1.388749072148,146.67395066932));
#1383 = CARTESIAN_POINT('',(1.388940341645,146.49661354616));
#1384 = CARTESIAN_POINT('',(1.389194148589,146.32021641732));
#1385 = CARTESIAN_POINT('',(1.38951100901,146.14504097595));
#1386 = CARTESIAN_POINT('',(1.389891555005,145.97138712992));
#1387 = CARTESIAN_POINT('',(1.390336526975,145.79957678655));
#1388 = CARTESIAN_POINT('',(1.390846765739,145.62995722902));
#1389 = CARTESIAN_POINT('',(1.391423202735,145.46290505537));
#1390 = CARTESIAN_POINT('',(1.392066856021,145.29882918012));
#1391 = CARTESIAN_POINT('',(1.392778803012,145.13817792736));
#1392 = CARTESIAN_POINT('',(1.393560250429,144.98142905484));
#1393 = CARTESIAN_POINT('',(1.394412252347,144.82914599986));
#1394 = CARTESIAN_POINT('',(1.3953358337,144.68194404132));
#1395 = CARTESIAN_POINT('',(1.396331831176,144.5405072558));
#1396 = CARTESIAN_POINT('',(1.397401853427,144.40547981336));
#1397 = CARTESIAN_POINT('',(1.398545342931,144.27783262046));
#1398 = CARTESIAN_POINT('',(1.399761455032,144.15853989069));
#1399 = CARTESIAN_POINT('',(1.401048953846,144.04860868034));
#1400 = CARTESIAN_POINT('',(1.401953689299,143.9822589395));
#1401 = CARTESIAN_POINT('',(1.402417386717,143.95099087156));
#1402 = ( GEOMETRIC_REPRESENTATION_CONTEXT(2) 
PARAMETRIC_REPRESENTATION_CONTEXT() REPRESENTATION_CONTEXT('2D SPACE',''
  ) );
#1403 = PCURVE('',#312,#1404);
#1404 = DEFINITIONAL_REPRESENTATION('',(#1405),#1475);
#1405 = B_SPLINE_CURVE_WITH_KNOTS('',3,(#1406,#1407,#1408,#1409,#1410,
    #1411,#1412,#1413,#1414,#1415,#1416,#1417,#1418,#1419,#1420,#1421,
    #1422,#1423,#1424,#1425,#1426,#1427,#1428,#1429,#1430,#1431,#1432,
    #1433,#1434,#1435,#1436,#1437,#1438,#1439,#1440,#1441,#1442,#1443,
    #1444,#1445,#1446,#1447,#1448,#1449,#1450,#1451,#1452,#1453,#1454,
    #1455,#1456,#1457,#1458,#1459,#1460,#1461,#1462,#1463,#1464,#1465,
    #1466,#1467,#1468,#1469,#1470,#1471,#1472,#1473,#1474),
  .UNSPECIFIED.,.F.,.F.,(4,1,1,1,1,1,1,1,1,1,1,1,1,1,1,1,1,1,1,1,1,1,1,1
    ,1,1,1,1,1,1,1,1,1,1,1,1,1,1,1,1,1,1,1,1,1,1,1,1,1,1,1,1,1,1,1,1,1,1
    ,1,1,1,1,1,1,1,1,4),(0.,2.202093689832E-02,4.404187379664E-02,
    6.606281069495E-02,8.808374759327E-02,0.110104684492,0.13212562139,
    0.154146558288,0.176167495187,0.198188432085,0.220209368983,
    0.242230305881,0.26425124278,0.286272179678,0.308293116576,
    0.330314053475,0.352334990373,0.374355927271,0.39637686417,
    0.418397801068,0.440418737966,0.462439674865,0.484460611763,
    0.506481548661,0.52850248556,0.550523422458,0.572544359356,
    0.594565296255,0.616586233153,0.638607170051,0.66062810695,
    0.682649043848,0.704669980746,0.726690917644,0.748711854543,
    0.770732791441,0.792753728339,0.814774665238,0.836795602136,
    0.858816539034,0.880837475933,0.902858412831,0.924879349729,
    0.946900286628,0.968921223526,0.990942160424,1.012963097323,
    1.034984034221,1.057004971119,1.079025908018,1.101046844916,
    1.123067781814,1.145088718713,1.167109655611,1.189130592509,
    1.211151529407,1.233172466306,1.255193403204,1.277214340102,
    1.299235277001,1.321256213899,1.343277150797,1.365298087696,
    1.387319024594,1.409339961492,1.431360898391,1.453381835289),
  .QUASI_UNIFORM_KNOTS.);
#1406 = CARTESIAN_POINT('',(3.569419713342,5.292427038809));
#1407 = CARTESIAN_POINT('',(3.587102086505,5.288884359615));
#1408 = CARTESIAN_POINT('',(3.622686164395,5.281329601565));
#1409 = CARTESIAN_POINT('',(3.6767633006,5.268547470828));
#1410 = CARTESIAN_POINT('',(3.731583769799,5.254273880936));
#1411 = CARTESIAN_POINT('',(3.787192374318,5.238466214262));
#1412 = CARTESIAN_POINT('',(3.843635988758,5.221081535394));
#1413 = CARTESIAN_POINT('',(3.900964196634,5.202076856708));
#1414 = CARTESIAN_POINT('',(3.95922972387,5.181409637544));
#1415 = CARTESIAN_POINT('',(4.0184890092,5.159038326912));
#1416 = CARTESIAN_POINT('',(4.07880280968,5.134923042585));
#1417 = CARTESIAN_POINT('',(4.140236946766,5.109026340267));
#1418 = CARTESIAN_POINT('',(4.20286296657,5.081314300173));
#1419 = CARTESIAN_POINT('',(4.266759683348,5.051757203014));
#1420 = CARTESIAN_POINT('',(4.332012219861,5.020332615018));
#1421 = CARTESIAN_POINT('',(4.398721495999,4.98702046652));
#1422 = CARTESIAN_POINT('',(4.466568752744,4.952035955639));
#1423 = CARTESIAN_POINT('',(4.535273361748,4.91561809016));
#1424 = CARTESIAN_POINT('',(4.604572027396,4.878031815367));
#1425 = CARTESIAN_POINT('',(4.674216183142,4.83956451436));
#1426 = CARTESIAN_POINT('',(4.743965362153,4.800523036627));
#1427 = CARTESIAN_POINT('',(4.813581643659,4.761230007953));
#1428 = CARTESIAN_POINT('',(4.882824577805,4.722019273382));
#1429 = CARTESIAN_POINT('',(4.951443342998,4.68323238429));
#1430 = CARTESIAN_POINT('',(5.019179168853,4.645208704583));
#1431 = CARTESIAN_POINT('',(5.085728621753,4.608296995903));
#1432 = CARTESIAN_POINT('',(5.150851952801,4.572784503871));
#1433 = CARTESIAN_POINT('',(5.214694873849,4.538724541737));
#1434 = CARTESIAN_POINT('',(5.277311578146,4.506205147967));
#1435 = CARTESIAN_POINT('',(5.338770617064,4.475290923866));
#1436 = CARTESIAN_POINT('',(5.399127918915,4.446039238725));
#1437 = CARTESIAN_POINT('',(5.458434939516,4.418496536556));
#1438 = CARTESIAN_POINT('',(5.516737720907,4.392699749417));
#1439 = CARTESIAN_POINT('',(5.574076210519,4.368677063265));
#1440 = CARTESIAN_POINT('',(5.630491026007,4.346446047595));
#1441 = CARTESIAN_POINT('',(5.685999860195,4.326022857845));
#1442 = CARTESIAN_POINT('',(5.740687766604,4.30738966344));
#1443 = CARTESIAN_POINT('',(5.794729852098,4.290501050511));
#1444 = CARTESIAN_POINT('',(5.848171376238,4.275356607966));
#1445 = CARTESIAN_POINT('',(5.901087993226,4.261943584607));
#1446 = CARTESIAN_POINT('',(5.953544370094,4.250252474763));
#1447 = CARTESIAN_POINT('',(6.005605936,4.240273304449));
#1448 = CARTESIAN_POINT('',(6.057336297236,4.231997059955));
#1449 = CARTESIAN_POINT('',(6.108798440236,4.22541571217));
#1450 = CARTESIAN_POINT('',(6.160054865635,4.220522581479));
#1451 = CARTESIAN_POINT('',(6.211168111735,4.2173126106));
#1452 = CARTESIAN_POINT('',(6.262200826975,4.215782531089));
#1453 = CARTESIAN_POINT('',(6.313217411535,4.215931413145));
#1454 = CARTESIAN_POINT('',(6.364259287727,4.217759265126));
#1455 = CARTESIAN_POINT('',(6.415393453147,4.221267438251));
#1456 = CARTESIAN_POINT('',(6.466681710185,4.226459534538));
#1457 = CARTESIAN_POINT('',(6.518186769402,4.233340914048));
#1458 = CARTESIAN_POINT('',(6.569971132246,4.241918513397));
#1459 = CARTESIAN_POINT('',(6.622097876688,4.252200553344));
#1460 = CARTESIAN_POINT('',(6.674630916767,4.26419624488));
#1461 = CARTESIAN_POINT('',(6.727635449006,4.277915478344));
#1462 = CARTESIAN_POINT('',(6.781178302114,4.293368447977));
#1463 = CARTESIAN_POINT('',(6.835328766976,4.310565417816));
#1464 = CARTESIAN_POINT('',(6.890158051418,4.329515852828));
#1465 = CARTESIAN_POINT('',(6.945745266417,4.350230132329));
#1466 = CARTESIAN_POINT('',(7.002159609744,4.372711945755));
#1467 = CARTESIAN_POINT('',(7.059473577516,4.396961478422));
#1468 = CARTESIAN_POINT('',(7.117757004166,4.42297125097));
#1469 = CARTESIAN_POINT('',(7.177130623998,4.450750873414));
#1470 = CARTESIAN_POINT('',(7.237606773115,4.480250810537));
#1471 = CARTESIAN_POINT('',(7.299212552858,4.511412162656));
#1472 = CARTESIAN_POINT('',(7.361978510405,4.544164437164));
#1473 = CARTESIAN_POINT('',(7.40462450998,4.56700263125));
#1474 = CARTESIAN_POINT('',(7.426154574223,4.578658980728));
#1475 = ( GEOMETRIC_REPRESENTATION_CONTEXT(2) 
PARAMETRIC_REPRESENTATION_CONTEXT() REPRESENTATION_CONTEXT('2D SPACE',''
  ) );
#1476 = ORIENTED_EDGE('',*,*,#1477,.F.);
#1477 = EDGE_CURVE('',#1478,#1282,#1480,.T.);
#1478 = VERTEX_POINT('',#1479);
#1479 = CARTESIAN_POINT('',(25.15,-32.15,9.376561699277));
#1480 = SURFACE_CURVE('',#1481,(#1487,#1496),.PCURVE_S1.);
#1481 = B_SPLINE_CURVE_WITH_KNOTS('',4,(#1482,#1483,#1484,#1485,#1486),
  .UNSPECIFIED.,.F.,.F.,(5,5),(0.,1.),.PIECEWISE_BEZIER_KNOTS.);
#1482 = CARTESIAN_POINT('',(25.15,-32.15,9.376561699277));
#1483 = CARTESIAN_POINT('',(25.15,-32.23778662749,9.376561699277));
#1484 = CARTESIAN_POINT('',(25.147944936308,-32.32557318274,
    9.376911212673));
#1485 = CARTESIAN_POINT('',(25.143834809848,-32.41332101682,
    9.377610239743));
#1486 = CARTESIAN_POINT('',(25.13766532639,-32.50099087156,
    9.378658980728));
#1487 = PCURVE('',#99,#1488);
#1488 = DEFINITIONAL_REPRESENTATION('',(#1489),#1495);
#1489 = B_SPLINE_CURVE_WITH_KNOTS('',4,(#1490,#1491,#1492,#1493,#1494),
  .UNSPECIFIED.,.F.,.F.,(5,5),(0.,1.),.PIECEWISE_BEZIER_KNOTS.);
#1490 = CARTESIAN_POINT('',(1.402333975351,143.6));
#1491 = CARTESIAN_POINT('',(1.402333975351,143.68778662749));
#1492 = CARTESIAN_POINT('',(1.402347872507,143.77557318274));
#1493 = CARTESIAN_POINT('',(1.402375666813,143.86332101682));
#1494 = CARTESIAN_POINT('',(1.402417386717,143.95099087156));
#1495 = ( GEOMETRIC_REPRESENTATION_CONTEXT(2) 
PARAMETRIC_REPRESENTATION_CONTEXT() REPRESENTATION_CONTEXT('2D SPACE',''
  ) );
#1496 = PCURVE('',#345,#1497);
#1497 = DEFINITIONAL_REPRESENTATION('',(#1498),#1504);
#1498 = B_SPLINE_CURVE_WITH_KNOTS('',4,(#1499,#1500,#1501,#1502,#1503),
  .UNSPECIFIED.,.F.,.F.,(5,5),(0.,1.),.PIECEWISE_BEZIER_KNOTS.);
#1499 = CARTESIAN_POINT('',(3.14159265359,-4.576561699277));
#1500 = CARTESIAN_POINT('',(3.159149979089,-4.576561699277));
#1501 = CARTESIAN_POINT('',(3.176707294837,-4.576911212673));
#1502 = CARTESIAN_POINT('',(3.194271276615,-4.577610239743));
#1503 = CARTESIAN_POINT('',(3.211848609696,-4.578658980728));
#1504 = ( GEOMETRIC_REPRESENTATION_CONTEXT(2) 
PARAMETRIC_REPRESENTATION_CONTEXT() REPRESENTATION_CONTEXT('2D SPACE',''
  ) );
#1505 = ORIENTED_EDGE('',*,*,#1506,.F.);
#1506 = EDGE_CURVE('',#1507,#1478,#1509,.T.);
#1507 = VERTEX_POINT('',#1508);
#1508 = CARTESIAN_POINT('',(25.15,32.15,9.376561699277));
#1509 = SURFACE_CURVE('',#1510,(#1514,#1520),.PCURVE_S1.);
#1510 = LINE('',#1511,#1512);
#1511 = CARTESIAN_POINT('',(25.15,111.45,9.376561699277));
#1512 = VECTOR('',#1513,1.);
#1513 = DIRECTION('',(0.,-1.,2.22044604925E-16));
#1514 = PCURVE('',#99,#1515);
#1515 = DEFINITIONAL_REPRESENTATION('',(#1516),#1519);
#1516 = B_SPLINE_CURVE_WITH_KNOTS('',1,(#1517,#1518),.UNSPECIFIED.,.F.,
  .F.,(2,2),(72.87,150.03),.PIECEWISE_BEZIER_KNOTS.);
#1517 = CARTESIAN_POINT('',(1.402333975351,72.87));
#1518 = CARTESIAN_POINT('',(1.402333975351,150.03));
#1519 = ( GEOMETRIC_REPRESENTATION_CONTEXT(2) 
PARAMETRIC_REPRESENTATION_CONTEXT() REPRESENTATION_CONTEXT('2D SPACE',''
  ) );
#1520 = PCURVE('',#373,#1521);
#1521 = DEFINITIONAL_REPRESENTATION('',(#1522),#1525);
#1522 = B_SPLINE_CURVE_WITH_KNOTS('',1,(#1523,#1524),.UNSPECIFIED.,.F.,
  .F.,(2,2),(72.87,150.03),.PIECEWISE_BEZIER_KNOTS.);
#1523 = CARTESIAN_POINT('',(70.73,-4.576561699277));
#1524 = CARTESIAN_POINT('',(-6.43,-4.576561699277));
#1525 = ( GEOMETRIC_REPRESENTATION_CONTEXT(2) 
PARAMETRIC_REPRESENTATION_CONTEXT() REPRESENTATION_CONTEXT('2D SPACE',''
  ) );
#1526 = ORIENTED_EDGE('',*,*,#1527,.T.);
#1527 = EDGE_CURVE('',#1507,#1528,#1530,.T.);
#1528 = VERTEX_POINT('',#1529);
#1529 = CARTESIAN_POINT('',(25.13766532639,32.500990871568,
    9.378658980728));
#1530 = SURFACE_CURVE('',#1531,(#1537,#1546),.PCURVE_S1.);
#1531 = B_SPLINE_CURVE_WITH_KNOTS('',4,(#1532,#1533,#1534,#1535,#1536),
  .UNSPECIFIED.,.F.,.F.,(5,5),(0.,1.),.PIECEWISE_BEZIER_KNOTS.);
#1532 = CARTESIAN_POINT('',(25.15,32.15,9.376561699277));
#1533 = CARTESIAN_POINT('',(25.15,32.237786627498,9.376561699277));
#1534 = CARTESIAN_POINT('',(25.147944936308,32.325573182747,
    9.376911212673));
#1535 = CARTESIAN_POINT('',(25.143834809848,32.413321016827,
    9.377610239743));
#1536 = CARTESIAN_POINT('',(25.13766532639,32.500990871568,
    9.378658980728));
#1537 = PCURVE('',#99,#1538);
#1538 = DEFINITIONAL_REPRESENTATION('',(#1539),#1545);
#1539 = B_SPLINE_CURVE_WITH_KNOTS('',4,(#1540,#1541,#1542,#1543,#1544),
  .UNSPECIFIED.,.F.,.F.,(5,5),(0.,1.),.PIECEWISE_BEZIER_KNOTS.);
#1540 = CARTESIAN_POINT('',(1.402333975351,79.3));
#1541 = CARTESIAN_POINT('',(1.402333975351,79.212213372502));
#1542 = CARTESIAN_POINT('',(1.402347872507,79.124426817253));
#1543 = CARTESIAN_POINT('',(1.402375666813,79.036678983173));
#1544 = CARTESIAN_POINT('',(1.402417386717,78.949009128432));
#1545 = ( GEOMETRIC_REPRESENTATION_CONTEXT(2) 
PARAMETRIC_REPRESENTATION_CONTEXT() REPRESENTATION_CONTEXT('2D SPACE',''
  ) );
#1546 = PCURVE('',#406,#1547);
#1547 = DEFINITIONAL_REPRESENTATION('',(#1548),#1554);
#1548 = B_SPLINE_CURVE_WITH_KNOTS('',4,(#1549,#1550,#1551,#1552,#1553),
  .UNSPECIFIED.,.F.,.F.,(5,5),(0.,1.),.PIECEWISE_BEZIER_KNOTS.);
#1549 = CARTESIAN_POINT('',(3.14159265359,-4.576561699277));
#1550 = CARTESIAN_POINT('',(3.12403532809,-4.576561699277));
#1551 = CARTESIAN_POINT('',(3.106478012342,-4.576911212673));
#1552 = CARTESIAN_POINT('',(3.088914030565,-4.577610239743));
#1553 = CARTESIAN_POINT('',(3.071336697483,-4.578658980728));
#1554 = ( GEOMETRIC_REPRESENTATION_CONTEXT(2) 
PARAMETRIC_REPRESENTATION_CONTEXT() REPRESENTATION_CONTEXT('2D SPACE',''
  ) );
#1555 = ORIENTED_EDGE('',*,*,#1556,.T.);
#1556 = EDGE_CURVE('',#1528,#1557,#1559,.T.);
#1557 = VERTEX_POINT('',#1558);
#1558 = CARTESIAN_POINT('',(20.500990871568,37.13766532639,
    10.092427038809));
#1559 = SURFACE_CURVE('',#1560,(#1605,#1678),.PCURVE_S1.);
#1560 = B_SPLINE_CURVE_WITH_KNOTS('',7,(#1561,#1562,#1563,#1564,#1565,
    #1566,#1567,#1568,#1569,#1570,#1571,#1572,#1573,#1574,#1575,#1576,
    #1577,#1578,#1579,#1580,#1581,#1582,#1583,#1584,#1585,#1586,#1587,
    #1588,#1589,#1590,#1591,#1592,#1593,#1594,#1595,#1596,#1597,#1598,
    #1599,#1600,#1601,#1602,#1603,#1604),.UNSPECIFIED.,.F.,.F.,(8,6,6,6,
    6,6,6,8),(0.,0.261380945669,0.45043797762,1.,1.657633712478,
    2.188143879598,2.658932336597,3.203755331004),.UNSPECIFIED.);
#1561 = CARTESIAN_POINT('',(25.13766532639,32.500990871568,
    9.378658980728));
#1562 = CARTESIAN_POINT('',(25.295803614787,32.573100927824,
    9.351777296809));
#1563 = CARTESIAN_POINT('',(25.44701389792,32.653118015281,
    9.325870273586));
#1564 = CARTESIAN_POINT('',(25.591052308289,32.740239914926,
    9.301011320066));
#1565 = CARTESIAN_POINT('',(25.727735643855,32.833694165313,
    9.277263159923));
#1566 = CARTESIAN_POINT('',(25.856940160649,32.932737625362,
    9.254677154376));
#1567 = CARTESIAN_POINT('',(25.978600365387,33.036656037153,
    9.233292625076));
#1568 = CARTESIAN_POINT('',(26.175241806051,33.22295786099,
    9.198557003134));
#1569 = CARTESIAN_POINT('',(26.253874158872,33.30339094047,
    9.184611552548));
#1570 = CARTESIAN_POINT('',(26.328642501307,33.385856081643,
    9.171302598305));
#1571 = CARTESIAN_POINT('',(26.39958695372,33.470161885392,
    9.158631657746));
#1572 = CARTESIAN_POINT('',(26.466749956848,33.556132175828,
    9.146599046334));
#1573 = CARTESIAN_POINT('',(26.530176106567,33.643605877113,
    9.135203931508));
#1574 = CARTESIAN_POINT('',(26.763555739643,33.99065606757,
    9.093167912817));
#1575 = CARTESIAN_POINT('',(26.906046277916,34.260388196664,
    9.067256660467));
#1576 = CARTESIAN_POINT('',(27.018596109755,34.538199982253,
    9.046651088232));
#1577 = CARTESIAN_POINT('',(27.102246276087,34.821520672362,
    9.031269219821));
#1578 = CARTESIAN_POINT('',(27.157759662125,35.108324578977,
    9.021038826646));
#1579 = CARTESIAN_POINT('',(27.185533905933,35.396875623342,
    9.015920314552));
#1580 = CARTESIAN_POINT('',(27.185533905933,36.030957007033,
    9.015920314552));
#1581 = CARTESIAN_POINT('',(27.145762446938,36.376133601138,
    9.023249741535));
#1582 = CARTESIAN_POINT('',(27.066315115283,36.718353959311,
    9.037891037925));
#1583 = CARTESIAN_POINT('',(26.946341921358,37.054653971654,
    9.059930799031));
#1584 = CARTESIAN_POINT('',(26.784262808295,37.381340225784,
    9.089521907736));
#1585 = CARTESIAN_POINT('',(26.578022322766,37.693381556908,
    9.126808302818));
#1586 = CARTESIAN_POINT('',(26.121769899831,38.217534735493,
    9.208144519276));
#1587 = CARTESIAN_POINT('',(25.885716712679,38.439840752236,
    9.249887420464));
#1588 = CARTESIAN_POINT('',(25.617242051314,38.643489672861,
    9.296879092863));
#1589 = CARTESIAN_POINT('',(25.317613681478,38.821658896924,
    9.348653544602));
#1590 = CARTESIAN_POINT('',(24.989336651753,38.967693042434,
    9.404501301395));
#1591 = CARTESIAN_POINT('',(24.636177119607,39.075104591032,
    9.463514182533));
#1592 = CARTESIAN_POINT('',(23.93245012727,39.192894604629,
    9.578864973634));
#1593 = CARTESIAN_POINT('',(23.591789283361,39.211877388488,
    9.633818376807));
#1594 = CARTESIAN_POINT('',(23.249339014633,39.191634079494,
    9.688084665572));
#1595 = CARTESIAN_POINT('',(22.913614197202,39.132350372117,
    9.740303387876));
#1596 = CARTESIAN_POINT('',(22.59276280922,39.037102996621,
    9.789324666769));
#1597 = CARTESIAN_POINT('',(22.293799994857,38.911760504126,
    9.834291398677));
#1598 = CARTESIAN_POINT('',(21.707378754083,38.594957919089,
    9.921328828399));
#1599 = CARTESIAN_POINT('',(21.425722161391,38.394362713394,
    9.96233737604));
#1600 = CARTESIAN_POINT('',(21.177356963354,38.170336570162,
    9.997910295073));
#1601 = CARTESIAN_POINT('',(20.961734272268,37.928534486044,
    10.028386864009));
#1602 = CARTESIAN_POINT('',(20.777878712296,37.673494372362,
    10.054103000346));
#1603 = CARTESIAN_POINT('',(20.624667538569,37.408889860797,
    10.075363623992));
#1604 = CARTESIAN_POINT('',(20.500990871568,37.13766532639,
    10.092427038809));
#1605 = PCURVE('',#99,#1606);
#1606 = DEFINITIONAL_REPRESENTATION('',(#1607),#1677);
#1607 = B_SPLINE_CURVE_WITH_KNOTS('',3,(#1608,#1609,#1610,#1611,#1612,
    #1613,#1614,#1615,#1616,#1617,#1618,#1619,#1620,#1621,#1622,#1623,
    #1624,#1625,#1626,#1627,#1628,#1629,#1630,#1631,#1632,#1633,#1634,
    #1635,#1636,#1637,#1638,#1639,#1640,#1641,#1642,#1643,#1644,#1645,
    #1646,#1647,#1648,#1649,#1650,#1651,#1652,#1653,#1654,#1655,#1656,
    #1657,#1658,#1659,#1660,#1661,#1662,#1663,#1664,#1665,#1666,#1667,
    #1668,#1669,#1670,#1671,#1672,#1673,#1674,#1675,#1676),
  .UNSPECIFIED.,.F.,.F.,(4,1,1,1,1,1,1,1,1,1,1,1,1,1,1,1,1,1,1,1,1,1,1,1
    ,1,1,1,1,1,1,1,1,1,1,1,1,1,1,1,1,1,1,1,1,1,1,1,1,1,1,1,1,1,1,1,1,1,1
    ,1,1,1,1,1,1,1,1,4),(0.,4.854174743946E-02,9.708349487891E-02,
    0.145625242318,0.194166989758,0.242708737197,0.291250484637,
    0.339792232076,0.388333979516,0.436875726955,0.485417474395,
    0.533959221834,0.582500969273,0.631042716713,0.679584464152,
    0.728126211592,0.776667959031,0.825209706471,0.87375145391,
    0.92229320135,0.970834948789,1.019376696229,1.067918443668,
    1.116460191107,1.165001938547,1.213543685986,1.262085433426,
    1.310627180865,1.359168928305,1.407710675744,1.456252423184,
    1.504794170623,1.553335918063,1.601877665502,1.650419412942,
    1.698961160381,1.74750290782,1.79604465526,1.844586402699,
    1.893128150139,1.941669897578,1.990211645018,2.038753392457,
    2.087295139897,2.135836887336,2.184378634776,2.232920382215,
    2.281462129654,2.330003877094,2.378545624533,2.427087371973,
    2.475629119412,2.524170866852,2.572712614291,2.621254361731,
    2.66979610917,2.71833785661,2.766879604049,2.815421351488,
    2.863963098928,2.912504846367,2.961046593807,3.009588341246,
    3.058130088686,3.106671836125,3.155213583565,3.203755331004),
  .QUASI_UNIFORM_KNOTS.);
#1608 = CARTESIAN_POINT('',(1.402417386717,78.949009128432));
#1609 = CARTESIAN_POINT('',(1.401953959633,78.917759259586));
#1610 = CARTESIAN_POINT('',(1.401049745179,78.851450930436));
#1611 = CARTESIAN_POINT('',(1.399762957944,78.741594671746));
#1612 = CARTESIAN_POINT('',(1.398547475675,78.622387588694));
#1613 = CARTESIAN_POINT('',(1.397404525606,78.494834362685));
#1614 = CARTESIAN_POINT('',(1.396334942806,78.359906301723));
#1615 = CARTESIAN_POINT('',(1.395339287665,78.218572447913));
#1616 = CARTESIAN_POINT('',(1.394415972926,78.071478578635));
#1617 = CARTESIAN_POINT('',(1.393564155797,77.919306722923));
#1618 = CARTESIAN_POINT('',(1.392782814879,77.762671484387));
#1619 = CARTESIAN_POINT('',(1.392070898244,77.602135615593));
#1620 = CARTESIAN_POINT('',(1.391427199808,77.438175921443));
#1621 = CARTESIAN_POINT('',(1.390850645025,77.271240387975));
#1622 = CARTESIAN_POINT('',(1.390340217707,77.101737572706));
#1623 = CARTESIAN_POINT('',(1.389894987815,76.930043758419));
#1624 = CARTESIAN_POINT('',(1.389514115377,76.75650591496));
#1625 = CARTESIAN_POINT('',(1.389196860363,76.581445638003));
#1626 = CARTESIAN_POINT('',(1.388942590628,76.405162481229));
#1627 = CARTESIAN_POINT('',(1.38875078967,76.227937847159));
#1628 = CARTESIAN_POINT('',(1.388621065064,76.050036359229));
#1629 = CARTESIAN_POINT('',(1.388553152424,75.871715859554));
#1630 = CARTESIAN_POINT('',(1.388546934567,75.693204531956));
#1631 = CARTESIAN_POINT('',(1.388602396392,75.514843301951));
#1632 = CARTESIAN_POINT('',(1.388719612315,75.336864603793));
#1633 = CARTESIAN_POINT('',(1.388898815301,75.159514891398));
#1634 = CARTESIAN_POINT('',(1.389140372612,74.983052544658));
#1635 = CARTESIAN_POINT('',(1.389444781059,74.807752177887));
#1636 = CARTESIAN_POINT('',(1.389812656653,74.633907394957));
#1637 = CARTESIAN_POINT('',(1.390244724877,74.461834215267));
#1638 = CARTESIAN_POINT('',(1.390741811547,74.291874290299));
#1639 = CARTESIAN_POINT('',(1.391304827967,74.124399268349));
#1640 = CARTESIAN_POINT('',(1.391934775335,73.959811818192));
#1641 = CARTESIAN_POINT('',(1.392632674615,73.79855997184));
#1642 = CARTESIAN_POINT('',(1.393399771834,73.64110269581));
#1643 = CARTESIAN_POINT('',(1.394236712527,73.488058453918));
#1644 = CARTESIAN_POINT('',(1.39514656022,73.339671860894));
#1645 = CARTESIAN_POINT('',(1.396134135626,73.196186216522));
#1646 = CARTESIAN_POINT('',(1.397197541829,73.058923296738));
#1647 = CARTESIAN_POINT('',(1.398335921741,72.928922618938));
#1648 = CARTESIAN_POINT('',(1.399547484514,72.807288943988));
#1649 = CARTESIAN_POINT('',(1.400830036023,72.695098736281));
#1650 = CARTESIAN_POINT('',(1.402180855464,72.593424426932));
#1651 = CARTESIAN_POINT('',(1.40359666689,72.503329609972));
#1652 = CARTESIAN_POINT('',(1.405073868347,72.425863807017));
#1653 = CARTESIAN_POINT('',(1.406607619094,72.362089128587));
#1654 = CARTESIAN_POINT('',(1.40819522028,72.312980883996));
#1655 = CARTESIAN_POINT('',(1.409823447074,72.279801603851));
#1656 = CARTESIAN_POINT('',(1.411466431184,72.263454744536));
#1657 = CARTESIAN_POINT('',(1.413114913366,72.264089647635));
#1658 = CARTESIAN_POINT('',(1.414755232027,72.281700379969));
#1659 = CARTESIAN_POINT('',(1.416375083486,72.315971906009));
#1660 = CARTESIAN_POINT('',(1.417962163694,72.366323877919));
#1661 = CARTESIAN_POINT('',(1.419504788822,72.43190792821));
#1662 = CARTESIAN_POINT('',(1.420991686954,72.511592532722));
#1663 = CARTESIAN_POINT('',(1.422413094649,72.604043288035));
#1664 = CARTESIAN_POINT('',(1.423757431205,72.707433159216));
#1665 = CARTESIAN_POINT('',(1.425025560279,72.820639025415));
#1666 = CARTESIAN_POINT('',(1.426219756483,72.942846919678));
#1667 = CARTESIAN_POINT('',(1.427339558741,73.073065398116));
#1668 = CARTESIAN_POINT('',(1.428385538424,73.210440570135));
#1669 = CARTESIAN_POINT('',(1.429358241554,73.354165195106));
#1670 = CARTESIAN_POINT('',(1.430258428119,73.503497065093));
#1671 = CARTESIAN_POINT('',(1.431086967705,73.657748749954));
#1672 = CARTESIAN_POINT('',(1.431844830723,73.816285081073));
#1673 = CARTESIAN_POINT('',(1.432533058029,73.978520693377));
#1674 = CARTESIAN_POINT('',(1.433152737632,74.143911871869));
#1675 = CARTESIAN_POINT('',(1.433520905914,74.255952823424));
#1676 = CARTESIAN_POINT('',(1.433693937398,74.31233467361));
#1677 = ( GEOMETRIC_REPRESENTATION_CONTEXT(2) 
PARAMETRIC_REPRESENTATION_CONTEXT() REPRESENTATION_CONTEXT('2D SPACE',''
  ) );
#1678 = PCURVE('',#439,#1679);
#1679 = DEFINITIONAL_REPRESENTATION('',(#1680),#1750);
#1680 = B_SPLINE_CURVE_WITH_KNOTS('',3,(#1681,#1682,#1683,#1684,#1685,
    #1686,#1687,#1688,#1689,#1690,#1691,#1692,#1693,#1694,#1695,#1696,
    #1697,#1698,#1699,#1700,#1701,#1702,#1703,#1704,#1705,#1706,#1707,
    #1708,#1709,#1710,#1711,#1712,#1713,#1714,#1715,#1716,#1717,#1718,
    #1719,#1720,#1721,#1722,#1723,#1724,#1725,#1726,#1727,#1728,#1729,
    #1730,#1731,#1732,#1733,#1734,#1735,#1736,#1737,#1738,#1739,#1740,
    #1741,#1742,#1743,#1744,#1745,#1746,#1747,#1748,#1749),
  .UNSPECIFIED.,.F.,.F.,(4,1,1,1,1,1,1,1,1,1,1,1,1,1,1,1,1,1,1,1,1,1,1,1
    ,1,1,1,1,1,1,1,1,1,1,1,1,1,1,1,1,1,1,1,1,1,1,1,1,1,1,1,1,1,1,1,1,1,1
    ,1,1,1,1,1,1,1,1,4),(0.,4.854174743946E-02,9.708349487891E-02,
    0.145625242318,0.194166989758,0.242708737197,0.291250484637,
    0.339792232076,0.388333979516,0.436875726955,0.485417474395,
    0.533959221834,0.582500969273,0.631042716713,0.679584464152,
    0.728126211592,0.776667959031,0.825209706471,0.87375145391,
    0.92229320135,0.970834948789,1.019376696229,1.067918443668,
    1.116460191107,1.165001938547,1.213543685986,1.262085433426,
    1.310627180865,1.359168928305,1.407710675744,1.456252423184,
    1.504794170623,1.553335918063,1.601877665502,1.650419412942,
    1.698961160381,1.74750290782,1.79604465526,1.844586402699,
    1.893128150139,1.941669897578,1.990211645018,2.038753392457,
    2.087295139897,2.135836887336,2.184378634776,2.232920382215,
    2.281462129654,2.330003877094,2.378545624533,2.427087371973,
    2.475629119412,2.524170866852,2.572712614291,2.621254361731,
    2.66979610917,2.71833785661,2.766879604049,2.815421351488,
    2.863963098928,2.912504846367,2.961046593807,3.009588341246,
    3.058130088686,3.106671836125,3.155213583565,3.203755331004),
  .QUASI_UNIFORM_KNOTS.);
#1681 = CARTESIAN_POINT('',(5.140216040137,4.578658980728));
#1682 = CARTESIAN_POINT('',(5.161733559593,4.56700942637));
#1683 = CARTESIAN_POINT('',(5.204354617658,4.544184440897));
#1684 = CARTESIAN_POINT('',(5.267083905411,4.511450490822));
#1685 = CARTESIAN_POINT('',(5.328654057775,4.48030560927));
#1686 = CARTESIAN_POINT('',(5.389095916077,4.450819999706));
#1687 = CARTESIAN_POINT('',(5.448437050584,4.423052248377));
#1688 = CARTESIAN_POINT('',(5.506689738451,4.397051902761));
#1689 = CARTESIAN_POINT('',(5.563973462494,4.37280986288));
#1690 = CARTESIAN_POINT('',(5.620358399513,4.350333408543));
#1691 = CARTESIAN_POINT('',(5.67591685317,4.329622411662));
#1692 = CARTESIAN_POINT('',(5.730717895329,4.310673210564));
#1693 = CARTESIAN_POINT('',(5.784840631324,4.293475418594));
#1694 = CARTESIAN_POINT('',(5.838356082673,4.278019628476));
#1695 = CARTESIAN_POINT('',(5.891333393141,4.264295612117));
#1696 = CARTESIAN_POINT('',(5.94383925172,4.252293203));
#1697 = CARTESIAN_POINT('',(5.995938729824,4.242002527834));
#1698 = CARTESIAN_POINT('',(6.047695625215,4.233414383806));
#1699 = CARTESIAN_POINT('',(6.099172916528,4.226520550665));
#1700 = CARTESIAN_POINT('',(6.150432988228,4.22131408439));
#1701 = CARTESIAN_POINT('',(6.201538537571,4.217789616194));
#1702 = CARTESIAN_POINT('',(6.25255099602,4.215943515079));
#1703 = CARTESIAN_POINT('',(6.303538343772,4.215774457387));
#1704 = CARTESIAN_POINT('',(6.354535697509,4.217282201688));
#1705 = CARTESIAN_POINT('',(6.405609533777,4.220467256228));
#1706 = CARTESIAN_POINT('',(6.456823957126,4.225332741351));
#1707 = CARTESIAN_POINT('',(6.508242616269,4.231883697091));
#1708 = CARTESIAN_POINT('',(6.559928767087,4.240126903619));
#1709 = CARTESIAN_POINT('',(6.611945790037,4.250070531869));
#1710 = CARTESIAN_POINT('',(6.664357531395,4.261723796581));
#1711 = CARTESIAN_POINT('',(6.717228768813,4.275096610968));
#1712 = CARTESIAN_POINT('',(6.770625335117,4.290199079435));
#1713 = CARTESIAN_POINT('',(6.824615589158,4.307041488947));
#1714 = CARTESIAN_POINT('',(6.879267088748,4.325632325738));
#1715 = CARTESIAN_POINT('',(6.93466151943,4.345983555494));
#1716 = CARTESIAN_POINT('',(6.990841988622,4.368088693285));
#1717 = CARTESIAN_POINT('',(7.048013386289,4.392002325529));
#1718 = CARTESIAN_POINT('',(7.106448962499,4.417820576445));
#1719 = CARTESIAN_POINT('',(7.166027240231,4.445460087872));
#1720 = CARTESIAN_POINT('',(7.22673867427,4.474863063744));
#1721 = CARTESIAN_POINT('',(7.288555570296,4.505945766465));
#1722 = CARTESIAN_POINT('',(7.351466341978,4.538613133226));
#1723 = CARTESIAN_POINT('',(7.415466721162,4.572756175014));
#1724 = CARTESIAN_POINT('',(7.480559338751,4.608252116144));
#1725 = CARTESIAN_POINT('',(7.54676354294,4.644970780272));
#1726 = CARTESIAN_POINT('',(7.61407677192,4.682753241202));
#1727 = CARTESIAN_POINT('',(7.682620593402,4.721495159307));
#1728 = CARTESIAN_POINT('',(7.752097930485,4.760839101945));
#1729 = CARTESIAN_POINT('',(7.821724766953,4.800140235654));
#1730 = CARTESIAN_POINT('',(7.891446344103,4.839170314714));
#1731 = CARTESIAN_POINT('',(7.961022556336,4.877606407948));
#1732 = CARTESIAN_POINT('',(8.030264068629,4.91517074142));
#1733 = CARTESIAN_POINT('',(8.098962567167,4.95159697806));
#1734 = CARTESIAN_POINT('',(8.166906599083,4.986644079056));
#1735 = CARTESIAN_POINT('',(8.233859987716,5.020090360054));
#1736 = CARTESIAN_POINT('',(8.299603024865,5.051756145117));
#1737 = CARTESIAN_POINT('',(8.363758412319,5.08142879359));
#1738 = CARTESIAN_POINT('',(8.426473751288,5.109173766731));
#1739 = CARTESIAN_POINT('',(8.487956847108,5.135083029858));
#1740 = CARTESIAN_POINT('',(8.54826180288,5.159185911036));
#1741 = CARTESIAN_POINT('',(8.607475441479,5.181531700425));
#1742 = CARTESIAN_POINT('',(8.665668829928,5.202166294578));
#1743 = CARTESIAN_POINT('',(8.72291144712,5.221137402554));
#1744 = CARTESIAN_POINT('',(8.779268353657,5.238492246305));
#1745 = CARTESIAN_POINT('',(8.834801788959,5.254277433046));
#1746 = CARTESIAN_POINT('',(8.889571470615,5.268538280702));
#1747 = CARTESIAN_POINT('',(8.943635336506,5.281318718808));
#1748 = CARTESIAN_POINT('',(8.979244906205,5.288879518691));
#1749 = CARTESIAN_POINT('',(8.996950901017,5.292427038809));
#1750 = ( GEOMETRIC_REPRESENTATION_CONTEXT(2) 
PARAMETRIC_REPRESENTATION_CONTEXT() REPRESENTATION_CONTEXT('2D SPACE',''
  ) );
#1751 = ORIENTED_EDGE('',*,*,#1752,.T.);
#1752 = EDGE_CURVE('',#1557,#1753,#1755,.T.);
#1753 = VERTEX_POINT('',#1754);
#1754 = CARTESIAN_POINT('',(20.15,37.15,10.1404302335));
#1755 = SURFACE_CURVE('',#1756,(#1762,#1771),.PCURVE_S1.);
#1756 = B_SPLINE_CURVE_WITH_KNOTS('',4,(#1757,#1758,#1759,#1760,#1761),
  .UNSPECIFIED.,.F.,.F.,(5,5),(0.,1.),.PIECEWISE_BEZIER_KNOTS.);
#1757 = CARTESIAN_POINT('',(20.500990871568,37.13766532639,
    10.092427038809));
#1758 = CARTESIAN_POINT('',(20.413542224365,37.143819243081,
    10.10449214841));
#1759 = CARTESIAN_POINT('',(20.325804609187,37.147939079456,
    10.116527201855));
#1760 = CARTESIAN_POINT('',(20.237911093776,37.15,10.128512826259));
#1761 = CARTESIAN_POINT('',(20.15,37.15,10.1404302335));
#1762 = PCURVE('',#99,#1763);
#1763 = DEFINITIONAL_REPRESENTATION('',(#1764),#1770);
#1764 = B_SPLINE_CURVE_WITH_KNOTS('',4,(#1765,#1766,#1767,#1768,#1769),
  .UNSPECIFIED.,.F.,.F.,(5,5),(0.,1.),.PIECEWISE_BEZIER_KNOTS.);
#1765 = CARTESIAN_POINT('',(1.433693937398,74.31233467361));
#1766 = CARTESIAN_POINT('',(1.434282450884,74.306180756919));
#1767 = CARTESIAN_POINT('',(1.434872845359,74.302060920544));
#1768 = CARTESIAN_POINT('',(1.435464224926,74.3));
#1769 = CARTESIAN_POINT('',(1.436055659529,74.3));
#1770 = ( GEOMETRIC_REPRESENTATION_CONTEXT(2) 
PARAMETRIC_REPRESENTATION_CONTEXT() REPRESENTATION_CONTEXT('2D SPACE',''
  ) );
#1771 = PCURVE('',#472,#1772);
#1772 = DEFINITIONAL_REPRESENTATION('',(#1773),#1779);
#1773 = B_SPLINE_CURVE_WITH_KNOTS('',4,(#1774,#1775,#1776,#1777,#1778),
  .UNSPECIFIED.,.F.,.F.,(5,5),(0.,1.),.PIECEWISE_BEZIER_KNOTS.);
#1774 = CARTESIAN_POINT('',(1.641052282901,-5.292427038809));
#1775 = CARTESIAN_POINT('',(1.623519300738,-5.30449214841));
#1776 = CARTESIAN_POINT('',(1.605957237055,-5.316527201855));
#1777 = CARTESIAN_POINT('',(1.58837854555,-5.328512826259));
#1778 = CARTESIAN_POINT('',(1.570796326795,-5.3404302335));
#1779 = ( GEOMETRIC_REPRESENTATION_CONTEXT(2) 
PARAMETRIC_REPRESENTATION_CONTEXT() REPRESENTATION_CONTEXT('2D SPACE',''
  ) );
#1780 = ORIENTED_EDGE('',*,*,#1781,.T.);
#1781 = EDGE_CURVE('',#1753,#1782,#1784,.T.);
#1782 = VERTEX_POINT('',#1783);
#1783 = CARTESIAN_POINT('',(-20.15,37.15,10.1404302335));
#1784 = SURFACE_CURVE('',#1785,(#1790,#1797),.PCURVE_S1.);
#1785 = CIRCLE('',#1786,150.);
#1786 = AXIS2_PLACEMENT_3D('',#1787,#1788,#1789);
#1787 = CARTESIAN_POINT('',(0.,37.15,-138.5));
#1788 = DIRECTION('',(0.,-1.,2.22044604925E-16));
#1789 = DIRECTION('',(1.,0.,0.));
#1790 = PCURVE('',#99,#1791);
#1791 = DEFINITIONAL_REPRESENTATION('',(#1792),#1796);
#1792 = LINE('',#1793,#1794);
#1793 = CARTESIAN_POINT('',(0.,74.3));
#1794 = VECTOR('',#1795,1.);
#1795 = DIRECTION('',(1.,0.));
#1796 = ( GEOMETRIC_REPRESENTATION_CONTEXT(2) 
PARAMETRIC_REPRESENTATION_CONTEXT() REPRESENTATION_CONTEXT('2D SPACE',''
  ) );
#1797 = PCURVE('',#500,#1798);
#1798 = DEFINITIONAL_REPRESENTATION('',(#1799),#1807);
#1799 = ( BOUNDED_CURVE() B_SPLINE_CURVE(2,(#1800,#1801,#1802,#1803,
#1804,#1805,#1806),.UNSPECIFIED.,.T.,.F.) B_SPLINE_CURVE_WITH_KNOTS((1,2
    ,2,2,2,1),(-2.094395102393,0.,2.094395102393,4.188790204786,
6.28318530718,8.377580409573),.UNSPECIFIED.) CURVE() 
GEOMETRIC_REPRESENTATION_ITEM() RATIONAL_B_SPLINE_CURVE((1.,0.5,1.,0.5,
1.,0.5,1.)) REPRESENTATION_ITEM('') );
#1800 = CARTESIAN_POINT('',(170.15,143.3));
#1801 = CARTESIAN_POINT('',(170.15,-116.5076211353));
#1802 = CARTESIAN_POINT('',(-54.85,13.396189432334));
#1803 = CARTESIAN_POINT('',(-279.85,143.3));
#1804 = CARTESIAN_POINT('',(-54.85,273.20381056766));
#1805 = CARTESIAN_POINT('',(170.15,403.10762113533));
#1806 = CARTESIAN_POINT('',(170.15,143.3));
#1807 = ( GEOMETRIC_REPRESENTATION_CONTEXT(2) 
PARAMETRIC_REPRESENTATION_CONTEXT() REPRESENTATION_CONTEXT('2D SPACE',''
  ) );
#1808 = ORIENTED_EDGE('',*,*,#1809,.T.);
#1809 = EDGE_CURVE('',#1782,#1810,#1812,.T.);
#1810 = VERTEX_POINT('',#1811);
#1811 = CARTESIAN_POINT('',(-20.50099087156,37.13766532639,
    10.092427038809));
#1812 = SURFACE_CURVE('',#1813,(#1819,#1828),.PCURVE_S1.);
#1813 = B_SPLINE_CURVE_WITH_KNOTS('',4,(#1814,#1815,#1816,#1817,#1818),
  .UNSPECIFIED.,.F.,.F.,(5,5),(0.,1.),.PIECEWISE_BEZIER_KNOTS.);
#1814 = CARTESIAN_POINT('',(-20.15,37.15,10.1404302335));
#1815 = CARTESIAN_POINT('',(-20.23791109377,37.15,10.128512826259));
#1816 = CARTESIAN_POINT('',(-20.32580460918,37.147939079456,
    10.116527201855));
#1817 = CARTESIAN_POINT('',(-20.41354222436,37.143819243081,
    10.10449214841));
#1818 = CARTESIAN_POINT('',(-20.50099087156,37.13766532639,
    10.092427038809));
#1819 = PCURVE('',#99,#1820);
#1820 = DEFINITIONAL_REPRESENTATION('',(#1821),#1827);
#1821 = B_SPLINE_CURVE_WITH_KNOTS('',4,(#1822,#1823,#1824,#1825,#1826),
  .UNSPECIFIED.,.F.,.F.,(5,5),(0.,1.),.PIECEWISE_BEZIER_KNOTS.);
#1822 = CARTESIAN_POINT('',(1.705536994061,74.3));
#1823 = CARTESIAN_POINT('',(1.706128428664,74.3));
#1824 = CARTESIAN_POINT('',(1.706719808231,74.302060920544));
#1825 = CARTESIAN_POINT('',(1.707310202706,74.306180756919));
#1826 = CARTESIAN_POINT('',(1.707898716191,74.31233467361));
#1827 = ( GEOMETRIC_REPRESENTATION_CONTEXT(2) 
PARAMETRIC_REPRESENTATION_CONTEXT() REPRESENTATION_CONTEXT('2D SPACE',''
  ) );
#1828 = PCURVE('',#533,#1829);
#1829 = DEFINITIONAL_REPRESENTATION('',(#1830),#1836);
#1830 = B_SPLINE_CURVE_WITH_KNOTS('',4,(#1831,#1832,#1833,#1834,#1835),
  .UNSPECIFIED.,.F.,.F.,(5,5),(0.,1.),.PIECEWISE_BEZIER_KNOTS.);
#1831 = CARTESIAN_POINT('',(1.570796326795,-5.3404302335));
#1832 = CARTESIAN_POINT('',(1.55321410804,-5.328512826259));
#1833 = CARTESIAN_POINT('',(1.535635416535,-5.316527201855));
#1834 = CARTESIAN_POINT('',(1.518073352851,-5.30449214841));
#1835 = CARTESIAN_POINT('',(1.500540370688,-5.292427038809));
#1836 = ( GEOMETRIC_REPRESENTATION_CONTEXT(2) 
PARAMETRIC_REPRESENTATION_CONTEXT() REPRESENTATION_CONTEXT('2D SPACE',''
  ) );
#1837 = ORIENTED_EDGE('',*,*,#1838,.T.);
#1838 = EDGE_CURVE('',#1810,#968,#1839,.T.);
#1839 = SURFACE_CURVE('',#1840,(#1885,#1933),.PCURVE_S1.);
#1840 = B_SPLINE_CURVE_WITH_KNOTS('',7,(#1841,#1842,#1843,#1844,#1845,
    #1846,#1847,#1848,#1849,#1850,#1851,#1852,#1853,#1854,#1855,#1856,
    #1857,#1858,#1859,#1860,#1861,#1862,#1863,#1864,#1865,#1866,#1867,
    #1868,#1869,#1870,#1871,#1872,#1873,#1874,#1875,#1876,#1877,#1878,
    #1879,#1880,#1881,#1882,#1883,#1884),.UNSPECIFIED.,.F.,.F.,(8,6,6,6,
    6,6,6,8),(0.,0.198787102622,0.363177787256,0.539191050516,
    0.687890823757,0.813097987301,0.918502990576,1.),.UNSPECIFIED.);
#1841 = CARTESIAN_POINT('',(-20.50099087156,37.13766532639,
    10.092427038809));
#1842 = CARTESIAN_POINT('',(-20.64546565523,37.454500400328,
    10.072494150706));
#1843 = CARTESIAN_POINT('',(-20.83064730105,37.763185250708,
    10.046777956878));
#1844 = CARTESIAN_POINT('',(-21.05843370761,38.058346480335,
    10.014847562991));
#1845 = CARTESIAN_POINT('',(-21.33045680201,38.333403369733,
    9.97622175551));
#1846 = CARTESIAN_POINT('',(-21.6476480236,38.580227577834,
    9.930420563479));
#1847 = CARTESIAN_POINT('',(-22.00988367377,38.788896449778,
    9.876994668493));
#1848 = CARTESIAN_POINT('',(-22.74926534837,39.077056178355,
    9.765253830479));
#1849 = CARTESIAN_POINT('',(-23.11246272269,39.172448276969,
    9.709463369571));
#1850 = CARTESIAN_POINT('',(-23.4942207914,39.222502210549,
    9.649690105839));
#1851 = CARTESIAN_POINT('',(-23.88222457127,39.222138346676,
    9.587636957348));
#1852 = CARTESIAN_POINT('',(-24.26335087685,39.171487101878,
    9.525403885643));
#1853 = CARTESIAN_POINT('',(-24.62533558079,39.075891261222,
    9.46522179524));
#1854 = CARTESIAN_POINT('',(-25.31477919616,38.806753645821,
    9.348884538407));
#1855 = CARTESIAN_POINT('',(-25.63866948672,38.627912110952,
    9.293200056243));
#1856 = CARTESIAN_POINT('',(-25.92798371982,38.418016315431,
    9.242656747403));
#1857 = CARTESIAN_POINT('',(-26.18222440522,38.18413390925,
    9.197664941069));
#1858 = CARTESIAN_POINT('',(-26.40172540824,37.93222683774,
    9.158426369824));
#1859 = CARTESIAN_POINT('',(-26.58733809537,37.667380255615,
    9.12498979647));
#1860 = CARTESIAN_POINT('',(-26.8694910188,37.162859949288,
    9.073871994738));
#1861 = CARTESIAN_POINT('',(-26.97587276783,36.924783343327,
    9.054462450254));
#1862 = CARTESIAN_POINT('',(-27.06016007461,36.681609865242,
    9.039006102697));
#1863 = CARTESIAN_POINT('',(-27.12294956676,36.434884496909,
    9.027453888514));
#1864 = CARTESIAN_POINT('',(-27.16466704604,36.185883058343,
    9.019765851038));
#1865 = CARTESIAN_POINT('',(-27.18553390593,35.935733487825,
    9.015920314552));
#1866 = CARTESIAN_POINT('',(-27.18553390593,35.474862569413,
    9.015920314552));
#1867 = CARTESIAN_POINT('',(-27.17073970608,35.264212962563,
    9.018646798904));
#1868 = CARTESIAN_POINT('',(-27.14115712909,35.054250316981,
    9.024098389163));
#1869 = CARTESIAN_POINT('',(-27.09667734011,34.845652169898,9.0322858611
    ));
#1870 = CARTESIAN_POINT('',(-27.03708811689,34.639158173021,
    9.043228983702));
#1871 = CARTESIAN_POINT('',(-26.96208511992,34.43561990137,9.05695335819
    ));
#1872 = CARTESIAN_POINT('',(-26.79484200417,34.068044329897,
    9.087406234272));
#1873 = CARTESIAN_POINT('',(-26.70719113623,33.902822970061,
    9.103318612381));
#1874 = CARTESIAN_POINT('',(-26.60809944189,33.741004083493,
    9.121241370174));
#1875 = CARTESIAN_POINT('',(-26.49730309544,33.583302484167,
    9.141190920982));
#1876 = CARTESIAN_POINT('',(-26.37452681553,33.430558266812,
    9.163178569423));
#1877 = CARTESIAN_POINT('',(-26.23950511843,33.283764774558,
    9.187205968182));
#1878 = CARTESIAN_POINT('',(-25.97795836842,33.03610794264,
    9.233405467868));
#1879 = CARTESIAN_POINT('',(-25.85637214574,32.932302254776,
    9.254776446884));
#1880 = CARTESIAN_POINT('',(-25.72725399507,32.833364676571,
    9.277346846175));
#1881 = CARTESIAN_POINT('',(-25.59067006877,32.74000847827,
    9.301077292848));
#1882 = CARTESIAN_POINT('',(-25.44674473489,32.652975434228,
    9.325916392541));
#1883 = CARTESIAN_POINT('',(-25.2956617324,32.573036230358,
    9.351801415177));
#1884 = CARTESIAN_POINT('',(-25.13766532639,32.500990871568,
    9.378658980728));
#1885 = PCURVE('',#99,#1886);
#1886 = DEFINITIONAL_REPRESENTATION('',(#1887),#1932);
#1887 = B_SPLINE_CURVE_WITH_KNOTS('',7,(#1888,#1889,#1890,#1891,#1892,
    #1893,#1894,#1895,#1896,#1897,#1898,#1899,#1900,#1901,#1902,#1903,
    #1904,#1905,#1906,#1907,#1908,#1909,#1910,#1911,#1912,#1913,#1914,
    #1915,#1916,#1917,#1918,#1919,#1920,#1921,#1922,#1923,#1924,#1925,
    #1926,#1927,#1928,#1929,#1930,#1931),.UNSPECIFIED.,.F.,.F.,(8,6,6,6,
    6,6,6,8),(0.,0.198787102622,0.363177787256,0.539191050516,
    0.687890823757,0.813097987301,0.918502990576,1.),.UNSPECIFIED.);
#1888 = CARTESIAN_POINT('',(1.707898716191,74.31233467361));
#1889 = CARTESIAN_POINT('',(1.708871005201,73.995499599672));
#1890 = CARTESIAN_POINT('',(1.710117396234,73.686814749292));
#1891 = CARTESIAN_POINT('',(1.71165081714,73.391653519665));
#1892 = CARTESIAN_POINT('',(1.713482489775,73.116596630267));
#1893 = CARTESIAN_POINT('',(1.71561901622,72.869772422166));
#1894 = CARTESIAN_POINT('',(1.718060029595,72.661103550222));
#1895 = CARTESIAN_POINT('',(1.723045213312,72.372943821645));
#1896 = CARTESIAN_POINT('',(1.725494921811,72.277551723031));
#1897 = CARTESIAN_POINT('',(1.728070965443,72.227497789451));
#1898 = CARTESIAN_POINT('',(1.730690502664,72.227861653324));
#1899 = CARTESIAN_POINT('',(1.733264977164,72.278512898122));
#1900 = CARTESIAN_POINT('',(1.735711326128,72.374108738778));
#1901 = CARTESIAN_POINT('',(1.740372593749,72.643246354179));
#1902 = CARTESIAN_POINT('',(1.742563531116,72.822087889048));
#1903 = CARTESIAN_POINT('',(1.744521494698,73.031983684569));
#1904 = CARTESIAN_POINT('',(1.746242762791,73.26586609075));
#1905 = CARTESIAN_POINT('',(1.747729297958,73.51777316226));
#1906 = CARTESIAN_POINT('',(1.748986632694,73.782619744385));
#1907 = CARTESIAN_POINT('',(1.750898273081,74.287140050712));
#1908 = CARTESIAN_POINT('',(1.751619191912,74.525216656673));
#1909 = CARTESIAN_POINT('',(1.752190476742,74.768390134758));
#1910 = CARTESIAN_POINT('',(1.752616099104,75.015115503091));
#1911 = CARTESIAN_POINT('',(1.752898898904,75.264116941657));
#1912 = CARTESIAN_POINT('',(1.753040353885,75.514266512175));
#1913 = CARTESIAN_POINT('',(1.753040353885,75.975137430587));
#1914 = CARTESIAN_POINT('',(1.752940064975,76.185787037437));
#1915 = CARTESIAN_POINT('',(1.752739526918,76.395749683019));
#1916 = CARTESIAN_POINT('',(1.752438013234,76.604347830102));
#1917 = CARTESIAN_POINT('',(1.752034108663,76.810841826979));
#1918 = CARTESIAN_POINT('',(1.751525786625,77.01438009863));
#1919 = CARTESIAN_POINT('',(1.750392499618,77.381955670103));
#1920 = CARTESIAN_POINT('',(1.749798609398,77.547177029939));
#1921 = CARTESIAN_POINT('',(1.749127279617,77.708995916507));
#1922 = CARTESIAN_POINT('',(1.748376759824,77.866697515833));
#1923 = CARTESIAN_POINT('',(1.74754522994,78.019441733188));
#1924 = CARTESIAN_POINT('',(1.746630944676,78.166235225442));
#1925 = CARTESIAN_POINT('',(1.744860306421,78.41389205736));
#1926 = CARTESIAN_POINT('',(1.744037306015,78.517697745224));
#1927 = CARTESIAN_POINT('',(1.743163466603,78.616635323429));
#1928 = CARTESIAN_POINT('',(1.742239266927,78.70999152173));
#1929 = CARTESIAN_POINT('',(1.741265581268,78.797024565772));
#1930 = CARTESIAN_POINT('',(1.740243686123,78.876963769642));
#1931 = CARTESIAN_POINT('',(1.739175266872,78.949009128432));
#1932 = ( GEOMETRIC_REPRESENTATION_CONTEXT(2) 
PARAMETRIC_REPRESENTATION_CONTEXT() REPRESENTATION_CONTEXT('2D SPACE',''
  ) );
#1933 = PCURVE('',#562,#1934);
#1934 = DEFINITIONAL_REPRESENTATION('',(#1935),#1980);
#1935 = B_SPLINE_CURVE_WITH_KNOTS('',7,(#1936,#1937,#1938,#1939,#1940,
    #1941,#1942,#1943,#1944,#1945,#1946,#1947,#1948,#1949,#1950,#1951,
    #1952,#1953,#1954,#1955,#1956,#1957,#1958,#1959,#1960,#1961,#1962,
    #1963,#1964,#1965,#1966,#1967,#1968,#1969,#1970,#1971,#1972,#1973,
    #1974,#1975,#1976,#1977,#1978,#1979),.UNSPECIFIED.,.F.,.F.,(8,6,6,6,
    6,6,6,8),(0.,0.198787102622,0.363177787256,0.539191050516,
    0.687890823757,0.813097987301,0.918502990576,1.),.UNSPECIFIED.);
#1936 = CARTESIAN_POINT('',(0.427827059752,5.292427038809));
#1937 = CARTESIAN_POINT('',(0.527318594493,5.272494150706));
#1938 = CARTESIAN_POINT('',(0.629516437592,5.246777956878));
#1939 = CARTESIAN_POINT('',(0.73485994712,5.214847562991));
#1940 = CARTESIAN_POINT('',(0.843824935667,5.17622175551));
#1941 = CARTESIAN_POINT('',(0.956991833337,5.130420563479));
#1942 = CARTESIAN_POINT('',(1.075073092413,5.076994668493));
#1943 = CARTESIAN_POINT('',(1.301801607568,4.965253830479));
#1944 = CARTESIAN_POINT('',(1.408385833254,4.909463369571));
#1945 = CARTESIAN_POINT('',(1.516972577936,4.849690105839));
#1946 = CARTESIAN_POINT('',(1.626136738583,4.787636957348));
#1947 = CARTESIAN_POINT('',(1.734576606594,4.725403885643));
#1948 = CARTESIAN_POINT('',(1.84085244701,4.66522179524));
#1949 = CARTESIAN_POINT('',(2.05231336245,4.548884538407));
#1950 = CARTESIAN_POINT('',(2.157099456166,4.493200056243));
#1951 = CARTESIAN_POINT('',(2.258043417794,4.442656747403));
#1952 = CARTESIAN_POINT('',(2.355618912873,4.397664941069));
#1953 = CARTESIAN_POINT('',(2.4502204669,4.358426369824));
#1954 = CARTESIAN_POINT('',(2.542149585715,4.32498979647));
#1955 = CARTESIAN_POINT('',(2.707309004482,4.273871994738));
#1956 = CARTESIAN_POINT('',(2.781513503555,4.254462450254));
#1957 = CARTESIAN_POINT('',(2.854613578328,4.239006102697));
#1958 = CARTESIAN_POINT('',(2.926896263841,4.227453888514));
#1959 = CARTESIAN_POINT('',(2.998635564081,4.219765851038));
#1960 = CARTESIAN_POINT('',(3.070107058763,4.215920314552));
#1961 = CARTESIAN_POINT('',(3.201784464024,4.215920314552));
#1962 = CARTESIAN_POINT('',(3.261969878131,4.218646798904));
#1963 = CARTESIAN_POINT('',(3.32231566228,4.224098389163));
#1964 = CARTESIAN_POINT('',(3.382983620044,4.2322858611));
#1965 = CARTESIAN_POINT('',(3.444136505062,4.243228983702));
#1966 = CARTESIAN_POINT('',(3.505943933897,4.25695335819));
#1967 = CARTESIAN_POINT('',(3.621325133692,4.287406234272));
#1968 = CARTESIAN_POINT('',(3.67466378796,4.303318612381));
#1969 = CARTESIAN_POINT('',(3.728711713417,4.321241370174));
#1970 = CARTESIAN_POINT('',(3.783577201304,4.341190920982));
#1971 = CARTESIAN_POINT('',(3.839373536682,4.363178569423));
#1972 = CARTESIAN_POINT('',(3.896223152722,4.387205968182));
#1973 = CARTESIAN_POINT('',(3.999136077612,4.433405467868));
#1974 = CARTESIAN_POINT('',(4.044753016576,4.454776446884));
#1975 = CARTESIAN_POINT('',(4.091124155354,4.477346846175));
#1976 = CARTESIAN_POINT('',(4.138264771588,4.501077292848));
#1977 = CARTESIAN_POINT('',(4.18619623836,4.525916392541));
#1978 = CARTESIAN_POINT('',(4.234948395455,4.551801415177));
#1979 = CARTESIAN_POINT('',(4.284561920633,4.578658980728));
#1980 = ( GEOMETRIC_REPRESENTATION_CONTEXT(2) 
PARAMETRIC_REPRESENTATION_CONTEXT() REPRESENTATION_CONTEXT('2D SPACE',''
  ) );
#1981 = FACE_BOUND('',#1982,.T.);
#1982 = EDGE_LOOP('',(#1983));
#1983 = ORIENTED_EDGE('',*,*,#1984,.F.);
#1984 = EDGE_CURVE('',#1985,#1985,#1987,.T.);
#1985 = VERTEX_POINT('',#1986);
#1986 = CARTESIAN_POINT('',(25.985533905933,35.685533905933,
    9.23202776522));
#1987 = SURFACE_CURVE('',#1988,(#2033,#2081),.PCURVE_S1.);
#1988 = B_SPLINE_CURVE_WITH_KNOTS('',7,(#1989,#1990,#1991,#1992,#1993,
    #1994,#1995,#1996,#1997,#1998,#1999,#2000,#2001,#2002,#2003,#2004,
    #2005,#2006,#2007,#2008,#2009,#2010,#2011,#2012,#2013,#2014,#2015,
    #2016,#2017,#2018,#2019,#2020,#2021,#2022,#2023,#2024,#2025,#2026,
    #2027,#2028,#2029,#2030,#2031,#2032),.UNSPECIFIED.,.T.,.F.,(8,6,6,6,
    6,6,6,8),(0.,0.153158678145,0.2858491768,0.421826128664,
    0.589267726757,0.714672707875,0.837642588368,1.),.UNSPECIFIED.);
#1989 = CARTESIAN_POINT('',(25.985533905933,35.685533905933,
    9.23202776522));
#1990 = CARTESIAN_POINT('',(25.985533905933,35.96024456497,9.23202776522
    ));
#1991 = CARTESIAN_POINT('',(25.94725372311,36.234802631882,9.23876107338
    ));
#1992 = CARTESIAN_POINT('',(25.870772856941,36.505893800441,
    9.252213978903));
#1993 = CARTESIAN_POINT('',(25.754912416142,36.769868246492,
    9.272528510637));
#1994 = CARTESIAN_POINT('',(25.597807210635,37.021711360377,
    9.299906571061));
#1995 = CARTESIAN_POINT('',(25.397191195604,37.254551171593,
    9.334518075709));
#1996 = CARTESIAN_POINT('',(24.938846648892,37.633726756677,
    9.412475826865));
#1997 = CARTESIAN_POINT('',(24.68461500129,37.793851490951,
    9.455349234554));
#1998 = CARTESIAN_POINT('',(24.393894829227,37.919666505849,
    9.503805292575));
#1999 = CARTESIAN_POINT('',(24.077092170534,37.998361639239,
    9.555787893306));
#2000 = CARTESIAN_POINT('',(23.748292139128,38.022936424925,
    9.608754396613));
#2001 = CARTESIAN_POINT('',(23.422584517904,37.992622482361,
    9.660319793698));
#2002 = CARTESIAN_POINT('',(22.796855634228,37.831962611612,
    9.757904025342));
#2003 = CARTESIAN_POINT('',(22.509333908377,37.702155182166,
    9.801935154939));
#2004 = CARTESIAN_POINT('',(22.25593365356,37.535091315399,
    9.840105690882));
#2005 = CARTESIAN_POINT('',(22.038782535433,37.340105913128,
    9.872390329913));
#2006 = CARTESIAN_POINT('',(21.858435097351,37.125381890807,
    9.898941944421));
#2007 = CARTESIAN_POINT('',(21.714235074057,36.898170355503,9.9200266384
    ));
#2008 = CARTESIAN_POINT('',(21.469220131803,36.377487099174,
    9.955687854609));
#2009 = CARTESIAN_POINT('',(21.384373911949,36.077038652557,
    9.967890249984));
#2010 = CARTESIAN_POINT('',(21.34699555808,35.770370336614,
    9.973233879867));
#2011 = CARTESIAN_POINT('',(21.3559089959,35.461990295242,9.971958007087
    ));
#2012 = CARTESIAN_POINT('',(21.411462572631,35.156439052146,
    9.964004018147));
#2013 = CARTESIAN_POINT('',(21.515303376654,34.858944486142,
    9.949035600703));
#2014 = CARTESIAN_POINT('',(21.785909581183,34.366713627431,
    9.909527518855));
#2015 = CARTESIAN_POINT('',(21.931651030615,34.162531051158,
    9.888141683719));
#2016 = CARTESIAN_POINT('',(22.108485069864,33.970558074373,
    9.862008601031));
#2017 = CARTESIAN_POINT('',(22.316632547146,33.796965600304,
    9.830949999401));
#2018 = CARTESIAN_POINT('',(22.555263452509,33.648493197987,
    9.794896945241));
#2019 = CARTESIAN_POINT('',(22.822277397044,33.532578000959,
    9.753939427805));
#2020 = CARTESIAN_POINT('',(23.399161088389,33.384459444014,
    9.66397274537));
#2021 = CARTESIAN_POINT('',(23.700189725457,33.352706196704,
    9.616368505003));
#2022 = CARTESIAN_POINT('',(24.00542151993,33.367958739751,9.56732363239
    ));
#2023 = CARTESIAN_POINT('',(24.302294593145,33.430264116502,
    9.51880723541));
#2024 = CARTESIAN_POINT('',(24.578825858592,33.534554709436,
    9.472936449227));
#2025 = CARTESIAN_POINT('',(24.825663747928,33.670930375341,
    9.431513052513));
#2026 = CARTESIAN_POINT('',(25.317048633085,34.027942392027,
    9.348325895613));
#2027 = CARTESIAN_POINT('',(25.545548959926,34.268850782704,9.3090082945
    ));
#2028 = CARTESIAN_POINT('',(25.724145231,34.533463090329,9.27792185866)
  );
#2029 = CARTESIAN_POINT('',(25.855578965438,34.812971463225,
    9.254886677857));
#2030 = CARTESIAN_POINT('',(25.942187319655,35.101034315646,
    9.239652199093));
#2031 = CARTESIAN_POINT('',(25.985533905933,35.39320977958,9.23202776522
    ));
#2032 = CARTESIAN_POINT('',(25.985533905933,35.685533905933,
    9.23202776522));
#2033 = PCURVE('',#99,#2034);
#2034 = DEFINITIONAL_REPRESENTATION('',(#2035),#2080);
#2035 = B_SPLINE_CURVE_WITH_KNOTS('',7,(#2036,#2037,#2038,#2039,#2040,
    #2041,#2042,#2043,#2044,#2045,#2046,#2047,#2048,#2049,#2050,#2051,
    #2052,#2053,#2054,#2055,#2056,#2057,#2058,#2059,#2060,#2061,#2062,
    #2063,#2064,#2065,#2066,#2067,#2068,#2069,#2070,#2071,#2072,#2073,
    #2074,#2075,#2076,#2077,#2078,#2079),.UNSPECIFIED.,.T.,.F.,(8,6,6,6,
    6,6,6,8),(0.,0.153158678145,0.2858491768,0.421826128664,
    0.589267726757,0.714672707875,0.837642588368,1.),.UNSPECIFIED.);
#2036 = CARTESIAN_POINT('',(1.396681015926,75.764466094067));
#2037 = CARTESIAN_POINT('',(1.396681015926,75.48975543503));
#2038 = CARTESIAN_POINT('',(1.396940134933,75.215197368118));
#2039 = CARTESIAN_POINT('',(1.397457835125,74.944106199559));
#2040 = CARTESIAN_POINT('',(1.398242020978,74.680131753508));
#2041 = CARTESIAN_POINT('',(1.399305172336,74.428288639623));
#2042 = CARTESIAN_POINT('',(1.400662367296,74.195448828407));
#2043 = CARTESIAN_POINT('',(1.403761880767,73.816273243323));
#2044 = CARTESIAN_POINT('',(1.405480688138,73.656148509049));
#2045 = CARTESIAN_POINT('',(1.407445554205,73.530333494151));
#2046 = CARTESIAN_POINT('',(1.409585800418,73.451638360761));
#2047 = CARTESIAN_POINT('',(1.41180604629,73.427063575075));
#2048 = CARTESIAN_POINT('',(1.414004468686,73.457377517639));
#2049 = CARTESIAN_POINT('',(1.418226418305,73.618037388388));
#2050 = CARTESIAN_POINT('',(1.420165568673,73.747844817834));
#2051 = CARTESIAN_POINT('',(1.421873955007,73.914908684601));
#2052 = CARTESIAN_POINT('',(1.423337538493,74.109894086872));
#2053 = CARTESIAN_POINT('',(1.424552814014,74.324618109193));
#2054 = CARTESIAN_POINT('',(1.425524369527,74.551829644497));
#2055 = CARTESIAN_POINT('',(1.427175013095,75.072512900826));
#2056 = CARTESIAN_POINT('',(1.427746473554,75.372961347443));
#2057 = CARTESIAN_POINT('',(1.427998196476,75.679629663386));
#2058 = CARTESIAN_POINT('',(1.427938167845,75.988009704758));
#2059 = CARTESIAN_POINT('',(1.427564033482,76.293560947854));
#2060 = CARTESIAN_POINT('',(1.426864607357,76.591055513858));
#2061 = CARTESIAN_POINT('',(1.425041440315,77.083286372569));
#2062 = CARTESIAN_POINT('',(1.424059426216,77.287468948842));
#2063 = CARTESIAN_POINT('',(1.422867729812,77.479441925627));
#2064 = CARTESIAN_POINT('',(1.421464719726,77.653034399696));
#2065 = CARTESIAN_POINT('',(1.419855798568,77.801506802013));
#2066 = CARTESIAN_POINT('',(1.418054891299,77.917421999041));
#2067 = CARTESIAN_POINT('',(1.414162512436,78.065540555986));
#2068 = CARTESIAN_POINT('',(1.41213072083,78.097293803296));
#2069 = CARTESIAN_POINT('',(1.410069751503,78.082041260249));
#2070 = CARTESIAN_POINT('',(1.408064354448,78.019735883498));
#2071 = CARTESIAN_POINT('',(1.406195626685,77.915445290564));
#2072 = CARTESIAN_POINT('',(1.404527031675,77.779069624659));
#2073 = CARTESIAN_POINT('',(1.401204521189,77.422057607973));
#2074 = CARTESIAN_POINT('',(1.399658804796,77.181149217296));
#2075 = CARTESIAN_POINT('',(1.398450263119,76.916536909671));
#2076 = CARTESIAN_POINT('',(1.397560682929,76.637028536775));
#2077 = CARTESIAN_POINT('',(1.396974429445,76.348965684354));
#2078 = CARTESIAN_POINT('',(1.396681015926,76.05679022042));
#2079 = CARTESIAN_POINT('',(1.396681015926,75.764466094067));
#2080 = ( GEOMETRIC_REPRESENTATION_CONTEXT(2) 
PARAMETRIC_REPRESENTATION_CONTEXT() REPRESENTATION_CONTEXT('2D SPACE',''
  ) );
#2081 = PCURVE('',#2082,#2087);
#2082 = CYLINDRICAL_SURFACE('',#2083,2.3);
#2083 = AXIS2_PLACEMENT_3D('',#2084,#2085,#2086);
#2084 = CARTESIAN_POINT('',(23.685533905933,35.685533905933,
    7.418180800302));
#2085 = DIRECTION('',(0.,0.,1.));
#2086 = DIRECTION('',(1.,0.,-0.));
#2087 = DEFINITIONAL_REPRESENTATION('',(#2088),#2133);
#2088 = B_SPLINE_CURVE_WITH_KNOTS('',7,(#2089,#2090,#2091,#2092,#2093,
    #2094,#2095,#2096,#2097,#2098,#2099,#2100,#2101,#2102,#2103,#2104,
    #2105,#2106,#2107,#2108,#2109,#2110,#2111,#2112,#2113,#2114,#2115,
    #2116,#2117,#2118,#2119,#2120,#2121,#2122,#2123,#2124,#2125,#2126,
    #2127,#2128,#2129,#2130,#2131,#2132),.UNSPECIFIED.,.F.,.F.,(8,6,6,6,
    6,6,6,8),(0.,0.153158678145,0.2858491768,0.421826128664,
    0.589267726757,0.714672707875,0.837642588368,1.),.UNSPECIFIED.);
#2089 = CARTESIAN_POINT('',(0.,1.813846964918));
#2090 = CARTESIAN_POINT('',(0.119439416973,1.813846964918));
#2091 = CARTESIAN_POINT('',(0.238811913271,1.820580273078));
#2092 = CARTESIAN_POINT('',(0.359463459,1.834033178601));
#2093 = CARTESIAN_POINT('',(0.482563762426,1.854347710335));
#2094 = CARTESIAN_POINT('',(0.609331810411,1.881725770759));
#2095 = CARTESIAN_POINT('',(0.741069698082,1.916337275407));
#2096 = CARTESIAN_POINT('',(0.999702809932,1.994295026563));
#2097 = CARTESIAN_POINT('',(1.129250424708,2.037168434252));
#2098 = CARTESIAN_POINT('',(1.264329837737,2.085624492273));
#2099 = CARTESIAN_POINT('',(1.40278847514,2.137607093005));
#2100 = CARTESIAN_POINT('',(1.54296168285,2.190573596311));
#2101 = CARTESIAN_POINT('',(1.683401457222,2.242138993396));
#2102 = CARTESIAN_POINT('',(1.964281868217,2.33972322504));
#2103 = CARTESIAN_POINT('',(2.099400318968,2.383754354637));
#2104 = CARTESIAN_POINT('',(2.228864087213,2.42192489058));
#2105 = CARTESIAN_POINT('',(2.353399009698,2.454209529611));
#2106 = CARTESIAN_POINT('',(2.473565120551,2.480761144119));
#2107 = CARTESIAN_POINT('',(2.589644445444,2.501845838098));
#2108 = CARTESIAN_POINT('',(2.839840351804,2.537507054307));
#2109 = CARTESIAN_POINT('',(2.973744902545,2.549709449682));
#2110 = CARTESIAN_POINT('',(3.105605272008,2.555053079565));
#2111 = CARTESIAN_POINT('',(3.237013384437,2.553777206785));
#2112 = CARTESIAN_POINT('',(3.369511283311,2.545823217845));
#2113 = CARTESIAN_POINT('',(3.504608042985,2.530854800401));
#2114 = CARTESIAN_POINT('',(3.748830096411,2.491346718553));
#2115 = CARTESIAN_POINT('',(3.857150505243,2.469960883417));
#2116 = CARTESIAN_POINT('',(3.969202761439,2.443827800729));
#2117 = CARTESIAN_POINT('',(4.085140632018,2.412769199099));
#2118 = CARTESIAN_POINT('',(4.205335253841,2.376716144939));
#2119 = CARTESIAN_POINT('',(4.330314891069,2.335758627503));
#2120 = CARTESIAN_POINT('',(4.589269420017,2.245791945068));
#2121 = CARTESIAN_POINT('',(4.719472334305,2.198187704701));
#2122 = CARTESIAN_POINT('',(4.849808109048,2.149142832088));
#2123 = CARTESIAN_POINT('',(4.978893101878,2.100626435108));
#2124 = CARTESIAN_POINT('',(5.105217310474,2.054755648925));
#2125 = CARTESIAN_POINT('',(5.226894543046,2.013332252211));
#2126 = CARTESIAN_POINT('',(5.490975030511,1.930145095312));
#2127 = CARTESIAN_POINT('',(5.632917155276,1.890827494199));
#2128 = CARTESIAN_POINT('',(5.768893769244,1.859741058359));
#2129 = CARTESIAN_POINT('',(5.900453122611,1.836705877555));
#2130 = CARTESIAN_POINT('',(6.02905604917,1.821471398791));
#2131 = CARTESIAN_POINT('',(6.156087860939,1.813846964918));
#2132 = CARTESIAN_POINT('',(6.28318530718,1.813846964918));
#2133 = ( GEOMETRIC_REPRESENTATION_CONTEXT(2) 
PARAMETRIC_REPRESENTATION_CONTEXT() REPRESENTATION_CONTEXT('2D SPACE',''
  ) );
#2134 = FACE_BOUND('',#2135,.T.);
#2135 = EDGE_LOOP('',(#2136));
#2136 = ORIENTED_EDGE('',*,*,#2137,.F.);
#2137 = EDGE_CURVE('',#2138,#2138,#2140,.T.);
#2138 = VERTEX_POINT('',#2139);
#2139 = CARTESIAN_POINT('',(-21.38553390593,35.685533905933,
    9.967703355168));
#2140 = SURFACE_CURVE('',#2141,(#2186,#2234),.PCURVE_S1.);
#2141 = B_SPLINE_CURVE_WITH_KNOTS('',7,(#2142,#2143,#2144,#2145,#2146,
    #2147,#2148,#2149,#2150,#2151,#2152,#2153,#2154,#2155,#2156,#2157,
    #2158,#2159,#2160,#2161,#2162,#2163,#2164,#2165,#2166,#2167,#2168,
    #2169,#2170,#2171,#2172,#2173,#2174,#2175,#2176,#2177,#2178,#2179,
    #2180,#2181,#2182,#2183,#2184,#2185),.UNSPECIFIED.,.T.,.F.,(8,6,6,6,
    6,6,6,8),(0.,0.153010383058,0.28554981316,0.4218357328,
    0.589302061827,0.715000080197,0.83783462306,1.),.UNSPECIFIED.);
#2142 = CARTESIAN_POINT('',(-21.38553390593,35.685533905933,
    9.967703355168));
#2143 = CARTESIAN_POINT('',(-21.38553390593,35.959992846092,
    9.967703355168));
#2144 = CARTESIAN_POINT('',(-21.42374396562,36.234288036765,
    9.962199476067));
#2145 = CARTESIAN_POINT('',(-21.50007906992,36.505194417134,
    9.951204236765));
#2146 = CARTESIAN_POINT('',(-21.61577507407,36.769137113064,
    9.934475475167));
#2147 = CARTESIAN_POINT('',(-21.7727935619,37.021123173905,
    9.911606858504));
#2148 = CARTESIAN_POINT('',(-21.97350627321,37.254244797176,
    9.882030151244));
#2149 = CARTESIAN_POINT('',(-22.43250569886,37.633962145239,
    9.813280239396));
#2150 = CARTESIAN_POINT('',(-22.68720462698,37.794339217224,
    9.774765686939));
#2151 = CARTESIAN_POINT('',(-22.97845139931,37.920201959038,
    9.730156162643));
#2152 = CARTESIAN_POINT('',(-23.29563571306,37.998686312596,
    9.680754647042));
#2153 = CARTESIAN_POINT('',(-23.62444375408,38.022898679669,
    9.628558400086));
#2154 = CARTESIAN_POINT('',(-23.94961732433,37.99233131285,
    9.576038508642));
#2155 = CARTESIAN_POINT('',(-24.5741274658,37.831984361913,
    9.473697632646));
#2156 = CARTESIAN_POINT('',(-24.86153082501,37.702237203174,
    9.425788456832));
#2157 = CARTESIAN_POINT('',(-25.11481678958,37.535286295424,
    9.382927313062));
#2158 = CARTESIAN_POINT('',(-25.33191720459,37.340441474404,
    9.345759948383));
#2159 = CARTESIAN_POINT('',(-25.51231532499,37.125810764455,
    9.314611314579));
#2160 = CARTESIAN_POINT('',(-25.65666276997,36.898531555543,
    9.289539945714));
#2161 = CARTESIAN_POINT('',(-25.90176992747,36.377652331832,
    9.246800747065));
#2162 = CARTESIAN_POINT('',(-25.98667933631,36.077207759533,
    9.231846592358));
#2163 = CARTESIAN_POINT('',(-26.02412130689,35.770392456336,
    9.225219355887));
#2164 = CARTESIAN_POINT('',(-26.01518899585,35.461818084607,
    9.22679872447));
#2165 = CARTESIAN_POINT('',(-25.95954401292,35.156150615501,
    9.23663555254));
#2166 = CARTESIAN_POINT('',(-25.85563824822,34.858714952869,
    9.254900407776));
#2167 = CARTESIAN_POINT('',(-25.58499931553,34.366424561844,
    9.301967789871));
#2168 = CARTESIAN_POINT('',(-25.43914496216,34.162203880545,
    9.327224096731));
#2169 = CARTESIAN_POINT('',(-25.26229154006,33.970319462994,
    9.357660838045));
#2170 = CARTESIAN_POINT('',(-25.05420930982,33.79684279968,
    9.393170807369));
#2171 = CARTESIAN_POINT('',(-24.8156846871,33.648452478566,
    9.433426248655));
#2172 = CARTESIAN_POINT('',(-24.54875958939,33.532570086333,
    9.477854764008));
#2173 = CARTESIAN_POINT('',(-23.97291629951,33.384718659083,
    9.572220416074));
#2174 = CARTESIAN_POINT('',(-23.6723912329,33.35277334079,9.620812875472
    ));
#2175 = CARTESIAN_POINT('',(-23.36720562419,33.367719775746,
    9.669383654925));
#2176 = CARTESIAN_POINT('',(-23.0700436484,33.429818744494,
    9.715862393151));
#2177 = CARTESIAN_POINT('',(-22.79305708637,33.534106318431,
    9.758507449277));
#2178 = CARTESIAN_POINT('',(-22.54575839073,33.670672941854,
    9.796105134785));
#2179 = CARTESIAN_POINT('',(-22.05357441198,34.028265534019,
    9.870212858443));
#2180 = CARTESIAN_POINT('',(-21.82495012819,34.26950236331,
    9.904005653882));
#2181 = CARTESIAN_POINT('',(-21.64645318124,34.534295802254,
    9.930038427961));
#2182 = CARTESIAN_POINT('',(-21.51521935974,34.813783413041,
    9.94902355291));
#2183 = CARTESIAN_POINT('',(-21.42879215315,35.101638938904,
    9.961472290076));
#2184 = CARTESIAN_POINT('',(-21.38553390593,35.393507764218,
    9.967703355168));
#2185 = CARTESIAN_POINT('',(-21.38553390593,35.685533905933,
    9.967703355168));
#2186 = PCURVE('',#99,#2187);
#2187 = DEFINITIONAL_REPRESENTATION('',(#2188),#2233);
#2188 = B_SPLINE_CURVE_WITH_KNOTS('',7,(#2189,#2190,#2191,#2192,#2193,
    #2194,#2195,#2196,#2197,#2198,#2199,#2200,#2201,#2202,#2203,#2204,
    #2205,#2206,#2207,#2208,#2209,#2210,#2211,#2212,#2213,#2214,#2215,
    #2216,#2217,#2218,#2219,#2220,#2221,#2222,#2223,#2224,#2225,#2226,
    #2227,#2228,#2229,#2230,#2231,#2232),.UNSPECIFIED.,.T.,.F.,(8,6,6,6,
    6,6,6,8),(0.,0.153010383058,0.28554981316,0.4218357328,
    0.589302061827,0.715000080197,0.83783462306,1.),.UNSPECIFIED.);
#2189 = CARTESIAN_POINT('',(1.713854011632,75.764466094067));
#2190 = CARTESIAN_POINT('',(1.713854011632,75.490007153908));
#2191 = CARTESIAN_POINT('',(1.714111374442,75.215711963235));
#2192 = CARTESIAN_POINT('',(1.714625527183,74.944805582867));
#2193 = CARTESIAN_POINT('',(1.715404854883,74.680862886936));
#2194 = CARTESIAN_POINT('',(1.716462687489,74.428876826095));
#2195 = CARTESIAN_POINT('',(1.717815218327,74.195755202824));
#2196 = CARTESIAN_POINT('',(1.720909349137,73.816037854761));
#2197 = CARTESIAN_POINT('',(1.722626643888,73.655660782776));
#2198 = CARTESIAN_POINT('',(1.724590927262,73.529798040962));
#2199 = CARTESIAN_POINT('',(1.726730968714,73.451313687404));
#2200 = CARTESIAN_POINT('',(1.728950456457,73.427101320331));
#2201 = CARTESIAN_POINT('',(1.731146368053,73.45766868715));
#2202 = CARTESIAN_POINT('',(1.735365301945,73.618015638087));
#2203 = CARTESIAN_POINT('',(1.737307755579,73.747762796826));
#2204 = CARTESIAN_POINT('',(1.739020327526,73.914713704576));
#2205 = CARTESIAN_POINT('',(1.740488717693,74.109558525596));
#2206 = CARTESIAN_POINT('',(1.741709166785,74.324189235545));
#2207 = CARTESIAN_POINT('',(1.742685890327,74.551468444457));
#2208 = CARTESIAN_POINT('',(1.744344593405,75.072347668168));
#2209 = CARTESIAN_POINT('',(1.744919367308,75.372792240467));
#2210 = CARTESIAN_POINT('',(1.745172860715,75.679607543664));
#2211 = CARTESIAN_POINT('',(1.745112388245,75.988181915393));
#2212 = CARTESIAN_POINT('',(1.744735669475,76.293849384499));
#2213 = CARTESIAN_POINT('',(1.74403234478,76.591285047131));
#2214 = CARTESIAN_POINT('',(1.742201003192,77.083575438156));
#2215 = CARTESIAN_POINT('',(1.741214170724,77.287796119455));
#2216 = CARTESIAN_POINT('',(1.740017815728,77.479680537006));
#2217 = CARTESIAN_POINT('',(1.738610548871,77.65315720032));
#2218 = CARTESIAN_POINT('',(1.73699790336,77.801547521434));
#2219 = CARTESIAN_POINT('',(1.735193926996,77.917429913667));
#2220 = CARTESIAN_POINT('',(1.731303766356,78.065281340917));
#2221 = CARTESIAN_POINT('',(1.72927424941,78.09722665921));
#2222 = CARTESIAN_POINT('',(1.7272140832,78.082280224253));
#2223 = CARTESIAN_POINT('',(1.725208929405,78.020181255507));
#2224 = CARTESIAN_POINT('',(1.723340600198,77.915893681569));
#2225 = CARTESIAN_POINT('',(1.721672999135,77.779327058146));
#2226 = CARTESIAN_POINT('',(1.718354786607,77.421734465981));
#2227 = CARTESIAN_POINT('',(1.716814070663,77.18049763669));
#2228 = CARTESIAN_POINT('',(1.715611503647,76.915704197746));
#2229 = CARTESIAN_POINT('',(1.714727504021,76.636216586959));
#2230 = CARTESIAN_POINT('',(1.714145376404,76.348361061096));
#2231 = CARTESIAN_POINT('',(1.713854011632,76.056492235782));
#2232 = CARTESIAN_POINT('',(1.713854011632,75.764466094067));
#2233 = ( GEOMETRIC_REPRESENTATION_CONTEXT(2) 
PARAMETRIC_REPRESENTATION_CONTEXT() REPRESENTATION_CONTEXT('2D SPACE',''
  ) );
#2234 = PCURVE('',#2235,#2240);
#2235 = CYLINDRICAL_SURFACE('',#2236,2.3);
#2236 = AXIS2_PLACEMENT_3D('',#2237,#2238,#2239);
#2237 = CARTESIAN_POINT('',(-23.68553390593,35.685533905933,
    7.418180800302));
#2238 = DIRECTION('',(0.,0.,1.));
#2239 = DIRECTION('',(1.,0.,-0.));
#2240 = DEFINITIONAL_REPRESENTATION('',(#2241),#2286);
#2241 = B_SPLINE_CURVE_WITH_KNOTS('',7,(#2242,#2243,#2244,#2245,#2246,
    #2247,#2248,#2249,#2250,#2251,#2252,#2253,#2254,#2255,#2256,#2257,
    #2258,#2259,#2260,#2261,#2262,#2263,#2264,#2265,#2266,#2267,#2268,
    #2269,#2270,#2271,#2272,#2273,#2274,#2275,#2276,#2277,#2278,#2279,
    #2280,#2281,#2282,#2283,#2284,#2285),.UNSPECIFIED.,.F.,.F.,(8,6,6,6,
    6,6,6,8),(0.,0.153010383058,0.28554981316,0.4218357328,
    0.589302061827,0.715000080197,0.83783462306,1.),.UNSPECIFIED.);
#2242 = CARTESIAN_POINT('',(0.,2.549522554866));
#2243 = CARTESIAN_POINT('',(0.119329973982,2.549522554866));
#2244 = CARTESIAN_POINT('',(0.238588155634,2.544018675765));
#2245 = CARTESIAN_POINT('',(0.359151815185,2.533023436463));
#2246 = CARTESIAN_POINT('',(0.482214164776,2.516294674865));
#2247 = CARTESIAN_POINT('',(0.609012312943,2.493426058202));
#2248 = CARTESIAN_POINT('',(0.740860722156,2.463849350942));
#2249 = CARTESIAN_POINT('',(0.999863366884,2.395099439094));
#2250 = CARTESIAN_POINT('',(1.129637500039,2.356584886638));
#2251 = CARTESIAN_POINT('',(1.264917626181,2.311975362341));
#2252 = CARTESIAN_POINT('',(1.403500240168,2.26257384674));
#2253 = CARTESIAN_POINT('',(1.543668250876,2.210377599784));
#2254 = CARTESIAN_POINT('',(1.683910506631,2.15785770834));
#2255 = CARTESIAN_POINT('',(1.964243842334,2.055516832344));
#2256 = CARTESIAN_POINT('',(2.099305926442,2.00760765653));
#2257 = CARTESIAN_POINT('',(2.228705613473,1.964746512761));
#2258 = CARTESIAN_POINT('',(2.353188212018,1.927579148081));
#2259 = CARTESIAN_POINT('',(2.473337628325,1.896430514277));
#2260 = CARTESIAN_POINT('',(2.589470883552,1.871359145412));
#2261 = CARTESIAN_POINT('',(2.8397609551,1.828619946763));
#2262 = CARTESIAN_POINT('',(2.973675684673,1.813665792056));
#2263 = CARTESIAN_POINT('',(3.105598228728,1.807038555585));
#2264 = CARTESIAN_POINT('',(3.237083442288,1.808617924168));
#2265 = CARTESIAN_POINT('',(3.369634023134,1.818454752238));
#2266 = CARTESIAN_POINT('',(3.504721926717,1.836719607474));
#2267 = CARTESIAN_POINT('',(3.748973517308,1.883786989569));
#2268 = CARTESIAN_POINT('',(3.857332097312,1.909043296429));
#2269 = CARTESIAN_POINT('',(3.969362350729,1.939480037743));
#2270 = CARTESIAN_POINT('',(4.085250227681,1.974990007067));
#2271 = CARTESIAN_POINT('',(4.20539005156,2.015245448353));
#2272 = CARTESIAN_POINT('',(4.330328728148,2.059673963706));
#2273 = CARTESIAN_POINT('',(4.588816236313,2.154039615772));
#2274 = CARTESIAN_POINT('',(4.718827855352,2.20263207517));
#2275 = CARTESIAN_POINT('',(4.849140874192,2.251202854623));
#2276 = CARTESIAN_POINT('',(4.978320385525,2.297681592849));
#2277 = CARTESIAN_POINT('',(5.104815988174,2.340326648976));
#2278 = CARTESIAN_POINT('',(5.226704120434,2.377924334483));
#2279 = CARTESIAN_POINT('',(5.491214057466,2.452032058141));
#2280 = CARTESIAN_POINT('',(5.633283765301,2.48582485358));
#2281 = CARTESIAN_POINT('',(5.769297935733,2.51185762766));
#2282 = CARTESIAN_POINT('',(5.900816239895,2.530842752608));
#2283 = CARTESIAN_POINT('',(6.029318967939,2.543291489774));
#2284 = CARTESIAN_POINT('',(6.156217419477,2.549522554866));
#2285 = CARTESIAN_POINT('',(6.28318530718,2.549522554866));
#2286 = ( GEOMETRIC_REPRESENTATION_CONTEXT(2) 
PARAMETRIC_REPRESENTATION_CONTEXT() REPRESENTATION_CONTEXT('2D SPACE',''
  ) );
#2287 = FACE_BOUND('',#2288,.T.);
#2288 = EDGE_LOOP('',(#2289));
#2289 = ORIENTED_EDGE('',*,*,#2290,.F.);
#2290 = EDGE_CURVE('',#2291,#2291,#2293,.T.);
#2291 = VERTEX_POINT('',#2292);
#2292 = CARTESIAN_POINT('',(25.985533905933,-35.68553390593,
    9.23202776522));
#2293 = SURFACE_CURVE('',#2294,(#2339,#2387),.PCURVE_S1.);
#2294 = B_SPLINE_CURVE_WITH_KNOTS('',7,(#2295,#2296,#2297,#2298,#2299,
    #2300,#2301,#2302,#2303,#2304,#2305,#2306,#2307,#2308,#2309,#2310,
    #2311,#2312,#2313,#2314,#2315,#2316,#2317,#2318,#2319,#2320,#2321,
    #2322,#2323,#2324,#2325,#2326,#2327,#2328,#2329,#2330,#2331,#2332,
    #2333,#2334,#2335,#2336,#2337,#2338),.UNSPECIFIED.,.T.,.F.,(8,6,6,6,
    6,6,6,8),(0.,0.153158677354,0.285849177519,0.421826130931,
    0.589267727225,0.714672709771,0.837642591279,1.),.UNSPECIFIED.);
#2295 = CARTESIAN_POINT('',(25.985533905933,-35.68553390593,
    9.23202776522));
#2296 = CARTESIAN_POINT('',(25.985533905933,-35.41082325133,
    9.23202776522));
#2297 = CARTESIAN_POINT('',(25.94725371948,-35.13626516349,
    9.238761074001));
#2298 = CARTESIAN_POINT('',(25.870772868777,-34.86517403991,
    9.252213976878));
#2299 = CARTESIAN_POINT('',(25.754912399329,-34.60119953812,
    9.272528513509));
#2300 = CARTESIAN_POINT('',(25.5978072229,-34.34935646577,9.29990656897)
  );
#2301 = CARTESIAN_POINT('',(25.39719119154,-34.11651663691,9.3345180764)
  );
#2302 = CARTESIAN_POINT('',(24.938846648893,-33.73734105518,
    9.412475826865));
#2303 = CARTESIAN_POINT('',(24.68461500129,-33.57721632091,
    9.455349234554));
#2304 = CARTESIAN_POINT('',(24.393894829225,-33.45140130601,
    9.503805292575));
#2305 = CARTESIAN_POINT('',(24.077092170536,-33.37270617262,
    9.555787893306));
#2306 = CARTESIAN_POINT('',(23.748292139128,-33.34813138694,
    9.608754396613));
#2307 = CARTESIAN_POINT('',(23.422584517904,-33.3784453295,
    9.660319793698));
#2308 = CARTESIAN_POINT('',(22.796855634228,-33.53910520025,
    9.757904025342));
#2309 = CARTESIAN_POINT('',(22.509333908377,-33.6689126297,
    9.801935154939));
#2310 = CARTESIAN_POINT('',(22.25593365356,-33.83597649646,
    9.840105690882));
#2311 = CARTESIAN_POINT('',(22.038782535433,-34.03096189873,
    9.872390329913));
#2312 = CARTESIAN_POINT('',(21.858435097351,-34.24568592105,
    9.898941944421));
#2313 = CARTESIAN_POINT('',(21.714235074057,-34.47289745636,9.9200266384
    ));
#2314 = CARTESIAN_POINT('',(21.469220134794,-34.99358070633,
    9.955687854173));
#2315 = CARTESIAN_POINT('',(21.384373905999,-35.29402918435,
    9.967890250849));
#2316 = CARTESIAN_POINT('',(21.346995560456,-35.60069742999,
    9.973233879524));
#2317 = CARTESIAN_POINT('',(21.355909001358,-35.90907756172,
    9.971958006288));
#2318 = CARTESIAN_POINT('',(21.411462564976,-36.21462873494,
    9.964004019264));
#2319 = CARTESIAN_POINT('',(21.515303380078,-36.51212333195,
    9.949035600203));
#2320 = CARTESIAN_POINT('',(21.785909581183,-37.00435418443,
    9.909527518855));
#2321 = CARTESIAN_POINT('',(21.931651030616,-37.2085367607,
    9.888141683719));
#2322 = CARTESIAN_POINT('',(22.108485069863,-37.40050973749,
    9.862008601031));
#2323 = CARTESIAN_POINT('',(22.316632547147,-37.57410221156,9.8309499994
    ));
#2324 = CARTESIAN_POINT('',(22.555263452508,-37.72257461387,
    9.794896945241));
#2325 = CARTESIAN_POINT('',(22.822277397044,-37.8384898109,
    9.753939427805));
#2326 = CARTESIAN_POINT('',(23.399161087491,-37.98660836762,
    9.66397274551));
#2327 = CARTESIAN_POINT('',(23.700189726313,-38.01836161566,
    9.616368504874));
#2328 = CARTESIAN_POINT('',(24.005421520749,-38.00310907163,
    9.56732363225));
#2329 = CARTESIAN_POINT('',(24.302294592296,-37.94080369519,
    9.518807235546));
#2330 = CARTESIAN_POINT('',(24.578825857884,-37.83651310325,
    9.47293644935));
#2331 = CARTESIAN_POINT('',(24.82566374868,-37.70013743597,
    9.431513052386));
#2332 = CARTESIAN_POINT('',(25.317048624774,-37.34312542587,
    9.34832589702));
#2333 = CARTESIAN_POINT('',(25.545548985148,-37.10221700283,
    9.309008290218));
#2334 = CARTESIAN_POINT('',(25.724145196318,-36.8376047724,
    9.277921864563));
#2335 = CARTESIAN_POINT('',(25.855578989893,-36.55809629508,
    9.254886673688));
#2336 = CARTESIAN_POINT('',(25.94218731215,-36.27003352727,
    9.239652200374));
#2337 = CARTESIAN_POINT('',(25.985533905933,-35.97785802394,
    9.23202776522));
#2338 = CARTESIAN_POINT('',(25.985533905933,-35.68553390593,
    9.23202776522));
#2339 = PCURVE('',#99,#2340);
#2340 = DEFINITIONAL_REPRESENTATION('',(#2341),#2386);
#2341 = B_SPLINE_CURVE_WITH_KNOTS('',7,(#2342,#2343,#2344,#2345,#2346,
    #2347,#2348,#2349,#2350,#2351,#2352,#2353,#2354,#2355,#2356,#2357,
    #2358,#2359,#2360,#2361,#2362,#2363,#2364,#2365,#2366,#2367,#2368,
    #2369,#2370,#2371,#2372,#2373,#2374,#2375,#2376,#2377,#2378,#2379,
    #2380,#2381,#2382,#2383,#2384,#2385),.UNSPECIFIED.,.T.,.F.,(8,6,6,6,
    6,6,6,8),(0.,0.153158677354,0.285849177519,0.421826130931,
    0.589267727225,0.714672709771,0.837642591279,1.),.UNSPECIFIED.);
#2342 = CARTESIAN_POINT('',(1.396681015926,147.13553390593));
#2343 = CARTESIAN_POINT('',(1.396681015926,146.86082325133));
#2344 = CARTESIAN_POINT('',(1.396940134958,146.58626516349));
#2345 = CARTESIAN_POINT('',(1.397457835045,146.31517403991));
#2346 = CARTESIAN_POINT('',(1.398242021091,146.05119953812));
#2347 = CARTESIAN_POINT('',(1.399305172253,145.79935646577));
#2348 = CARTESIAN_POINT('',(1.400662367324,145.56651663691));
#2349 = CARTESIAN_POINT('',(1.403761880767,145.18734105518));
#2350 = CARTESIAN_POINT('',(1.405480688138,145.02721632091));
#2351 = CARTESIAN_POINT('',(1.407445554205,144.90140130601));
#2352 = CARTESIAN_POINT('',(1.409585800418,144.82270617262));
#2353 = CARTESIAN_POINT('',(1.41180604629,144.79813138694));
#2354 = CARTESIAN_POINT('',(1.414004468686,144.8284453295));
#2355 = CARTESIAN_POINT('',(1.418226418305,144.98910520025));
#2356 = CARTESIAN_POINT('',(1.420165568673,145.1189126297));
#2357 = CARTESIAN_POINT('',(1.421873955007,145.28597649646));
#2358 = CARTESIAN_POINT('',(1.423337538493,145.48096189873));
#2359 = CARTESIAN_POINT('',(1.424552814014,145.69568592105));
#2360 = CARTESIAN_POINT('',(1.425524369527,145.92289745636));
#2361 = CARTESIAN_POINT('',(1.427175013075,146.44358070633));
#2362 = CARTESIAN_POINT('',(1.427746473594,146.74402918435));
#2363 = CARTESIAN_POINT('',(1.42799819646,147.05069742999));
#2364 = CARTESIAN_POINT('',(1.427938167808,147.35907756172));
#2365 = CARTESIAN_POINT('',(1.427564033534,147.66462873494));
#2366 = CARTESIAN_POINT('',(1.426864607334,147.96212333195));
#2367 = CARTESIAN_POINT('',(1.425041440315,148.45435418443));
#2368 = CARTESIAN_POINT('',(1.424059426216,148.6585367607));
#2369 = CARTESIAN_POINT('',(1.422867729812,148.85050973749));
#2370 = CARTESIAN_POINT('',(1.421464719726,149.02410221156));
#2371 = CARTESIAN_POINT('',(1.419855798568,149.17257461387));
#2372 = CARTESIAN_POINT('',(1.418054891299,149.2884898109));
#2373 = CARTESIAN_POINT('',(1.414162512442,149.43660836762));
#2374 = CARTESIAN_POINT('',(1.412130720824,149.46836161566));
#2375 = CARTESIAN_POINT('',(1.410069751497,149.45310907163));
#2376 = CARTESIAN_POINT('',(1.408064354453,149.39080369519));
#2377 = CARTESIAN_POINT('',(1.406195626689,149.28651310325));
#2378 = CARTESIAN_POINT('',(1.40452703167,149.15013743597));
#2379 = CARTESIAN_POINT('',(1.401204521246,148.79312542587));
#2380 = CARTESIAN_POINT('',(1.399658804626,148.55221700283));
#2381 = CARTESIAN_POINT('',(1.398450263354,148.2876047724));
#2382 = CARTESIAN_POINT('',(1.397560682764,148.00809629508));
#2383 = CARTESIAN_POINT('',(1.396974429496,147.72003352727));
#2384 = CARTESIAN_POINT('',(1.396681015926,147.42785802394));
#2385 = CARTESIAN_POINT('',(1.396681015926,147.13553390593));
#2386 = ( GEOMETRIC_REPRESENTATION_CONTEXT(2) 
PARAMETRIC_REPRESENTATION_CONTEXT() REPRESENTATION_CONTEXT('2D SPACE',''
  ) );
#2387 = PCURVE('',#2388,#2393);
#2388 = CYLINDRICAL_SURFACE('',#2389,2.3);
#2389 = AXIS2_PLACEMENT_3D('',#2390,#2391,#2392);
#2390 = CARTESIAN_POINT('',(23.685533905933,-35.68553390593,
    7.418180800302));
#2391 = DIRECTION('',(0.,0.,1.));
#2392 = DIRECTION('',(1.,0.,-0.));
#2393 = DEFINITIONAL_REPRESENTATION('',(#2394),#2439);
#2394 = B_SPLINE_CURVE_WITH_KNOTS('',7,(#2395,#2396,#2397,#2398,#2399,
    #2400,#2401,#2402,#2403,#2404,#2405,#2406,#2407,#2408,#2409,#2410,
    #2411,#2412,#2413,#2414,#2415,#2416,#2417,#2418,#2419,#2420,#2421,
    #2422,#2423,#2424,#2425,#2426,#2427,#2428,#2429,#2430,#2431,#2432,
    #2433,#2434,#2435,#2436,#2437,#2438),.UNSPECIFIED.,.F.,.F.,(8,6,6,6,
    6,6,6,8),(0.,0.153158677354,0.285849177519,0.421826130931,
    0.589267727225,0.714672709771,0.837642591279,1.),.UNSPECIFIED.);
#2395 = CARTESIAN_POINT('',(0.,1.813846964918));
#2396 = CARTESIAN_POINT('',(0.119439415044,1.813846964918));
#2397 = CARTESIAN_POINT('',(0.238811921065,1.820580273699));
#2398 = CARTESIAN_POINT('',(0.359463444503,1.834033176576));
#2399 = CARTESIAN_POINT('',(0.482563777391,1.854347713208));
#2400 = CARTESIAN_POINT('',(0.609331801818,1.881725768668));
#2401 = CARTESIAN_POINT('',(0.741069700375,1.916337276098));
#2402 = CARTESIAN_POINT('',(0.999702809932,1.994295026563));
#2403 = CARTESIAN_POINT('',(1.129250424708,2.037168434252));
#2404 = CARTESIAN_POINT('',(1.264329837737,2.085624492273));
#2405 = CARTESIAN_POINT('',(1.402788475139,2.137607093004));
#2406 = CARTESIAN_POINT('',(1.54296168285,2.190573596311));
#2407 = CARTESIAN_POINT('',(1.683401457222,2.242138993396));
#2408 = CARTESIAN_POINT('',(1.964281868217,2.33972322504));
#2409 = CARTESIAN_POINT('',(2.099400318968,2.383754354637));
#2410 = CARTESIAN_POINT('',(2.228864087213,2.42192489058));
#2411 = CARTESIAN_POINT('',(2.353399009698,2.454209529611));
#2412 = CARTESIAN_POINT('',(2.473565120551,2.480761144119));
#2413 = CARTESIAN_POINT('',(2.589644445444,2.501845838098));
#2414 = CARTESIAN_POINT('',(2.83984034875,2.537507053871));
#2415 = CARTESIAN_POINT('',(2.973744914461,2.549709450547));
#2416 = CARTESIAN_POINT('',(3.105605250516,2.555053079223));
#2417 = CARTESIAN_POINT('',(3.237013405975,2.553777205986));
#2418 = CARTESIAN_POINT('',(3.369511271317,2.545823218962));
#2419 = CARTESIAN_POINT('',(3.504608046076,2.530854799901));
#2420 = CARTESIAN_POINT('',(3.748830096411,2.491346718553));
#2421 = CARTESIAN_POINT('',(3.857150505243,2.469960883417));
#2422 = CARTESIAN_POINT('',(3.969202761438,2.44382780073));
#2423 = CARTESIAN_POINT('',(4.085140632019,2.412769199099));
#2424 = CARTESIAN_POINT('',(4.205335253841,2.376716144939));
#2425 = CARTESIAN_POINT('',(4.330314891069,2.335758627503));
#2426 = CARTESIAN_POINT('',(4.589269419614,2.245791945208));
#2427 = CARTESIAN_POINT('',(4.719472334719,2.198187704572));
#2428 = CARTESIAN_POINT('',(4.849808109313,2.149142831948));
#2429 = CARTESIAN_POINT('',(4.978893101654,2.100626435245));
#2430 = CARTESIAN_POINT('',(5.105217310014,2.054755649048));
#2431 = CARTESIAN_POINT('',(5.22689454345,2.013332252084));
#2432 = CARTESIAN_POINT('',(5.490975026045,1.930145096719));
#2433 = CARTESIAN_POINT('',(5.632917172014,1.890827489916));
#2434 = CARTESIAN_POINT('',(5.768893740189,1.859741064261));
#2435 = CARTESIAN_POINT('',(5.900453150589,1.836705873386));
#2436 = CARTESIAN_POINT('',(6.029056034274,1.821471400072));
#2437 = CARTESIAN_POINT('',(6.156087864566,1.813846964918));
#2438 = CARTESIAN_POINT('',(6.28318530718,1.813846964918));
#2439 = ( GEOMETRIC_REPRESENTATION_CONTEXT(2) 
PARAMETRIC_REPRESENTATION_CONTEXT() REPRESENTATION_CONTEXT('2D SPACE',''
  ) );
#2440 = FACE_BOUND('',#2441,.T.);
#2441 = EDGE_LOOP('',(#2442));
#2442 = ORIENTED_EDGE('',*,*,#2443,.F.);
#2443 = EDGE_CURVE('',#2444,#2444,#2446,.T.);
#2444 = VERTEX_POINT('',#2445);
#2445 = CARTESIAN_POINT('',(-21.38553390593,-35.68553390593,
    9.967703355168));
#2446 = SURFACE_CURVE('',#2447,(#2492,#2540),.PCURVE_S1.);
#2447 = B_SPLINE_CURVE_WITH_KNOTS('',7,(#2448,#2449,#2450,#2451,#2452,
    #2453,#2454,#2455,#2456,#2457,#2458,#2459,#2460,#2461,#2462,#2463,
    #2464,#2465,#2466,#2467,#2468,#2469,#2470,#2471,#2472,#2473,#2474,
    #2475,#2476,#2477,#2478,#2479,#2480,#2481,#2482,#2483,#2484,#2485,
    #2486,#2487,#2488,#2489,#2490,#2491),.UNSPECIFIED.,.T.,.F.,(8,6,6,6,
    6,6,6,8),(0.,0.15301038541,0.285549814679,0.421835734011,
    0.589302062661,0.715000080702,0.837834623593,1.),.UNSPECIFIED.);
#2448 = CARTESIAN_POINT('',(-21.38553390593,-35.68553390593,
    9.967703355168));
#2449 = CARTESIAN_POINT('',(-21.38553390593,-35.41107496122,
    9.967703355168));
#2450 = CARTESIAN_POINT('',(-21.42374396189,-35.136779792,9.962199476621
    ));
#2451 = CARTESIAN_POINT('',(-21.50007908209,-34.86587336549,
    9.951204234954));
#2452 = CARTESIAN_POINT('',(-21.61577505677,-34.60193072677,
    9.934475477744));
#2453 = CARTESIAN_POINT('',(-21.77279357452,-34.34994462327,
    9.91160685662));
#2454 = CARTESIAN_POINT('',(-21.97350626902,-34.11682301815,
    9.882030151871));
#2455 = CARTESIAN_POINT('',(-22.43250569787,-33.73710566744,
    9.813280239545));
#2456 = CARTESIAN_POINT('',(-22.68720462789,-33.57672859341,
    9.774765686807));
#2457 = CARTESIAN_POINT('',(-22.97845140051,-33.45086585305,
    9.730156162452));
#2458 = CARTESIAN_POINT('',(-23.29563571191,-33.37238149999,
    9.68075464721));
#2459 = CARTESIAN_POINT('',(-23.6244437529,-33.34816913147,
    9.628558400286));
#2460 = CARTESIAN_POINT('',(-23.94961732557,-33.37873649933,
    9.576038508438));
#2461 = CARTESIAN_POINT('',(-24.5741274658,-33.53908344995,
    9.473697632646));
#2462 = CARTESIAN_POINT('',(-24.86153082501,-33.66883060869,
    9.425788456832));
#2463 = CARTESIAN_POINT('',(-25.11481678958,-33.83578151644,
    9.382927313063));
#2464 = CARTESIAN_POINT('',(-25.33191720459,-34.03062633746,
    9.345759948383));
#2465 = CARTESIAN_POINT('',(-25.51231532499,-34.24525704741,
    9.314611314579));
#2466 = CARTESIAN_POINT('',(-25.65666276997,-34.47253625632,
    9.289539945714));
#2467 = CARTESIAN_POINT('',(-25.90176992747,-34.99341548003,
    9.246800747065));
#2468 = CARTESIAN_POINT('',(-25.98667933631,-35.29386005233,
    9.231846592358));
#2469 = CARTESIAN_POINT('',(-26.02412130688,-35.60067535553,
    9.225219355887));
#2470 = CARTESIAN_POINT('',(-26.01518899585,-35.90924972725,
    9.22679872447));
#2471 = CARTESIAN_POINT('',(-25.95954401292,-36.21491719636,
    9.23663555254));
#2472 = CARTESIAN_POINT('',(-25.85563824822,-36.51235285899,
    9.254900407776));
#2473 = CARTESIAN_POINT('',(-25.58499931557,-37.00464324994,
    9.301967789863));
#2474 = CARTESIAN_POINT('',(-25.43914496218,-37.20886393133,
    9.327224096728));
#2475 = CARTESIAN_POINT('',(-25.26229154002,-37.40074834893,
    9.357660838053));
#2476 = CARTESIAN_POINT('',(-25.05420930976,-37.57422501221,
    9.393170807379));
#2477 = CARTESIAN_POINT('',(-24.81568468711,-37.72261533327,
    9.433426248654));
#2478 = CARTESIAN_POINT('',(-24.54875958947,-37.83849772551,
    9.477854763994));
#2479 = CARTESIAN_POINT('',(-23.97291629862,-37.98634915301,
    9.57222041622));
#2480 = CARTESIAN_POINT('',(-23.67239123375,-38.01829447057,
    9.620812875327));
#2481 = CARTESIAN_POINT('',(-23.367205625,-38.00334803659,9.669383654804
    ));
#2482 = CARTESIAN_POINT('',(-23.07004364755,-37.94124906754,
    9.715862393286));
#2483 = CARTESIAN_POINT('',(-22.79305708567,-37.83696149261,
    9.75850744938));
#2484 = CARTESIAN_POINT('',(-22.54575839148,-37.70039487055,
    9.796105134672));
#2485 = CARTESIAN_POINT('',(-22.05357441198,-37.34280227784,
    9.870212858443));
#2486 = CARTESIAN_POINT('',(-21.82495012819,-37.10156544855,
    9.904005653881));
#2487 = CARTESIAN_POINT('',(-21.64645318124,-36.83677200961,
    9.930038427962));
#2488 = CARTESIAN_POINT('',(-21.51521935974,-36.55728439882,
    9.94902355291));
#2489 = CARTESIAN_POINT('',(-21.42879215315,-36.26942887296,
    9.961472290076));
#2490 = CARTESIAN_POINT('',(-21.38553390593,-35.97756004764,
    9.967703355168));
#2491 = CARTESIAN_POINT('',(-21.38553390593,-35.68553390593,
    9.967703355168));
#2492 = PCURVE('',#99,#2493);
#2493 = DEFINITIONAL_REPRESENTATION('',(#2494),#2539);
#2494 = B_SPLINE_CURVE_WITH_KNOTS('',7,(#2495,#2496,#2497,#2498,#2499,
    #2500,#2501,#2502,#2503,#2504,#2505,#2506,#2507,#2508,#2509,#2510,
    #2511,#2512,#2513,#2514,#2515,#2516,#2517,#2518,#2519,#2520,#2521,
    #2522,#2523,#2524,#2525,#2526,#2527,#2528,#2529,#2530,#2531,#2532,
    #2533,#2534,#2535,#2536,#2537,#2538),.UNSPECIFIED.,.T.,.F.,(8,6,6,6,
    6,6,6,8),(0.,0.15301038541,0.285549814679,0.421835734011,
    0.589302062661,0.715000080702,0.837834623593,1.),.UNSPECIFIED.);
#2495 = CARTESIAN_POINT('',(1.713854011632,147.13553390593));
#2496 = CARTESIAN_POINT('',(1.713854011632,146.86107496122));
#2497 = CARTESIAN_POINT('',(1.714111374417,146.586779792));
#2498 = CARTESIAN_POINT('',(1.714625527265,146.31587336549));
#2499 = CARTESIAN_POINT('',(1.715404854767,146.05193072677));
#2500 = CARTESIAN_POINT('',(1.716462687574,145.79994462327));
#2501 = CARTESIAN_POINT('',(1.717815218298,145.56682301815));
#2502 = CARTESIAN_POINT('',(1.72090934913,145.18710566744));
#2503 = CARTESIAN_POINT('',(1.722626643894,145.02672859341));
#2504 = CARTESIAN_POINT('',(1.72459092727,144.90086585305));
#2505 = CARTESIAN_POINT('',(1.726730968706,144.82238149999));
#2506 = CARTESIAN_POINT('',(1.728950456449,144.79816913147));
#2507 = CARTESIAN_POINT('',(1.731146368062,144.82873649933));
#2508 = CARTESIAN_POINT('',(1.735365301945,144.98908344995));
#2509 = CARTESIAN_POINT('',(1.737307755579,145.11883060869));
#2510 = CARTESIAN_POINT('',(1.739020327526,145.28578151644));
#2511 = CARTESIAN_POINT('',(1.740488717693,145.48062633746));
#2512 = CARTESIAN_POINT('',(1.741709166785,145.69525704741));
#2513 = CARTESIAN_POINT('',(1.742685890327,145.92253625632));
#2514 = CARTESIAN_POINT('',(1.744344593405,146.44341548003));
#2515 = CARTESIAN_POINT('',(1.744919367308,146.74386005233));
#2516 = CARTESIAN_POINT('',(1.745172860715,147.05067535553));
#2517 = CARTESIAN_POINT('',(1.745112388245,147.35924972725));
#2518 = CARTESIAN_POINT('',(1.744735669475,147.66491719636));
#2519 = CARTESIAN_POINT('',(1.74403234478,147.96235285899));
#2520 = CARTESIAN_POINT('',(1.742201003192,148.45464324994));
#2521 = CARTESIAN_POINT('',(1.741214170724,148.65886393133));
#2522 = CARTESIAN_POINT('',(1.740017815728,148.85074834893));
#2523 = CARTESIAN_POINT('',(1.738610548871,149.02422501221));
#2524 = CARTESIAN_POINT('',(1.73699790336,149.17261533327));
#2525 = CARTESIAN_POINT('',(1.735193926997,149.28849772551));
#2526 = CARTESIAN_POINT('',(1.731303766349,149.43634915301));
#2527 = CARTESIAN_POINT('',(1.729274249416,149.46829447057));
#2528 = CARTESIAN_POINT('',(1.727214083205,149.45334803659));
#2529 = CARTESIAN_POINT('',(1.725208929399,149.39124906754));
#2530 = CARTESIAN_POINT('',(1.723340600193,149.28696149261));
#2531 = CARTESIAN_POINT('',(1.72167299914,149.15039487055));
#2532 = CARTESIAN_POINT('',(1.718354786607,148.79280227784));
#2533 = CARTESIAN_POINT('',(1.716814070663,148.55156544855));
#2534 = CARTESIAN_POINT('',(1.715611503647,148.28677200961));
#2535 = CARTESIAN_POINT('',(1.714727504021,148.00728439882));
#2536 = CARTESIAN_POINT('',(1.714145376404,147.71942887296));
#2537 = CARTESIAN_POINT('',(1.713854011632,147.42756004764));
#2538 = CARTESIAN_POINT('',(1.713854011632,147.13553390593));
#2539 = ( GEOMETRIC_REPRESENTATION_CONTEXT(2) 
PARAMETRIC_REPRESENTATION_CONTEXT() REPRESENTATION_CONTEXT('2D SPACE',''
  ) );
#2540 = PCURVE('',#2541,#2546);
#2541 = CYLINDRICAL_SURFACE('',#2542,2.3);
#2542 = AXIS2_PLACEMENT_3D('',#2543,#2544,#2545);
#2543 = CARTESIAN_POINT('',(-23.68553390593,-35.68553390593,
    7.418180800302));
#2544 = DIRECTION('',(0.,0.,1.));
#2545 = DIRECTION('',(1.,0.,-0.));
#2546 = DEFINITIONAL_REPRESENTATION('',(#2547),#2592);
#2547 = B_SPLINE_CURVE_WITH_KNOTS('',7,(#2548,#2549,#2550,#2551,#2552,
    #2553,#2554,#2555,#2556,#2557,#2558,#2559,#2560,#2561,#2562,#2563,
    #2564,#2565,#2566,#2567,#2568,#2569,#2570,#2571,#2572,#2573,#2574,
    #2575,#2576,#2577,#2578,#2579,#2580,#2581,#2582,#2583,#2584,#2585,
    #2586,#2587,#2588,#2589,#2590,#2591),.UNSPECIFIED.,.F.,.F.,(8,6,6,6,
    6,6,6,8),(0.,0.15301038541,0.285549814679,0.421835734011,
    0.589302062661,0.715000080702,0.837834623593,1.),.UNSPECIFIED.);
#2548 = CARTESIAN_POINT('',(0.,2.549522554866));
#2549 = CARTESIAN_POINT('',(0.119329975959,2.549522554866));
#2550 = CARTESIAN_POINT('',(0.238588147641,2.544018676319));
#2551 = CARTESIAN_POINT('',(0.359151830064,2.533023434652));
#2552 = CARTESIAN_POINT('',(0.482214149405,2.516294677442));
#2553 = CARTESIAN_POINT('',(0.609012321779,2.493426056318));
#2554 = CARTESIAN_POINT('',(0.740860719796,2.463849351569));
#2555 = CARTESIAN_POINT('',(0.999863366325,2.395099439243));
#2556 = CARTESIAN_POINT('',(1.129637500687,2.356584886505));
#2557 = CARTESIAN_POINT('',(1.264917626473,2.31197536215));
#2558 = CARTESIAN_POINT('',(1.403500239809,2.262573846908));
#2559 = CARTESIAN_POINT('',(1.543668250304,2.210377599985));
#2560 = CARTESIAN_POINT('',(1.683910507187,2.157857708136));
#2561 = CARTESIAN_POINT('',(1.964243842334,2.055516832344));
#2562 = CARTESIAN_POINT('',(2.099305926442,2.00760765653));
#2563 = CARTESIAN_POINT('',(2.228705613473,1.964746512761));
#2564 = CARTESIAN_POINT('',(2.353188212019,1.927579148081));
#2565 = CARTESIAN_POINT('',(2.473337628325,1.896430514277));
#2566 = CARTESIAN_POINT('',(2.589470883552,1.871359145412));
#2567 = CARTESIAN_POINT('',(2.8397609551,1.828619946763));
#2568 = CARTESIAN_POINT('',(2.973675684673,1.813665792056));
#2569 = CARTESIAN_POINT('',(3.105598228728,1.807038555585));
#2570 = CARTESIAN_POINT('',(3.237083442288,1.808617924168));
#2571 = CARTESIAN_POINT('',(3.369634023134,1.818454752238));
#2572 = CARTESIAN_POINT('',(3.504721926717,1.836719607474));
#2573 = CARTESIAN_POINT('',(3.74897351727,1.883786989562));
#2574 = CARTESIAN_POINT('',(3.857332097313,1.909043296426));
#2575 = CARTESIAN_POINT('',(3.96936235076,1.939480037751));
#2576 = CARTESIAN_POINT('',(4.085250227707,1.974990007077));
#2577 = CARTESIAN_POINT('',(4.205390051553,2.015245448352));
#2578 = CARTESIAN_POINT('',(4.330328728111,2.059673963692));
#2579 = CARTESIAN_POINT('',(4.588816236714,2.154039615918));
#2580 = CARTESIAN_POINT('',(4.718827854939,2.202632075025));
#2581 = CARTESIAN_POINT('',(4.849140873929,2.251202854502));
#2582 = CARTESIAN_POINT('',(4.978320385749,2.297681592984));
#2583 = CARTESIAN_POINT('',(5.10481598863,2.340326649078));
#2584 = CARTESIAN_POINT('',(5.226704120032,2.377924334371));
#2585 = CARTESIAN_POINT('',(5.491214057466,2.452032058141));
#2586 = CARTESIAN_POINT('',(5.633283765301,2.48582485358));
#2587 = CARTESIAN_POINT('',(5.769297935733,2.51185762766));
#2588 = CARTESIAN_POINT('',(5.900816239896,2.530842752608));
#2589 = CARTESIAN_POINT('',(6.029318967938,2.543291489774));
#2590 = CARTESIAN_POINT('',(6.156217419477,2.549522554866));
#2591 = CARTESIAN_POINT('',(6.28318530718,2.549522554866));
#2592 = ( GEOMETRIC_REPRESENTATION_CONTEXT(2) 
PARAMETRIC_REPRESENTATION_CONTEXT() REPRESENTATION_CONTEXT('2D SPACE',''
  ) );
#2593 = ADVANCED_FACE('',(#2594),#72,.T.);
#2594 = FACE_BOUND('',#2595,.T.);
#2595 = EDGE_LOOP('',(#2596,#2597,#2616,#2617));
#2596 = ORIENTED_EDGE('',*,*,#140,.F.);
#2597 = ORIENTED_EDGE('',*,*,#2598,.F.);
#2598 = EDGE_CURVE('',#1021,#141,#2599,.T.);
#2599 = SURFACE_CURVE('',#2600,(#2604,#2610),.PCURVE_S1.);
#2600 = LINE('',#2601,#2602);
#2601 = CARTESIAN_POINT('',(-25.13766532639,-32.50099087156,4.8));
#2602 = VECTOR('',#2603,1.);
#2603 = DIRECTION('',(0.,0.,-1.));
#2604 = PCURVE('',#72,#2605);
#2605 = DEFINITIONAL_REPRESENTATION('',(#2606),#2609);
#2606 = B_SPLINE_CURVE_WITH_KNOTS('',1,(#2607,#2608),.UNSPECIFIED.,.F.,
  .F.,(2,2),(-7.3000024,2.399999999625E-06),.PIECEWISE_BEZIER_KNOTS.);
#2607 = CARTESIAN_POINT('',(6.212929351073,-7.3000024));
#2608 = CARTESIAN_POINT('',(6.212929351073,2.399999999625E-06));
#2609 = ( GEOMETRIC_REPRESENTATION_CONTEXT(2) 
PARAMETRIC_REPRESENTATION_CONTEXT() REPRESENTATION_CONTEXT('2D SPACE',''
  ) );
#2610 = PCURVE('',#185,#2611);
#2611 = DEFINITIONAL_REPRESENTATION('',(#2612),#2615);
#2612 = B_SPLINE_CURVE_WITH_KNOTS('',1,(#2613,#2614),.UNSPECIFIED.,.F.,
  .F.,(2,2),(-7.3000024,2.399999999625E-06),.PIECEWISE_BEZIER_KNOTS.);
#2613 = CARTESIAN_POINT('',(1.998623386547,7.3000024));
#2614 = CARTESIAN_POINT('',(1.998623386547,-2.399999999625E-06));
#2615 = ( GEOMETRIC_REPRESENTATION_CONTEXT(2) 
PARAMETRIC_REPRESENTATION_CONTEXT() REPRESENTATION_CONTEXT('2D SPACE',''
  ) );
#2616 = ORIENTED_EDGE('',*,*,#1020,.T.);
#2617 = ORIENTED_EDGE('',*,*,#56,.F.);
#2618 = ADVANCED_FACE('',(#2619),#185,.T.);
#2619 = FACE_BOUND('',#2620,.T.);
#2620 = EDGE_LOOP('',(#2621,#2622,#2623,#2624));
#2621 = ORIENTED_EDGE('',*,*,#1049,.F.);
#2622 = ORIENTED_EDGE('',*,*,#2598,.T.);
#2623 = ORIENTED_EDGE('',*,*,#168,.T.);
#2624 = ORIENTED_EDGE('',*,*,#2625,.F.);
#2625 = EDGE_CURVE('',#1050,#169,#2626,.T.);
#2626 = SURFACE_CURVE('',#2627,(#2631,#2637),.PCURVE_S1.);
#2627 = LINE('',#2628,#2629);
#2628 = CARTESIAN_POINT('',(-20.50099087156,-37.13766532639,4.8));
#2629 = VECTOR('',#2630,1.);
#2630 = DIRECTION('',(0.,0.,-1.));
#2631 = PCURVE('',#185,#2632);
#2632 = DEFINITIONAL_REPRESENTATION('',(#2633),#2636);
#2633 = B_SPLINE_CURVE_WITH_KNOTS('',1,(#2634,#2635),.UNSPECIFIED.,.F.,
  .F.,(2,2),(-7.3000024,2.399999999625E-06),.PIECEWISE_BEZIER_KNOTS.);
#2634 = CARTESIAN_POINT('',(5.855358247428,7.3000024));
#2635 = CARTESIAN_POINT('',(5.855358247428,-2.399999999625E-06));
#2636 = ( GEOMETRIC_REPRESENTATION_CONTEXT(2) 
PARAMETRIC_REPRESENTATION_CONTEXT() REPRESENTATION_CONTEXT('2D SPACE',''
  ) );
#2637 = PCURVE('',#218,#2638);
#2638 = DEFINITIONAL_REPRESENTATION('',(#2639),#2642);
#2639 = B_SPLINE_CURVE_WITH_KNOTS('',1,(#2640,#2641),.UNSPECIFIED.,.F.,
  .F.,(2,2),(-7.3000024,2.399999999625E-06),.PIECEWISE_BEZIER_KNOTS.);
#2640 = CARTESIAN_POINT('',(4.782644936491,-7.3000024));
#2641 = CARTESIAN_POINT('',(4.782644936491,2.399999999625E-06));
#2642 = ( GEOMETRIC_REPRESENTATION_CONTEXT(2) 
PARAMETRIC_REPRESENTATION_CONTEXT() REPRESENTATION_CONTEXT('2D SPACE',''
  ) );
#2643 = ADVANCED_FACE('',(#2644),#562,.T.);
#2644 = FACE_BOUND('',#2645,.T.);
#2645 = EDGE_LOOP('',(#2646,#2647,#2666,#2667));
#2646 = ORIENTED_EDGE('',*,*,#1838,.F.);
#2647 = ORIENTED_EDGE('',*,*,#2648,.T.);
#2648 = EDGE_CURVE('',#1810,#513,#2649,.T.);
#2649 = SURFACE_CURVE('',#2650,(#2654,#2660),.PCURVE_S1.);
#2650 = LINE('',#2651,#2652);
#2651 = CARTESIAN_POINT('',(-20.50099087156,37.13766532639,4.8));
#2652 = VECTOR('',#2653,1.);
#2653 = DIRECTION('',(0.,0.,-1.));
#2654 = PCURVE('',#562,#2655);
#2655 = DEFINITIONAL_REPRESENTATION('',(#2656),#2659);
#2656 = B_SPLINE_CURVE_WITH_KNOTS('',1,(#2657,#2658),.UNSPECIFIED.,.F.,
  .F.,(2,2),(-7.3000024,2.399999999625E-06),.PIECEWISE_BEZIER_KNOTS.);
#2657 = CARTESIAN_POINT('',(0.427827059752,7.3000024));
#2658 = CARTESIAN_POINT('',(0.427827059752,-2.399999999625E-06));
#2659 = ( GEOMETRIC_REPRESENTATION_CONTEXT(2) 
PARAMETRIC_REPRESENTATION_CONTEXT() REPRESENTATION_CONTEXT('2D SPACE',''
  ) );
#2660 = PCURVE('',#533,#2661);
#2661 = DEFINITIONAL_REPRESENTATION('',(#2662),#2665);
#2662 = B_SPLINE_CURVE_WITH_KNOTS('',1,(#2663,#2664),.UNSPECIFIED.,.F.,
  .F.,(2,2),(-7.3000024,2.399999999625E-06),.PIECEWISE_BEZIER_KNOTS.);
#2663 = CARTESIAN_POINT('',(1.500540370688,-7.3000024));
#2664 = CARTESIAN_POINT('',(1.500540370688,2.399999999625E-06));
#2665 = ( GEOMETRIC_REPRESENTATION_CONTEXT(2) 
PARAMETRIC_REPRESENTATION_CONTEXT() REPRESENTATION_CONTEXT('2D SPACE',''
  ) );
#2666 = ORIENTED_EDGE('',*,*,#545,.T.);
#2667 = ORIENTED_EDGE('',*,*,#996,.F.);
#2668 = ADVANCED_FACE('',(#2669),#218,.T.);
#2669 = FACE_BOUND('',#2670,.T.);
#2670 = EDGE_LOOP('',(#2671,#2672,#2693,#2694));
#2671 = ORIENTED_EDGE('',*,*,#197,.F.);
#2672 = ORIENTED_EDGE('',*,*,#2673,.T.);
#2673 = EDGE_CURVE('',#198,#1196,#2674,.T.);
#2674 = SURFACE_CURVE('',#2675,(#2679,#2686),.PCURVE_S1.);
#2675 = LINE('',#2676,#2677);
#2676 = CARTESIAN_POINT('',(-20.15,-37.15,4.8));
#2677 = VECTOR('',#2678,1.);
#2678 = DIRECTION('',(0.,0.,1.));
#2679 = PCURVE('',#218,#2680);
#2680 = DEFINITIONAL_REPRESENTATION('',(#2681),#2685);
#2681 = LINE('',#2682,#2683);
#2682 = CARTESIAN_POINT('',(4.712388980385,0.));
#2683 = VECTOR('',#2684,1.);
#2684 = DIRECTION('',(0.,-1.));
#2685 = ( GEOMETRIC_REPRESENTATION_CONTEXT(2) 
PARAMETRIC_REPRESENTATION_CONTEXT() REPRESENTATION_CONTEXT('2D SPACE',''
  ) );
#2686 = PCURVE('',#246,#2687);
#2687 = DEFINITIONAL_REPRESENTATION('',(#2688),#2692);
#2688 = LINE('',#2689,#2690);
#2689 = CARTESIAN_POINT('',(0.,0.));
#2690 = VECTOR('',#2691,1.);
#2691 = DIRECTION('',(0.,-1.));
#2692 = ( GEOMETRIC_REPRESENTATION_CONTEXT(2) 
PARAMETRIC_REPRESENTATION_CONTEXT() REPRESENTATION_CONTEXT('2D SPACE',''
  ) );
#2693 = ORIENTED_EDGE('',*,*,#1195,.T.);
#2694 = ORIENTED_EDGE('',*,*,#2625,.T.);
#2695 = ADVANCED_FACE('',(#2696),#533,.T.);
#2696 = FACE_BOUND('',#2697,.T.);
#2697 = EDGE_LOOP('',(#2698,#2699,#2700,#2701));
#2698 = ORIENTED_EDGE('',*,*,#512,.F.);
#2699 = ORIENTED_EDGE('',*,*,#2648,.F.);
#2700 = ORIENTED_EDGE('',*,*,#1809,.F.);
#2701 = ORIENTED_EDGE('',*,*,#2702,.F.);
#2702 = EDGE_CURVE('',#485,#1782,#2703,.T.);
#2703 = SURFACE_CURVE('',#2704,(#2708,#2715),.PCURVE_S1.);
#2704 = LINE('',#2705,#2706);
#2705 = CARTESIAN_POINT('',(-20.15,37.15,4.8));
#2706 = VECTOR('',#2707,1.);
#2707 = DIRECTION('',(0.,0.,1.));
#2708 = PCURVE('',#533,#2709);
#2709 = DEFINITIONAL_REPRESENTATION('',(#2710),#2714);
#2710 = LINE('',#2711,#2712);
#2711 = CARTESIAN_POINT('',(1.570796326795,0.));
#2712 = VECTOR('',#2713,1.);
#2713 = DIRECTION('',(0.,-1.));
#2714 = ( GEOMETRIC_REPRESENTATION_CONTEXT(2) 
PARAMETRIC_REPRESENTATION_CONTEXT() REPRESENTATION_CONTEXT('2D SPACE',''
  ) );
#2715 = PCURVE('',#500,#2716);
#2716 = DEFINITIONAL_REPRESENTATION('',(#2717),#2721);
#2717 = LINE('',#2718,#2719);
#2718 = CARTESIAN_POINT('',(0.,0.));
#2719 = VECTOR('',#2720,1.);
#2720 = DIRECTION('',(0.,-1.));
#2721 = ( GEOMETRIC_REPRESENTATION_CONTEXT(2) 
PARAMETRIC_REPRESENTATION_CONTEXT() REPRESENTATION_CONTEXT('2D SPACE',''
  ) );
#2722 = ADVANCED_FACE('',(#2723,#2749),#246,.F.);
#2723 = FACE_BOUND('',#2724,.F.);
#2724 = EDGE_LOOP('',(#2725,#2726,#2727,#2728));
#2725 = ORIENTED_EDGE('',*,*,#230,.F.);
#2726 = ORIENTED_EDGE('',*,*,#2673,.T.);
#2727 = ORIENTED_EDGE('',*,*,#1224,.F.);
#2728 = ORIENTED_EDGE('',*,*,#2729,.F.);
#2729 = EDGE_CURVE('',#231,#1225,#2730,.T.);
#2730 = SURFACE_CURVE('',#2731,(#2735,#2742),.PCURVE_S1.);
#2731 = LINE('',#2732,#2733);
#2732 = CARTESIAN_POINT('',(20.15,-37.15,4.8));
#2733 = VECTOR('',#2734,1.);
#2734 = DIRECTION('',(0.,0.,1.));
#2735 = PCURVE('',#246,#2736);
#2736 = DEFINITIONAL_REPRESENTATION('',(#2737),#2741);
#2737 = LINE('',#2738,#2739);
#2738 = CARTESIAN_POINT('',(40.3,0.));
#2739 = VECTOR('',#2740,1.);
#2740 = DIRECTION('',(0.,-1.));
#2741 = ( GEOMETRIC_REPRESENTATION_CONTEXT(2) 
PARAMETRIC_REPRESENTATION_CONTEXT() REPRESENTATION_CONTEXT('2D SPACE',''
  ) );
#2742 = PCURVE('',#279,#2743);
#2743 = DEFINITIONAL_REPRESENTATION('',(#2744),#2748);
#2744 = LINE('',#2745,#2746);
#2745 = CARTESIAN_POINT('',(4.712388980385,0.));
#2746 = VECTOR('',#2747,1.);
#2747 = DIRECTION('',(0.,-1.));
#2748 = ( GEOMETRIC_REPRESENTATION_CONTEXT(2) 
PARAMETRIC_REPRESENTATION_CONTEXT() REPRESENTATION_CONTEXT('2D SPACE',''
  ) );
#2749 = FACE_BOUND('',#2750,.F.);
#2750 = EDGE_LOOP('',(#2751,#2779,#2805,#2831));
#2751 = ORIENTED_EDGE('',*,*,#2752,.F.);
#2752 = EDGE_CURVE('',#2753,#2755,#2757,.T.);
#2753 = VERTEX_POINT('',#2754);
#2754 = CARTESIAN_POINT('',(-2.,-37.15,9.3));
#2755 = VERTEX_POINT('',#2756);
#2756 = CARTESIAN_POINT('',(8.,-37.15,9.3));
#2757 = SURFACE_CURVE('',#2758,(#2762,#2768),.PCURVE_S1.);
#2758 = LINE('',#2759,#2760);
#2759 = CARTESIAN_POINT('',(-11.075,-37.15,9.3));
#2760 = VECTOR('',#2761,1.);
#2761 = DIRECTION('',(1.,0.,0.));
#2762 = PCURVE('',#246,#2763);
#2763 = DEFINITIONAL_REPRESENTATION('',(#2764),#2767);
#2764 = B_SPLINE_CURVE_WITH_KNOTS('',1,(#2765,#2766),.UNSPECIFIED.,.F.,
  .F.,(2,2),(9.075,19.075),.PIECEWISE_BEZIER_KNOTS.);
#2765 = CARTESIAN_POINT('',(18.15,-4.5));
#2766 = CARTESIAN_POINT('',(28.15,-4.5));
#2767 = ( GEOMETRIC_REPRESENTATION_CONTEXT(2) 
PARAMETRIC_REPRESENTATION_CONTEXT() REPRESENTATION_CONTEXT('2D SPACE',''
  ) );
#2768 = PCURVE('',#2769,#2774);
#2769 = PLANE('',#2770);
#2770 = AXIS2_PLACEMENT_3D('',#2771,#2772,#2773);
#2771 = CARTESIAN_POINT('',(-2.,-38.05,9.3));
#2772 = DIRECTION('',(0.,0.,1.));
#2773 = DIRECTION('',(1.,0.,-0.));
#2774 = DEFINITIONAL_REPRESENTATION('',(#2775),#2778);
#2775 = B_SPLINE_CURVE_WITH_KNOTS('',1,(#2776,#2777),.UNSPECIFIED.,.F.,
  .F.,(2,2),(9.075,19.075),.PIECEWISE_BEZIER_KNOTS.);
#2776 = CARTESIAN_POINT('',(0.,0.9));
#2777 = CARTESIAN_POINT('',(10.,0.9));
#2778 = ( GEOMETRIC_REPRESENTATION_CONTEXT(2) 
PARAMETRIC_REPRESENTATION_CONTEXT() REPRESENTATION_CONTEXT('2D SPACE',''
  ) );
#2779 = ORIENTED_EDGE('',*,*,#2780,.T.);
#2780 = EDGE_CURVE('',#2753,#2781,#2783,.T.);
#2781 = VERTEX_POINT('',#2782);
#2782 = CARTESIAN_POINT('',(-2.,-37.15,5.1));
#2783 = SURFACE_CURVE('',#2784,(#2788,#2794),.PCURVE_S1.);
#2784 = LINE('',#2785,#2786);
#2785 = CARTESIAN_POINT('',(-2.,-37.15,4.95));
#2786 = VECTOR('',#2787,1.);
#2787 = DIRECTION('',(-0.,0.,-1.));
#2788 = PCURVE('',#246,#2789);
#2789 = DEFINITIONAL_REPRESENTATION('',(#2790),#2793);
#2790 = B_SPLINE_CURVE_WITH_KNOTS('',1,(#2791,#2792),.UNSPECIFIED.,.F.,
  .F.,(2,2),(-4.35,-0.15),.PIECEWISE_BEZIER_KNOTS.);
#2791 = CARTESIAN_POINT('',(18.15,-4.5));
#2792 = CARTESIAN_POINT('',(18.15,-0.3));
#2793 = ( GEOMETRIC_REPRESENTATION_CONTEXT(2) 
PARAMETRIC_REPRESENTATION_CONTEXT() REPRESENTATION_CONTEXT('2D SPACE',''
  ) );
#2794 = PCURVE('',#2795,#2800);
#2795 = PLANE('',#2796);
#2796 = AXIS2_PLACEMENT_3D('',#2797,#2798,#2799);
#2797 = CARTESIAN_POINT('',(-2.,-38.05,5.1));
#2798 = DIRECTION('',(1.,0.,-0.));
#2799 = DIRECTION('',(0.,0.,1.));
#2800 = DEFINITIONAL_REPRESENTATION('',(#2801),#2804);
#2801 = B_SPLINE_CURVE_WITH_KNOTS('',1,(#2802,#2803),.UNSPECIFIED.,.F.,
  .F.,(2,2),(-4.35,-0.15),.PIECEWISE_BEZIER_KNOTS.);
#2802 = CARTESIAN_POINT('',(4.2,-0.9));
#2803 = CARTESIAN_POINT('',(0.,-0.9));
#2804 = ( GEOMETRIC_REPRESENTATION_CONTEXT(2) 
PARAMETRIC_REPRESENTATION_CONTEXT() REPRESENTATION_CONTEXT('2D SPACE',''
  ) );
#2805 = ORIENTED_EDGE('',*,*,#2806,.T.);
#2806 = EDGE_CURVE('',#2781,#2807,#2809,.T.);
#2807 = VERTEX_POINT('',#2808);
#2808 = CARTESIAN_POINT('',(8.,-37.15,5.1));
#2809 = SURFACE_CURVE('',#2810,(#2814,#2820),.PCURVE_S1.);
#2810 = LINE('',#2811,#2812);
#2811 = CARTESIAN_POINT('',(-11.075,-37.15,5.1));
#2812 = VECTOR('',#2813,1.);
#2813 = DIRECTION('',(1.,0.,0.));
#2814 = PCURVE('',#246,#2815);
#2815 = DEFINITIONAL_REPRESENTATION('',(#2816),#2819);
#2816 = B_SPLINE_CURVE_WITH_KNOTS('',1,(#2817,#2818),.UNSPECIFIED.,.F.,
  .F.,(2,2),(9.075,19.075),.PIECEWISE_BEZIER_KNOTS.);
#2817 = CARTESIAN_POINT('',(18.15,-0.3));
#2818 = CARTESIAN_POINT('',(28.15,-0.3));
#2819 = ( GEOMETRIC_REPRESENTATION_CONTEXT(2) 
PARAMETRIC_REPRESENTATION_CONTEXT() REPRESENTATION_CONTEXT('2D SPACE',''
  ) );
#2820 = PCURVE('',#2821,#2826);
#2821 = PLANE('',#2822);
#2822 = AXIS2_PLACEMENT_3D('',#2823,#2824,#2825);
#2823 = CARTESIAN_POINT('',(-2.,-38.05,5.1));
#2824 = DIRECTION('',(0.,0.,1.));
#2825 = DIRECTION('',(1.,0.,-0.));
#2826 = DEFINITIONAL_REPRESENTATION('',(#2827),#2830);
#2827 = B_SPLINE_CURVE_WITH_KNOTS('',1,(#2828,#2829),.UNSPECIFIED.,.F.,
  .F.,(2,2),(9.075,19.075),.PIECEWISE_BEZIER_KNOTS.);
#2828 = CARTESIAN_POINT('',(0.,0.9));
#2829 = CARTESIAN_POINT('',(10.,0.9));
#2830 = ( GEOMETRIC_REPRESENTATION_CONTEXT(2) 
PARAMETRIC_REPRESENTATION_CONTEXT() REPRESENTATION_CONTEXT('2D SPACE',''
  ) );
#2831 = ORIENTED_EDGE('',*,*,#2832,.F.);
#2832 = EDGE_CURVE('',#2755,#2807,#2833,.T.);
#2833 = SURFACE_CURVE('',#2834,(#2838,#2844),.PCURVE_S1.);
#2834 = LINE('',#2835,#2836);
#2835 = CARTESIAN_POINT('',(8.,-37.15,4.95));
#2836 = VECTOR('',#2837,1.);
#2837 = DIRECTION('',(-0.,0.,-1.));
#2838 = PCURVE('',#246,#2839);
#2839 = DEFINITIONAL_REPRESENTATION('',(#2840),#2843);
#2840 = B_SPLINE_CURVE_WITH_KNOTS('',1,(#2841,#2842),.UNSPECIFIED.,.F.,
  .F.,(2,2),(-4.35,-0.15),.PIECEWISE_BEZIER_KNOTS.);
#2841 = CARTESIAN_POINT('',(28.15,-4.5));
#2842 = CARTESIAN_POINT('',(28.15,-0.3));
#2843 = ( GEOMETRIC_REPRESENTATION_CONTEXT(2) 
PARAMETRIC_REPRESENTATION_CONTEXT() REPRESENTATION_CONTEXT('2D SPACE',''
  ) );
#2844 = PCURVE('',#2845,#2850);
#2845 = PLANE('',#2846);
#2846 = AXIS2_PLACEMENT_3D('',#2847,#2848,#2849);
#2847 = CARTESIAN_POINT('',(8.,-38.05,5.1));
#2848 = DIRECTION('',(1.,0.,-0.));
#2849 = DIRECTION('',(0.,0.,1.));
#2850 = DEFINITIONAL_REPRESENTATION('',(#2851),#2854);
#2851 = B_SPLINE_CURVE_WITH_KNOTS('',1,(#2852,#2853),.UNSPECIFIED.,.F.,
  .F.,(2,2),(-4.35,-0.15),.PIECEWISE_BEZIER_KNOTS.);
#2852 = CARTESIAN_POINT('',(4.2,-0.9));
#2853 = CARTESIAN_POINT('',(0.,-0.9));
#2854 = ( GEOMETRIC_REPRESENTATION_CONTEXT(2) 
PARAMETRIC_REPRESENTATION_CONTEXT() REPRESENTATION_CONTEXT('2D SPACE',''
  ) );
#2855 = ADVANCED_FACE('',(#2856),#500,.T.);
#2856 = FACE_BOUND('',#2857,.T.);
#2857 = EDGE_LOOP('',(#2858,#2859,#2860,#2861));
#2858 = ORIENTED_EDGE('',*,*,#484,.F.);
#2859 = ORIENTED_EDGE('',*,*,#2702,.T.);
#2860 = ORIENTED_EDGE('',*,*,#1781,.F.);
#2861 = ORIENTED_EDGE('',*,*,#2862,.F.);
#2862 = EDGE_CURVE('',#452,#1753,#2863,.T.);
#2863 = SURFACE_CURVE('',#2864,(#2868,#2875),.PCURVE_S1.);
#2864 = LINE('',#2865,#2866);
#2865 = CARTESIAN_POINT('',(20.15,37.15,4.8));
#2866 = VECTOR('',#2867,1.);
#2867 = DIRECTION('',(0.,0.,1.));
#2868 = PCURVE('',#500,#2869);
#2869 = DEFINITIONAL_REPRESENTATION('',(#2870),#2874);
#2870 = LINE('',#2871,#2872);
#2871 = CARTESIAN_POINT('',(40.3,0.));
#2872 = VECTOR('',#2873,1.);
#2873 = DIRECTION('',(0.,-1.));
#2874 = ( GEOMETRIC_REPRESENTATION_CONTEXT(2) 
PARAMETRIC_REPRESENTATION_CONTEXT() REPRESENTATION_CONTEXT('2D SPACE',''
  ) );
#2875 = PCURVE('',#472,#2876);
#2876 = DEFINITIONAL_REPRESENTATION('',(#2877),#2881);
#2877 = LINE('',#2878,#2879);
#2878 = CARTESIAN_POINT('',(1.570796326795,0.));
#2879 = VECTOR('',#2880,1.);
#2880 = DIRECTION('',(0.,-1.));
#2881 = ( GEOMETRIC_REPRESENTATION_CONTEXT(2) 
PARAMETRIC_REPRESENTATION_CONTEXT() REPRESENTATION_CONTEXT('2D SPACE',''
  ) );
#2882 = ADVANCED_FACE('',(#2883),#279,.T.);
#2883 = FACE_BOUND('',#2884,.T.);
#2884 = EDGE_LOOP('',(#2885,#2886,#2905,#2906));
#2885 = ORIENTED_EDGE('',*,*,#258,.F.);
#2886 = ORIENTED_EDGE('',*,*,#2887,.F.);
#2887 = EDGE_CURVE('',#1253,#259,#2888,.T.);
#2888 = SURFACE_CURVE('',#2889,(#2893,#2899),.PCURVE_S1.);
#2889 = LINE('',#2890,#2891);
#2890 = CARTESIAN_POINT('',(20.500990871568,-37.13766532639,4.8));
#2891 = VECTOR('',#2892,1.);
#2892 = DIRECTION('',(0.,0.,-1.));
#2893 = PCURVE('',#279,#2894);
#2894 = DEFINITIONAL_REPRESENTATION('',(#2895),#2898);
#2895 = B_SPLINE_CURVE_WITH_KNOTS('',1,(#2896,#2897),.UNSPECIFIED.,.F.,
  .F.,(2,2),(-7.3000024,2.399999999625E-06),.PIECEWISE_BEZIER_KNOTS.);
#2896 = CARTESIAN_POINT('',(4.642133024278,-7.3000024));
#2897 = CARTESIAN_POINT('',(4.642133024278,2.399999999625E-06));
#2898 = ( GEOMETRIC_REPRESENTATION_CONTEXT(2) 
PARAMETRIC_REPRESENTATION_CONTEXT() REPRESENTATION_CONTEXT('2D SPACE',''
  ) );
#2899 = PCURVE('',#312,#2900);
#2900 = DEFINITIONAL_REPRESENTATION('',(#2901),#2904);
#2901 = B_SPLINE_CURVE_WITH_KNOTS('',1,(#2902,#2903),.UNSPECIFIED.,.F.,
  .F.,(2,2),(-7.3,0.),.PIECEWISE_BEZIER_KNOTS.);
#2902 = CARTESIAN_POINT('',(3.569419713342,7.3));
#2903 = CARTESIAN_POINT('',(3.569419713342,0.));
#2904 = ( GEOMETRIC_REPRESENTATION_CONTEXT(2) 
PARAMETRIC_REPRESENTATION_CONTEXT() REPRESENTATION_CONTEXT('2D SPACE',''
  ) );
#2905 = ORIENTED_EDGE('',*,*,#1252,.T.);
#2906 = ORIENTED_EDGE('',*,*,#2729,.F.);
#2907 = ADVANCED_FACE('',(#2908),#472,.T.);
#2908 = FACE_BOUND('',#2909,.T.);
#2909 = EDGE_LOOP('',(#2910,#2911,#2912,#2913));
#2910 = ORIENTED_EDGE('',*,*,#451,.F.);
#2911 = ORIENTED_EDGE('',*,*,#2862,.T.);
#2912 = ORIENTED_EDGE('',*,*,#1752,.F.);
#2913 = ORIENTED_EDGE('',*,*,#2914,.T.);
#2914 = EDGE_CURVE('',#1557,#419,#2915,.T.);
#2915 = SURFACE_CURVE('',#2916,(#2920,#2926),.PCURVE_S1.);
#2916 = LINE('',#2917,#2918);
#2917 = CARTESIAN_POINT('',(20.500990871568,37.13766532639,4.8));
#2918 = VECTOR('',#2919,1.);
#2919 = DIRECTION('',(0.,0.,-1.));
#2920 = PCURVE('',#472,#2921);
#2921 = DEFINITIONAL_REPRESENTATION('',(#2922),#2925);
#2922 = B_SPLINE_CURVE_WITH_KNOTS('',1,(#2923,#2924),.UNSPECIFIED.,.F.,
  .F.,(2,2),(-7.3000024,2.399999999625E-06),.PIECEWISE_BEZIER_KNOTS.);
#2923 = CARTESIAN_POINT('',(1.641052282901,-7.3000024));
#2924 = CARTESIAN_POINT('',(1.641052282901,2.399999999625E-06));
#2925 = ( GEOMETRIC_REPRESENTATION_CONTEXT(2) 
PARAMETRIC_REPRESENTATION_CONTEXT() REPRESENTATION_CONTEXT('2D SPACE',''
  ) );
#2926 = PCURVE('',#439,#2927);
#2927 = DEFINITIONAL_REPRESENTATION('',(#2928),#2931);
#2928 = B_SPLINE_CURVE_WITH_KNOTS('',1,(#2929,#2930),.UNSPECIFIED.,.F.,
  .F.,(2,2),(-7.3,-0.),.PIECEWISE_BEZIER_KNOTS.);
#2929 = CARTESIAN_POINT('',(8.996950901017,7.3));
#2930 = CARTESIAN_POINT('',(8.996950901017,0.));
#2931 = ( GEOMETRIC_REPRESENTATION_CONTEXT(2) 
PARAMETRIC_REPRESENTATION_CONTEXT() REPRESENTATION_CONTEXT('2D SPACE',''
  ) );
#2932 = ADVANCED_FACE('',(#2933),#312,.T.);
#2933 = FACE_BOUND('',#2934,.T.);
#2934 = EDGE_LOOP('',(#2935,#2936,#2937,#2938));
#2935 = ORIENTED_EDGE('',*,*,#1281,.F.);
#2936 = ORIENTED_EDGE('',*,*,#2887,.T.);
#2937 = ORIENTED_EDGE('',*,*,#291,.F.);
#2938 = ORIENTED_EDGE('',*,*,#2939,.F.);
#2939 = EDGE_CURVE('',#1282,#292,#2940,.T.);
#2940 = SURFACE_CURVE('',#2941,(#2945,#2951),.PCURVE_S1.);
#2941 = LINE('',#2942,#2943);
#2942 = CARTESIAN_POINT('',(25.13766532639,-32.50099087156,4.8));
#2943 = VECTOR('',#2944,1.);
#2944 = DIRECTION('',(0.,0.,-1.));
#2945 = PCURVE('',#312,#2946);
#2946 = DEFINITIONAL_REPRESENTATION('',(#2947),#2950);
#2947 = B_SPLINE_CURVE_WITH_KNOTS('',1,(#2948,#2949),.UNSPECIFIED.,.F.,
  .F.,(2,2),(-7.3,0.),.PIECEWISE_BEZIER_KNOTS.);
#2948 = CARTESIAN_POINT('',(7.426154574223,7.3));
#2949 = CARTESIAN_POINT('',(7.426154574223,0.));
#2950 = ( GEOMETRIC_REPRESENTATION_CONTEXT(2) 
PARAMETRIC_REPRESENTATION_CONTEXT() REPRESENTATION_CONTEXT('2D SPACE',''
  ) );
#2951 = PCURVE('',#345,#2952);
#2952 = DEFINITIONAL_REPRESENTATION('',(#2953),#2956);
#2953 = B_SPLINE_CURVE_WITH_KNOTS('',1,(#2954,#2955),.UNSPECIFIED.,.F.,
  .F.,(2,2),(-7.3000024,2.399999999625E-06),.PIECEWISE_BEZIER_KNOTS.);
#2954 = CARTESIAN_POINT('',(3.211848609696,-7.3000024));
#2955 = CARTESIAN_POINT('',(3.211848609696,2.399999999625E-06));
#2956 = ( GEOMETRIC_REPRESENTATION_CONTEXT(2) 
PARAMETRIC_REPRESENTATION_CONTEXT() REPRESENTATION_CONTEXT('2D SPACE',''
  ) );
#2957 = ADVANCED_FACE('',(#2958),#439,.T.);
#2958 = FACE_BOUND('',#2959,.T.);
#2959 = EDGE_LOOP('',(#2960,#2961,#2980,#2981));
#2960 = ORIENTED_EDGE('',*,*,#1556,.F.);
#2961 = ORIENTED_EDGE('',*,*,#2962,.T.);
#2962 = EDGE_CURVE('',#1528,#386,#2963,.T.);
#2963 = SURFACE_CURVE('',#2964,(#2968,#2974),.PCURVE_S1.);
#2964 = LINE('',#2965,#2966);
#2965 = CARTESIAN_POINT('',(25.13766532639,32.500990871568,4.8));
#2966 = VECTOR('',#2967,1.);
#2967 = DIRECTION('',(0.,0.,-1.));
#2968 = PCURVE('',#439,#2969);
#2969 = DEFINITIONAL_REPRESENTATION('',(#2970),#2973);
#2970 = B_SPLINE_CURVE_WITH_KNOTS('',1,(#2971,#2972),.UNSPECIFIED.,.F.,
  .F.,(2,2),(-7.3,-0.),.PIECEWISE_BEZIER_KNOTS.);
#2971 = CARTESIAN_POINT('',(5.140216040137,7.3));
#2972 = CARTESIAN_POINT('',(5.140216040137,0.));
#2973 = ( GEOMETRIC_REPRESENTATION_CONTEXT(2) 
PARAMETRIC_REPRESENTATION_CONTEXT() REPRESENTATION_CONTEXT('2D SPACE',''
  ) );
#2974 = PCURVE('',#406,#2975);
#2975 = DEFINITIONAL_REPRESENTATION('',(#2976),#2979);
#2976 = B_SPLINE_CURVE_WITH_KNOTS('',1,(#2977,#2978),.UNSPECIFIED.,.F.,
  .F.,(2,2),(-7.3000024,2.399999999625E-06),.PIECEWISE_BEZIER_KNOTS.);
#2977 = CARTESIAN_POINT('',(3.071336697483,-7.3000024));
#2978 = CARTESIAN_POINT('',(3.071336697483,2.399999999625E-06));
#2979 = ( GEOMETRIC_REPRESENTATION_CONTEXT(2) 
PARAMETRIC_REPRESENTATION_CONTEXT() REPRESENTATION_CONTEXT('2D SPACE',''
  ) );
#2980 = ORIENTED_EDGE('',*,*,#418,.F.);
#2981 = ORIENTED_EDGE('',*,*,#2914,.F.);
#2982 = ADVANCED_FACE('',(#2983),#345,.T.);
#2983 = FACE_BOUND('',#2984,.T.);
#2984 = EDGE_LOOP('',(#2985,#2986,#3007,#3008));
#2985 = ORIENTED_EDGE('',*,*,#324,.F.);
#2986 = ORIENTED_EDGE('',*,*,#2987,.T.);
#2987 = EDGE_CURVE('',#325,#1478,#2988,.T.);
#2988 = SURFACE_CURVE('',#2989,(#2993,#3000),.PCURVE_S1.);
#2989 = LINE('',#2990,#2991);
#2990 = CARTESIAN_POINT('',(25.15,-32.15,4.8));
#2991 = VECTOR('',#2992,1.);
#2992 = DIRECTION('',(0.,0.,1.));
#2993 = PCURVE('',#345,#2994);
#2994 = DEFINITIONAL_REPRESENTATION('',(#2995),#2999);
#2995 = LINE('',#2996,#2997);
#2996 = CARTESIAN_POINT('',(3.14159265359,0.));
#2997 = VECTOR('',#2998,1.);
#2998 = DIRECTION('',(0.,-1.));
#2999 = ( GEOMETRIC_REPRESENTATION_CONTEXT(2) 
PARAMETRIC_REPRESENTATION_CONTEXT() REPRESENTATION_CONTEXT('2D SPACE',''
  ) );
#3000 = PCURVE('',#373,#3001);
#3001 = DEFINITIONAL_REPRESENTATION('',(#3002),#3006);
#3002 = LINE('',#3003,#3004);
#3003 = CARTESIAN_POINT('',(0.,0.));
#3004 = VECTOR('',#3005,1.);
#3005 = DIRECTION('',(0.,-1.));
#3006 = ( GEOMETRIC_REPRESENTATION_CONTEXT(2) 
PARAMETRIC_REPRESENTATION_CONTEXT() REPRESENTATION_CONTEXT('2D SPACE',''
  ) );
#3007 = ORIENTED_EDGE('',*,*,#1477,.T.);
#3008 = ORIENTED_EDGE('',*,*,#2939,.T.);
#3009 = ADVANCED_FACE('',(#3010),#406,.T.);
#3010 = FACE_BOUND('',#3011,.T.);
#3011 = EDGE_LOOP('',(#3012,#3013,#3014,#3015));
#3012 = ORIENTED_EDGE('',*,*,#385,.F.);
#3013 = ORIENTED_EDGE('',*,*,#2962,.F.);
#3014 = ORIENTED_EDGE('',*,*,#1527,.F.);
#3015 = ORIENTED_EDGE('',*,*,#3016,.F.);
#3016 = EDGE_CURVE('',#358,#1507,#3017,.T.);
#3017 = SURFACE_CURVE('',#3018,(#3022,#3029),.PCURVE_S1.);
#3018 = LINE('',#3019,#3020);
#3019 = CARTESIAN_POINT('',(25.15,32.15,4.8));
#3020 = VECTOR('',#3021,1.);
#3021 = DIRECTION('',(0.,0.,1.));
#3022 = PCURVE('',#406,#3023);
#3023 = DEFINITIONAL_REPRESENTATION('',(#3024),#3028);
#3024 = LINE('',#3025,#3026);
#3025 = CARTESIAN_POINT('',(3.14159265359,0.));
#3026 = VECTOR('',#3027,1.);
#3027 = DIRECTION('',(0.,-1.));
#3028 = ( GEOMETRIC_REPRESENTATION_CONTEXT(2) 
PARAMETRIC_REPRESENTATION_CONTEXT() REPRESENTATION_CONTEXT('2D SPACE',''
  ) );
#3029 = PCURVE('',#373,#3030);
#3030 = DEFINITIONAL_REPRESENTATION('',(#3031),#3035);
#3031 = LINE('',#3032,#3033);
#3032 = CARTESIAN_POINT('',(64.3,0.));
#3033 = VECTOR('',#3034,1.);
#3034 = DIRECTION('',(0.,-1.));
#3035 = ( GEOMETRIC_REPRESENTATION_CONTEXT(2) 
PARAMETRIC_REPRESENTATION_CONTEXT() REPRESENTATION_CONTEXT('2D SPACE',''
  ) );
#3036 = ADVANCED_FACE('',(#3037),#373,.F.);
#3037 = FACE_BOUND('',#3038,.F.);
#3038 = EDGE_LOOP('',(#3039,#3040,#3041,#3042));
#3039 = ORIENTED_EDGE('',*,*,#357,.F.);
#3040 = ORIENTED_EDGE('',*,*,#2987,.T.);
#3041 = ORIENTED_EDGE('',*,*,#1506,.F.);
#3042 = ORIENTED_EDGE('',*,*,#3016,.F.);
#3043 = ADVANCED_FACE('',(#3044),#619,.F.);
#3044 = FACE_BOUND('',#3045,.F.);
#3045 = EDGE_LOOP('',(#3046,#3075,#3096,#3097));
#3046 = ORIENTED_EDGE('',*,*,#3047,.F.);
#3047 = EDGE_CURVE('',#3048,#3048,#3050,.T.);
#3048 = VERTEX_POINT('',#3049);
#3049 = CARTESIAN_POINT('',(-22.43553390593,-35.68553390593,
    7.418180800302));
#3050 = SURFACE_CURVE('',#3051,(#3056,#3063),.PCURVE_S1.);
#3051 = CIRCLE('',#3052,1.25);
#3052 = AXIS2_PLACEMENT_3D('',#3053,#3054,#3055);
#3053 = CARTESIAN_POINT('',(-23.68553390593,-35.68553390593,
    7.418180800302));
#3054 = DIRECTION('',(0.,0.,1.));
#3055 = DIRECTION('',(1.,0.,-0.));
#3056 = PCURVE('',#619,#3057);
#3057 = DEFINITIONAL_REPRESENTATION('',(#3058),#3062);
#3058 = LINE('',#3059,#3060);
#3059 = CARTESIAN_POINT('',(0.,2.668180800302));
#3060 = VECTOR('',#3061,1.);
#3061 = DIRECTION('',(1.,0.));
#3062 = ( GEOMETRIC_REPRESENTATION_CONTEXT(2) 
PARAMETRIC_REPRESENTATION_CONTEXT() REPRESENTATION_CONTEXT('2D SPACE',''
  ) );
#3063 = PCURVE('',#3064,#3069);
#3064 = PLANE('',#3065);
#3065 = AXIS2_PLACEMENT_3D('',#3066,#3067,#3068);
#3066 = CARTESIAN_POINT('',(-23.68553390593,-35.68553390593,
    7.418180800302));
#3067 = DIRECTION('',(0.,0.,1.));
#3068 = DIRECTION('',(1.,0.,-0.));
#3069 = DEFINITIONAL_REPRESENTATION('',(#3070),#3074);
#3070 = CIRCLE('',#3071,1.25);
#3071 = AXIS2_PLACEMENT_2D('',#3072,#3073);
#3072 = CARTESIAN_POINT('',(0.,0.));
#3073 = DIRECTION('',(1.,0.));
#3074 = ( GEOMETRIC_REPRESENTATION_CONTEXT(2) 
PARAMETRIC_REPRESENTATION_CONTEXT() REPRESENTATION_CONTEXT('2D SPACE',''
  ) );
#3075 = ORIENTED_EDGE('',*,*,#3076,.F.);
#3076 = EDGE_CURVE('',#603,#3048,#3077,.T.);
#3077 = SEAM_CURVE('',#3078,(#3082,#3089),.PCURVE_S1.);
#3078 = LINE('',#3079,#3080);
#3079 = CARTESIAN_POINT('',(-22.43553390593,-35.68553390593,4.75));
#3080 = VECTOR('',#3081,1.);
#3081 = DIRECTION('',(0.,0.,1.));
#3082 = PCURVE('',#619,#3083);
#3083 = DEFINITIONAL_REPRESENTATION('',(#3084),#3088);
#3084 = LINE('',#3085,#3086);
#3085 = CARTESIAN_POINT('',(6.28318530718,-0.));
#3086 = VECTOR('',#3087,1.);
#3087 = DIRECTION('',(0.,1.));
#3088 = ( GEOMETRIC_REPRESENTATION_CONTEXT(2) 
PARAMETRIC_REPRESENTATION_CONTEXT() REPRESENTATION_CONTEXT('2D SPACE',''
  ) );
#3089 = PCURVE('',#619,#3090);
#3090 = DEFINITIONAL_REPRESENTATION('',(#3091),#3095);
#3091 = LINE('',#3092,#3093);
#3092 = CARTESIAN_POINT('',(0.,-0.));
#3093 = VECTOR('',#3094,1.);
#3094 = DIRECTION('',(0.,1.));
#3095 = ( GEOMETRIC_REPRESENTATION_CONTEXT(2) 
PARAMETRIC_REPRESENTATION_CONTEXT() REPRESENTATION_CONTEXT('2D SPACE',''
  ) );
#3096 = ORIENTED_EDGE('',*,*,#602,.T.);
#3097 = ORIENTED_EDGE('',*,*,#3076,.T.);
#3098 = ADVANCED_FACE('',(#3099),#650,.F.);
#3099 = FACE_BOUND('',#3100,.F.);
#3100 = EDGE_LOOP('',(#3101,#3130,#3151,#3152));
#3101 = ORIENTED_EDGE('',*,*,#3102,.F.);
#3102 = EDGE_CURVE('',#3103,#3103,#3105,.T.);
#3103 = VERTEX_POINT('',#3104);
#3104 = CARTESIAN_POINT('',(24.935533905933,-35.68553390593,
    7.418180800302));
#3105 = SURFACE_CURVE('',#3106,(#3111,#3118),.PCURVE_S1.);
#3106 = CIRCLE('',#3107,1.25);
#3107 = AXIS2_PLACEMENT_3D('',#3108,#3109,#3110);
#3108 = CARTESIAN_POINT('',(23.685533905933,-35.68553390593,
    7.418180800302));
#3109 = DIRECTION('',(0.,0.,1.));
#3110 = DIRECTION('',(1.,0.,-0.));
#3111 = PCURVE('',#650,#3112);
#3112 = DEFINITIONAL_REPRESENTATION('',(#3113),#3117);
#3113 = LINE('',#3114,#3115);
#3114 = CARTESIAN_POINT('',(0.,2.668180800302));
#3115 = VECTOR('',#3116,1.);
#3116 = DIRECTION('',(1.,0.));
#3117 = ( GEOMETRIC_REPRESENTATION_CONTEXT(2) 
PARAMETRIC_REPRESENTATION_CONTEXT() REPRESENTATION_CONTEXT('2D SPACE',''
  ) );
#3118 = PCURVE('',#3119,#3124);
#3119 = PLANE('',#3120);
#3120 = AXIS2_PLACEMENT_3D('',#3121,#3122,#3123);
#3121 = CARTESIAN_POINT('',(23.685533905933,-35.68553390593,
    7.418180800302));
#3122 = DIRECTION('',(0.,0.,1.));
#3123 = DIRECTION('',(1.,0.,-0.));
#3124 = DEFINITIONAL_REPRESENTATION('',(#3125),#3129);
#3125 = CIRCLE('',#3126,1.25);
#3126 = AXIS2_PLACEMENT_2D('',#3127,#3128);
#3127 = CARTESIAN_POINT('',(0.,0.));
#3128 = DIRECTION('',(1.,0.));
#3129 = ( GEOMETRIC_REPRESENTATION_CONTEXT(2) 
PARAMETRIC_REPRESENTATION_CONTEXT() REPRESENTATION_CONTEXT('2D SPACE',''
  ) );
#3130 = ORIENTED_EDGE('',*,*,#3131,.F.);
#3131 = EDGE_CURVE('',#634,#3103,#3132,.T.);
#3132 = SEAM_CURVE('',#3133,(#3137,#3144),.PCURVE_S1.);
#3133 = LINE('',#3134,#3135);
#3134 = CARTESIAN_POINT('',(24.935533905933,-35.68553390593,4.75));
#3135 = VECTOR('',#3136,1.);
#3136 = DIRECTION('',(0.,0.,1.));
#3137 = PCURVE('',#650,#3138);
#3138 = DEFINITIONAL_REPRESENTATION('',(#3139),#3143);
#3139 = LINE('',#3140,#3141);
#3140 = CARTESIAN_POINT('',(6.28318530718,-0.));
#3141 = VECTOR('',#3142,1.);
#3142 = DIRECTION('',(0.,1.));
#3143 = ( GEOMETRIC_REPRESENTATION_CONTEXT(2) 
PARAMETRIC_REPRESENTATION_CONTEXT() REPRESENTATION_CONTEXT('2D SPACE',''
  ) );
#3144 = PCURVE('',#650,#3145);
#3145 = DEFINITIONAL_REPRESENTATION('',(#3146),#3150);
#3146 = LINE('',#3147,#3148);
#3147 = CARTESIAN_POINT('',(0.,-0.));
#3148 = VECTOR('',#3149,1.);
#3149 = DIRECTION('',(0.,1.));
#3150 = ( GEOMETRIC_REPRESENTATION_CONTEXT(2) 
PARAMETRIC_REPRESENTATION_CONTEXT() REPRESENTATION_CONTEXT('2D SPACE',''
  ) );
#3151 = ORIENTED_EDGE('',*,*,#633,.T.);
#3152 = ORIENTED_EDGE('',*,*,#3131,.T.);
#3153 = ADVANCED_FACE('',(#3154),#681,.F.);
#3154 = FACE_BOUND('',#3155,.F.);
#3155 = EDGE_LOOP('',(#3156,#3185,#3206,#3207));
#3156 = ORIENTED_EDGE('',*,*,#3157,.F.);
#3157 = EDGE_CURVE('',#3158,#3158,#3160,.T.);
#3158 = VERTEX_POINT('',#3159);
#3159 = CARTESIAN_POINT('',(-22.43553390593,35.685533905933,
    7.418180800302));
#3160 = SURFACE_CURVE('',#3161,(#3166,#3173),.PCURVE_S1.);
#3161 = CIRCLE('',#3162,1.25);
#3162 = AXIS2_PLACEMENT_3D('',#3163,#3164,#3165);
#3163 = CARTESIAN_POINT('',(-23.68553390593,35.685533905933,
    7.418180800302));
#3164 = DIRECTION('',(0.,0.,1.));
#3165 = DIRECTION('',(1.,0.,-0.));
#3166 = PCURVE('',#681,#3167);
#3167 = DEFINITIONAL_REPRESENTATION('',(#3168),#3172);
#3168 = LINE('',#3169,#3170);
#3169 = CARTESIAN_POINT('',(0.,2.668180800302));
#3170 = VECTOR('',#3171,1.);
#3171 = DIRECTION('',(1.,0.));
#3172 = ( GEOMETRIC_REPRESENTATION_CONTEXT(2) 
PARAMETRIC_REPRESENTATION_CONTEXT() REPRESENTATION_CONTEXT('2D SPACE',''
  ) );
#3173 = PCURVE('',#3174,#3179);
#3174 = PLANE('',#3175);
#3175 = AXIS2_PLACEMENT_3D('',#3176,#3177,#3178);
#3176 = CARTESIAN_POINT('',(-23.68553390593,35.685533905933,
    7.418180800302));
#3177 = DIRECTION('',(0.,0.,1.));
#3178 = DIRECTION('',(1.,0.,-0.));
#3179 = DEFINITIONAL_REPRESENTATION('',(#3180),#3184);
#3180 = CIRCLE('',#3181,1.25);
#3181 = AXIS2_PLACEMENT_2D('',#3182,#3183);
#3182 = CARTESIAN_POINT('',(0.,0.));
#3183 = DIRECTION('',(1.,0.));
#3184 = ( GEOMETRIC_REPRESENTATION_CONTEXT(2) 
PARAMETRIC_REPRESENTATION_CONTEXT() REPRESENTATION_CONTEXT('2D SPACE',''
  ) );
#3185 = ORIENTED_EDGE('',*,*,#3186,.F.);
#3186 = EDGE_CURVE('',#665,#3158,#3187,.T.);
#3187 = SEAM_CURVE('',#3188,(#3192,#3199),.PCURVE_S1.);
#3188 = LINE('',#3189,#3190);
#3189 = CARTESIAN_POINT('',(-22.43553390593,35.685533905933,4.75));
#3190 = VECTOR('',#3191,1.);
#3191 = DIRECTION('',(0.,0.,1.));
#3192 = PCURVE('',#681,#3193);
#3193 = DEFINITIONAL_REPRESENTATION('',(#3194),#3198);
#3194 = LINE('',#3195,#3196);
#3195 = CARTESIAN_POINT('',(6.28318530718,-0.));
#3196 = VECTOR('',#3197,1.);
#3197 = DIRECTION('',(0.,1.));
#3198 = ( GEOMETRIC_REPRESENTATION_CONTEXT(2) 
PARAMETRIC_REPRESENTATION_CONTEXT() REPRESENTATION_CONTEXT('2D SPACE',''
  ) );
#3199 = PCURVE('',#681,#3200);
#3200 = DEFINITIONAL_REPRESENTATION('',(#3201),#3205);
#3201 = LINE('',#3202,#3203);
#3202 = CARTESIAN_POINT('',(0.,-0.));
#3203 = VECTOR('',#3204,1.);
#3204 = DIRECTION('',(0.,1.));
#3205 = ( GEOMETRIC_REPRESENTATION_CONTEXT(2) 
PARAMETRIC_REPRESENTATION_CONTEXT() REPRESENTATION_CONTEXT('2D SPACE',''
  ) );
#3206 = ORIENTED_EDGE('',*,*,#664,.T.);
#3207 = ORIENTED_EDGE('',*,*,#3186,.T.);
#3208 = ADVANCED_FACE('',(#3209),#712,.F.);
#3209 = FACE_BOUND('',#3210,.F.);
#3210 = EDGE_LOOP('',(#3211,#3212,#3235,#3263));
#3211 = ORIENTED_EDGE('',*,*,#695,.T.);
#3212 = ORIENTED_EDGE('',*,*,#3213,.T.);
#3213 = EDGE_CURVE('',#698,#3214,#3216,.T.);
#3214 = VERTEX_POINT('',#3215);
#3215 = CARTESIAN_POINT('',(-23.35,-32.15,8.3));
#3216 = SURFACE_CURVE('',#3217,(#3221,#3228),.PCURVE_S1.);
#3217 = LINE('',#3218,#3219);
#3218 = CARTESIAN_POINT('',(-23.35,-32.15,4.79));
#3219 = VECTOR('',#3220,1.);
#3220 = DIRECTION('',(0.,0.,1.));
#3221 = PCURVE('',#712,#3222);
#3222 = DEFINITIONAL_REPRESENTATION('',(#3223),#3227);
#3223 = LINE('',#3224,#3225);
#3224 = CARTESIAN_POINT('',(0.,0.));
#3225 = VECTOR('',#3226,1.);
#3226 = DIRECTION('',(0.,-1.));
#3227 = ( GEOMETRIC_REPRESENTATION_CONTEXT(2) 
PARAMETRIC_REPRESENTATION_CONTEXT() REPRESENTATION_CONTEXT('2D SPACE',''
  ) );
#3228 = PCURVE('',#919,#3229);
#3229 = DEFINITIONAL_REPRESENTATION('',(#3230),#3234);
#3230 = LINE('',#3231,#3232);
#3231 = CARTESIAN_POINT('',(-3.14159265359,0.));
#3232 = VECTOR('',#3233,1.);
#3233 = DIRECTION('',(-0.,-1.));
#3234 = ( GEOMETRIC_REPRESENTATION_CONTEXT(2) 
PARAMETRIC_REPRESENTATION_CONTEXT() REPRESENTATION_CONTEXT('2D SPACE',''
  ) );
#3235 = ORIENTED_EDGE('',*,*,#3236,.T.);
#3236 = EDGE_CURVE('',#3214,#3237,#3239,.T.);
#3237 = VERTEX_POINT('',#3238);
#3238 = CARTESIAN_POINT('',(-23.35,32.15,8.3));
#3239 = SURFACE_CURVE('',#3240,(#3244,#3251),.PCURVE_S1.);
#3240 = LINE('',#3241,#3242);
#3241 = CARTESIAN_POINT('',(-23.35,0.,8.3));
#3242 = VECTOR('',#3243,1.);
#3243 = DIRECTION('',(0.,1.,0.));
#3244 = PCURVE('',#712,#3245);
#3245 = DEFINITIONAL_REPRESENTATION('',(#3246),#3250);
#3246 = LINE('',#3247,#3248);
#3247 = CARTESIAN_POINT('',(32.15,-3.51));
#3248 = VECTOR('',#3249,1.);
#3249 = DIRECTION('',(1.,0.));
#3250 = ( GEOMETRIC_REPRESENTATION_CONTEXT(2) 
PARAMETRIC_REPRESENTATION_CONTEXT() REPRESENTATION_CONTEXT('2D SPACE',''
  ) );
#3251 = PCURVE('',#3252,#3257);
#3252 = PLANE('',#3253);
#3253 = AXIS2_PLACEMENT_3D('',#3254,#3255,#3256);
#3254 = CARTESIAN_POINT('',(1.178668669698E-15,6.2035193142E-16,8.3));
#3255 = DIRECTION('',(0.,0.,1.));
#3256 = DIRECTION('',(1.,0.,-0.));
#3257 = DEFINITIONAL_REPRESENTATION('',(#3258),#3262);
#3258 = LINE('',#3259,#3260);
#3259 = CARTESIAN_POINT('',(-23.35,-6.2035193142E-16));
#3260 = VECTOR('',#3261,1.);
#3261 = DIRECTION('',(0.,1.));
#3262 = ( GEOMETRIC_REPRESENTATION_CONTEXT(2) 
PARAMETRIC_REPRESENTATION_CONTEXT() REPRESENTATION_CONTEXT('2D SPACE',''
  ) );
#3263 = ORIENTED_EDGE('',*,*,#3264,.F.);
#3264 = EDGE_CURVE('',#696,#3237,#3265,.T.);
#3265 = SURFACE_CURVE('',#3266,(#3270,#3277),.PCURVE_S1.);
#3266 = LINE('',#3267,#3268);
#3267 = CARTESIAN_POINT('',(-23.35,32.15,4.79));
#3268 = VECTOR('',#3269,1.);
#3269 = DIRECTION('',(0.,0.,1.));
#3270 = PCURVE('',#712,#3271);
#3271 = DEFINITIONAL_REPRESENTATION('',(#3272),#3276);
#3272 = LINE('',#3273,#3274);
#3273 = CARTESIAN_POINT('',(64.3,0.));
#3274 = VECTOR('',#3275,1.);
#3275 = DIRECTION('',(0.,-1.));
#3276 = ( GEOMETRIC_REPRESENTATION_CONTEXT(2) 
PARAMETRIC_REPRESENTATION_CONTEXT() REPRESENTATION_CONTEXT('2D SPACE',''
  ) );
#3277 = PCURVE('',#744,#3278);
#3278 = DEFINITIONAL_REPRESENTATION('',(#3279),#3283);
#3279 = LINE('',#3280,#3281);
#3280 = CARTESIAN_POINT('',(-3.14159265359,0.));
#3281 = VECTOR('',#3282,1.);
#3282 = DIRECTION('',(-0.,-1.));
#3283 = ( GEOMETRIC_REPRESENTATION_CONTEXT(2) 
PARAMETRIC_REPRESENTATION_CONTEXT() REPRESENTATION_CONTEXT('2D SPACE',''
  ) );
#3284 = ADVANCED_FACE('',(#3285),#744,.F.);
#3285 = FACE_BOUND('',#3286,.T.);
#3286 = EDGE_LOOP('',(#3287,#3288,#3289,#3312,#3336,#3357,#3385,#3406));
#3287 = ORIENTED_EDGE('',*,*,#3264,.F.);
#3288 = ORIENTED_EDGE('',*,*,#723,.T.);
#3289 = ORIENTED_EDGE('',*,*,#3290,.T.);
#3290 = EDGE_CURVE('',#724,#3291,#3293,.T.);
#3291 = VERTEX_POINT('',#3292);
#3292 = CARTESIAN_POINT('',(-20.15,35.35,8.3));
#3293 = SURFACE_CURVE('',#3294,(#3298,#3305),.PCURVE_S1.);
#3294 = LINE('',#3295,#3296);
#3295 = CARTESIAN_POINT('',(-20.15,35.35,4.79));
#3296 = VECTOR('',#3297,1.);
#3297 = DIRECTION('',(0.,0.,1.));
#3298 = PCURVE('',#744,#3299);
#3299 = DEFINITIONAL_REPRESENTATION('',(#3300),#3304);
#3300 = LINE('',#3301,#3302);
#3301 = CARTESIAN_POINT('',(-1.570796326795,0.));
#3302 = VECTOR('',#3303,1.);
#3303 = DIRECTION('',(-0.,-1.));
#3304 = ( GEOMETRIC_REPRESENTATION_CONTEXT(2) 
PARAMETRIC_REPRESENTATION_CONTEXT() REPRESENTATION_CONTEXT('2D SPACE',''
  ) );
#3305 = PCURVE('',#771,#3306);
#3306 = DEFINITIONAL_REPRESENTATION('',(#3307),#3311);
#3307 = LINE('',#3308,#3309);
#3308 = CARTESIAN_POINT('',(0.,0.));
#3309 = VECTOR('',#3310,1.);
#3310 = DIRECTION('',(0.,-1.));
#3311 = ( GEOMETRIC_REPRESENTATION_CONTEXT(2) 
PARAMETRIC_REPRESENTATION_CONTEXT() REPRESENTATION_CONTEXT('2D SPACE',''
  ) );
#3312 = ORIENTED_EDGE('',*,*,#3313,.T.);
#3313 = EDGE_CURVE('',#3291,#3314,#3316,.T.);
#3314 = VERTEX_POINT('',#3315);
#3315 = CARTESIAN_POINT('',(-21.47092378036,35.064645838943,8.3));
#3316 = SURFACE_CURVE('',#3317,(#3322,#3329),.PCURVE_S1.);
#3317 = CIRCLE('',#3318,3.2);
#3318 = AXIS2_PLACEMENT_3D('',#3319,#3320,#3321);
#3319 = CARTESIAN_POINT('',(-20.15,32.15,8.3));
#3320 = DIRECTION('',(0.,0.,1.));
#3321 = DIRECTION('',(1.,0.,0.));
#3322 = PCURVE('',#744,#3323);
#3323 = DEFINITIONAL_REPRESENTATION('',(#3324),#3328);
#3324 = LINE('',#3325,#3326);
#3325 = CARTESIAN_POINT('',(-0.,-3.51));
#3326 = VECTOR('',#3327,1.);
#3327 = DIRECTION('',(-1.,0.));
#3328 = ( GEOMETRIC_REPRESENTATION_CONTEXT(2) 
PARAMETRIC_REPRESENTATION_CONTEXT() REPRESENTATION_CONTEXT('2D SPACE',''
  ) );
#3329 = PCURVE('',#3252,#3330);
#3330 = DEFINITIONAL_REPRESENTATION('',(#3331),#3335);
#3331 = CIRCLE('',#3332,3.2);
#3332 = AXIS2_PLACEMENT_2D('',#3333,#3334);
#3333 = CARTESIAN_POINT('',(-20.15,32.15));
#3334 = DIRECTION('',(1.,0.));
#3335 = ( GEOMETRIC_REPRESENTATION_CONTEXT(2) 
PARAMETRIC_REPRESENTATION_CONTEXT() REPRESENTATION_CONTEXT('2D SPACE',''
  ) );
#3336 = ORIENTED_EDGE('',*,*,#3337,.T.);
#3337 = EDGE_CURVE('',#3314,#3338,#3340,.T.);
#3338 = VERTEX_POINT('',#3339);
#3339 = CARTESIAN_POINT('',(-21.47092378036,35.064645838943,
    7.418180800302));
#3340 = SURFACE_CURVE('',#3341,(#3345,#3351),.PCURVE_S1.);
#3341 = LINE('',#3342,#3343);
#3342 = CARTESIAN_POINT('',(-21.47092378036,35.064645838943,4.79));
#3343 = VECTOR('',#3344,1.);
#3344 = DIRECTION('',(-0.,-0.,-1.));
#3345 = PCURVE('',#744,#3346);
#3346 = DEFINITIONAL_REPRESENTATION('',(#3347),#3350);
#3347 = B_SPLINE_CURVE_WITH_KNOTS('',1,(#3348,#3349),.UNSPECIFIED.,.F.,
  .F.,(2,2),(-3.5100006,-2.628180200302),.PIECEWISE_BEZIER_KNOTS.);
#3348 = CARTESIAN_POINT('',(-1.996309975684,-3.5100006));
#3349 = CARTESIAN_POINT('',(-1.996309975684,-2.628180200302));
#3350 = ( GEOMETRIC_REPRESENTATION_CONTEXT(2) 
PARAMETRIC_REPRESENTATION_CONTEXT() REPRESENTATION_CONTEXT('2D SPACE',''
  ) );
#3351 = PCURVE('',#2235,#3352);
#3352 = DEFINITIONAL_REPRESENTATION('',(#3353),#3356);
#3353 = B_SPLINE_CURVE_WITH_KNOTS('',1,(#3354,#3355),.UNSPECIFIED.,.F.,
  .F.,(2,2),(-3.5100006,-2.628180200302),.PIECEWISE_BEZIER_KNOTS.);
#3354 = CARTESIAN_POINT('',(6.009842819057,0.881819799698));
#3355 = CARTESIAN_POINT('',(6.009842819057,-5.999999999062E-07));
#3356 = ( GEOMETRIC_REPRESENTATION_CONTEXT(2) 
PARAMETRIC_REPRESENTATION_CONTEXT() REPRESENTATION_CONTEXT('2D SPACE',''
  ) );
#3357 = ORIENTED_EDGE('',*,*,#3358,.F.);
#3358 = EDGE_CURVE('',#3359,#3338,#3361,.T.);
#3359 = VERTEX_POINT('',#3360);
#3360 = CARTESIAN_POINT('',(-23.06464583894,33.470923780364,
    7.418180800302));
#3361 = SURFACE_CURVE('',#3362,(#3367,#3374),.PCURVE_S1.);
#3362 = CIRCLE('',#3363,3.2);
#3363 = AXIS2_PLACEMENT_3D('',#3364,#3365,#3366);
#3364 = CARTESIAN_POINT('',(-20.15,32.15,7.418180800302));
#3365 = DIRECTION('',(0.,0.,-1.));
#3366 = DIRECTION('',(1.,0.,0.));
#3367 = PCURVE('',#744,#3368);
#3368 = DEFINITIONAL_REPRESENTATION('',(#3369),#3373);
#3369 = LINE('',#3370,#3371);
#3370 = CARTESIAN_POINT('',(-6.28318530718,-2.628180800302));
#3371 = VECTOR('',#3372,1.);
#3372 = DIRECTION('',(1.,-0.));
#3373 = ( GEOMETRIC_REPRESENTATION_CONTEXT(2) 
PARAMETRIC_REPRESENTATION_CONTEXT() REPRESENTATION_CONTEXT('2D SPACE',''
  ) );
#3374 = PCURVE('',#3174,#3375);
#3375 = DEFINITIONAL_REPRESENTATION('',(#3376),#3384);
#3376 = ( BOUNDED_CURVE() B_SPLINE_CURVE(2,(#3377,#3378,#3379,#3380,
#3381,#3382,#3383),.UNSPECIFIED.,.T.,.F.) B_SPLINE_CURVE_WITH_KNOTS((1,2
    ,2,2,2,1),(-2.094395102393,0.,2.094395102393,4.188790204786,
6.28318530718,8.377580409573),.UNSPECIFIED.) CURVE() 
GEOMETRIC_REPRESENTATION_ITEM() RATIONAL_B_SPLINE_CURVE((1.,0.5,1.,0.5,
1.,0.5,1.)) REPRESENTATION_ITEM('') );
#3377 = CARTESIAN_POINT('',(6.735533905933,-3.535533905933));
#3378 = CARTESIAN_POINT('',(6.735533905933,-9.078096490153));
#3379 = CARTESIAN_POINT('',(1.935533905933,-6.306815198043));
#3380 = CARTESIAN_POINT('',(-2.864466094067,-3.535533905933));
#3381 = CARTESIAN_POINT('',(1.935533905933,-0.764252613823));
#3382 = CARTESIAN_POINT('',(6.735533905933,2.007028678288));
#3383 = CARTESIAN_POINT('',(6.735533905933,-3.535533905933));
#3384 = ( GEOMETRIC_REPRESENTATION_CONTEXT(2) 
PARAMETRIC_REPRESENTATION_CONTEXT() REPRESENTATION_CONTEXT('2D SPACE',''
  ) );
#3385 = ORIENTED_EDGE('',*,*,#3386,.F.);
#3386 = EDGE_CURVE('',#3387,#3359,#3389,.T.);
#3387 = VERTEX_POINT('',#3388);
#3388 = CARTESIAN_POINT('',(-23.06464583894,33.470923780365,8.3));
#3389 = SURFACE_CURVE('',#3390,(#3394,#3400),.PCURVE_S1.);
#3390 = LINE('',#3391,#3392);
#3391 = CARTESIAN_POINT('',(-23.06464583894,33.470923780364,4.79));
#3392 = VECTOR('',#3393,1.);
#3393 = DIRECTION('',(-0.,-0.,-1.));
#3394 = PCURVE('',#744,#3395);
#3395 = DEFINITIONAL_REPRESENTATION('',(#3396),#3399);
#3396 = B_SPLINE_CURVE_WITH_KNOTS('',1,(#3397,#3398),.UNSPECIFIED.,.F.,
  .F.,(2,2),(-3.5100006,-2.628180200302),.PIECEWISE_BEZIER_KNOTS.);
#3397 = CARTESIAN_POINT('',(-2.7160790047,-3.5100006));
#3398 = CARTESIAN_POINT('',(-2.7160790047,-2.628180200302));
#3399 = ( GEOMETRIC_REPRESENTATION_CONTEXT(2) 
PARAMETRIC_REPRESENTATION_CONTEXT() REPRESENTATION_CONTEXT('2D SPACE',''
  ) );
#3400 = PCURVE('',#2235,#3401);
#3401 = DEFINITIONAL_REPRESENTATION('',(#3402),#3405);
#3402 = B_SPLINE_CURVE_WITH_KNOTS('',1,(#3403,#3404),.UNSPECIFIED.,.F.,
  .F.,(2,2),(-3.5100006,-2.628180200302),.PIECEWISE_BEZIER_KNOTS.);
#3403 = CARTESIAN_POINT('',(4.985731468507,0.881819799698));
#3404 = CARTESIAN_POINT('',(4.985731468507,-5.999999999062E-07));
#3405 = ( GEOMETRIC_REPRESENTATION_CONTEXT(2) 
PARAMETRIC_REPRESENTATION_CONTEXT() REPRESENTATION_CONTEXT('2D SPACE',''
  ) );
#3406 = ORIENTED_EDGE('',*,*,#3407,.T.);
#3407 = EDGE_CURVE('',#3387,#3237,#3408,.T.);
#3408 = SURFACE_CURVE('',#3409,(#3414,#3421),.PCURVE_S1.);
#3409 = CIRCLE('',#3410,3.2);
#3410 = AXIS2_PLACEMENT_3D('',#3411,#3412,#3413);
#3411 = CARTESIAN_POINT('',(-20.15,32.15,8.3));
#3412 = DIRECTION('',(0.,0.,1.));
#3413 = DIRECTION('',(1.,0.,0.));
#3414 = PCURVE('',#744,#3415);
#3415 = DEFINITIONAL_REPRESENTATION('',(#3416),#3420);
#3416 = LINE('',#3417,#3418);
#3417 = CARTESIAN_POINT('',(-0.,-3.51));
#3418 = VECTOR('',#3419,1.);
#3419 = DIRECTION('',(-1.,0.));
#3420 = ( GEOMETRIC_REPRESENTATION_CONTEXT(2) 
PARAMETRIC_REPRESENTATION_CONTEXT() REPRESENTATION_CONTEXT('2D SPACE',''
  ) );
#3421 = PCURVE('',#3252,#3422);
#3422 = DEFINITIONAL_REPRESENTATION('',(#3423),#3427);
#3423 = CIRCLE('',#3424,3.2);
#3424 = AXIS2_PLACEMENT_2D('',#3425,#3426);
#3425 = CARTESIAN_POINT('',(-20.15,32.15));
#3426 = DIRECTION('',(1.,0.));
#3427 = ( GEOMETRIC_REPRESENTATION_CONTEXT(2) 
PARAMETRIC_REPRESENTATION_CONTEXT() REPRESENTATION_CONTEXT('2D SPACE',''
  ) );
#3428 = ADVANCED_FACE('',(#3429),#919,.F.);
#3429 = FACE_BOUND('',#3430,.T.);
#3430 = EDGE_LOOP('',(#3431,#3454,#3455,#3456,#3480,#3501,#3529,#3550));
#3431 = ORIENTED_EDGE('',*,*,#3432,.F.);
#3432 = EDGE_CURVE('',#875,#3433,#3435,.T.);
#3433 = VERTEX_POINT('',#3434);
#3434 = CARTESIAN_POINT('',(-20.15,-35.35,8.3));
#3435 = SURFACE_CURVE('',#3436,(#3440,#3447),.PCURVE_S1.);
#3436 = LINE('',#3437,#3438);
#3437 = CARTESIAN_POINT('',(-20.15,-35.35,4.79));
#3438 = VECTOR('',#3439,1.);
#3439 = DIRECTION('',(0.,0.,1.));
#3440 = PCURVE('',#919,#3441);
#3441 = DEFINITIONAL_REPRESENTATION('',(#3442),#3446);
#3442 = LINE('',#3443,#3444);
#3443 = CARTESIAN_POINT('',(-4.712388980385,0.));
#3444 = VECTOR('',#3445,1.);
#3445 = DIRECTION('',(-0.,-1.));
#3446 = ( GEOMETRIC_REPRESENTATION_CONTEXT(2) 
PARAMETRIC_REPRESENTATION_CONTEXT() REPRESENTATION_CONTEXT('2D SPACE',''
  ) );
#3447 = PCURVE('',#889,#3448);
#3448 = DEFINITIONAL_REPRESENTATION('',(#3449),#3453);
#3449 = LINE('',#3450,#3451);
#3450 = CARTESIAN_POINT('',(0.,0.));
#3451 = VECTOR('',#3452,1.);
#3452 = DIRECTION('',(0.,-1.));
#3453 = ( GEOMETRIC_REPRESENTATION_CONTEXT(2) 
PARAMETRIC_REPRESENTATION_CONTEXT() REPRESENTATION_CONTEXT('2D SPACE',''
  ) );
#3454 = ORIENTED_EDGE('',*,*,#900,.T.);
#3455 = ORIENTED_EDGE('',*,*,#3213,.T.);
#3456 = ORIENTED_EDGE('',*,*,#3457,.T.);
#3457 = EDGE_CURVE('',#3214,#3458,#3460,.T.);
#3458 = VERTEX_POINT('',#3459);
#3459 = CARTESIAN_POINT('',(-23.06464583894,-33.47092378036,8.3));
#3460 = SURFACE_CURVE('',#3461,(#3466,#3473),.PCURVE_S1.);
#3461 = CIRCLE('',#3462,3.2);
#3462 = AXIS2_PLACEMENT_3D('',#3463,#3464,#3465);
#3463 = CARTESIAN_POINT('',(-20.15,-32.15,8.3));
#3464 = DIRECTION('',(0.,0.,1.));
#3465 = DIRECTION('',(1.,0.,0.));
#3466 = PCURVE('',#919,#3467);
#3467 = DEFINITIONAL_REPRESENTATION('',(#3468),#3472);
#3468 = LINE('',#3469,#3470);
#3469 = CARTESIAN_POINT('',(-0.,-3.51));
#3470 = VECTOR('',#3471,1.);
#3471 = DIRECTION('',(-1.,0.));
#3472 = ( GEOMETRIC_REPRESENTATION_CONTEXT(2) 
PARAMETRIC_REPRESENTATION_CONTEXT() REPRESENTATION_CONTEXT('2D SPACE',''
  ) );
#3473 = PCURVE('',#3252,#3474);
#3474 = DEFINITIONAL_REPRESENTATION('',(#3475),#3479);
#3475 = CIRCLE('',#3476,3.2);
#3476 = AXIS2_PLACEMENT_2D('',#3477,#3478);
#3477 = CARTESIAN_POINT('',(-20.15,-32.15));
#3478 = DIRECTION('',(1.,0.));
#3479 = ( GEOMETRIC_REPRESENTATION_CONTEXT(2) 
PARAMETRIC_REPRESENTATION_CONTEXT() REPRESENTATION_CONTEXT('2D SPACE',''
  ) );
#3480 = ORIENTED_EDGE('',*,*,#3481,.T.);
#3481 = EDGE_CURVE('',#3458,#3482,#3484,.T.);
#3482 = VERTEX_POINT('',#3483);
#3483 = CARTESIAN_POINT('',(-23.06464583894,-33.47092378036,
    7.418180800302));
#3484 = SURFACE_CURVE('',#3485,(#3489,#3495),.PCURVE_S1.);
#3485 = LINE('',#3486,#3487);
#3486 = CARTESIAN_POINT('',(-23.06464583894,-33.47092378036,4.79));
#3487 = VECTOR('',#3488,1.);
#3488 = DIRECTION('',(-0.,-0.,-1.));
#3489 = PCURVE('',#919,#3490);
#3490 = DEFINITIONAL_REPRESENTATION('',(#3491),#3494);
#3491 = B_SPLINE_CURVE_WITH_KNOTS('',1,(#3492,#3493),.UNSPECIFIED.,.F.,
  .F.,(2,2),(-3.5100006,-2.628180200302),.PIECEWISE_BEZIER_KNOTS.);
#3492 = CARTESIAN_POINT('',(-3.567106302479,-3.5100006));
#3493 = CARTESIAN_POINT('',(-3.567106302479,-2.628180200302));
#3494 = ( GEOMETRIC_REPRESENTATION_CONTEXT(2) 
PARAMETRIC_REPRESENTATION_CONTEXT() REPRESENTATION_CONTEXT('2D SPACE',''
  ) );
#3495 = PCURVE('',#2541,#3496);
#3496 = DEFINITIONAL_REPRESENTATION('',(#3497),#3500);
#3497 = B_SPLINE_CURVE_WITH_KNOTS('',1,(#3498,#3499),.UNSPECIFIED.,.F.,
  .F.,(2,2),(-3.5100006,-2.628180200302),.PIECEWISE_BEZIER_KNOTS.);
#3498 = CARTESIAN_POINT('',(1.297453838672,0.881819799698));
#3499 = CARTESIAN_POINT('',(1.297453838672,-5.999999999062E-07));
#3500 = ( GEOMETRIC_REPRESENTATION_CONTEXT(2) 
PARAMETRIC_REPRESENTATION_CONTEXT() REPRESENTATION_CONTEXT('2D SPACE',''
  ) );
#3501 = ORIENTED_EDGE('',*,*,#3502,.F.);
#3502 = EDGE_CURVE('',#3503,#3482,#3505,.T.);
#3503 = VERTEX_POINT('',#3504);
#3504 = CARTESIAN_POINT('',(-21.47092378036,-35.06464583894,
    7.418180800302));
#3505 = SURFACE_CURVE('',#3506,(#3511,#3518),.PCURVE_S1.);
#3506 = CIRCLE('',#3507,3.2);
#3507 = AXIS2_PLACEMENT_3D('',#3508,#3509,#3510);
#3508 = CARTESIAN_POINT('',(-20.15,-32.15,7.418180800302));
#3509 = DIRECTION('',(0.,0.,-1.));
#3510 = DIRECTION('',(1.,0.,0.));
#3511 = PCURVE('',#919,#3512);
#3512 = DEFINITIONAL_REPRESENTATION('',(#3513),#3517);
#3513 = LINE('',#3514,#3515);
#3514 = CARTESIAN_POINT('',(-6.28318530718,-2.628180800302));
#3515 = VECTOR('',#3516,1.);
#3516 = DIRECTION('',(1.,-0.));
#3517 = ( GEOMETRIC_REPRESENTATION_CONTEXT(2) 
PARAMETRIC_REPRESENTATION_CONTEXT() REPRESENTATION_CONTEXT('2D SPACE',''
  ) );
#3518 = PCURVE('',#3064,#3519);
#3519 = DEFINITIONAL_REPRESENTATION('',(#3520),#3528);
#3520 = ( BOUNDED_CURVE() B_SPLINE_CURVE(2,(#3521,#3522,#3523,#3524,
#3525,#3526,#3527),.UNSPECIFIED.,.T.,.F.) B_SPLINE_CURVE_WITH_KNOTS((1,2
    ,2,2,2,1),(-2.094395102393,0.,2.094395102393,4.188790204786,
6.28318530718,8.377580409573),.UNSPECIFIED.) CURVE() 
GEOMETRIC_REPRESENTATION_ITEM() RATIONAL_B_SPLINE_CURVE((1.,0.5,1.,0.5,
1.,0.5,1.)) REPRESENTATION_ITEM('') );
#3521 = CARTESIAN_POINT('',(6.735533905933,3.535533905933));
#3522 = CARTESIAN_POINT('',(6.735533905933,-2.007028678288));
#3523 = CARTESIAN_POINT('',(1.935533905933,0.764252613823));
#3524 = CARTESIAN_POINT('',(-2.864466094067,3.535533905933));
#3525 = CARTESIAN_POINT('',(1.935533905933,6.306815198043));
#3526 = CARTESIAN_POINT('',(6.735533905933,9.078096490153));
#3527 = CARTESIAN_POINT('',(6.735533905933,3.535533905933));
#3528 = ( GEOMETRIC_REPRESENTATION_CONTEXT(2) 
PARAMETRIC_REPRESENTATION_CONTEXT() REPRESENTATION_CONTEXT('2D SPACE',''
  ) );
#3529 = ORIENTED_EDGE('',*,*,#3530,.F.);
#3530 = EDGE_CURVE('',#3531,#3503,#3533,.T.);
#3531 = VERTEX_POINT('',#3532);
#3532 = CARTESIAN_POINT('',(-21.47092378036,-35.06464583894,8.3));
#3533 = SURFACE_CURVE('',#3534,(#3538,#3544),.PCURVE_S1.);
#3534 = LINE('',#3535,#3536);
#3535 = CARTESIAN_POINT('',(-21.47092378036,-35.06464583894,4.79));
#3536 = VECTOR('',#3537,1.);
#3537 = DIRECTION('',(-0.,-0.,-1.));
#3538 = PCURVE('',#919,#3539);
#3539 = DEFINITIONAL_REPRESENTATION('',(#3540),#3543);
#3540 = B_SPLINE_CURVE_WITH_KNOTS('',1,(#3541,#3542),.UNSPECIFIED.,.F.,
  .F.,(2,2),(-3.5100006,-2.628180200302),.PIECEWISE_BEZIER_KNOTS.);
#3541 = CARTESIAN_POINT('',(-4.286875331495,-3.5100006));
#3542 = CARTESIAN_POINT('',(-4.286875331495,-2.628180200302));
#3543 = ( GEOMETRIC_REPRESENTATION_CONTEXT(2) 
PARAMETRIC_REPRESENTATION_CONTEXT() REPRESENTATION_CONTEXT('2D SPACE',''
  ) );
#3544 = PCURVE('',#2541,#3545);
#3545 = DEFINITIONAL_REPRESENTATION('',(#3546),#3549);
#3546 = B_SPLINE_CURVE_WITH_KNOTS('',1,(#3547,#3548),.UNSPECIFIED.,.F.,
  .F.,(2,2),(-3.5100006,-2.628180200302),.PIECEWISE_BEZIER_KNOTS.);
#3547 = CARTESIAN_POINT('',(0.273342488123,0.881819799698));
#3548 = CARTESIAN_POINT('',(0.273342488123,-5.999999999062E-07));
#3549 = ( GEOMETRIC_REPRESENTATION_CONTEXT(2) 
PARAMETRIC_REPRESENTATION_CONTEXT() REPRESENTATION_CONTEXT('2D SPACE',''
  ) );
#3550 = ORIENTED_EDGE('',*,*,#3551,.T.);
#3551 = EDGE_CURVE('',#3531,#3433,#3552,.T.);
#3552 = SURFACE_CURVE('',#3553,(#3558,#3565),.PCURVE_S1.);
#3553 = CIRCLE('',#3554,3.2);
#3554 = AXIS2_PLACEMENT_3D('',#3555,#3556,#3557);
#3555 = CARTESIAN_POINT('',(-20.15,-32.15,8.3));
#3556 = DIRECTION('',(0.,0.,1.));
#3557 = DIRECTION('',(1.,0.,0.));
#3558 = PCURVE('',#919,#3559);
#3559 = DEFINITIONAL_REPRESENTATION('',(#3560),#3564);
#3560 = LINE('',#3561,#3562);
#3561 = CARTESIAN_POINT('',(-0.,-3.51));
#3562 = VECTOR('',#3563,1.);
#3563 = DIRECTION('',(-1.,0.));
#3564 = ( GEOMETRIC_REPRESENTATION_CONTEXT(2) 
PARAMETRIC_REPRESENTATION_CONTEXT() REPRESENTATION_CONTEXT('2D SPACE',''
  ) );
#3565 = PCURVE('',#3252,#3566);
#3566 = DEFINITIONAL_REPRESENTATION('',(#3567),#3571);
#3567 = CIRCLE('',#3568,3.2);
#3568 = AXIS2_PLACEMENT_2D('',#3569,#3570);
#3569 = CARTESIAN_POINT('',(-20.15,-32.15));
#3570 = DIRECTION('',(1.,0.));
#3571 = ( GEOMETRIC_REPRESENTATION_CONTEXT(2) 
PARAMETRIC_REPRESENTATION_CONTEXT() REPRESENTATION_CONTEXT('2D SPACE',''
  ) );
#3572 = ADVANCED_FACE('',(#3573),#771,.F.);
#3573 = FACE_BOUND('',#3574,.F.);
#3574 = EDGE_LOOP('',(#3575,#3576,#3577,#3600));
#3575 = ORIENTED_EDGE('',*,*,#756,.T.);
#3576 = ORIENTED_EDGE('',*,*,#3290,.T.);
#3577 = ORIENTED_EDGE('',*,*,#3578,.T.);
#3578 = EDGE_CURVE('',#3291,#3579,#3581,.T.);
#3579 = VERTEX_POINT('',#3580);
#3580 = CARTESIAN_POINT('',(20.15,35.35,8.3));
#3581 = SURFACE_CURVE('',#3582,(#3586,#3593),.PCURVE_S1.);
#3582 = LINE('',#3583,#3584);
#3583 = CARTESIAN_POINT('',(0.,35.35,8.3));
#3584 = VECTOR('',#3585,1.);
#3585 = DIRECTION('',(1.,0.,0.));
#3586 = PCURVE('',#771,#3587);
#3587 = DEFINITIONAL_REPRESENTATION('',(#3588),#3592);
#3588 = LINE('',#3589,#3590);
#3589 = CARTESIAN_POINT('',(20.15,-3.51));
#3590 = VECTOR('',#3591,1.);
#3591 = DIRECTION('',(1.,0.));
#3592 = ( GEOMETRIC_REPRESENTATION_CONTEXT(2) 
PARAMETRIC_REPRESENTATION_CONTEXT() REPRESENTATION_CONTEXT('2D SPACE',''
  ) );
#3593 = PCURVE('',#3252,#3594);
#3594 = DEFINITIONAL_REPRESENTATION('',(#3595),#3599);
#3595 = LINE('',#3596,#3597);
#3596 = CARTESIAN_POINT('',(-1.178668669698E-15,35.35));
#3597 = VECTOR('',#3598,1.);
#3598 = DIRECTION('',(1.,0.));
#3599 = ( GEOMETRIC_REPRESENTATION_CONTEXT(2) 
PARAMETRIC_REPRESENTATION_CONTEXT() REPRESENTATION_CONTEXT('2D SPACE',''
  ) );
#3600 = ORIENTED_EDGE('',*,*,#3601,.F.);
#3601 = EDGE_CURVE('',#757,#3579,#3602,.T.);
#3602 = SURFACE_CURVE('',#3603,(#3607,#3614),.PCURVE_S1.);
#3603 = LINE('',#3604,#3605);
#3604 = CARTESIAN_POINT('',(20.15,35.35,4.79));
#3605 = VECTOR('',#3606,1.);
#3606 = DIRECTION('',(0.,0.,1.));
#3607 = PCURVE('',#771,#3608);
#3608 = DEFINITIONAL_REPRESENTATION('',(#3609),#3613);
#3609 = LINE('',#3610,#3611);
#3610 = CARTESIAN_POINT('',(40.3,0.));
#3611 = VECTOR('',#3612,1.);
#3612 = DIRECTION('',(0.,-1.));
#3613 = ( GEOMETRIC_REPRESENTATION_CONTEXT(2) 
PARAMETRIC_REPRESENTATION_CONTEXT() REPRESENTATION_CONTEXT('2D SPACE',''
  ) );
#3614 = PCURVE('',#803,#3615);
#3615 = DEFINITIONAL_REPRESENTATION('',(#3616),#3620);
#3616 = LINE('',#3617,#3618);
#3617 = CARTESIAN_POINT('',(-1.570796326795,0.));
#3618 = VECTOR('',#3619,1.);
#3619 = DIRECTION('',(-0.,-1.));
#3620 = ( GEOMETRIC_REPRESENTATION_CONTEXT(2) 
PARAMETRIC_REPRESENTATION_CONTEXT() REPRESENTATION_CONTEXT('2D SPACE',''
  ) );
#3621 = ADVANCED_FACE('',(#3622),#889,.T.);
#3622 = FACE_BOUND('',#3623,.T.);
#3623 = EDGE_LOOP('',(#3624,#3647,#3648,#3649,#3672,#3693,#3714,#3735));
#3624 = ORIENTED_EDGE('',*,*,#3625,.F.);
#3625 = EDGE_CURVE('',#842,#3626,#3628,.T.);
#3626 = VERTEX_POINT('',#3627);
#3627 = CARTESIAN_POINT('',(20.15,-35.35,8.3));
#3628 = SURFACE_CURVE('',#3629,(#3633,#3640),.PCURVE_S1.);
#3629 = LINE('',#3630,#3631);
#3630 = CARTESIAN_POINT('',(20.15,-35.35,4.79));
#3631 = VECTOR('',#3632,1.);
#3632 = DIRECTION('',(0.,0.,1.));
#3633 = PCURVE('',#889,#3634);
#3634 = DEFINITIONAL_REPRESENTATION('',(#3635),#3639);
#3635 = LINE('',#3636,#3637);
#3636 = CARTESIAN_POINT('',(40.3,0.));
#3637 = VECTOR('',#3638,1.);
#3638 = DIRECTION('',(0.,-1.));
#3639 = ( GEOMETRIC_REPRESENTATION_CONTEXT(2) 
PARAMETRIC_REPRESENTATION_CONTEXT() REPRESENTATION_CONTEXT('2D SPACE',''
  ) );
#3640 = PCURVE('',#862,#3641);
#3641 = DEFINITIONAL_REPRESENTATION('',(#3642),#3646);
#3642 = LINE('',#3643,#3644);
#3643 = CARTESIAN_POINT('',(-4.712388980385,0.));
#3644 = VECTOR('',#3645,1.);
#3645 = DIRECTION('',(-0.,-1.));
#3646 = ( GEOMETRIC_REPRESENTATION_CONTEXT(2) 
PARAMETRIC_REPRESENTATION_CONTEXT() REPRESENTATION_CONTEXT('2D SPACE',''
  ) );
#3647 = ORIENTED_EDGE('',*,*,#874,.T.);
#3648 = ORIENTED_EDGE('',*,*,#3432,.T.);
#3649 = ORIENTED_EDGE('',*,*,#3650,.T.);
#3650 = EDGE_CURVE('',#3433,#3651,#3653,.T.);
#3651 = VERTEX_POINT('',#3652);
#3652 = CARTESIAN_POINT('',(-2.,-35.35,8.3));
#3653 = SURFACE_CURVE('',#3654,(#3658,#3665),.PCURVE_S1.);
#3654 = LINE('',#3655,#3656);
#3655 = CARTESIAN_POINT('',(0.,-35.35,8.3));
#3656 = VECTOR('',#3657,1.);
#3657 = DIRECTION('',(1.,0.,0.));
#3658 = PCURVE('',#889,#3659);
#3659 = DEFINITIONAL_REPRESENTATION('',(#3660),#3664);
#3660 = LINE('',#3661,#3662);
#3661 = CARTESIAN_POINT('',(20.15,-3.51));
#3662 = VECTOR('',#3663,1.);
#3663 = DIRECTION('',(1.,0.));
#3664 = ( GEOMETRIC_REPRESENTATION_CONTEXT(2) 
PARAMETRIC_REPRESENTATION_CONTEXT() REPRESENTATION_CONTEXT('2D SPACE',''
  ) );
#3665 = PCURVE('',#3252,#3666);
#3666 = DEFINITIONAL_REPRESENTATION('',(#3667),#3671);
#3667 = LINE('',#3668,#3669);
#3668 = CARTESIAN_POINT('',(-1.178668669698E-15,-35.35));
#3669 = VECTOR('',#3670,1.);
#3670 = DIRECTION('',(1.,0.));
#3671 = ( GEOMETRIC_REPRESENTATION_CONTEXT(2) 
PARAMETRIC_REPRESENTATION_CONTEXT() REPRESENTATION_CONTEXT('2D SPACE',''
  ) );
#3672 = ORIENTED_EDGE('',*,*,#3673,.T.);
#3673 = EDGE_CURVE('',#3651,#3674,#3676,.T.);
#3674 = VERTEX_POINT('',#3675);
#3675 = CARTESIAN_POINT('',(-2.,-35.35,5.1));
#3676 = SURFACE_CURVE('',#3677,(#3681,#3687),.PCURVE_S1.);
#3677 = LINE('',#3678,#3679);
#3678 = CARTESIAN_POINT('',(-2.,-35.35,4.945));
#3679 = VECTOR('',#3680,1.);
#3680 = DIRECTION('',(-0.,0.,-1.));
#3681 = PCURVE('',#889,#3682);
#3682 = DEFINITIONAL_REPRESENTATION('',(#3683),#3686);
#3683 = B_SPLINE_CURVE_WITH_KNOTS('',1,(#3684,#3685),.UNSPECIFIED.,.F.,
  .F.,(2,2),(-3.355,-0.155),.PIECEWISE_BEZIER_KNOTS.);
#3684 = CARTESIAN_POINT('',(18.15,-3.51));
#3685 = CARTESIAN_POINT('',(18.15,-0.31));
#3686 = ( GEOMETRIC_REPRESENTATION_CONTEXT(2) 
PARAMETRIC_REPRESENTATION_CONTEXT() REPRESENTATION_CONTEXT('2D SPACE',''
  ) );
#3687 = PCURVE('',#2795,#3688);
#3688 = DEFINITIONAL_REPRESENTATION('',(#3689),#3692);
#3689 = B_SPLINE_CURVE_WITH_KNOTS('',1,(#3690,#3691),.UNSPECIFIED.,.F.,
  .F.,(2,2),(-3.355,-0.155),.PIECEWISE_BEZIER_KNOTS.);
#3690 = CARTESIAN_POINT('',(3.2,-2.7));
#3691 = CARTESIAN_POINT('',(0.,-2.7));
#3692 = ( GEOMETRIC_REPRESENTATION_CONTEXT(2) 
PARAMETRIC_REPRESENTATION_CONTEXT() REPRESENTATION_CONTEXT('2D SPACE',''
  ) );
#3693 = ORIENTED_EDGE('',*,*,#3694,.T.);
#3694 = EDGE_CURVE('',#3674,#3695,#3697,.T.);
#3695 = VERTEX_POINT('',#3696);
#3696 = CARTESIAN_POINT('',(8.,-35.35,5.1));
#3697 = SURFACE_CURVE('',#3698,(#3702,#3708),.PCURVE_S1.);
#3698 = LINE('',#3699,#3700);
#3699 = CARTESIAN_POINT('',(-11.075,-35.35,5.1));
#3700 = VECTOR('',#3701,1.);
#3701 = DIRECTION('',(1.,0.,0.));
#3702 = PCURVE('',#889,#3703);
#3703 = DEFINITIONAL_REPRESENTATION('',(#3704),#3707);
#3704 = B_SPLINE_CURVE_WITH_KNOTS('',1,(#3705,#3706),.UNSPECIFIED.,.F.,
  .F.,(2,2),(9.075,19.075),.PIECEWISE_BEZIER_KNOTS.);
#3705 = CARTESIAN_POINT('',(18.15,-0.31));
#3706 = CARTESIAN_POINT('',(28.15,-0.31));
#3707 = ( GEOMETRIC_REPRESENTATION_CONTEXT(2) 
PARAMETRIC_REPRESENTATION_CONTEXT() REPRESENTATION_CONTEXT('2D SPACE',''
  ) );
#3708 = PCURVE('',#2821,#3709);
#3709 = DEFINITIONAL_REPRESENTATION('',(#3710),#3713);
#3710 = B_SPLINE_CURVE_WITH_KNOTS('',1,(#3711,#3712),.UNSPECIFIED.,.F.,
  .F.,(2,2),(9.075,19.075),.PIECEWISE_BEZIER_KNOTS.);
#3711 = CARTESIAN_POINT('',(0.,2.7));
#3712 = CARTESIAN_POINT('',(10.,2.7));
#3713 = ( GEOMETRIC_REPRESENTATION_CONTEXT(2) 
PARAMETRIC_REPRESENTATION_CONTEXT() REPRESENTATION_CONTEXT('2D SPACE',''
  ) );
#3714 = ORIENTED_EDGE('',*,*,#3715,.F.);
#3715 = EDGE_CURVE('',#3716,#3695,#3718,.T.);
#3716 = VERTEX_POINT('',#3717);
#3717 = CARTESIAN_POINT('',(8.,-35.35,8.3));
#3718 = SURFACE_CURVE('',#3719,(#3723,#3729),.PCURVE_S1.);
#3719 = LINE('',#3720,#3721);
#3720 = CARTESIAN_POINT('',(8.,-35.35,4.945));
#3721 = VECTOR('',#3722,1.);
#3722 = DIRECTION('',(-0.,0.,-1.));
#3723 = PCURVE('',#889,#3724);
#3724 = DEFINITIONAL_REPRESENTATION('',(#3725),#3728);
#3725 = B_SPLINE_CURVE_WITH_KNOTS('',1,(#3726,#3727),.UNSPECIFIED.,.F.,
  .F.,(2,2),(-3.355,-0.155),.PIECEWISE_BEZIER_KNOTS.);
#3726 = CARTESIAN_POINT('',(28.15,-3.51));
#3727 = CARTESIAN_POINT('',(28.15,-0.31));
#3728 = ( GEOMETRIC_REPRESENTATION_CONTEXT(2) 
PARAMETRIC_REPRESENTATION_CONTEXT() REPRESENTATION_CONTEXT('2D SPACE',''
  ) );
#3729 = PCURVE('',#2845,#3730);
#3730 = DEFINITIONAL_REPRESENTATION('',(#3731),#3734);
#3731 = B_SPLINE_CURVE_WITH_KNOTS('',1,(#3732,#3733),.UNSPECIFIED.,.F.,
  .F.,(2,2),(-3.355,-0.155),.PIECEWISE_BEZIER_KNOTS.);
#3732 = CARTESIAN_POINT('',(3.2,-2.7));
#3733 = CARTESIAN_POINT('',(0.,-2.7));
#3734 = ( GEOMETRIC_REPRESENTATION_CONTEXT(2) 
PARAMETRIC_REPRESENTATION_CONTEXT() REPRESENTATION_CONTEXT('2D SPACE',''
  ) );
#3735 = ORIENTED_EDGE('',*,*,#3736,.T.);
#3736 = EDGE_CURVE('',#3716,#3626,#3737,.T.);
#3737 = SURFACE_CURVE('',#3738,(#3742,#3749),.PCURVE_S1.);
#3738 = LINE('',#3739,#3740);
#3739 = CARTESIAN_POINT('',(0.,-35.35,8.3));
#3740 = VECTOR('',#3741,1.);
#3741 = DIRECTION('',(1.,0.,0.));
#3742 = PCURVE('',#889,#3743);
#3743 = DEFINITIONAL_REPRESENTATION('',(#3744),#3748);
#3744 = LINE('',#3745,#3746);
#3745 = CARTESIAN_POINT('',(20.15,-3.51));
#3746 = VECTOR('',#3747,1.);
#3747 = DIRECTION('',(1.,0.));
#3748 = ( GEOMETRIC_REPRESENTATION_CONTEXT(2) 
PARAMETRIC_REPRESENTATION_CONTEXT() REPRESENTATION_CONTEXT('2D SPACE',''
  ) );
#3749 = PCURVE('',#3252,#3750);
#3750 = DEFINITIONAL_REPRESENTATION('',(#3751),#3755);
#3751 = LINE('',#3752,#3753);
#3752 = CARTESIAN_POINT('',(-1.178668669698E-15,-35.35));
#3753 = VECTOR('',#3754,1.);
#3754 = DIRECTION('',(1.,0.));
#3755 = ( GEOMETRIC_REPRESENTATION_CONTEXT(2) 
PARAMETRIC_REPRESENTATION_CONTEXT() REPRESENTATION_CONTEXT('2D SPACE',''
  ) );
#3756 = ADVANCED_FACE('',(#3757),#803,.F.);
#3757 = FACE_BOUND('',#3758,.T.);
#3758 = EDGE_LOOP('',(#3759,#3760,#3761,#3784,#3808,#3829,#3862,#3883));
#3759 = ORIENTED_EDGE('',*,*,#3601,.F.);
#3760 = ORIENTED_EDGE('',*,*,#782,.T.);
#3761 = ORIENTED_EDGE('',*,*,#3762,.T.);
#3762 = EDGE_CURVE('',#783,#3763,#3765,.T.);
#3763 = VERTEX_POINT('',#3764);
#3764 = CARTESIAN_POINT('',(23.35,32.15,8.3));
#3765 = SURFACE_CURVE('',#3766,(#3770,#3777),.PCURVE_S1.);
#3766 = LINE('',#3767,#3768);
#3767 = CARTESIAN_POINT('',(23.35,32.15,4.79));
#3768 = VECTOR('',#3769,1.);
#3769 = DIRECTION('',(0.,0.,1.));
#3770 = PCURVE('',#803,#3771);
#3771 = DEFINITIONAL_REPRESENTATION('',(#3772),#3776);
#3772 = LINE('',#3773,#3774);
#3773 = CARTESIAN_POINT('',(-0.,0.));
#3774 = VECTOR('',#3775,1.);
#3775 = DIRECTION('',(-0.,-1.));
#3776 = ( GEOMETRIC_REPRESENTATION_CONTEXT(2) 
PARAMETRIC_REPRESENTATION_CONTEXT() REPRESENTATION_CONTEXT('2D SPACE',''
  ) );
#3777 = PCURVE('',#830,#3778);
#3778 = DEFINITIONAL_REPRESENTATION('',(#3779),#3783);
#3779 = LINE('',#3780,#3781);
#3780 = CARTESIAN_POINT('',(64.3,0.));
#3781 = VECTOR('',#3782,1.);
#3782 = DIRECTION('',(0.,-1.));
#3783 = ( GEOMETRIC_REPRESENTATION_CONTEXT(2) 
PARAMETRIC_REPRESENTATION_CONTEXT() REPRESENTATION_CONTEXT('2D SPACE',''
  ) );
#3784 = ORIENTED_EDGE('',*,*,#3785,.T.);
#3785 = EDGE_CURVE('',#3763,#3786,#3788,.T.);
#3786 = VERTEX_POINT('',#3787);
#3787 = CARTESIAN_POINT('',(23.064645838943,33.470923780365,8.3));
#3788 = SURFACE_CURVE('',#3789,(#3794,#3801),.PCURVE_S1.);
#3789 = CIRCLE('',#3790,3.2);
#3790 = AXIS2_PLACEMENT_3D('',#3791,#3792,#3793);
#3791 = CARTESIAN_POINT('',(20.15,32.15,8.3));
#3792 = DIRECTION('',(0.,0.,1.));
#3793 = DIRECTION('',(1.,0.,0.));
#3794 = PCURVE('',#803,#3795);
#3795 = DEFINITIONAL_REPRESENTATION('',(#3796),#3800);
#3796 = LINE('',#3797,#3798);
#3797 = CARTESIAN_POINT('',(-0.,-3.51));
#3798 = VECTOR('',#3799,1.);
#3799 = DIRECTION('',(-1.,0.));
#3800 = ( GEOMETRIC_REPRESENTATION_CONTEXT(2) 
PARAMETRIC_REPRESENTATION_CONTEXT() REPRESENTATION_CONTEXT('2D SPACE',''
  ) );
#3801 = PCURVE('',#3252,#3802);
#3802 = DEFINITIONAL_REPRESENTATION('',(#3803),#3807);
#3803 = CIRCLE('',#3804,3.2);
#3804 = AXIS2_PLACEMENT_2D('',#3805,#3806);
#3805 = CARTESIAN_POINT('',(20.15,32.15));
#3806 = DIRECTION('',(1.,0.));
#3807 = ( GEOMETRIC_REPRESENTATION_CONTEXT(2) 
PARAMETRIC_REPRESENTATION_CONTEXT() REPRESENTATION_CONTEXT('2D SPACE',''
  ) );
#3808 = ORIENTED_EDGE('',*,*,#3809,.T.);
#3809 = EDGE_CURVE('',#3786,#3810,#3812,.T.);
#3810 = VERTEX_POINT('',#3811);
#3811 = CARTESIAN_POINT('',(23.064645838943,33.470923780364,
    7.418180800302));
#3812 = SURFACE_CURVE('',#3813,(#3817,#3823),.PCURVE_S1.);
#3813 = LINE('',#3814,#3815);
#3814 = CARTESIAN_POINT('',(23.064645838943,33.470923780364,4.79));
#3815 = VECTOR('',#3816,1.);
#3816 = DIRECTION('',(-0.,-0.,-1.));
#3817 = PCURVE('',#803,#3818);
#3818 = DEFINITIONAL_REPRESENTATION('',(#3819),#3822);
#3819 = B_SPLINE_CURVE_WITH_KNOTS('',1,(#3820,#3821),.UNSPECIFIED.,.F.,
  .F.,(2,2),(-3.5100006,-2.628180200302),.PIECEWISE_BEZIER_KNOTS.);
#3820 = CARTESIAN_POINT('',(-0.425513648889,-3.5100006));
#3821 = CARTESIAN_POINT('',(-0.425513648889,-2.628180200302));
#3822 = ( GEOMETRIC_REPRESENTATION_CONTEXT(2) 
PARAMETRIC_REPRESENTATION_CONTEXT() REPRESENTATION_CONTEXT('2D SPACE',''
  ) );
#3823 = PCURVE('',#2082,#3824);
#3824 = DEFINITIONAL_REPRESENTATION('',(#3825),#3828);
#3825 = B_SPLINE_CURVE_WITH_KNOTS('',1,(#3826,#3827),.UNSPECIFIED.,.F.,
  .F.,(2,2),(-3.5100006,-2.628180200302),.PIECEWISE_BEZIER_KNOTS.);
#3826 = CARTESIAN_POINT('',(4.439046492262,0.881819799698));
#3827 = CARTESIAN_POINT('',(4.439046492262,-5.999999999062E-07));
#3828 = ( GEOMETRIC_REPRESENTATION_CONTEXT(2) 
PARAMETRIC_REPRESENTATION_CONTEXT() REPRESENTATION_CONTEXT('2D SPACE',''
  ) );
#3829 = ORIENTED_EDGE('',*,*,#3830,.F.);
#3830 = EDGE_CURVE('',#3831,#3810,#3833,.T.);
#3831 = VERTEX_POINT('',#3832);
#3832 = CARTESIAN_POINT('',(21.470923780364,35.064645838943,
    7.418180800302));
#3833 = SURFACE_CURVE('',#3834,(#3839,#3846),.PCURVE_S1.);
#3834 = CIRCLE('',#3835,3.2);
#3835 = AXIS2_PLACEMENT_3D('',#3836,#3837,#3838);
#3836 = CARTESIAN_POINT('',(20.15,32.15,7.418180800302));
#3837 = DIRECTION('',(0.,0.,-1.));
#3838 = DIRECTION('',(1.,0.,0.));
#3839 = PCURVE('',#803,#3840);
#3840 = DEFINITIONAL_REPRESENTATION('',(#3841),#3845);
#3841 = LINE('',#3842,#3843);
#3842 = CARTESIAN_POINT('',(-6.28318530718,-2.628180800302));
#3843 = VECTOR('',#3844,1.);
#3844 = DIRECTION('',(1.,-0.));
#3845 = ( GEOMETRIC_REPRESENTATION_CONTEXT(2) 
PARAMETRIC_REPRESENTATION_CONTEXT() REPRESENTATION_CONTEXT('2D SPACE',''
  ) );
#3846 = PCURVE('',#3847,#3852);
#3847 = PLANE('',#3848);
#3848 = AXIS2_PLACEMENT_3D('',#3849,#3850,#3851);
#3849 = CARTESIAN_POINT('',(23.685533905933,35.685533905933,
    7.418180800302));
#3850 = DIRECTION('',(0.,0.,1.));
#3851 = DIRECTION('',(1.,0.,-0.));
#3852 = DEFINITIONAL_REPRESENTATION('',(#3853),#3861);
#3853 = ( BOUNDED_CURVE() B_SPLINE_CURVE(2,(#3854,#3855,#3856,#3857,
#3858,#3859,#3860),.UNSPECIFIED.,.T.,.F.) B_SPLINE_CURVE_WITH_KNOTS((1,2
    ,2,2,2,1),(-2.094395102393,0.,2.094395102393,4.188790204786,
6.28318530718,8.377580409573),.UNSPECIFIED.) CURVE() 
GEOMETRIC_REPRESENTATION_ITEM() RATIONAL_B_SPLINE_CURVE((1.,0.5,1.,0.5,
1.,0.5,1.)) REPRESENTATION_ITEM('') );
#3854 = CARTESIAN_POINT('',(-0.335533905933,-3.535533905933));
#3855 = CARTESIAN_POINT('',(-0.335533905933,-9.078096490153));
#3856 = CARTESIAN_POINT('',(-5.135533905933,-6.306815198043));
#3857 = CARTESIAN_POINT('',(-9.935533905933,-3.535533905933));
#3858 = CARTESIAN_POINT('',(-5.135533905933,-0.764252613823));
#3859 = CARTESIAN_POINT('',(-0.335533905933,2.007028678288));
#3860 = CARTESIAN_POINT('',(-0.335533905933,-3.535533905933));
#3861 = ( GEOMETRIC_REPRESENTATION_CONTEXT(2) 
PARAMETRIC_REPRESENTATION_CONTEXT() REPRESENTATION_CONTEXT('2D SPACE',''
  ) );
#3862 = ORIENTED_EDGE('',*,*,#3863,.F.);
#3863 = EDGE_CURVE('',#3864,#3831,#3866,.T.);
#3864 = VERTEX_POINT('',#3865);
#3865 = CARTESIAN_POINT('',(21.470923780365,35.064645838943,8.3));
#3866 = SURFACE_CURVE('',#3867,(#3871,#3877),.PCURVE_S1.);
#3867 = LINE('',#3868,#3869);
#3868 = CARTESIAN_POINT('',(21.470923780364,35.064645838943,4.79));
#3869 = VECTOR('',#3870,1.);
#3870 = DIRECTION('',(-0.,-0.,-1.));
#3871 = PCURVE('',#803,#3872);
#3872 = DEFINITIONAL_REPRESENTATION('',(#3873),#3876);
#3873 = B_SPLINE_CURVE_WITH_KNOTS('',1,(#3874,#3875),.UNSPECIFIED.,.F.,
  .F.,(2,2),(-3.5100006,-2.628180200302),.PIECEWISE_BEZIER_KNOTS.);
#3874 = CARTESIAN_POINT('',(-1.145282677905,-3.5100006));
#3875 = CARTESIAN_POINT('',(-1.145282677905,-2.628180200302));
#3876 = ( GEOMETRIC_REPRESENTATION_CONTEXT(2) 
PARAMETRIC_REPRESENTATION_CONTEXT() REPRESENTATION_CONTEXT('2D SPACE',''
  ) );
#3877 = PCURVE('',#2082,#3878);
#3878 = DEFINITIONAL_REPRESENTATION('',(#3879),#3882);
#3879 = B_SPLINE_CURVE_WITH_KNOTS('',1,(#3880,#3881),.UNSPECIFIED.,.F.,
  .F.,(2,2),(-3.5100006,-2.628180200302),.PIECEWISE_BEZIER_KNOTS.);
#3880 = CARTESIAN_POINT('',(3.414935141712,0.881819799698));
#3881 = CARTESIAN_POINT('',(3.414935141712,-5.999999999062E-07));
#3882 = ( GEOMETRIC_REPRESENTATION_CONTEXT(2) 
PARAMETRIC_REPRESENTATION_CONTEXT() REPRESENTATION_CONTEXT('2D SPACE',''
  ) );
#3883 = ORIENTED_EDGE('',*,*,#3884,.T.);
#3884 = EDGE_CURVE('',#3864,#3579,#3885,.T.);
#3885 = SURFACE_CURVE('',#3886,(#3891,#3898),.PCURVE_S1.);
#3886 = CIRCLE('',#3887,3.2);
#3887 = AXIS2_PLACEMENT_3D('',#3888,#3889,#3890);
#3888 = CARTESIAN_POINT('',(20.15,32.15,8.3));
#3889 = DIRECTION('',(0.,0.,1.));
#3890 = DIRECTION('',(1.,0.,0.));
#3891 = PCURVE('',#803,#3892);
#3892 = DEFINITIONAL_REPRESENTATION('',(#3893),#3897);
#3893 = LINE('',#3894,#3895);
#3894 = CARTESIAN_POINT('',(-0.,-3.51));
#3895 = VECTOR('',#3896,1.);
#3896 = DIRECTION('',(-1.,0.));
#3897 = ( GEOMETRIC_REPRESENTATION_CONTEXT(2) 
PARAMETRIC_REPRESENTATION_CONTEXT() REPRESENTATION_CONTEXT('2D SPACE',''
  ) );
#3898 = PCURVE('',#3252,#3899);
#3899 = DEFINITIONAL_REPRESENTATION('',(#3900),#3904);
#3900 = CIRCLE('',#3901,3.2);
#3901 = AXIS2_PLACEMENT_2D('',#3902,#3903);
#3902 = CARTESIAN_POINT('',(20.15,32.15));
#3903 = DIRECTION('',(1.,0.));
#3904 = ( GEOMETRIC_REPRESENTATION_CONTEXT(2) 
PARAMETRIC_REPRESENTATION_CONTEXT() REPRESENTATION_CONTEXT('2D SPACE',''
  ) );
#3905 = ADVANCED_FACE('',(#3906),#862,.F.);
#3906 = FACE_BOUND('',#3907,.T.);
#3907 = EDGE_LOOP('',(#3908,#3931,#3932,#3933,#3957,#3978,#4006,#4027));
#3908 = ORIENTED_EDGE('',*,*,#3909,.F.);
#3909 = EDGE_CURVE('',#816,#3910,#3912,.T.);
#3910 = VERTEX_POINT('',#3911);
#3911 = CARTESIAN_POINT('',(23.35,-32.15,8.3));
#3912 = SURFACE_CURVE('',#3913,(#3917,#3924),.PCURVE_S1.);
#3913 = LINE('',#3914,#3915);
#3914 = CARTESIAN_POINT('',(23.35,-32.15,4.79));
#3915 = VECTOR('',#3916,1.);
#3916 = DIRECTION('',(0.,0.,1.));
#3917 = PCURVE('',#862,#3918);
#3918 = DEFINITIONAL_REPRESENTATION('',(#3919),#3923);
#3919 = LINE('',#3920,#3921);
#3920 = CARTESIAN_POINT('',(-6.28318530718,0.));
#3921 = VECTOR('',#3922,1.);
#3922 = DIRECTION('',(-0.,-1.));
#3923 = ( GEOMETRIC_REPRESENTATION_CONTEXT(2) 
PARAMETRIC_REPRESENTATION_CONTEXT() REPRESENTATION_CONTEXT('2D SPACE',''
  ) );
#3924 = PCURVE('',#830,#3925);
#3925 = DEFINITIONAL_REPRESENTATION('',(#3926),#3930);
#3926 = LINE('',#3927,#3928);
#3927 = CARTESIAN_POINT('',(0.,0.));
#3928 = VECTOR('',#3929,1.);
#3929 = DIRECTION('',(0.,-1.));
#3930 = ( GEOMETRIC_REPRESENTATION_CONTEXT(2) 
PARAMETRIC_REPRESENTATION_CONTEXT() REPRESENTATION_CONTEXT('2D SPACE',''
  ) );
#3931 = ORIENTED_EDGE('',*,*,#841,.T.);
#3932 = ORIENTED_EDGE('',*,*,#3625,.T.);
#3933 = ORIENTED_EDGE('',*,*,#3934,.T.);
#3934 = EDGE_CURVE('',#3626,#3935,#3937,.T.);
#3935 = VERTEX_POINT('',#3936);
#3936 = CARTESIAN_POINT('',(21.470923780365,-35.06464583894,8.3));
#3937 = SURFACE_CURVE('',#3938,(#3943,#3950),.PCURVE_S1.);
#3938 = CIRCLE('',#3939,3.2);
#3939 = AXIS2_PLACEMENT_3D('',#3940,#3941,#3942);
#3940 = CARTESIAN_POINT('',(20.15,-32.15,8.3));
#3941 = DIRECTION('',(0.,0.,1.));
#3942 = DIRECTION('',(1.,0.,0.));
#3943 = PCURVE('',#862,#3944);
#3944 = DEFINITIONAL_REPRESENTATION('',(#3945),#3949);
#3945 = LINE('',#3946,#3947);
#3946 = CARTESIAN_POINT('',(-0.,-3.51));
#3947 = VECTOR('',#3948,1.);
#3948 = DIRECTION('',(-1.,0.));
#3949 = ( GEOMETRIC_REPRESENTATION_CONTEXT(2) 
PARAMETRIC_REPRESENTATION_CONTEXT() REPRESENTATION_CONTEXT('2D SPACE',''
  ) );
#3950 = PCURVE('',#3252,#3951);
#3951 = DEFINITIONAL_REPRESENTATION('',(#3952),#3956);
#3952 = CIRCLE('',#3953,3.2);
#3953 = AXIS2_PLACEMENT_2D('',#3954,#3955);
#3954 = CARTESIAN_POINT('',(20.15,-32.15));
#3955 = DIRECTION('',(1.,0.));
#3956 = ( GEOMETRIC_REPRESENTATION_CONTEXT(2) 
PARAMETRIC_REPRESENTATION_CONTEXT() REPRESENTATION_CONTEXT('2D SPACE',''
  ) );
#3957 = ORIENTED_EDGE('',*,*,#3958,.T.);
#3958 = EDGE_CURVE('',#3935,#3959,#3961,.T.);
#3959 = VERTEX_POINT('',#3960);
#3960 = CARTESIAN_POINT('',(21.470923780364,-35.06464583894,
    7.418180800302));
#3961 = SURFACE_CURVE('',#3962,(#3966,#3972),.PCURVE_S1.);
#3962 = LINE('',#3963,#3964);
#3963 = CARTESIAN_POINT('',(21.470923780364,-35.06464583894,4.79));
#3964 = VECTOR('',#3965,1.);
#3965 = DIRECTION('',(-0.,-0.,-1.));
#3966 = PCURVE('',#862,#3967);
#3967 = DEFINITIONAL_REPRESENTATION('',(#3968),#3971);
#3968 = B_SPLINE_CURVE_WITH_KNOTS('',1,(#3969,#3970),.UNSPECIFIED.,.F.,
  .F.,(2,2),(-3.5100006,-2.628180200302),.PIECEWISE_BEZIER_KNOTS.);
#3969 = CARTESIAN_POINT('',(-5.137902629274,-3.5100006));
#3970 = CARTESIAN_POINT('',(-5.137902629274,-2.628180200302));
#3971 = ( GEOMETRIC_REPRESENTATION_CONTEXT(2) 
PARAMETRIC_REPRESENTATION_CONTEXT() REPRESENTATION_CONTEXT('2D SPACE',''
  ) );
#3972 = PCURVE('',#2388,#3973);
#3973 = DEFINITIONAL_REPRESENTATION('',(#3974),#3977);
#3974 = B_SPLINE_CURVE_WITH_KNOTS('',1,(#3975,#3976),.UNSPECIFIED.,.F.,
  .F.,(2,2),(-3.5100006,-2.628180200302),.PIECEWISE_BEZIER_KNOTS.);
#3975 = CARTESIAN_POINT('',(2.868250165467,0.881819799698));
#3976 = CARTESIAN_POINT('',(2.868250165467,-5.999999999062E-07));
#3977 = ( GEOMETRIC_REPRESENTATION_CONTEXT(2) 
PARAMETRIC_REPRESENTATION_CONTEXT() REPRESENTATION_CONTEXT('2D SPACE',''
  ) );
#3978 = ORIENTED_EDGE('',*,*,#3979,.F.);
#3979 = EDGE_CURVE('',#3980,#3959,#3982,.T.);
#3980 = VERTEX_POINT('',#3981);
#3981 = CARTESIAN_POINT('',(23.064645838943,-33.47092378036,
    7.418180800302));
#3982 = SURFACE_CURVE('',#3983,(#3988,#3995),.PCURVE_S1.);
#3983 = CIRCLE('',#3984,3.2);
#3984 = AXIS2_PLACEMENT_3D('',#3985,#3986,#3987);
#3985 = CARTESIAN_POINT('',(20.15,-32.15,7.418180800302));
#3986 = DIRECTION('',(0.,0.,-1.));
#3987 = DIRECTION('',(1.,0.,0.));
#3988 = PCURVE('',#862,#3989);
#3989 = DEFINITIONAL_REPRESENTATION('',(#3990),#3994);
#3990 = LINE('',#3991,#3992);
#3991 = CARTESIAN_POINT('',(-6.28318530718,-2.628180800302));
#3992 = VECTOR('',#3993,1.);
#3993 = DIRECTION('',(1.,-0.));
#3994 = ( GEOMETRIC_REPRESENTATION_CONTEXT(2) 
PARAMETRIC_REPRESENTATION_CONTEXT() REPRESENTATION_CONTEXT('2D SPACE',''
  ) );
#3995 = PCURVE('',#3119,#3996);
#3996 = DEFINITIONAL_REPRESENTATION('',(#3997),#4005);
#3997 = ( BOUNDED_CURVE() B_SPLINE_CURVE(2,(#3998,#3999,#4000,#4001,
#4002,#4003,#4004),.UNSPECIFIED.,.T.,.F.) B_SPLINE_CURVE_WITH_KNOTS((1,2
    ,2,2,2,1),(-2.094395102393,0.,2.094395102393,4.188790204786,
6.28318530718,8.377580409573),.UNSPECIFIED.) CURVE() 
GEOMETRIC_REPRESENTATION_ITEM() RATIONAL_B_SPLINE_CURVE((1.,0.5,1.,0.5,
1.,0.5,1.)) REPRESENTATION_ITEM('') );
#3998 = CARTESIAN_POINT('',(-0.335533905933,3.535533905933));
#3999 = CARTESIAN_POINT('',(-0.335533905933,-2.007028678288));
#4000 = CARTESIAN_POINT('',(-5.135533905933,0.764252613823));
#4001 = CARTESIAN_POINT('',(-9.935533905933,3.535533905933));
#4002 = CARTESIAN_POINT('',(-5.135533905933,6.306815198043));
#4003 = CARTESIAN_POINT('',(-0.335533905933,9.078096490153));
#4004 = CARTESIAN_POINT('',(-0.335533905933,3.535533905933));
#4005 = ( GEOMETRIC_REPRESENTATION_CONTEXT(2) 
PARAMETRIC_REPRESENTATION_CONTEXT() REPRESENTATION_CONTEXT('2D SPACE',''
  ) );
#4006 = ORIENTED_EDGE('',*,*,#4007,.F.);
#4007 = EDGE_CURVE('',#4008,#3980,#4010,.T.);
#4008 = VERTEX_POINT('',#4009);
#4009 = CARTESIAN_POINT('',(23.064645838943,-33.47092378036,8.3));
#4010 = SURFACE_CURVE('',#4011,(#4015,#4021),.PCURVE_S1.);
#4011 = LINE('',#4012,#4013);
#4012 = CARTESIAN_POINT('',(23.064645838943,-33.47092378036,4.79));
#4013 = VECTOR('',#4014,1.);
#4014 = DIRECTION('',(-0.,-0.,-1.));
#4015 = PCURVE('',#862,#4016);
#4016 = DEFINITIONAL_REPRESENTATION('',(#4017),#4020);
#4017 = B_SPLINE_CURVE_WITH_KNOTS('',1,(#4018,#4019),.UNSPECIFIED.,.F.,
  .F.,(2,2),(-3.5100006,-2.628180200302),.PIECEWISE_BEZIER_KNOTS.);
#4018 = CARTESIAN_POINT('',(-5.85767165829,-3.5100006));
#4019 = CARTESIAN_POINT('',(-5.85767165829,-2.628180200302));
#4020 = ( GEOMETRIC_REPRESENTATION_CONTEXT(2) 
PARAMETRIC_REPRESENTATION_CONTEXT() REPRESENTATION_CONTEXT('2D SPACE',''
  ) );
#4021 = PCURVE('',#2388,#4022);
#4022 = DEFINITIONAL_REPRESENTATION('',(#4023),#4026);
#4023 = B_SPLINE_CURVE_WITH_KNOTS('',1,(#4024,#4025),.UNSPECIFIED.,.F.,
  .F.,(2,2),(-3.5100006,-2.628180200302),.PIECEWISE_BEZIER_KNOTS.);
#4024 = CARTESIAN_POINT('',(1.844138814917,0.881819799698));
#4025 = CARTESIAN_POINT('',(1.844138814917,-5.999999999062E-07));
#4026 = ( GEOMETRIC_REPRESENTATION_CONTEXT(2) 
PARAMETRIC_REPRESENTATION_CONTEXT() REPRESENTATION_CONTEXT('2D SPACE',''
  ) );
#4027 = ORIENTED_EDGE('',*,*,#4028,.T.);
#4028 = EDGE_CURVE('',#4008,#3910,#4029,.T.);
#4029 = SURFACE_CURVE('',#4030,(#4035,#4042),.PCURVE_S1.);
#4030 = CIRCLE('',#4031,3.2);
#4031 = AXIS2_PLACEMENT_3D('',#4032,#4033,#4034);
#4032 = CARTESIAN_POINT('',(20.15,-32.15,8.3));
#4033 = DIRECTION('',(0.,0.,1.));
#4034 = DIRECTION('',(1.,0.,0.));
#4035 = PCURVE('',#862,#4036);
#4036 = DEFINITIONAL_REPRESENTATION('',(#4037),#4041);
#4037 = LINE('',#4038,#4039);
#4038 = CARTESIAN_POINT('',(-0.,-3.51));
#4039 = VECTOR('',#4040,1.);
#4040 = DIRECTION('',(-1.,0.));
#4041 = ( GEOMETRIC_REPRESENTATION_CONTEXT(2) 
PARAMETRIC_REPRESENTATION_CONTEXT() REPRESENTATION_CONTEXT('2D SPACE',''
  ) );
#4042 = PCURVE('',#3252,#4043);
#4043 = DEFINITIONAL_REPRESENTATION('',(#4044),#4048);
#4044 = CIRCLE('',#4045,3.2);
#4045 = AXIS2_PLACEMENT_2D('',#4046,#4047);
#4046 = CARTESIAN_POINT('',(20.15,-32.15));
#4047 = DIRECTION('',(1.,0.));
#4048 = ( GEOMETRIC_REPRESENTATION_CONTEXT(2) 
PARAMETRIC_REPRESENTATION_CONTEXT() REPRESENTATION_CONTEXT('2D SPACE',''
  ) );
#4049 = ADVANCED_FACE('',(#4050),#830,.T.);
#4050 = FACE_BOUND('',#4051,.T.);
#4051 = EDGE_LOOP('',(#4052,#4053,#4054,#4075));
#4052 = ORIENTED_EDGE('',*,*,#815,.T.);
#4053 = ORIENTED_EDGE('',*,*,#3909,.T.);
#4054 = ORIENTED_EDGE('',*,*,#4055,.T.);
#4055 = EDGE_CURVE('',#3910,#3763,#4056,.T.);
#4056 = SURFACE_CURVE('',#4057,(#4061,#4068),.PCURVE_S1.);
#4057 = LINE('',#4058,#4059);
#4058 = CARTESIAN_POINT('',(23.35,0.,8.3));
#4059 = VECTOR('',#4060,1.);
#4060 = DIRECTION('',(0.,1.,0.));
#4061 = PCURVE('',#830,#4062);
#4062 = DEFINITIONAL_REPRESENTATION('',(#4063),#4067);
#4063 = LINE('',#4064,#4065);
#4064 = CARTESIAN_POINT('',(32.15,-3.51));
#4065 = VECTOR('',#4066,1.);
#4066 = DIRECTION('',(1.,0.));
#4067 = ( GEOMETRIC_REPRESENTATION_CONTEXT(2) 
PARAMETRIC_REPRESENTATION_CONTEXT() REPRESENTATION_CONTEXT('2D SPACE',''
  ) );
#4068 = PCURVE('',#3252,#4069);
#4069 = DEFINITIONAL_REPRESENTATION('',(#4070),#4074);
#4070 = LINE('',#4071,#4072);
#4071 = CARTESIAN_POINT('',(23.35,-6.2035193142E-16));
#4072 = VECTOR('',#4073,1.);
#4073 = DIRECTION('',(0.,1.));
#4074 = ( GEOMETRIC_REPRESENTATION_CONTEXT(2) 
PARAMETRIC_REPRESENTATION_CONTEXT() REPRESENTATION_CONTEXT('2D SPACE',''
  ) );
#4075 = ORIENTED_EDGE('',*,*,#3762,.F.);
#4076 = ADVANCED_FACE('',(#4077),#950,.F.);
#4077 = FACE_BOUND('',#4078,.F.);
#4078 = EDGE_LOOP('',(#4079,#4103,#4124,#4125));
#4079 = ORIENTED_EDGE('',*,*,#4080,.F.);
#4080 = EDGE_CURVE('',#4081,#4081,#4083,.T.);
#4081 = VERTEX_POINT('',#4082);
#4082 = CARTESIAN_POINT('',(24.935533905933,35.685533905933,
    7.418180800302));
#4083 = SURFACE_CURVE('',#4084,(#4089,#4096),.PCURVE_S1.);
#4084 = CIRCLE('',#4085,1.25);
#4085 = AXIS2_PLACEMENT_3D('',#4086,#4087,#4088);
#4086 = CARTESIAN_POINT('',(23.685533905933,35.685533905933,
    7.418180800302));
#4087 = DIRECTION('',(0.,0.,1.));
#4088 = DIRECTION('',(1.,0.,-0.));
#4089 = PCURVE('',#950,#4090);
#4090 = DEFINITIONAL_REPRESENTATION('',(#4091),#4095);
#4091 = LINE('',#4092,#4093);
#4092 = CARTESIAN_POINT('',(0.,2.668180800302));
#4093 = VECTOR('',#4094,1.);
#4094 = DIRECTION('',(1.,0.));
#4095 = ( GEOMETRIC_REPRESENTATION_CONTEXT(2) 
PARAMETRIC_REPRESENTATION_CONTEXT() REPRESENTATION_CONTEXT('2D SPACE',''
  ) );
#4096 = PCURVE('',#3847,#4097);
#4097 = DEFINITIONAL_REPRESENTATION('',(#4098),#4102);
#4098 = CIRCLE('',#4099,1.25);
#4099 = AXIS2_PLACEMENT_2D('',#4100,#4101);
#4100 = CARTESIAN_POINT('',(0.,0.));
#4101 = DIRECTION('',(1.,0.));
#4102 = ( GEOMETRIC_REPRESENTATION_CONTEXT(2) 
PARAMETRIC_REPRESENTATION_CONTEXT() REPRESENTATION_CONTEXT('2D SPACE',''
  ) );
#4103 = ORIENTED_EDGE('',*,*,#4104,.F.);
#4104 = EDGE_CURVE('',#934,#4081,#4105,.T.);
#4105 = SEAM_CURVE('',#4106,(#4110,#4117),.PCURVE_S1.);
#4106 = LINE('',#4107,#4108);
#4107 = CARTESIAN_POINT('',(24.935533905933,35.685533905933,4.75));
#4108 = VECTOR('',#4109,1.);
#4109 = DIRECTION('',(0.,0.,1.));
#4110 = PCURVE('',#950,#4111);
#4111 = DEFINITIONAL_REPRESENTATION('',(#4112),#4116);
#4112 = LINE('',#4113,#4114);
#4113 = CARTESIAN_POINT('',(6.28318530718,-0.));
#4114 = VECTOR('',#4115,1.);
#4115 = DIRECTION('',(0.,1.));
#4116 = ( GEOMETRIC_REPRESENTATION_CONTEXT(2) 
PARAMETRIC_REPRESENTATION_CONTEXT() REPRESENTATION_CONTEXT('2D SPACE',''
  ) );
#4117 = PCURVE('',#950,#4118);
#4118 = DEFINITIONAL_REPRESENTATION('',(#4119),#4123);
#4119 = LINE('',#4120,#4121);
#4120 = CARTESIAN_POINT('',(0.,-0.));
#4121 = VECTOR('',#4122,1.);
#4122 = DIRECTION('',(0.,1.));
#4123 = ( GEOMETRIC_REPRESENTATION_CONTEXT(2) 
PARAMETRIC_REPRESENTATION_CONTEXT() REPRESENTATION_CONTEXT('2D SPACE',''
  ) );
#4124 = ORIENTED_EDGE('',*,*,#933,.T.);
#4125 = ORIENTED_EDGE('',*,*,#4104,.T.);
#4126 = ADVANCED_FACE('',(#4127),#2082,.F.);
#4127 = FACE_BOUND('',#4128,.F.);
#4128 = EDGE_LOOP('',(#4129,#4130,#4153,#4175,#4176,#4198,#4199,#4221));
#4129 = ORIENTED_EDGE('',*,*,#1984,.F.);
#4130 = ORIENTED_EDGE('',*,*,#4131,.F.);
#4131 = EDGE_CURVE('',#4132,#1985,#4134,.T.);
#4132 = VERTEX_POINT('',#4133);
#4133 = CARTESIAN_POINT('',(25.985533905933,35.685533905933,
    7.418180800302));
#4134 = SEAM_CURVE('',#4135,(#4139,#4146),.PCURVE_S1.);
#4135 = LINE('',#4136,#4137);
#4136 = CARTESIAN_POINT('',(25.985533905933,35.685533905933,
    7.418180800302));
#4137 = VECTOR('',#4138,1.);
#4138 = DIRECTION('',(0.,0.,1.));
#4139 = PCURVE('',#2082,#4140);
#4140 = DEFINITIONAL_REPRESENTATION('',(#4141),#4145);
#4141 = LINE('',#4142,#4143);
#4142 = CARTESIAN_POINT('',(6.28318530718,-0.));
#4143 = VECTOR('',#4144,1.);
#4144 = DIRECTION('',(0.,1.));
#4145 = ( GEOMETRIC_REPRESENTATION_CONTEXT(2) 
PARAMETRIC_REPRESENTATION_CONTEXT() REPRESENTATION_CONTEXT('2D SPACE',''
  ) );
#4146 = PCURVE('',#2082,#4147);
#4147 = DEFINITIONAL_REPRESENTATION('',(#4148),#4152);
#4148 = LINE('',#4149,#4150);
#4149 = CARTESIAN_POINT('',(0.,-0.));
#4150 = VECTOR('',#4151,1.);
#4151 = DIRECTION('',(0.,1.));
#4152 = ( GEOMETRIC_REPRESENTATION_CONTEXT(2) 
PARAMETRIC_REPRESENTATION_CONTEXT() REPRESENTATION_CONTEXT('2D SPACE',''
  ) );
#4153 = ORIENTED_EDGE('',*,*,#4154,.T.);
#4154 = EDGE_CURVE('',#4132,#3831,#4155,.T.);
#4155 = SURFACE_CURVE('',#4156,(#4161,#4168),.PCURVE_S1.);
#4156 = CIRCLE('',#4157,2.3);
#4157 = AXIS2_PLACEMENT_3D('',#4158,#4159,#4160);
#4158 = CARTESIAN_POINT('',(23.685533905933,35.685533905933,
    7.418180800302));
#4159 = DIRECTION('',(0.,0.,1.));
#4160 = DIRECTION('',(1.,0.,-0.));
#4161 = PCURVE('',#2082,#4162);
#4162 = DEFINITIONAL_REPRESENTATION('',(#4163),#4167);
#4163 = LINE('',#4164,#4165);
#4164 = CARTESIAN_POINT('',(0.,0.));
#4165 = VECTOR('',#4166,1.);
#4166 = DIRECTION('',(1.,0.));
#4167 = ( GEOMETRIC_REPRESENTATION_CONTEXT(2) 
PARAMETRIC_REPRESENTATION_CONTEXT() REPRESENTATION_CONTEXT('2D SPACE',''
  ) );
#4168 = PCURVE('',#3847,#4169);
#4169 = DEFINITIONAL_REPRESENTATION('',(#4170),#4174);
#4170 = CIRCLE('',#4171,2.3);
#4171 = AXIS2_PLACEMENT_2D('',#4172,#4173);
#4172 = CARTESIAN_POINT('',(0.,0.));
#4173 = DIRECTION('',(1.,0.));
#4174 = ( GEOMETRIC_REPRESENTATION_CONTEXT(2) 
PARAMETRIC_REPRESENTATION_CONTEXT() REPRESENTATION_CONTEXT('2D SPACE',''
  ) );
#4175 = ORIENTED_EDGE('',*,*,#3863,.F.);
#4176 = ORIENTED_EDGE('',*,*,#4177,.T.);
#4177 = EDGE_CURVE('',#3864,#3786,#4178,.T.);
#4178 = SURFACE_CURVE('',#4179,(#4184,#4191),.PCURVE_S1.);
#4179 = CIRCLE('',#4180,2.3);
#4180 = AXIS2_PLACEMENT_3D('',#4181,#4182,#4183);
#4181 = CARTESIAN_POINT('',(23.685533905933,35.685533905933,8.3));
#4182 = DIRECTION('',(0.,0.,1.));
#4183 = DIRECTION('',(1.,0.,-0.));
#4184 = PCURVE('',#2082,#4185);
#4185 = DEFINITIONAL_REPRESENTATION('',(#4186),#4190);
#4186 = LINE('',#4187,#4188);
#4187 = CARTESIAN_POINT('',(0.,0.881819199698));
#4188 = VECTOR('',#4189,1.);
#4189 = DIRECTION('',(1.,0.));
#4190 = ( GEOMETRIC_REPRESENTATION_CONTEXT(2) 
PARAMETRIC_REPRESENTATION_CONTEXT() REPRESENTATION_CONTEXT('2D SPACE',''
  ) );
#4191 = PCURVE('',#3252,#4192);
#4192 = DEFINITIONAL_REPRESENTATION('',(#4193),#4197);
#4193 = CIRCLE('',#4194,2.3);
#4194 = AXIS2_PLACEMENT_2D('',#4195,#4196);
#4195 = CARTESIAN_POINT('',(23.685533905933,35.685533905933));
#4196 = DIRECTION('',(1.,0.));
#4197 = ( GEOMETRIC_REPRESENTATION_CONTEXT(2) 
PARAMETRIC_REPRESENTATION_CONTEXT() REPRESENTATION_CONTEXT('2D SPACE',''
  ) );
#4198 = ORIENTED_EDGE('',*,*,#3809,.T.);
#4199 = ORIENTED_EDGE('',*,*,#4200,.T.);
#4200 = EDGE_CURVE('',#3810,#4132,#4201,.T.);
#4201 = SURFACE_CURVE('',#4202,(#4207,#4214),.PCURVE_S1.);
#4202 = CIRCLE('',#4203,2.3);
#4203 = AXIS2_PLACEMENT_3D('',#4204,#4205,#4206);
#4204 = CARTESIAN_POINT('',(23.685533905933,35.685533905933,
    7.418180800302));
#4205 = DIRECTION('',(0.,0.,1.));
#4206 = DIRECTION('',(1.,0.,-0.));
#4207 = PCURVE('',#2082,#4208);
#4208 = DEFINITIONAL_REPRESENTATION('',(#4209),#4213);
#4209 = LINE('',#4210,#4211);
#4210 = CARTESIAN_POINT('',(0.,0.));
#4211 = VECTOR('',#4212,1.);
#4212 = DIRECTION('',(1.,0.));
#4213 = ( GEOMETRIC_REPRESENTATION_CONTEXT(2) 
PARAMETRIC_REPRESENTATION_CONTEXT() REPRESENTATION_CONTEXT('2D SPACE',''
  ) );
#4214 = PCURVE('',#3847,#4215);
#4215 = DEFINITIONAL_REPRESENTATION('',(#4216),#4220);
#4216 = CIRCLE('',#4217,2.3);
#4217 = AXIS2_PLACEMENT_2D('',#4218,#4219);
#4218 = CARTESIAN_POINT('',(0.,0.));
#4219 = DIRECTION('',(1.,0.));
#4220 = ( GEOMETRIC_REPRESENTATION_CONTEXT(2) 
PARAMETRIC_REPRESENTATION_CONTEXT() REPRESENTATION_CONTEXT('2D SPACE',''
  ) );
#4221 = ORIENTED_EDGE('',*,*,#4131,.T.);
#4222 = ADVANCED_FACE('',(#4223),#2235,.F.);
#4223 = FACE_BOUND('',#4224,.F.);
#4224 = EDGE_LOOP('',(#4225,#4226,#4249,#4271,#4272,#4294,#4295,#4317));
#4225 = ORIENTED_EDGE('',*,*,#2137,.F.);
#4226 = ORIENTED_EDGE('',*,*,#4227,.F.);
#4227 = EDGE_CURVE('',#4228,#2138,#4230,.T.);
#4228 = VERTEX_POINT('',#4229);
#4229 = CARTESIAN_POINT('',(-21.38553390593,35.685533905933,
    7.418180800302));
#4230 = SEAM_CURVE('',#4231,(#4235,#4242),.PCURVE_S1.);
#4231 = LINE('',#4232,#4233);
#4232 = CARTESIAN_POINT('',(-21.38553390593,35.685533905933,
    7.418180800302));
#4233 = VECTOR('',#4234,1.);
#4234 = DIRECTION('',(0.,0.,1.));
#4235 = PCURVE('',#2235,#4236);
#4236 = DEFINITIONAL_REPRESENTATION('',(#4237),#4241);
#4237 = LINE('',#4238,#4239);
#4238 = CARTESIAN_POINT('',(6.28318530718,-0.));
#4239 = VECTOR('',#4240,1.);
#4240 = DIRECTION('',(0.,1.));
#4241 = ( GEOMETRIC_REPRESENTATION_CONTEXT(2) 
PARAMETRIC_REPRESENTATION_CONTEXT() REPRESENTATION_CONTEXT('2D SPACE',''
  ) );
#4242 = PCURVE('',#2235,#4243);
#4243 = DEFINITIONAL_REPRESENTATION('',(#4244),#4248);
#4244 = LINE('',#4245,#4246);
#4245 = CARTESIAN_POINT('',(0.,-0.));
#4246 = VECTOR('',#4247,1.);
#4247 = DIRECTION('',(0.,1.));
#4248 = ( GEOMETRIC_REPRESENTATION_CONTEXT(2) 
PARAMETRIC_REPRESENTATION_CONTEXT() REPRESENTATION_CONTEXT('2D SPACE',''
  ) );
#4249 = ORIENTED_EDGE('',*,*,#4250,.T.);
#4250 = EDGE_CURVE('',#4228,#3359,#4251,.T.);
#4251 = SURFACE_CURVE('',#4252,(#4257,#4264),.PCURVE_S1.);
#4252 = CIRCLE('',#4253,2.3);
#4253 = AXIS2_PLACEMENT_3D('',#4254,#4255,#4256);
#4254 = CARTESIAN_POINT('',(-23.68553390593,35.685533905933,
    7.418180800302));
#4255 = DIRECTION('',(0.,0.,1.));
#4256 = DIRECTION('',(1.,0.,-0.));
#4257 = PCURVE('',#2235,#4258);
#4258 = DEFINITIONAL_REPRESENTATION('',(#4259),#4263);
#4259 = LINE('',#4260,#4261);
#4260 = CARTESIAN_POINT('',(0.,0.));
#4261 = VECTOR('',#4262,1.);
#4262 = DIRECTION('',(1.,0.));
#4263 = ( GEOMETRIC_REPRESENTATION_CONTEXT(2) 
PARAMETRIC_REPRESENTATION_CONTEXT() REPRESENTATION_CONTEXT('2D SPACE',''
  ) );
#4264 = PCURVE('',#3174,#4265);
#4265 = DEFINITIONAL_REPRESENTATION('',(#4266),#4270);
#4266 = CIRCLE('',#4267,2.3);
#4267 = AXIS2_PLACEMENT_2D('',#4268,#4269);
#4268 = CARTESIAN_POINT('',(0.,0.));
#4269 = DIRECTION('',(1.,0.));
#4270 = ( GEOMETRIC_REPRESENTATION_CONTEXT(2) 
PARAMETRIC_REPRESENTATION_CONTEXT() REPRESENTATION_CONTEXT('2D SPACE',''
  ) );
#4271 = ORIENTED_EDGE('',*,*,#3386,.F.);
#4272 = ORIENTED_EDGE('',*,*,#4273,.T.);
#4273 = EDGE_CURVE('',#3387,#3314,#4274,.T.);
#4274 = SURFACE_CURVE('',#4275,(#4280,#4287),.PCURVE_S1.);
#4275 = CIRCLE('',#4276,2.3);
#4276 = AXIS2_PLACEMENT_3D('',#4277,#4278,#4279);
#4277 = CARTESIAN_POINT('',(-23.68553390593,35.685533905933,8.3));
#4278 = DIRECTION('',(0.,0.,1.));
#4279 = DIRECTION('',(1.,0.,-0.));
#4280 = PCURVE('',#2235,#4281);
#4281 = DEFINITIONAL_REPRESENTATION('',(#4282),#4286);
#4282 = LINE('',#4283,#4284);
#4283 = CARTESIAN_POINT('',(0.,0.881819199698));
#4284 = VECTOR('',#4285,1.);
#4285 = DIRECTION('',(1.,0.));
#4286 = ( GEOMETRIC_REPRESENTATION_CONTEXT(2) 
PARAMETRIC_REPRESENTATION_CONTEXT() REPRESENTATION_CONTEXT('2D SPACE',''
  ) );
#4287 = PCURVE('',#3252,#4288);
#4288 = DEFINITIONAL_REPRESENTATION('',(#4289),#4293);
#4289 = CIRCLE('',#4290,2.3);
#4290 = AXIS2_PLACEMENT_2D('',#4291,#4292);
#4291 = CARTESIAN_POINT('',(-23.68553390593,35.685533905933));
#4292 = DIRECTION('',(1.,0.));
#4293 = ( GEOMETRIC_REPRESENTATION_CONTEXT(2) 
PARAMETRIC_REPRESENTATION_CONTEXT() REPRESENTATION_CONTEXT('2D SPACE',''
  ) );
#4294 = ORIENTED_EDGE('',*,*,#3337,.T.);
#4295 = ORIENTED_EDGE('',*,*,#4296,.T.);
#4296 = EDGE_CURVE('',#3338,#4228,#4297,.T.);
#4297 = SURFACE_CURVE('',#4298,(#4303,#4310),.PCURVE_S1.);
#4298 = CIRCLE('',#4299,2.3);
#4299 = AXIS2_PLACEMENT_3D('',#4300,#4301,#4302);
#4300 = CARTESIAN_POINT('',(-23.68553390593,35.685533905933,
    7.418180800302));
#4301 = DIRECTION('',(0.,0.,1.));
#4302 = DIRECTION('',(1.,0.,-0.));
#4303 = PCURVE('',#2235,#4304);
#4304 = DEFINITIONAL_REPRESENTATION('',(#4305),#4309);
#4305 = LINE('',#4306,#4307);
#4306 = CARTESIAN_POINT('',(0.,0.));
#4307 = VECTOR('',#4308,1.);
#4308 = DIRECTION('',(1.,0.));
#4309 = ( GEOMETRIC_REPRESENTATION_CONTEXT(2) 
PARAMETRIC_REPRESENTATION_CONTEXT() REPRESENTATION_CONTEXT('2D SPACE',''
  ) );
#4310 = PCURVE('',#3174,#4311);
#4311 = DEFINITIONAL_REPRESENTATION('',(#4312),#4316);
#4312 = CIRCLE('',#4313,2.3);
#4313 = AXIS2_PLACEMENT_2D('',#4314,#4315);
#4314 = CARTESIAN_POINT('',(0.,0.));
#4315 = DIRECTION('',(1.,0.));
#4316 = ( GEOMETRIC_REPRESENTATION_CONTEXT(2) 
PARAMETRIC_REPRESENTATION_CONTEXT() REPRESENTATION_CONTEXT('2D SPACE',''
  ) );
#4317 = ORIENTED_EDGE('',*,*,#4227,.T.);
#4318 = ADVANCED_FACE('',(#4319),#2388,.F.);
#4319 = FACE_BOUND('',#4320,.F.);
#4320 = EDGE_LOOP('',(#4321,#4322,#4345,#4367,#4368,#4390,#4391,#4413));
#4321 = ORIENTED_EDGE('',*,*,#2290,.F.);
#4322 = ORIENTED_EDGE('',*,*,#4323,.F.);
#4323 = EDGE_CURVE('',#4324,#2291,#4326,.T.);
#4324 = VERTEX_POINT('',#4325);
#4325 = CARTESIAN_POINT('',(25.985533905933,-35.68553390593,
    7.418180800302));
#4326 = SEAM_CURVE('',#4327,(#4331,#4338),.PCURVE_S1.);
#4327 = LINE('',#4328,#4329);
#4328 = CARTESIAN_POINT('',(25.985533905933,-35.68553390593,
    7.418180800302));
#4329 = VECTOR('',#4330,1.);
#4330 = DIRECTION('',(0.,0.,1.));
#4331 = PCURVE('',#2388,#4332);
#4332 = DEFINITIONAL_REPRESENTATION('',(#4333),#4337);
#4333 = LINE('',#4334,#4335);
#4334 = CARTESIAN_POINT('',(6.28318530718,-0.));
#4335 = VECTOR('',#4336,1.);
#4336 = DIRECTION('',(0.,1.));
#4337 = ( GEOMETRIC_REPRESENTATION_CONTEXT(2) 
PARAMETRIC_REPRESENTATION_CONTEXT() REPRESENTATION_CONTEXT('2D SPACE',''
  ) );
#4338 = PCURVE('',#2388,#4339);
#4339 = DEFINITIONAL_REPRESENTATION('',(#4340),#4344);
#4340 = LINE('',#4341,#4342);
#4341 = CARTESIAN_POINT('',(0.,-0.));
#4342 = VECTOR('',#4343,1.);
#4343 = DIRECTION('',(0.,1.));
#4344 = ( GEOMETRIC_REPRESENTATION_CONTEXT(2) 
PARAMETRIC_REPRESENTATION_CONTEXT() REPRESENTATION_CONTEXT('2D SPACE',''
  ) );
#4345 = ORIENTED_EDGE('',*,*,#4346,.T.);
#4346 = EDGE_CURVE('',#4324,#3980,#4347,.T.);
#4347 = SURFACE_CURVE('',#4348,(#4353,#4360),.PCURVE_S1.);
#4348 = CIRCLE('',#4349,2.3);
#4349 = AXIS2_PLACEMENT_3D('',#4350,#4351,#4352);
#4350 = CARTESIAN_POINT('',(23.685533905933,-35.68553390593,
    7.418180800302));
#4351 = DIRECTION('',(0.,0.,1.));
#4352 = DIRECTION('',(1.,0.,-0.));
#4353 = PCURVE('',#2388,#4354);
#4354 = DEFINITIONAL_REPRESENTATION('',(#4355),#4359);
#4355 = LINE('',#4356,#4357);
#4356 = CARTESIAN_POINT('',(0.,0.));
#4357 = VECTOR('',#4358,1.);
#4358 = DIRECTION('',(1.,0.));
#4359 = ( GEOMETRIC_REPRESENTATION_CONTEXT(2) 
PARAMETRIC_REPRESENTATION_CONTEXT() REPRESENTATION_CONTEXT('2D SPACE',''
  ) );
#4360 = PCURVE('',#3119,#4361);
#4361 = DEFINITIONAL_REPRESENTATION('',(#4362),#4366);
#4362 = CIRCLE('',#4363,2.3);
#4363 = AXIS2_PLACEMENT_2D('',#4364,#4365);
#4364 = CARTESIAN_POINT('',(0.,0.));
#4365 = DIRECTION('',(1.,0.));
#4366 = ( GEOMETRIC_REPRESENTATION_CONTEXT(2) 
PARAMETRIC_REPRESENTATION_CONTEXT() REPRESENTATION_CONTEXT('2D SPACE',''
  ) );
#4367 = ORIENTED_EDGE('',*,*,#4007,.F.);
#4368 = ORIENTED_EDGE('',*,*,#4369,.T.);
#4369 = EDGE_CURVE('',#4008,#3935,#4370,.T.);
#4370 = SURFACE_CURVE('',#4371,(#4376,#4383),.PCURVE_S1.);
#4371 = CIRCLE('',#4372,2.3);
#4372 = AXIS2_PLACEMENT_3D('',#4373,#4374,#4375);
#4373 = CARTESIAN_POINT('',(23.685533905933,-35.68553390593,8.3));
#4374 = DIRECTION('',(0.,0.,1.));
#4375 = DIRECTION('',(1.,0.,-0.));
#4376 = PCURVE('',#2388,#4377);
#4377 = DEFINITIONAL_REPRESENTATION('',(#4378),#4382);
#4378 = LINE('',#4379,#4380);
#4379 = CARTESIAN_POINT('',(0.,0.881819199698));
#4380 = VECTOR('',#4381,1.);
#4381 = DIRECTION('',(1.,0.));
#4382 = ( GEOMETRIC_REPRESENTATION_CONTEXT(2) 
PARAMETRIC_REPRESENTATION_CONTEXT() REPRESENTATION_CONTEXT('2D SPACE',''
  ) );
#4383 = PCURVE('',#3252,#4384);
#4384 = DEFINITIONAL_REPRESENTATION('',(#4385),#4389);
#4385 = CIRCLE('',#4386,2.3);
#4386 = AXIS2_PLACEMENT_2D('',#4387,#4388);
#4387 = CARTESIAN_POINT('',(23.685533905933,-35.68553390593));
#4388 = DIRECTION('',(1.,0.));
#4389 = ( GEOMETRIC_REPRESENTATION_CONTEXT(2) 
PARAMETRIC_REPRESENTATION_CONTEXT() REPRESENTATION_CONTEXT('2D SPACE',''
  ) );
#4390 = ORIENTED_EDGE('',*,*,#3958,.T.);
#4391 = ORIENTED_EDGE('',*,*,#4392,.T.);
#4392 = EDGE_CURVE('',#3959,#4324,#4393,.T.);
#4393 = SURFACE_CURVE('',#4394,(#4399,#4406),.PCURVE_S1.);
#4394 = CIRCLE('',#4395,2.3);
#4395 = AXIS2_PLACEMENT_3D('',#4396,#4397,#4398);
#4396 = CARTESIAN_POINT('',(23.685533905933,-35.68553390593,
    7.418180800302));
#4397 = DIRECTION('',(0.,0.,1.));
#4398 = DIRECTION('',(1.,0.,-0.));
#4399 = PCURVE('',#2388,#4400);
#4400 = DEFINITIONAL_REPRESENTATION('',(#4401),#4405);
#4401 = LINE('',#4402,#4403);
#4402 = CARTESIAN_POINT('',(0.,0.));
#4403 = VECTOR('',#4404,1.);
#4404 = DIRECTION('',(1.,0.));
#4405 = ( GEOMETRIC_REPRESENTATION_CONTEXT(2) 
PARAMETRIC_REPRESENTATION_CONTEXT() REPRESENTATION_CONTEXT('2D SPACE',''
  ) );
#4406 = PCURVE('',#3119,#4407);
#4407 = DEFINITIONAL_REPRESENTATION('',(#4408),#4412);
#4408 = CIRCLE('',#4409,2.3);
#4409 = AXIS2_PLACEMENT_2D('',#4410,#4411);
#4410 = CARTESIAN_POINT('',(0.,0.));
#4411 = DIRECTION('',(1.,0.));
#4412 = ( GEOMETRIC_REPRESENTATION_CONTEXT(2) 
PARAMETRIC_REPRESENTATION_CONTEXT() REPRESENTATION_CONTEXT('2D SPACE',''
  ) );
#4413 = ORIENTED_EDGE('',*,*,#4323,.T.);
#4414 = ADVANCED_FACE('',(#4415),#2541,.F.);
#4415 = FACE_BOUND('',#4416,.F.);
#4416 = EDGE_LOOP('',(#4417,#4418,#4441,#4463,#4464,#4486,#4487,#4509));
#4417 = ORIENTED_EDGE('',*,*,#2443,.F.);
#4418 = ORIENTED_EDGE('',*,*,#4419,.F.);
#4419 = EDGE_CURVE('',#4420,#2444,#4422,.T.);
#4420 = VERTEX_POINT('',#4421);
#4421 = CARTESIAN_POINT('',(-21.38553390593,-35.68553390593,
    7.418180800302));
#4422 = SEAM_CURVE('',#4423,(#4427,#4434),.PCURVE_S1.);
#4423 = LINE('',#4424,#4425);
#4424 = CARTESIAN_POINT('',(-21.38553390593,-35.68553390593,
    7.418180800302));
#4425 = VECTOR('',#4426,1.);
#4426 = DIRECTION('',(0.,0.,1.));
#4427 = PCURVE('',#2541,#4428);
#4428 = DEFINITIONAL_REPRESENTATION('',(#4429),#4433);
#4429 = LINE('',#4430,#4431);
#4430 = CARTESIAN_POINT('',(6.28318530718,-0.));
#4431 = VECTOR('',#4432,1.);
#4432 = DIRECTION('',(0.,1.));
#4433 = ( GEOMETRIC_REPRESENTATION_CONTEXT(2) 
PARAMETRIC_REPRESENTATION_CONTEXT() REPRESENTATION_CONTEXT('2D SPACE',''
  ) );
#4434 = PCURVE('',#2541,#4435);
#4435 = DEFINITIONAL_REPRESENTATION('',(#4436),#4440);
#4436 = LINE('',#4437,#4438);
#4437 = CARTESIAN_POINT('',(0.,-0.));
#4438 = VECTOR('',#4439,1.);
#4439 = DIRECTION('',(0.,1.));
#4440 = ( GEOMETRIC_REPRESENTATION_CONTEXT(2) 
PARAMETRIC_REPRESENTATION_CONTEXT() REPRESENTATION_CONTEXT('2D SPACE',''
  ) );
#4441 = ORIENTED_EDGE('',*,*,#4442,.T.);
#4442 = EDGE_CURVE('',#4420,#3503,#4443,.T.);
#4443 = SURFACE_CURVE('',#4444,(#4449,#4456),.PCURVE_S1.);
#4444 = CIRCLE('',#4445,2.3);
#4445 = AXIS2_PLACEMENT_3D('',#4446,#4447,#4448);
#4446 = CARTESIAN_POINT('',(-23.68553390593,-35.68553390593,
    7.418180800302));
#4447 = DIRECTION('',(0.,0.,1.));
#4448 = DIRECTION('',(1.,0.,-0.));
#4449 = PCURVE('',#2541,#4450);
#4450 = DEFINITIONAL_REPRESENTATION('',(#4451),#4455);
#4451 = LINE('',#4452,#4453);
#4452 = CARTESIAN_POINT('',(0.,0.));
#4453 = VECTOR('',#4454,1.);
#4454 = DIRECTION('',(1.,0.));
#4455 = ( GEOMETRIC_REPRESENTATION_CONTEXT(2) 
PARAMETRIC_REPRESENTATION_CONTEXT() REPRESENTATION_CONTEXT('2D SPACE',''
  ) );
#4456 = PCURVE('',#3064,#4457);
#4457 = DEFINITIONAL_REPRESENTATION('',(#4458),#4462);
#4458 = CIRCLE('',#4459,2.3);
#4459 = AXIS2_PLACEMENT_2D('',#4460,#4461);
#4460 = CARTESIAN_POINT('',(0.,0.));
#4461 = DIRECTION('',(1.,0.));
#4462 = ( GEOMETRIC_REPRESENTATION_CONTEXT(2) 
PARAMETRIC_REPRESENTATION_CONTEXT() REPRESENTATION_CONTEXT('2D SPACE',''
  ) );
#4463 = ORIENTED_EDGE('',*,*,#3530,.F.);
#4464 = ORIENTED_EDGE('',*,*,#4465,.T.);
#4465 = EDGE_CURVE('',#3531,#3458,#4466,.T.);
#4466 = SURFACE_CURVE('',#4467,(#4472,#4479),.PCURVE_S1.);
#4467 = CIRCLE('',#4468,2.3);
#4468 = AXIS2_PLACEMENT_3D('',#4469,#4470,#4471);
#4469 = CARTESIAN_POINT('',(-23.68553390593,-35.68553390593,8.3));
#4470 = DIRECTION('',(0.,0.,1.));
#4471 = DIRECTION('',(1.,0.,-0.));
#4472 = PCURVE('',#2541,#4473);
#4473 = DEFINITIONAL_REPRESENTATION('',(#4474),#4478);
#4474 = LINE('',#4475,#4476);
#4475 = CARTESIAN_POINT('',(0.,0.881819199698));
#4476 = VECTOR('',#4477,1.);
#4477 = DIRECTION('',(1.,0.));
#4478 = ( GEOMETRIC_REPRESENTATION_CONTEXT(2) 
PARAMETRIC_REPRESENTATION_CONTEXT() REPRESENTATION_CONTEXT('2D SPACE',''
  ) );
#4479 = PCURVE('',#3252,#4480);
#4480 = DEFINITIONAL_REPRESENTATION('',(#4481),#4485);
#4481 = CIRCLE('',#4482,2.3);
#4482 = AXIS2_PLACEMENT_2D('',#4483,#4484);
#4483 = CARTESIAN_POINT('',(-23.68553390593,-35.68553390593));
#4484 = DIRECTION('',(1.,0.));
#4485 = ( GEOMETRIC_REPRESENTATION_CONTEXT(2) 
PARAMETRIC_REPRESENTATION_CONTEXT() REPRESENTATION_CONTEXT('2D SPACE',''
  ) );
#4486 = ORIENTED_EDGE('',*,*,#3481,.T.);
#4487 = ORIENTED_EDGE('',*,*,#4488,.T.);
#4488 = EDGE_CURVE('',#3482,#4420,#4489,.T.);
#4489 = SURFACE_CURVE('',#4490,(#4495,#4502),.PCURVE_S1.);
#4490 = CIRCLE('',#4491,2.3);
#4491 = AXIS2_PLACEMENT_3D('',#4492,#4493,#4494);
#4492 = CARTESIAN_POINT('',(-23.68553390593,-35.68553390593,
    7.418180800302));
#4493 = DIRECTION('',(0.,0.,1.));
#4494 = DIRECTION('',(1.,0.,-0.));
#4495 = PCURVE('',#2541,#4496);
#4496 = DEFINITIONAL_REPRESENTATION('',(#4497),#4501);
#4497 = LINE('',#4498,#4499);
#4498 = CARTESIAN_POINT('',(0.,0.));
#4499 = VECTOR('',#4500,1.);
#4500 = DIRECTION('',(1.,0.));
#4501 = ( GEOMETRIC_REPRESENTATION_CONTEXT(2) 
PARAMETRIC_REPRESENTATION_CONTEXT() REPRESENTATION_CONTEXT('2D SPACE',''
  ) );
#4502 = PCURVE('',#3064,#4503);
#4503 = DEFINITIONAL_REPRESENTATION('',(#4504),#4508);
#4504 = CIRCLE('',#4505,2.3);
#4505 = AXIS2_PLACEMENT_2D('',#4506,#4507);
#4506 = CARTESIAN_POINT('',(0.,0.));
#4507 = DIRECTION('',(1.,0.));
#4508 = ( GEOMETRIC_REPRESENTATION_CONTEXT(2) 
PARAMETRIC_REPRESENTATION_CONTEXT() REPRESENTATION_CONTEXT('2D SPACE',''
  ) );
#4509 = ORIENTED_EDGE('',*,*,#4419,.T.);
#4510 = ADVANCED_FACE('',(#4511),#2769,.F.);
#4511 = FACE_BOUND('',#4512,.F.);
#4512 = EDGE_LOOP('',(#4513,#4536,#4537,#4560));
#4513 = ORIENTED_EDGE('',*,*,#4514,.F.);
#4514 = EDGE_CURVE('',#2753,#4515,#4517,.T.);
#4515 = VERTEX_POINT('',#4516);
#4516 = CARTESIAN_POINT('',(-2.,-34.25,9.3));
#4517 = SURFACE_CURVE('',#4518,(#4522,#4529),.PCURVE_S1.);
#4518 = LINE('',#4519,#4520);
#4519 = CARTESIAN_POINT('',(-2.,-38.05,9.3));
#4520 = VECTOR('',#4521,1.);
#4521 = DIRECTION('',(-0.,1.,0.));
#4522 = PCURVE('',#2769,#4523);
#4523 = DEFINITIONAL_REPRESENTATION('',(#4524),#4528);
#4524 = LINE('',#4525,#4526);
#4525 = CARTESIAN_POINT('',(0.,0.));
#4526 = VECTOR('',#4527,1.);
#4527 = DIRECTION('',(0.,1.));
#4528 = ( GEOMETRIC_REPRESENTATION_CONTEXT(2) 
PARAMETRIC_REPRESENTATION_CONTEXT() REPRESENTATION_CONTEXT('2D SPACE',''
  ) );
#4529 = PCURVE('',#2795,#4530);
#4530 = DEFINITIONAL_REPRESENTATION('',(#4531),#4535);
#4531 = LINE('',#4532,#4533);
#4532 = CARTESIAN_POINT('',(4.2,0.));
#4533 = VECTOR('',#4534,1.);
#4534 = DIRECTION('',(0.,-1.));
#4535 = ( GEOMETRIC_REPRESENTATION_CONTEXT(2) 
PARAMETRIC_REPRESENTATION_CONTEXT() REPRESENTATION_CONTEXT('2D SPACE',''
  ) );
#4536 = ORIENTED_EDGE('',*,*,#2752,.T.);
#4537 = ORIENTED_EDGE('',*,*,#4538,.T.);
#4538 = EDGE_CURVE('',#2755,#4539,#4541,.T.);
#4539 = VERTEX_POINT('',#4540);
#4540 = CARTESIAN_POINT('',(8.,-34.25,9.3));
#4541 = SURFACE_CURVE('',#4542,(#4546,#4553),.PCURVE_S1.);
#4542 = LINE('',#4543,#4544);
#4543 = CARTESIAN_POINT('',(8.,-38.05,9.3));
#4544 = VECTOR('',#4545,1.);
#4545 = DIRECTION('',(-0.,1.,0.));
#4546 = PCURVE('',#2769,#4547);
#4547 = DEFINITIONAL_REPRESENTATION('',(#4548),#4552);
#4548 = LINE('',#4549,#4550);
#4549 = CARTESIAN_POINT('',(10.,0.));
#4550 = VECTOR('',#4551,1.);
#4551 = DIRECTION('',(0.,1.));
#4552 = ( GEOMETRIC_REPRESENTATION_CONTEXT(2) 
PARAMETRIC_REPRESENTATION_CONTEXT() REPRESENTATION_CONTEXT('2D SPACE',''
  ) );
#4553 = PCURVE('',#2845,#4554);
#4554 = DEFINITIONAL_REPRESENTATION('',(#4555),#4559);
#4555 = LINE('',#4556,#4557);
#4556 = CARTESIAN_POINT('',(4.2,0.));
#4557 = VECTOR('',#4558,1.);
#4558 = DIRECTION('',(0.,-1.));
#4559 = ( GEOMETRIC_REPRESENTATION_CONTEXT(2) 
PARAMETRIC_REPRESENTATION_CONTEXT() REPRESENTATION_CONTEXT('2D SPACE',''
  ) );
#4560 = ORIENTED_EDGE('',*,*,#4561,.F.);
#4561 = EDGE_CURVE('',#4515,#4539,#4562,.T.);
#4562 = SURFACE_CURVE('',#4563,(#4567,#4574),.PCURVE_S1.);
#4563 = LINE('',#4564,#4565);
#4564 = CARTESIAN_POINT('',(-2.,-34.25,9.3));
#4565 = VECTOR('',#4566,1.);
#4566 = DIRECTION('',(1.,0.,-0.));
#4567 = PCURVE('',#2769,#4568);
#4568 = DEFINITIONAL_REPRESENTATION('',(#4569),#4573);
#4569 = LINE('',#4570,#4571);
#4570 = CARTESIAN_POINT('',(0.,3.8));
#4571 = VECTOR('',#4572,1.);
#4572 = DIRECTION('',(1.,0.));
#4573 = ( GEOMETRIC_REPRESENTATION_CONTEXT(2) 
PARAMETRIC_REPRESENTATION_CONTEXT() REPRESENTATION_CONTEXT('2D SPACE',''
  ) );
#4574 = PCURVE('',#4575,#4580);
#4575 = PLANE('',#4576);
#4576 = AXIS2_PLACEMENT_3D('',#4577,#4578,#4579);
#4577 = CARTESIAN_POINT('',(-2.,-34.25,5.1));
#4578 = DIRECTION('',(-0.,1.,0.));
#4579 = DIRECTION('',(0.,0.,1.));
#4580 = DEFINITIONAL_REPRESENTATION('',(#4581),#4585);
#4581 = LINE('',#4582,#4583);
#4582 = CARTESIAN_POINT('',(4.2,0.));
#4583 = VECTOR('',#4584,1.);
#4584 = DIRECTION('',(0.,1.));
#4585 = ( GEOMETRIC_REPRESENTATION_CONTEXT(2) 
PARAMETRIC_REPRESENTATION_CONTEXT() REPRESENTATION_CONTEXT('2D SPACE',''
  ) );
#4586 = ADVANCED_FACE('',(#4587),#2845,.F.);
#4587 = FACE_BOUND('',#4588,.F.);
#4588 = EDGE_LOOP('',(#4589,#4590,#4591,#4612,#4613,#4634));
#4589 = ORIENTED_EDGE('',*,*,#4538,.F.);
#4590 = ORIENTED_EDGE('',*,*,#2832,.T.);
#4591 = ORIENTED_EDGE('',*,*,#4592,.T.);
#4592 = EDGE_CURVE('',#2807,#3695,#4593,.T.);
#4593 = SURFACE_CURVE('',#4594,(#4598,#4605),.PCURVE_S1.);
#4594 = LINE('',#4595,#4596);
#4595 = CARTESIAN_POINT('',(8.,-38.05,5.1));
#4596 = VECTOR('',#4597,1.);
#4597 = DIRECTION('',(-0.,1.,0.));
#4598 = PCURVE('',#2845,#4599);
#4599 = DEFINITIONAL_REPRESENTATION('',(#4600),#4604);
#4600 = LINE('',#4601,#4602);
#4601 = CARTESIAN_POINT('',(0.,0.));
#4602 = VECTOR('',#4603,1.);
#4603 = DIRECTION('',(0.,-1.));
#4604 = ( GEOMETRIC_REPRESENTATION_CONTEXT(2) 
PARAMETRIC_REPRESENTATION_CONTEXT() REPRESENTATION_CONTEXT('2D SPACE',''
  ) );
#4605 = PCURVE('',#2821,#4606);
#4606 = DEFINITIONAL_REPRESENTATION('',(#4607),#4611);
#4607 = LINE('',#4608,#4609);
#4608 = CARTESIAN_POINT('',(10.,0.));
#4609 = VECTOR('',#4610,1.);
#4610 = DIRECTION('',(0.,1.));
#4611 = ( GEOMETRIC_REPRESENTATION_CONTEXT(2) 
PARAMETRIC_REPRESENTATION_CONTEXT() REPRESENTATION_CONTEXT('2D SPACE',''
  ) );
#4612 = ORIENTED_EDGE('',*,*,#3715,.F.);
#4613 = ORIENTED_EDGE('',*,*,#4614,.T.);
#4614 = EDGE_CURVE('',#3716,#4615,#4617,.T.);
#4615 = VERTEX_POINT('',#4616);
#4616 = CARTESIAN_POINT('',(8.,-34.25,8.3));
#4617 = SURFACE_CURVE('',#4618,(#4622,#4628),.PCURVE_S1.);
#4618 = LINE('',#4619,#4620);
#4619 = CARTESIAN_POINT('',(8.,-19.025,8.3));
#4620 = VECTOR('',#4621,1.);
#4621 = DIRECTION('',(-0.,1.,0.));
#4622 = PCURVE('',#2845,#4623);
#4623 = DEFINITIONAL_REPRESENTATION('',(#4624),#4627);
#4624 = B_SPLINE_CURVE_WITH_KNOTS('',1,(#4625,#4626),.UNSPECIFIED.,.F.,
  .F.,(2,2),(-16.325,-15.225),.PIECEWISE_BEZIER_KNOTS.);
#4625 = CARTESIAN_POINT('',(3.2,-2.7));
#4626 = CARTESIAN_POINT('',(3.2,-3.8));
#4627 = ( GEOMETRIC_REPRESENTATION_CONTEXT(2) 
PARAMETRIC_REPRESENTATION_CONTEXT() REPRESENTATION_CONTEXT('2D SPACE',''
  ) );
#4628 = PCURVE('',#3252,#4629);
#4629 = DEFINITIONAL_REPRESENTATION('',(#4630),#4633);
#4630 = B_SPLINE_CURVE_WITH_KNOTS('',1,(#4631,#4632),.UNSPECIFIED.,.F.,
  .F.,(2,2),(-16.325,-15.225),.PIECEWISE_BEZIER_KNOTS.);
#4631 = CARTESIAN_POINT('',(8.,-35.35));
#4632 = CARTESIAN_POINT('',(8.,-34.25));
#4633 = ( GEOMETRIC_REPRESENTATION_CONTEXT(2) 
PARAMETRIC_REPRESENTATION_CONTEXT() REPRESENTATION_CONTEXT('2D SPACE',''
  ) );
#4634 = ORIENTED_EDGE('',*,*,#4635,.T.);
#4635 = EDGE_CURVE('',#4615,#4539,#4636,.T.);
#4636 = SURFACE_CURVE('',#4637,(#4641,#4648),.PCURVE_S1.);
#4637 = LINE('',#4638,#4639);
#4638 = CARTESIAN_POINT('',(8.,-34.25,5.1));
#4639 = VECTOR('',#4640,1.);
#4640 = DIRECTION('',(0.,0.,1.));
#4641 = PCURVE('',#2845,#4642);
#4642 = DEFINITIONAL_REPRESENTATION('',(#4643),#4647);
#4643 = LINE('',#4644,#4645);
#4644 = CARTESIAN_POINT('',(0.,-3.8));
#4645 = VECTOR('',#4646,1.);
#4646 = DIRECTION('',(1.,0.));
#4647 = ( GEOMETRIC_REPRESENTATION_CONTEXT(2) 
PARAMETRIC_REPRESENTATION_CONTEXT() REPRESENTATION_CONTEXT('2D SPACE',''
  ) );
#4648 = PCURVE('',#4575,#4649);
#4649 = DEFINITIONAL_REPRESENTATION('',(#4650),#4654);
#4650 = LINE('',#4651,#4652);
#4651 = CARTESIAN_POINT('',(0.,10.));
#4652 = VECTOR('',#4653,1.);
#4653 = DIRECTION('',(1.,0.));
#4654 = ( GEOMETRIC_REPRESENTATION_CONTEXT(2) 
PARAMETRIC_REPRESENTATION_CONTEXT() REPRESENTATION_CONTEXT('2D SPACE',''
  ) );
#4655 = ADVANCED_FACE('',(#4656),#2821,.T.);
#4656 = FACE_BOUND('',#4657,.T.);
#4657 = EDGE_LOOP('',(#4658,#4679,#4680,#4681));
#4658 = ORIENTED_EDGE('',*,*,#4659,.F.);
#4659 = EDGE_CURVE('',#2781,#3674,#4660,.T.);
#4660 = SURFACE_CURVE('',#4661,(#4665,#4672),.PCURVE_S1.);
#4661 = LINE('',#4662,#4663);
#4662 = CARTESIAN_POINT('',(-2.,-38.05,5.1));
#4663 = VECTOR('',#4664,1.);
#4664 = DIRECTION('',(-0.,1.,0.));
#4665 = PCURVE('',#2821,#4666);
#4666 = DEFINITIONAL_REPRESENTATION('',(#4667),#4671);
#4667 = LINE('',#4668,#4669);
#4668 = CARTESIAN_POINT('',(0.,0.));
#4669 = VECTOR('',#4670,1.);
#4670 = DIRECTION('',(0.,1.));
#4671 = ( GEOMETRIC_REPRESENTATION_CONTEXT(2) 
PARAMETRIC_REPRESENTATION_CONTEXT() REPRESENTATION_CONTEXT('2D SPACE',''
  ) );
#4672 = PCURVE('',#2795,#4673);
#4673 = DEFINITIONAL_REPRESENTATION('',(#4674),#4678);
#4674 = LINE('',#4675,#4676);
#4675 = CARTESIAN_POINT('',(0.,0.));
#4676 = VECTOR('',#4677,1.);
#4677 = DIRECTION('',(0.,-1.));
#4678 = ( GEOMETRIC_REPRESENTATION_CONTEXT(2) 
PARAMETRIC_REPRESENTATION_CONTEXT() REPRESENTATION_CONTEXT('2D SPACE',''
  ) );
#4679 = ORIENTED_EDGE('',*,*,#2806,.T.);
#4680 = ORIENTED_EDGE('',*,*,#4592,.T.);
#4681 = ORIENTED_EDGE('',*,*,#3694,.F.);
#4682 = ADVANCED_FACE('',(#4683),#2795,.T.);
#4683 = FACE_BOUND('',#4684,.T.);
#4684 = EDGE_LOOP('',(#4685,#4686,#4687,#4688,#4689,#4710));
#4685 = ORIENTED_EDGE('',*,*,#4514,.F.);
#4686 = ORIENTED_EDGE('',*,*,#2780,.T.);
#4687 = ORIENTED_EDGE('',*,*,#4659,.T.);
#4688 = ORIENTED_EDGE('',*,*,#3673,.F.);
#4689 = ORIENTED_EDGE('',*,*,#4690,.T.);
#4690 = EDGE_CURVE('',#3651,#4691,#4693,.T.);
#4691 = VERTEX_POINT('',#4692);
#4692 = CARTESIAN_POINT('',(-2.,-34.25,8.3));
#4693 = SURFACE_CURVE('',#4694,(#4698,#4704),.PCURVE_S1.);
#4694 = LINE('',#4695,#4696);
#4695 = CARTESIAN_POINT('',(-2.,-19.025,8.3));
#4696 = VECTOR('',#4697,1.);
#4697 = DIRECTION('',(-0.,1.,0.));
#4698 = PCURVE('',#2795,#4699);
#4699 = DEFINITIONAL_REPRESENTATION('',(#4700),#4703);
#4700 = B_SPLINE_CURVE_WITH_KNOTS('',1,(#4701,#4702),.UNSPECIFIED.,.F.,
  .F.,(2,2),(-16.325,-15.225),.PIECEWISE_BEZIER_KNOTS.);
#4701 = CARTESIAN_POINT('',(3.2,-2.7));
#4702 = CARTESIAN_POINT('',(3.2,-3.8));
#4703 = ( GEOMETRIC_REPRESENTATION_CONTEXT(2) 
PARAMETRIC_REPRESENTATION_CONTEXT() REPRESENTATION_CONTEXT('2D SPACE',''
  ) );
#4704 = PCURVE('',#3252,#4705);
#4705 = DEFINITIONAL_REPRESENTATION('',(#4706),#4709);
#4706 = B_SPLINE_CURVE_WITH_KNOTS('',1,(#4707,#4708),.UNSPECIFIED.,.F.,
  .F.,(2,2),(-16.325,-15.225),.PIECEWISE_BEZIER_KNOTS.);
#4707 = CARTESIAN_POINT('',(-2.,-35.35));
#4708 = CARTESIAN_POINT('',(-2.,-34.25));
#4709 = ( GEOMETRIC_REPRESENTATION_CONTEXT(2) 
PARAMETRIC_REPRESENTATION_CONTEXT() REPRESENTATION_CONTEXT('2D SPACE',''
  ) );
#4710 = ORIENTED_EDGE('',*,*,#4711,.T.);
#4711 = EDGE_CURVE('',#4691,#4515,#4712,.T.);
#4712 = SURFACE_CURVE('',#4713,(#4717,#4724),.PCURVE_S1.);
#4713 = LINE('',#4714,#4715);
#4714 = CARTESIAN_POINT('',(-2.,-34.25,5.1));
#4715 = VECTOR('',#4716,1.);
#4716 = DIRECTION('',(0.,0.,1.));
#4717 = PCURVE('',#2795,#4718);
#4718 = DEFINITIONAL_REPRESENTATION('',(#4719),#4723);
#4719 = LINE('',#4720,#4721);
#4720 = CARTESIAN_POINT('',(0.,-3.8));
#4721 = VECTOR('',#4722,1.);
#4722 = DIRECTION('',(1.,0.));
#4723 = ( GEOMETRIC_REPRESENTATION_CONTEXT(2) 
PARAMETRIC_REPRESENTATION_CONTEXT() REPRESENTATION_CONTEXT('2D SPACE',''
  ) );
#4724 = PCURVE('',#4575,#4725);
#4725 = DEFINITIONAL_REPRESENTATION('',(#4726),#4730);
#4726 = LINE('',#4727,#4728);
#4727 = CARTESIAN_POINT('',(0.,0.));
#4728 = VECTOR('',#4729,1.);
#4729 = DIRECTION('',(1.,0.));
#4730 = ( GEOMETRIC_REPRESENTATION_CONTEXT(2) 
PARAMETRIC_REPRESENTATION_CONTEXT() REPRESENTATION_CONTEXT('2D SPACE',''
  ) );
#4731 = ADVANCED_FACE('',(#4732,#4737),#3064,.T.);
#4732 = FACE_BOUND('',#4733,.T.);
#4733 = EDGE_LOOP('',(#4734,#4735,#4736));
#4734 = ORIENTED_EDGE('',*,*,#4488,.T.);
#4735 = ORIENTED_EDGE('',*,*,#4442,.T.);
#4736 = ORIENTED_EDGE('',*,*,#3502,.T.);
#4737 = FACE_BOUND('',#4738,.T.);
#4738 = EDGE_LOOP('',(#4739));
#4739 = ORIENTED_EDGE('',*,*,#3047,.F.);
#4740 = ADVANCED_FACE('',(#4741,#4746),#3119,.T.);
#4741 = FACE_BOUND('',#4742,.T.);
#4742 = EDGE_LOOP('',(#4743,#4744,#4745));
#4743 = ORIENTED_EDGE('',*,*,#4392,.T.);
#4744 = ORIENTED_EDGE('',*,*,#4346,.T.);
#4745 = ORIENTED_EDGE('',*,*,#3979,.T.);
#4746 = FACE_BOUND('',#4747,.T.);
#4747 = EDGE_LOOP('',(#4748));
#4748 = ORIENTED_EDGE('',*,*,#3102,.F.);
#4749 = ADVANCED_FACE('',(#4750,#4755),#3174,.T.);
#4750 = FACE_BOUND('',#4751,.T.);
#4751 = EDGE_LOOP('',(#4752,#4753,#4754));
#4752 = ORIENTED_EDGE('',*,*,#4296,.T.);
#4753 = ORIENTED_EDGE('',*,*,#4250,.T.);
#4754 = ORIENTED_EDGE('',*,*,#3358,.T.);
#4755 = FACE_BOUND('',#4756,.T.);
#4756 = EDGE_LOOP('',(#4757));
#4757 = ORIENTED_EDGE('',*,*,#3157,.F.);
#4758 = ADVANCED_FACE('',(#4759,#4799,#4913,#5019),#3252,.F.);
#4759 = FACE_BOUND('',#4760,.F.);
#4760 = EDGE_LOOP('',(#4761,#4762,#4763,#4764,#4765,#4766,#4767,#4786,
    #4787,#4788,#4789,#4790,#4791,#4792,#4793,#4794,#4795,#4796,#4797,
    #4798));
#4761 = ORIENTED_EDGE('',*,*,#3236,.F.);
#4762 = ORIENTED_EDGE('',*,*,#3457,.T.);
#4763 = ORIENTED_EDGE('',*,*,#4465,.F.);
#4764 = ORIENTED_EDGE('',*,*,#3551,.T.);
#4765 = ORIENTED_EDGE('',*,*,#3650,.T.);
#4766 = ORIENTED_EDGE('',*,*,#4690,.T.);
#4767 = ORIENTED_EDGE('',*,*,#4768,.F.);
#4768 = EDGE_CURVE('',#4615,#4691,#4769,.T.);
#4769 = SURFACE_CURVE('',#4770,(#4774,#4780),.PCURVE_S1.);
#4770 = LINE('',#4771,#4772);
#4771 = CARTESIAN_POINT('',(-1.,-34.25,8.3));
#4772 = VECTOR('',#4773,1.);
#4773 = DIRECTION('',(-1.,-0.,0.));
#4774 = PCURVE('',#3252,#4775);
#4775 = DEFINITIONAL_REPRESENTATION('',(#4776),#4779);
#4776 = B_SPLINE_CURVE_WITH_KNOTS('',1,(#4777,#4778),.UNSPECIFIED.,.F.,
  .F.,(2,2),(-9.,1.),.PIECEWISE_BEZIER_KNOTS.);
#4777 = CARTESIAN_POINT('',(8.,-34.25));
#4778 = CARTESIAN_POINT('',(-2.,-34.25));
#4779 = ( GEOMETRIC_REPRESENTATION_CONTEXT(2) 
PARAMETRIC_REPRESENTATION_CONTEXT() REPRESENTATION_CONTEXT('2D SPACE',''
  ) );
#4780 = PCURVE('',#4575,#4781);
#4781 = DEFINITIONAL_REPRESENTATION('',(#4782),#4785);
#4782 = B_SPLINE_CURVE_WITH_KNOTS('',1,(#4783,#4784),.UNSPECIFIED.,.F.,
  .F.,(2,2),(-9.,1.),.PIECEWISE_BEZIER_KNOTS.);
#4783 = CARTESIAN_POINT('',(3.2,10.));
#4784 = CARTESIAN_POINT('',(3.2,0.));
#4785 = ( GEOMETRIC_REPRESENTATION_CONTEXT(2) 
PARAMETRIC_REPRESENTATION_CONTEXT() REPRESENTATION_CONTEXT('2D SPACE',''
  ) );
#4786 = ORIENTED_EDGE('',*,*,#4614,.F.);
#4787 = ORIENTED_EDGE('',*,*,#3736,.T.);
#4788 = ORIENTED_EDGE('',*,*,#3934,.T.);
#4789 = ORIENTED_EDGE('',*,*,#4369,.F.);
#4790 = ORIENTED_EDGE('',*,*,#4028,.T.);
#4791 = ORIENTED_EDGE('',*,*,#4055,.T.);
#4792 = ORIENTED_EDGE('',*,*,#3785,.T.);
#4793 = ORIENTED_EDGE('',*,*,#4177,.F.);
#4794 = ORIENTED_EDGE('',*,*,#3884,.T.);
#4795 = ORIENTED_EDGE('',*,*,#3578,.F.);
#4796 = ORIENTED_EDGE('',*,*,#3313,.T.);
#4797 = ORIENTED_EDGE('',*,*,#4273,.F.);
#4798 = ORIENTED_EDGE('',*,*,#3407,.T.);
#4799 = FACE_BOUND('',#4800,.F.);
#4800 = EDGE_LOOP('',(#4801,#4831,#4859,#4887));
#4801 = ORIENTED_EDGE('',*,*,#4802,.T.);
#4802 = EDGE_CURVE('',#4803,#4805,#4807,.T.);
#4803 = VERTEX_POINT('',#4804);
#4804 = CARTESIAN_POINT('',(-23.15,-21.,8.3));
#4805 = VERTEX_POINT('',#4806);
#4806 = CARTESIAN_POINT('',(-23.15,-19.,8.3));
#4807 = SURFACE_CURVE('',#4808,(#4812,#4819),.PCURVE_S1.);
#4808 = LINE('',#4809,#4810);
#4809 = CARTESIAN_POINT('',(-23.15,-21.,8.3));
#4810 = VECTOR('',#4811,1.);
#4811 = DIRECTION('',(-0.,1.,0.));
#4812 = PCURVE('',#3252,#4813);
#4813 = DEFINITIONAL_REPRESENTATION('',(#4814),#4818);
#4814 = LINE('',#4815,#4816);
#4815 = CARTESIAN_POINT('',(-23.15,-21.));
#4816 = VECTOR('',#4817,1.);
#4817 = DIRECTION('',(0.,1.));
#4818 = ( GEOMETRIC_REPRESENTATION_CONTEXT(2) 
PARAMETRIC_REPRESENTATION_CONTEXT() REPRESENTATION_CONTEXT('2D SPACE',''
  ) );
#4819 = PCURVE('',#4820,#4825);
#4820 = PLANE('',#4821);
#4821 = AXIS2_PLACEMENT_3D('',#4822,#4823,#4824);
#4822 = CARTESIAN_POINT('',(-23.15,-21.,4.85));
#4823 = DIRECTION('',(1.,0.,-0.));
#4824 = DIRECTION('',(0.,0.,1.));
#4825 = DEFINITIONAL_REPRESENTATION('',(#4826),#4830);
#4826 = LINE('',#4827,#4828);
#4827 = CARTESIAN_POINT('',(3.45,0.));
#4828 = VECTOR('',#4829,1.);
#4829 = DIRECTION('',(0.,-1.));
#4830 = ( GEOMETRIC_REPRESENTATION_CONTEXT(2) 
PARAMETRIC_REPRESENTATION_CONTEXT() REPRESENTATION_CONTEXT('2D SPACE',''
  ) );
#4831 = ORIENTED_EDGE('',*,*,#4832,.T.);
#4832 = EDGE_CURVE('',#4805,#4833,#4835,.T.);
#4833 = VERTEX_POINT('',#4834);
#4834 = CARTESIAN_POINT('',(23.15,-19.,8.3));
#4835 = SURFACE_CURVE('',#4836,(#4840,#4847),.PCURVE_S1.);
#4836 = LINE('',#4837,#4838);
#4837 = CARTESIAN_POINT('',(-23.15,-19.,8.3));
#4838 = VECTOR('',#4839,1.);
#4839 = DIRECTION('',(1.,0.,-0.));
#4840 = PCURVE('',#3252,#4841);
#4841 = DEFINITIONAL_REPRESENTATION('',(#4842),#4846);
#4842 = LINE('',#4843,#4844);
#4843 = CARTESIAN_POINT('',(-23.15,-19.));
#4844 = VECTOR('',#4845,1.);
#4845 = DIRECTION('',(1.,0.));
#4846 = ( GEOMETRIC_REPRESENTATION_CONTEXT(2) 
PARAMETRIC_REPRESENTATION_CONTEXT() REPRESENTATION_CONTEXT('2D SPACE',''
  ) );
#4847 = PCURVE('',#4848,#4853);
#4848 = PLANE('',#4849);
#4849 = AXIS2_PLACEMENT_3D('',#4850,#4851,#4852);
#4850 = CARTESIAN_POINT('',(-23.15,-19.,4.85));
#4851 = DIRECTION('',(-0.,1.,0.));
#4852 = DIRECTION('',(0.,0.,1.));
#4853 = DEFINITIONAL_REPRESENTATION('',(#4854),#4858);
#4854 = LINE('',#4855,#4856);
#4855 = CARTESIAN_POINT('',(3.45,0.));
#4856 = VECTOR('',#4857,1.);
#4857 = DIRECTION('',(0.,1.));
#4858 = ( GEOMETRIC_REPRESENTATION_CONTEXT(2) 
PARAMETRIC_REPRESENTATION_CONTEXT() REPRESENTATION_CONTEXT('2D SPACE',''
  ) );
#4859 = ORIENTED_EDGE('',*,*,#4860,.F.);
#4860 = EDGE_CURVE('',#4861,#4833,#4863,.T.);
#4861 = VERTEX_POINT('',#4862);
#4862 = CARTESIAN_POINT('',(23.15,-21.,8.3));
#4863 = SURFACE_CURVE('',#4864,(#4868,#4875),.PCURVE_S1.);
#4864 = LINE('',#4865,#4866);
#4865 = CARTESIAN_POINT('',(23.15,-21.,8.3));
#4866 = VECTOR('',#4867,1.);
#4867 = DIRECTION('',(-0.,1.,0.));
#4868 = PCURVE('',#3252,#4869);
#4869 = DEFINITIONAL_REPRESENTATION('',(#4870),#4874);
#4870 = LINE('',#4871,#4872);
#4871 = CARTESIAN_POINT('',(23.15,-21.));
#4872 = VECTOR('',#4873,1.);
#4873 = DIRECTION('',(0.,1.));
#4874 = ( GEOMETRIC_REPRESENTATION_CONTEXT(2) 
PARAMETRIC_REPRESENTATION_CONTEXT() REPRESENTATION_CONTEXT('2D SPACE',''
  ) );
#4875 = PCURVE('',#4876,#4881);
#4876 = PLANE('',#4877);
#4877 = AXIS2_PLACEMENT_3D('',#4878,#4879,#4880);
#4878 = CARTESIAN_POINT('',(23.15,-21.,4.85));
#4879 = DIRECTION('',(1.,0.,-0.));
#4880 = DIRECTION('',(0.,0.,1.));
#4881 = DEFINITIONAL_REPRESENTATION('',(#4882),#4886);
#4882 = LINE('',#4883,#4884);
#4883 = CARTESIAN_POINT('',(3.45,0.));
#4884 = VECTOR('',#4885,1.);
#4885 = DIRECTION('',(0.,-1.));
#4886 = ( GEOMETRIC_REPRESENTATION_CONTEXT(2) 
PARAMETRIC_REPRESENTATION_CONTEXT() REPRESENTATION_CONTEXT('2D SPACE',''
  ) );
#4887 = ORIENTED_EDGE('',*,*,#4888,.F.);
#4888 = EDGE_CURVE('',#4803,#4861,#4889,.T.);
#4889 = SURFACE_CURVE('',#4890,(#4894,#4901),.PCURVE_S1.);
#4890 = LINE('',#4891,#4892);
#4891 = CARTESIAN_POINT('',(-23.15,-21.,8.3));
#4892 = VECTOR('',#4893,1.);
#4893 = DIRECTION('',(1.,0.,-0.));
#4894 = PCURVE('',#3252,#4895);
#4895 = DEFINITIONAL_REPRESENTATION('',(#4896),#4900);
#4896 = LINE('',#4897,#4898);
#4897 = CARTESIAN_POINT('',(-23.15,-21.));
#4898 = VECTOR('',#4899,1.);
#4899 = DIRECTION('',(1.,0.));
#4900 = ( GEOMETRIC_REPRESENTATION_CONTEXT(2) 
PARAMETRIC_REPRESENTATION_CONTEXT() REPRESENTATION_CONTEXT('2D SPACE',''
  ) );
#4901 = PCURVE('',#4902,#4907);
#4902 = PLANE('',#4903);
#4903 = AXIS2_PLACEMENT_3D('',#4904,#4905,#4906);
#4904 = CARTESIAN_POINT('',(-23.15,-21.,4.85));
#4905 = DIRECTION('',(-0.,1.,0.));
#4906 = DIRECTION('',(0.,0.,1.));
#4907 = DEFINITIONAL_REPRESENTATION('',(#4908),#4912);
#4908 = LINE('',#4909,#4910);
#4909 = CARTESIAN_POINT('',(3.45,0.));
#4910 = VECTOR('',#4911,1.);
#4911 = DIRECTION('',(0.,1.));
#4912 = ( GEOMETRIC_REPRESENTATION_CONTEXT(2) 
PARAMETRIC_REPRESENTATION_CONTEXT() REPRESENTATION_CONTEXT('2D SPACE',''
  ) );
#4913 = FACE_BOUND('',#4914,.F.);
#4914 = EDGE_LOOP('',(#4915,#4943,#4969,#4995));
#4915 = ORIENTED_EDGE('',*,*,#4916,.T.);
#4916 = EDGE_CURVE('',#4917,#4919,#4921,.T.);
#4917 = VERTEX_POINT('',#4918);
#4918 = CARTESIAN_POINT('',(12.9,-12.4,8.3));
#4919 = VERTEX_POINT('',#4920);
#4920 = CARTESIAN_POINT('',(-12.9,-12.4,8.3));
#4921 = SURFACE_CURVE('',#4922,(#4926,#4932),.PCURVE_S1.);
#4922 = LINE('',#4923,#4924);
#4923 = CARTESIAN_POINT('',(-6.45,-12.4,8.3));
#4924 = VECTOR('',#4925,1.);
#4925 = DIRECTION('',(-1.,-0.,0.));
#4926 = PCURVE('',#3252,#4927);
#4927 = DEFINITIONAL_REPRESENTATION('',(#4928),#4931);
#4928 = B_SPLINE_CURVE_WITH_KNOTS('',1,(#4929,#4930),.UNSPECIFIED.,.F.,
  .F.,(2,2),(-19.35,6.45),.PIECEWISE_BEZIER_KNOTS.);
#4929 = CARTESIAN_POINT('',(12.9,-12.4));
#4930 = CARTESIAN_POINT('',(-12.9,-12.4));
#4931 = ( GEOMETRIC_REPRESENTATION_CONTEXT(2) 
PARAMETRIC_REPRESENTATION_CONTEXT() REPRESENTATION_CONTEXT('2D SPACE',''
  ) );
#4932 = PCURVE('',#4933,#4938);
#4933 = PLANE('',#4934);
#4934 = AXIS2_PLACEMENT_3D('',#4935,#4936,#4937);
#4935 = CARTESIAN_POINT('',(-12.9,-12.4,4.8));
#4936 = DIRECTION('',(-0.,1.,0.));
#4937 = DIRECTION('',(0.,0.,1.));
#4938 = DEFINITIONAL_REPRESENTATION('',(#4939),#4942);
#4939 = B_SPLINE_CURVE_WITH_KNOTS('',1,(#4940,#4941),.UNSPECIFIED.,.F.,
  .F.,(2,2),(-19.35,6.45),.PIECEWISE_BEZIER_KNOTS.);
#4940 = CARTESIAN_POINT('',(3.5,25.8));
#4941 = CARTESIAN_POINT('',(3.5,0.));
#4942 = ( GEOMETRIC_REPRESENTATION_CONTEXT(2) 
PARAMETRIC_REPRESENTATION_CONTEXT() REPRESENTATION_CONTEXT('2D SPACE',''
  ) );
#4943 = ORIENTED_EDGE('',*,*,#4944,.T.);
#4944 = EDGE_CURVE('',#4919,#4945,#4947,.T.);
#4945 = VERTEX_POINT('',#4946);
#4946 = CARTESIAN_POINT('',(-12.9,23.4,8.3));
#4947 = SURFACE_CURVE('',#4948,(#4952,#4958),.PCURVE_S1.);
#4948 = LINE('',#4949,#4950);
#4949 = CARTESIAN_POINT('',(-12.9,-6.2,8.3));
#4950 = VECTOR('',#4951,1.);
#4951 = DIRECTION('',(-0.,1.,0.));
#4952 = PCURVE('',#3252,#4953);
#4953 = DEFINITIONAL_REPRESENTATION('',(#4954),#4957);
#4954 = B_SPLINE_CURVE_WITH_KNOTS('',1,(#4955,#4956),.UNSPECIFIED.,.F.,
  .F.,(2,2),(-6.2,29.6),.PIECEWISE_BEZIER_KNOTS.);
#4955 = CARTESIAN_POINT('',(-12.9,-12.4));
#4956 = CARTESIAN_POINT('',(-12.9,23.4));
#4957 = ( GEOMETRIC_REPRESENTATION_CONTEXT(2) 
PARAMETRIC_REPRESENTATION_CONTEXT() REPRESENTATION_CONTEXT('2D SPACE',''
  ) );
#4958 = PCURVE('',#4959,#4964);
#4959 = PLANE('',#4960);
#4960 = AXIS2_PLACEMENT_3D('',#4961,#4962,#4963);
#4961 = CARTESIAN_POINT('',(-12.9,-12.4,4.8));
#4962 = DIRECTION('',(1.,0.,-0.));
#4963 = DIRECTION('',(0.,0.,1.));
#4964 = DEFINITIONAL_REPRESENTATION('',(#4965),#4968);
#4965 = B_SPLINE_CURVE_WITH_KNOTS('',1,(#4966,#4967),.UNSPECIFIED.,.F.,
  .F.,(2,2),(-6.2,29.6),.PIECEWISE_BEZIER_KNOTS.);
#4966 = CARTESIAN_POINT('',(3.5,0.));
#4967 = CARTESIAN_POINT('',(3.5,-35.8));
#4968 = ( GEOMETRIC_REPRESENTATION_CONTEXT(2) 
PARAMETRIC_REPRESENTATION_CONTEXT() REPRESENTATION_CONTEXT('2D SPACE',''
  ) );
#4969 = ORIENTED_EDGE('',*,*,#4970,.F.);
#4970 = EDGE_CURVE('',#4971,#4945,#4973,.T.);
#4971 = VERTEX_POINT('',#4972);
#4972 = CARTESIAN_POINT('',(12.9,23.4,8.3));
#4973 = SURFACE_CURVE('',#4974,(#4978,#4984),.PCURVE_S1.);
#4974 = LINE('',#4975,#4976);
#4975 = CARTESIAN_POINT('',(-6.45,23.4,8.3));
#4976 = VECTOR('',#4977,1.);
#4977 = DIRECTION('',(-1.,-0.,0.));
#4978 = PCURVE('',#3252,#4979);
#4979 = DEFINITIONAL_REPRESENTATION('',(#4980),#4983);
#4980 = B_SPLINE_CURVE_WITH_KNOTS('',1,(#4981,#4982),.UNSPECIFIED.,.F.,
  .F.,(2,2),(-19.35,6.45),.PIECEWISE_BEZIER_KNOTS.);
#4981 = CARTESIAN_POINT('',(12.9,23.4));
#4982 = CARTESIAN_POINT('',(-12.9,23.4));
#4983 = ( GEOMETRIC_REPRESENTATION_CONTEXT(2) 
PARAMETRIC_REPRESENTATION_CONTEXT() REPRESENTATION_CONTEXT('2D SPACE',''
  ) );
#4984 = PCURVE('',#4985,#4990);
#4985 = PLANE('',#4986);
#4986 = AXIS2_PLACEMENT_3D('',#4987,#4988,#4989);
#4987 = CARTESIAN_POINT('',(-12.9,23.4,4.8));
#4988 = DIRECTION('',(-0.,1.,0.));
#4989 = DIRECTION('',(0.,0.,1.));
#4990 = DEFINITIONAL_REPRESENTATION('',(#4991),#4994);
#4991 = B_SPLINE_CURVE_WITH_KNOTS('',1,(#4992,#4993),.UNSPECIFIED.,.F.,
  .F.,(2,2),(-19.35,6.45),.PIECEWISE_BEZIER_KNOTS.);
#4992 = CARTESIAN_POINT('',(3.5,25.8));
#4993 = CARTESIAN_POINT('',(3.5,0.));
#4994 = ( GEOMETRIC_REPRESENTATION_CONTEXT(2) 
PARAMETRIC_REPRESENTATION_CONTEXT() REPRESENTATION_CONTEXT('2D SPACE',''
  ) );
#4995 = ORIENTED_EDGE('',*,*,#4996,.F.);
#4996 = EDGE_CURVE('',#4917,#4971,#4997,.T.);
#4997 = SURFACE_CURVE('',#4998,(#5002,#5008),.PCURVE_S1.);
#4998 = LINE('',#4999,#5000);
#4999 = CARTESIAN_POINT('',(12.9,-6.2,8.3));
#5000 = VECTOR('',#5001,1.);
#5001 = DIRECTION('',(-0.,1.,0.));
#5002 = PCURVE('',#3252,#5003);
#5003 = DEFINITIONAL_REPRESENTATION('',(#5004),#5007);
#5004 = B_SPLINE_CURVE_WITH_KNOTS('',1,(#5005,#5006),.UNSPECIFIED.,.F.,
  .F.,(2,2),(-6.2,29.6),.PIECEWISE_BEZIER_KNOTS.);
#5005 = CARTESIAN_POINT('',(12.9,-12.4));
#5006 = CARTESIAN_POINT('',(12.9,23.4));
#5007 = ( GEOMETRIC_REPRESENTATION_CONTEXT(2) 
PARAMETRIC_REPRESENTATION_CONTEXT() REPRESENTATION_CONTEXT('2D SPACE',''
  ) );
#5008 = PCURVE('',#5009,#5014);
#5009 = PLANE('',#5010);
#5010 = AXIS2_PLACEMENT_3D('',#5011,#5012,#5013);
#5011 = CARTESIAN_POINT('',(12.9,-12.4,4.8));
#5012 = DIRECTION('',(1.,0.,-0.));
#5013 = DIRECTION('',(0.,0.,1.));
#5014 = DEFINITIONAL_REPRESENTATION('',(#5015),#5018);
#5015 = B_SPLINE_CURVE_WITH_KNOTS('',1,(#5016,#5017),.UNSPECIFIED.,.F.,
  .F.,(2,2),(-6.2,29.6),.PIECEWISE_BEZIER_KNOTS.);
#5016 = CARTESIAN_POINT('',(3.5,0.));
#5017 = CARTESIAN_POINT('',(3.5,-35.8));
#5018 = ( GEOMETRIC_REPRESENTATION_CONTEXT(2) 
PARAMETRIC_REPRESENTATION_CONTEXT() REPRESENTATION_CONTEXT('2D SPACE',''
  ) );
#5019 = FACE_BOUND('',#5020,.F.);
#5020 = EDGE_LOOP('',(#5021,#5051,#5079,#5107));
#5021 = ORIENTED_EDGE('',*,*,#5022,.T.);
#5022 = EDGE_CURVE('',#5023,#5025,#5027,.T.);
#5023 = VERTEX_POINT('',#5024);
#5024 = CARTESIAN_POINT('',(-23.15,29.,8.3));
#5025 = VERTEX_POINT('',#5026);
#5026 = CARTESIAN_POINT('',(-23.15,31.,8.3));
#5027 = SURFACE_CURVE('',#5028,(#5032,#5039),.PCURVE_S1.);
#5028 = LINE('',#5029,#5030);
#5029 = CARTESIAN_POINT('',(-23.15,29.,8.3));
#5030 = VECTOR('',#5031,1.);
#5031 = DIRECTION('',(-0.,1.,0.));
#5032 = PCURVE('',#3252,#5033);
#5033 = DEFINITIONAL_REPRESENTATION('',(#5034),#5038);
#5034 = LINE('',#5035,#5036);
#5035 = CARTESIAN_POINT('',(-23.15,29.));
#5036 = VECTOR('',#5037,1.);
#5037 = DIRECTION('',(0.,1.));
#5038 = ( GEOMETRIC_REPRESENTATION_CONTEXT(2) 
PARAMETRIC_REPRESENTATION_CONTEXT() REPRESENTATION_CONTEXT('2D SPACE',''
  ) );
#5039 = PCURVE('',#5040,#5045);
#5040 = PLANE('',#5041);
#5041 = AXIS2_PLACEMENT_3D('',#5042,#5043,#5044);
#5042 = CARTESIAN_POINT('',(-23.15,29.,4.85));
#5043 = DIRECTION('',(1.,0.,-0.));
#5044 = DIRECTION('',(0.,0.,1.));
#5045 = DEFINITIONAL_REPRESENTATION('',(#5046),#5050);
#5046 = LINE('',#5047,#5048);
#5047 = CARTESIAN_POINT('',(3.45,0.));
#5048 = VECTOR('',#5049,1.);
#5049 = DIRECTION('',(0.,-1.));
#5050 = ( GEOMETRIC_REPRESENTATION_CONTEXT(2) 
PARAMETRIC_REPRESENTATION_CONTEXT() REPRESENTATION_CONTEXT('2D SPACE',''
  ) );
#5051 = ORIENTED_EDGE('',*,*,#5052,.T.);
#5052 = EDGE_CURVE('',#5025,#5053,#5055,.T.);
#5053 = VERTEX_POINT('',#5054);
#5054 = CARTESIAN_POINT('',(23.15,31.,8.3));
#5055 = SURFACE_CURVE('',#5056,(#5060,#5067),.PCURVE_S1.);
#5056 = LINE('',#5057,#5058);
#5057 = CARTESIAN_POINT('',(-23.15,31.,8.3));
#5058 = VECTOR('',#5059,1.);
#5059 = DIRECTION('',(1.,0.,-0.));
#5060 = PCURVE('',#3252,#5061);
#5061 = DEFINITIONAL_REPRESENTATION('',(#5062),#5066);
#5062 = LINE('',#5063,#5064);
#5063 = CARTESIAN_POINT('',(-23.15,31.));
#5064 = VECTOR('',#5065,1.);
#5065 = DIRECTION('',(1.,0.));
#5066 = ( GEOMETRIC_REPRESENTATION_CONTEXT(2) 
PARAMETRIC_REPRESENTATION_CONTEXT() REPRESENTATION_CONTEXT('2D SPACE',''
  ) );
#5067 = PCURVE('',#5068,#5073);
#5068 = PLANE('',#5069);
#5069 = AXIS2_PLACEMENT_3D('',#5070,#5071,#5072);
#5070 = CARTESIAN_POINT('',(-23.15,31.,4.85));
#5071 = DIRECTION('',(-0.,1.,0.));
#5072 = DIRECTION('',(0.,0.,1.));
#5073 = DEFINITIONAL_REPRESENTATION('',(#5074),#5078);
#5074 = LINE('',#5075,#5076);
#5075 = CARTESIAN_POINT('',(3.45,0.));
#5076 = VECTOR('',#5077,1.);
#5077 = DIRECTION('',(0.,1.));
#5078 = ( GEOMETRIC_REPRESENTATION_CONTEXT(2) 
PARAMETRIC_REPRESENTATION_CONTEXT() REPRESENTATION_CONTEXT('2D SPACE',''
  ) );
#5079 = ORIENTED_EDGE('',*,*,#5080,.F.);
#5080 = EDGE_CURVE('',#5081,#5053,#5083,.T.);
#5081 = VERTEX_POINT('',#5082);
#5082 = CARTESIAN_POINT('',(23.15,29.,8.3));
#5083 = SURFACE_CURVE('',#5084,(#5088,#5095),.PCURVE_S1.);
#5084 = LINE('',#5085,#5086);
#5085 = CARTESIAN_POINT('',(23.15,29.,8.3));
#5086 = VECTOR('',#5087,1.);
#5087 = DIRECTION('',(-0.,1.,0.));
#5088 = PCURVE('',#3252,#5089);
#5089 = DEFINITIONAL_REPRESENTATION('',(#5090),#5094);
#5090 = LINE('',#5091,#5092);
#5091 = CARTESIAN_POINT('',(23.15,29.));
#5092 = VECTOR('',#5093,1.);
#5093 = DIRECTION('',(0.,1.));
#5094 = ( GEOMETRIC_REPRESENTATION_CONTEXT(2) 
PARAMETRIC_REPRESENTATION_CONTEXT() REPRESENTATION_CONTEXT('2D SPACE',''
  ) );
#5095 = PCURVE('',#5096,#5101);
#5096 = PLANE('',#5097);
#5097 = AXIS2_PLACEMENT_3D('',#5098,#5099,#5100);
#5098 = CARTESIAN_POINT('',(23.15,29.,4.85));
#5099 = DIRECTION('',(1.,0.,-0.));
#5100 = DIRECTION('',(0.,0.,1.));
#5101 = DEFINITIONAL_REPRESENTATION('',(#5102),#5106);
#5102 = LINE('',#5103,#5104);
#5103 = CARTESIAN_POINT('',(3.45,0.));
#5104 = VECTOR('',#5105,1.);
#5105 = DIRECTION('',(0.,-1.));
#5106 = ( GEOMETRIC_REPRESENTATION_CONTEXT(2) 
PARAMETRIC_REPRESENTATION_CONTEXT() REPRESENTATION_CONTEXT('2D SPACE',''
  ) );
#5107 = ORIENTED_EDGE('',*,*,#5108,.F.);
#5108 = EDGE_CURVE('',#5023,#5081,#5109,.T.);
#5109 = SURFACE_CURVE('',#5110,(#5114,#5121),.PCURVE_S1.);
#5110 = LINE('',#5111,#5112);
#5111 = CARTESIAN_POINT('',(-23.15,29.,8.3));
#5112 = VECTOR('',#5113,1.);
#5113 = DIRECTION('',(1.,0.,-0.));
#5114 = PCURVE('',#3252,#5115);
#5115 = DEFINITIONAL_REPRESENTATION('',(#5116),#5120);
#5116 = LINE('',#5117,#5118);
#5117 = CARTESIAN_POINT('',(-23.15,29.));
#5118 = VECTOR('',#5119,1.);
#5119 = DIRECTION('',(1.,0.));
#5120 = ( GEOMETRIC_REPRESENTATION_CONTEXT(2) 
PARAMETRIC_REPRESENTATION_CONTEXT() REPRESENTATION_CONTEXT('2D SPACE',''
  ) );
#5121 = PCURVE('',#5122,#5127);
#5122 = PLANE('',#5123);
#5123 = AXIS2_PLACEMENT_3D('',#5124,#5125,#5126);
#5124 = CARTESIAN_POINT('',(-23.15,29.,4.85));
#5125 = DIRECTION('',(-0.,1.,0.));
#5126 = DIRECTION('',(0.,0.,1.));
#5127 = DEFINITIONAL_REPRESENTATION('',(#5128),#5132);
#5128 = LINE('',#5129,#5130);
#5129 = CARTESIAN_POINT('',(3.45,0.));
#5130 = VECTOR('',#5131,1.);
#5131 = DIRECTION('',(0.,1.));
#5132 = ( GEOMETRIC_REPRESENTATION_CONTEXT(2) 
PARAMETRIC_REPRESENTATION_CONTEXT() REPRESENTATION_CONTEXT('2D SPACE',''
  ) );
#5133 = ADVANCED_FACE('',(#5134,#5139),#3847,.T.);
#5134 = FACE_BOUND('',#5135,.T.);
#5135 = EDGE_LOOP('',(#5136,#5137,#5138));
#5136 = ORIENTED_EDGE('',*,*,#4200,.T.);
#5137 = ORIENTED_EDGE('',*,*,#4154,.T.);
#5138 = ORIENTED_EDGE('',*,*,#3830,.T.);
#5139 = FACE_BOUND('',#5140,.T.);
#5140 = EDGE_LOOP('',(#5141));
#5141 = ORIENTED_EDGE('',*,*,#4080,.F.);
#5142 = ADVANCED_FACE('',(#5143),#4575,.F.);
#5143 = FACE_BOUND('',#5144,.F.);
#5144 = EDGE_LOOP('',(#5145,#5146,#5147,#5148));
#5145 = ORIENTED_EDGE('',*,*,#4635,.F.);
#5146 = ORIENTED_EDGE('',*,*,#4768,.T.);
#5147 = ORIENTED_EDGE('',*,*,#4711,.T.);
#5148 = ORIENTED_EDGE('',*,*,#4561,.T.);
#5149 = ADVANCED_FACE('',(#5150),#4820,.F.);
#5150 = FACE_BOUND('',#5151,.F.);
#5151 = EDGE_LOOP('',(#5152,#5175,#5203,#5224));
#5152 = ORIENTED_EDGE('',*,*,#5153,.F.);
#5153 = EDGE_CURVE('',#5154,#4803,#5156,.T.);
#5154 = VERTEX_POINT('',#5155);
#5155 = CARTESIAN_POINT('',(-23.15,-21.,4.85));
#5156 = SURFACE_CURVE('',#5157,(#5161,#5168),.PCURVE_S1.);
#5157 = LINE('',#5158,#5159);
#5158 = CARTESIAN_POINT('',(-23.15,-21.,4.85));
#5159 = VECTOR('',#5160,1.);
#5160 = DIRECTION('',(0.,0.,1.));
#5161 = PCURVE('',#4820,#5162);
#5162 = DEFINITIONAL_REPRESENTATION('',(#5163),#5167);
#5163 = LINE('',#5164,#5165);
#5164 = CARTESIAN_POINT('',(0.,0.));
#5165 = VECTOR('',#5166,1.);
#5166 = DIRECTION('',(1.,0.));
#5167 = ( GEOMETRIC_REPRESENTATION_CONTEXT(2) 
PARAMETRIC_REPRESENTATION_CONTEXT() REPRESENTATION_CONTEXT('2D SPACE',''
  ) );
#5168 = PCURVE('',#4902,#5169);
#5169 = DEFINITIONAL_REPRESENTATION('',(#5170),#5174);
#5170 = LINE('',#5171,#5172);
#5171 = CARTESIAN_POINT('',(0.,0.));
#5172 = VECTOR('',#5173,1.);
#5173 = DIRECTION('',(1.,0.));
#5174 = ( GEOMETRIC_REPRESENTATION_CONTEXT(2) 
PARAMETRIC_REPRESENTATION_CONTEXT() REPRESENTATION_CONTEXT('2D SPACE',''
  ) );
#5175 = ORIENTED_EDGE('',*,*,#5176,.T.);
#5176 = EDGE_CURVE('',#5154,#5177,#5179,.T.);
#5177 = VERTEX_POINT('',#5178);
#5178 = CARTESIAN_POINT('',(-23.15,-19.,4.85));
#5179 = SURFACE_CURVE('',#5180,(#5184,#5191),.PCURVE_S1.);
#5180 = LINE('',#5181,#5182);
#5181 = CARTESIAN_POINT('',(-23.15,-21.,4.85));
#5182 = VECTOR('',#5183,1.);
#5183 = DIRECTION('',(-0.,1.,0.));
#5184 = PCURVE('',#4820,#5185);
#5185 = DEFINITIONAL_REPRESENTATION('',(#5186),#5190);
#5186 = LINE('',#5187,#5188);
#5187 = CARTESIAN_POINT('',(0.,0.));
#5188 = VECTOR('',#5189,1.);
#5189 = DIRECTION('',(0.,-1.));
#5190 = ( GEOMETRIC_REPRESENTATION_CONTEXT(2) 
PARAMETRIC_REPRESENTATION_CONTEXT() REPRESENTATION_CONTEXT('2D SPACE',''
  ) );
#5191 = PCURVE('',#5192,#5197);
#5192 = PLANE('',#5193);
#5193 = AXIS2_PLACEMENT_3D('',#5194,#5195,#5196);
#5194 = CARTESIAN_POINT('',(-23.15,-21.,4.85));
#5195 = DIRECTION('',(0.,0.,1.));
#5196 = DIRECTION('',(1.,0.,-0.));
#5197 = DEFINITIONAL_REPRESENTATION('',(#5198),#5202);
#5198 = LINE('',#5199,#5200);
#5199 = CARTESIAN_POINT('',(0.,0.));
#5200 = VECTOR('',#5201,1.);
#5201 = DIRECTION('',(0.,1.));
#5202 = ( GEOMETRIC_REPRESENTATION_CONTEXT(2) 
PARAMETRIC_REPRESENTATION_CONTEXT() REPRESENTATION_CONTEXT('2D SPACE',''
  ) );
#5203 = ORIENTED_EDGE('',*,*,#5204,.T.);
#5204 = EDGE_CURVE('',#5177,#4805,#5205,.T.);
#5205 = SURFACE_CURVE('',#5206,(#5210,#5217),.PCURVE_S1.);
#5206 = LINE('',#5207,#5208);
#5207 = CARTESIAN_POINT('',(-23.15,-19.,4.85));
#5208 = VECTOR('',#5209,1.);
#5209 = DIRECTION('',(0.,0.,1.));
#5210 = PCURVE('',#4820,#5211);
#5211 = DEFINITIONAL_REPRESENTATION('',(#5212),#5216);
#5212 = LINE('',#5213,#5214);
#5213 = CARTESIAN_POINT('',(0.,-2.));
#5214 = VECTOR('',#5215,1.);
#5215 = DIRECTION('',(1.,0.));
#5216 = ( GEOMETRIC_REPRESENTATION_CONTEXT(2) 
PARAMETRIC_REPRESENTATION_CONTEXT() REPRESENTATION_CONTEXT('2D SPACE',''
  ) );
#5217 = PCURVE('',#4848,#5218);
#5218 = DEFINITIONAL_REPRESENTATION('',(#5219),#5223);
#5219 = LINE('',#5220,#5221);
#5220 = CARTESIAN_POINT('',(0.,0.));
#5221 = VECTOR('',#5222,1.);
#5222 = DIRECTION('',(1.,0.));
#5223 = ( GEOMETRIC_REPRESENTATION_CONTEXT(2) 
PARAMETRIC_REPRESENTATION_CONTEXT() REPRESENTATION_CONTEXT('2D SPACE',''
  ) );
#5224 = ORIENTED_EDGE('',*,*,#4802,.F.);
#5225 = ADVANCED_FACE('',(#5226),#4848,.T.);
#5226 = FACE_BOUND('',#5227,.T.);
#5227 = EDGE_LOOP('',(#5228,#5251,#5252,#5253));
#5228 = ORIENTED_EDGE('',*,*,#5229,.F.);
#5229 = EDGE_CURVE('',#5177,#5230,#5232,.T.);
#5230 = VERTEX_POINT('',#5231);
#5231 = CARTESIAN_POINT('',(23.15,-19.,4.85));
#5232 = SURFACE_CURVE('',#5233,(#5237,#5244),.PCURVE_S1.);
#5233 = LINE('',#5234,#5235);
#5234 = CARTESIAN_POINT('',(-23.15,-19.,4.85));
#5235 = VECTOR('',#5236,1.);
#5236 = DIRECTION('',(1.,0.,-0.));
#5237 = PCURVE('',#4848,#5238);
#5238 = DEFINITIONAL_REPRESENTATION('',(#5239),#5243);
#5239 = LINE('',#5240,#5241);
#5240 = CARTESIAN_POINT('',(0.,0.));
#5241 = VECTOR('',#5242,1.);
#5242 = DIRECTION('',(0.,1.));
#5243 = ( GEOMETRIC_REPRESENTATION_CONTEXT(2) 
PARAMETRIC_REPRESENTATION_CONTEXT() REPRESENTATION_CONTEXT('2D SPACE',''
  ) );
#5244 = PCURVE('',#5192,#5245);
#5245 = DEFINITIONAL_REPRESENTATION('',(#5246),#5250);
#5246 = LINE('',#5247,#5248);
#5247 = CARTESIAN_POINT('',(0.,2.));
#5248 = VECTOR('',#5249,1.);
#5249 = DIRECTION('',(1.,0.));
#5250 = ( GEOMETRIC_REPRESENTATION_CONTEXT(2) 
PARAMETRIC_REPRESENTATION_CONTEXT() REPRESENTATION_CONTEXT('2D SPACE',''
  ) );
#5251 = ORIENTED_EDGE('',*,*,#5204,.T.);
#5252 = ORIENTED_EDGE('',*,*,#4832,.T.);
#5253 = ORIENTED_EDGE('',*,*,#5254,.F.);
#5254 = EDGE_CURVE('',#5230,#4833,#5255,.T.);
#5255 = SURFACE_CURVE('',#5256,(#5260,#5267),.PCURVE_S1.);
#5256 = LINE('',#5257,#5258);
#5257 = CARTESIAN_POINT('',(23.15,-19.,4.85));
#5258 = VECTOR('',#5259,1.);
#5259 = DIRECTION('',(0.,0.,1.));
#5260 = PCURVE('',#4848,#5261);
#5261 = DEFINITIONAL_REPRESENTATION('',(#5262),#5266);
#5262 = LINE('',#5263,#5264);
#5263 = CARTESIAN_POINT('',(0.,46.3));
#5264 = VECTOR('',#5265,1.);
#5265 = DIRECTION('',(1.,0.));
#5266 = ( GEOMETRIC_REPRESENTATION_CONTEXT(2) 
PARAMETRIC_REPRESENTATION_CONTEXT() REPRESENTATION_CONTEXT('2D SPACE',''
  ) );
#5267 = PCURVE('',#4876,#5268);
#5268 = DEFINITIONAL_REPRESENTATION('',(#5269),#5273);
#5269 = LINE('',#5270,#5271);
#5270 = CARTESIAN_POINT('',(0.,-2.));
#5271 = VECTOR('',#5272,1.);
#5272 = DIRECTION('',(1.,0.));
#5273 = ( GEOMETRIC_REPRESENTATION_CONTEXT(2) 
PARAMETRIC_REPRESENTATION_CONTEXT() REPRESENTATION_CONTEXT('2D SPACE',''
  ) );
#5274 = ADVANCED_FACE('',(#5275),#4902,.F.);
#5275 = FACE_BOUND('',#5276,.F.);
#5276 = EDGE_LOOP('',(#5277,#5300,#5301,#5302));
#5277 = ORIENTED_EDGE('',*,*,#5278,.F.);
#5278 = EDGE_CURVE('',#5154,#5279,#5281,.T.);
#5279 = VERTEX_POINT('',#5280);
#5280 = CARTESIAN_POINT('',(23.15,-21.,4.85));
#5281 = SURFACE_CURVE('',#5282,(#5286,#5293),.PCURVE_S1.);
#5282 = LINE('',#5283,#5284);
#5283 = CARTESIAN_POINT('',(-23.15,-21.,4.85));
#5284 = VECTOR('',#5285,1.);
#5285 = DIRECTION('',(1.,0.,-0.));
#5286 = PCURVE('',#4902,#5287);
#5287 = DEFINITIONAL_REPRESENTATION('',(#5288),#5292);
#5288 = LINE('',#5289,#5290);
#5289 = CARTESIAN_POINT('',(0.,0.));
#5290 = VECTOR('',#5291,1.);
#5291 = DIRECTION('',(0.,1.));
#5292 = ( GEOMETRIC_REPRESENTATION_CONTEXT(2) 
PARAMETRIC_REPRESENTATION_CONTEXT() REPRESENTATION_CONTEXT('2D SPACE',''
  ) );
#5293 = PCURVE('',#5192,#5294);
#5294 = DEFINITIONAL_REPRESENTATION('',(#5295),#5299);
#5295 = LINE('',#5296,#5297);
#5296 = CARTESIAN_POINT('',(0.,0.));
#5297 = VECTOR('',#5298,1.);
#5298 = DIRECTION('',(1.,0.));
#5299 = ( GEOMETRIC_REPRESENTATION_CONTEXT(2) 
PARAMETRIC_REPRESENTATION_CONTEXT() REPRESENTATION_CONTEXT('2D SPACE',''
  ) );
#5300 = ORIENTED_EDGE('',*,*,#5153,.T.);
#5301 = ORIENTED_EDGE('',*,*,#4888,.T.);
#5302 = ORIENTED_EDGE('',*,*,#5303,.F.);
#5303 = EDGE_CURVE('',#5279,#4861,#5304,.T.);
#5304 = SURFACE_CURVE('',#5305,(#5309,#5316),.PCURVE_S1.);
#5305 = LINE('',#5306,#5307);
#5306 = CARTESIAN_POINT('',(23.15,-21.,4.85));
#5307 = VECTOR('',#5308,1.);
#5308 = DIRECTION('',(0.,0.,1.));
#5309 = PCURVE('',#4902,#5310);
#5310 = DEFINITIONAL_REPRESENTATION('',(#5311),#5315);
#5311 = LINE('',#5312,#5313);
#5312 = CARTESIAN_POINT('',(0.,46.3));
#5313 = VECTOR('',#5314,1.);
#5314 = DIRECTION('',(1.,0.));
#5315 = ( GEOMETRIC_REPRESENTATION_CONTEXT(2) 
PARAMETRIC_REPRESENTATION_CONTEXT() REPRESENTATION_CONTEXT('2D SPACE',''
  ) );
#5316 = PCURVE('',#4876,#5317);
#5317 = DEFINITIONAL_REPRESENTATION('',(#5318),#5322);
#5318 = LINE('',#5319,#5320);
#5319 = CARTESIAN_POINT('',(0.,0.));
#5320 = VECTOR('',#5321,1.);
#5321 = DIRECTION('',(1.,0.));
#5322 = ( GEOMETRIC_REPRESENTATION_CONTEXT(2) 
PARAMETRIC_REPRESENTATION_CONTEXT() REPRESENTATION_CONTEXT('2D SPACE',''
  ) );
#5323 = ADVANCED_FACE('',(#5324),#4876,.T.);
#5324 = FACE_BOUND('',#5325,.T.);
#5325 = EDGE_LOOP('',(#5326,#5327,#5348,#5349));
#5326 = ORIENTED_EDGE('',*,*,#5303,.F.);
#5327 = ORIENTED_EDGE('',*,*,#5328,.T.);
#5328 = EDGE_CURVE('',#5279,#5230,#5329,.T.);
#5329 = SURFACE_CURVE('',#5330,(#5334,#5341),.PCURVE_S1.);
#5330 = LINE('',#5331,#5332);
#5331 = CARTESIAN_POINT('',(23.15,-21.,4.85));
#5332 = VECTOR('',#5333,1.);
#5333 = DIRECTION('',(-0.,1.,0.));
#5334 = PCURVE('',#4876,#5335);
#5335 = DEFINITIONAL_REPRESENTATION('',(#5336),#5340);
#5336 = LINE('',#5337,#5338);
#5337 = CARTESIAN_POINT('',(0.,0.));
#5338 = VECTOR('',#5339,1.);
#5339 = DIRECTION('',(0.,-1.));
#5340 = ( GEOMETRIC_REPRESENTATION_CONTEXT(2) 
PARAMETRIC_REPRESENTATION_CONTEXT() REPRESENTATION_CONTEXT('2D SPACE',''
  ) );
#5341 = PCURVE('',#5192,#5342);
#5342 = DEFINITIONAL_REPRESENTATION('',(#5343),#5347);
#5343 = LINE('',#5344,#5345);
#5344 = CARTESIAN_POINT('',(46.3,0.));
#5345 = VECTOR('',#5346,1.);
#5346 = DIRECTION('',(0.,1.));
#5347 = ( GEOMETRIC_REPRESENTATION_CONTEXT(2) 
PARAMETRIC_REPRESENTATION_CONTEXT() REPRESENTATION_CONTEXT('2D SPACE',''
  ) );
#5348 = ORIENTED_EDGE('',*,*,#5254,.T.);
#5349 = ORIENTED_EDGE('',*,*,#4860,.F.);
#5350 = ADVANCED_FACE('',(#5351),#4933,.T.);
#5351 = FACE_BOUND('',#5352,.T.);
#5352 = EDGE_LOOP('',(#5353,#5376,#5377,#5400));
#5353 = ORIENTED_EDGE('',*,*,#5354,.F.);
#5354 = EDGE_CURVE('',#4917,#5355,#5357,.T.);
#5355 = VERTEX_POINT('',#5356);
#5356 = CARTESIAN_POINT('',(12.9,-12.4,9.72));
#5357 = SURFACE_CURVE('',#5358,(#5362,#5369),.PCURVE_S1.);
#5358 = LINE('',#5359,#5360);
#5359 = CARTESIAN_POINT('',(12.9,-12.4,4.8));
#5360 = VECTOR('',#5361,1.);
#5361 = DIRECTION('',(0.,0.,1.));
#5362 = PCURVE('',#4933,#5363);
#5363 = DEFINITIONAL_REPRESENTATION('',(#5364),#5368);
#5364 = LINE('',#5365,#5366);
#5365 = CARTESIAN_POINT('',(0.,25.8));
#5366 = VECTOR('',#5367,1.);
#5367 = DIRECTION('',(1.,0.));
#5368 = ( GEOMETRIC_REPRESENTATION_CONTEXT(2) 
PARAMETRIC_REPRESENTATION_CONTEXT() REPRESENTATION_CONTEXT('2D SPACE',''
  ) );
#5369 = PCURVE('',#5009,#5370);
#5370 = DEFINITIONAL_REPRESENTATION('',(#5371),#5375);
#5371 = LINE('',#5372,#5373);
#5372 = CARTESIAN_POINT('',(0.,0.));
#5373 = VECTOR('',#5374,1.);
#5374 = DIRECTION('',(1.,0.));
#5375 = ( GEOMETRIC_REPRESENTATION_CONTEXT(2) 
PARAMETRIC_REPRESENTATION_CONTEXT() REPRESENTATION_CONTEXT('2D SPACE',''
  ) );
#5376 = ORIENTED_EDGE('',*,*,#4916,.T.);
#5377 = ORIENTED_EDGE('',*,*,#5378,.T.);
#5378 = EDGE_CURVE('',#4919,#5379,#5381,.T.);
#5379 = VERTEX_POINT('',#5380);
#5380 = CARTESIAN_POINT('',(-12.9,-12.4,9.72));
#5381 = SURFACE_CURVE('',#5382,(#5386,#5393),.PCURVE_S1.);
#5382 = LINE('',#5383,#5384);
#5383 = CARTESIAN_POINT('',(-12.9,-12.4,4.8));
#5384 = VECTOR('',#5385,1.);
#5385 = DIRECTION('',(0.,0.,1.));
#5386 = PCURVE('',#4933,#5387);
#5387 = DEFINITIONAL_REPRESENTATION('',(#5388),#5392);
#5388 = LINE('',#5389,#5390);
#5389 = CARTESIAN_POINT('',(0.,0.));
#5390 = VECTOR('',#5391,1.);
#5391 = DIRECTION('',(1.,0.));
#5392 = ( GEOMETRIC_REPRESENTATION_CONTEXT(2) 
PARAMETRIC_REPRESENTATION_CONTEXT() REPRESENTATION_CONTEXT('2D SPACE',''
  ) );
#5393 = PCURVE('',#4959,#5394);
#5394 = DEFINITIONAL_REPRESENTATION('',(#5395),#5399);
#5395 = LINE('',#5396,#5397);
#5396 = CARTESIAN_POINT('',(0.,0.));
#5397 = VECTOR('',#5398,1.);
#5398 = DIRECTION('',(1.,0.));
#5399 = ( GEOMETRIC_REPRESENTATION_CONTEXT(2) 
PARAMETRIC_REPRESENTATION_CONTEXT() REPRESENTATION_CONTEXT('2D SPACE',''
  ) );
#5400 = ORIENTED_EDGE('',*,*,#5401,.T.);
#5401 = EDGE_CURVE('',#5379,#5355,#5402,.T.);
#5402 = SURFACE_CURVE('',#5403,(#5407,#5414),.PCURVE_S1.);
#5403 = LINE('',#5404,#5405);
#5404 = CARTESIAN_POINT('',(-12.9,-12.4,9.72));
#5405 = VECTOR('',#5406,1.);
#5406 = DIRECTION('',(1.,0.,-0.));
#5407 = PCURVE('',#4933,#5408);
#5408 = DEFINITIONAL_REPRESENTATION('',(#5409),#5413);
#5409 = LINE('',#5410,#5411);
#5410 = CARTESIAN_POINT('',(4.92,0.));
#5411 = VECTOR('',#5412,1.);
#5412 = DIRECTION('',(0.,1.));
#5413 = ( GEOMETRIC_REPRESENTATION_CONTEXT(2) 
PARAMETRIC_REPRESENTATION_CONTEXT() REPRESENTATION_CONTEXT('2D SPACE',''
  ) );
#5414 = PCURVE('',#5415,#5420);
#5415 = PLANE('',#5416);
#5416 = AXIS2_PLACEMENT_3D('',#5417,#5418,#5419);
#5417 = CARTESIAN_POINT('',(-12.9,-12.4,9.72));
#5418 = DIRECTION('',(0.,0.,1.));
#5419 = DIRECTION('',(1.,0.,-0.));
#5420 = DEFINITIONAL_REPRESENTATION('',(#5421),#5425);
#5421 = LINE('',#5422,#5423);
#5422 = CARTESIAN_POINT('',(0.,0.));
#5423 = VECTOR('',#5424,1.);
#5424 = DIRECTION('',(1.,0.));
#5425 = ( GEOMETRIC_REPRESENTATION_CONTEXT(2) 
PARAMETRIC_REPRESENTATION_CONTEXT() REPRESENTATION_CONTEXT('2D SPACE',''
  ) );
#5426 = ADVANCED_FACE('',(#5427),#5009,.F.);
#5427 = FACE_BOUND('',#5428,.F.);
#5428 = EDGE_LOOP('',(#5429,#5430,#5431,#5454));
#5429 = ORIENTED_EDGE('',*,*,#5354,.F.);
#5430 = ORIENTED_EDGE('',*,*,#4996,.T.);
#5431 = ORIENTED_EDGE('',*,*,#5432,.T.);
#5432 = EDGE_CURVE('',#4971,#5433,#5435,.T.);
#5433 = VERTEX_POINT('',#5434);
#5434 = CARTESIAN_POINT('',(12.9,23.4,9.72));
#5435 = SURFACE_CURVE('',#5436,(#5440,#5447),.PCURVE_S1.);
#5436 = LINE('',#5437,#5438);
#5437 = CARTESIAN_POINT('',(12.9,23.4,4.8));
#5438 = VECTOR('',#5439,1.);
#5439 = DIRECTION('',(0.,0.,1.));
#5440 = PCURVE('',#5009,#5441);
#5441 = DEFINITIONAL_REPRESENTATION('',(#5442),#5446);
#5442 = LINE('',#5443,#5444);
#5443 = CARTESIAN_POINT('',(0.,-35.8));
#5444 = VECTOR('',#5445,1.);
#5445 = DIRECTION('',(1.,0.));
#5446 = ( GEOMETRIC_REPRESENTATION_CONTEXT(2) 
PARAMETRIC_REPRESENTATION_CONTEXT() REPRESENTATION_CONTEXT('2D SPACE',''
  ) );
#5447 = PCURVE('',#4985,#5448);
#5448 = DEFINITIONAL_REPRESENTATION('',(#5449),#5453);
#5449 = LINE('',#5450,#5451);
#5450 = CARTESIAN_POINT('',(0.,25.8));
#5451 = VECTOR('',#5452,1.);
#5452 = DIRECTION('',(1.,0.));
#5453 = ( GEOMETRIC_REPRESENTATION_CONTEXT(2) 
PARAMETRIC_REPRESENTATION_CONTEXT() REPRESENTATION_CONTEXT('2D SPACE',''
  ) );
#5454 = ORIENTED_EDGE('',*,*,#5455,.F.);
#5455 = EDGE_CURVE('',#5355,#5433,#5456,.T.);
#5456 = SURFACE_CURVE('',#5457,(#5461,#5468),.PCURVE_S1.);
#5457 = LINE('',#5458,#5459);
#5458 = CARTESIAN_POINT('',(12.9,-12.4,9.72));
#5459 = VECTOR('',#5460,1.);
#5460 = DIRECTION('',(-0.,1.,0.));
#5461 = PCURVE('',#5009,#5462);
#5462 = DEFINITIONAL_REPRESENTATION('',(#5463),#5467);
#5463 = LINE('',#5464,#5465);
#5464 = CARTESIAN_POINT('',(4.92,0.));
#5465 = VECTOR('',#5466,1.);
#5466 = DIRECTION('',(0.,-1.));
#5467 = ( GEOMETRIC_REPRESENTATION_CONTEXT(2) 
PARAMETRIC_REPRESENTATION_CONTEXT() REPRESENTATION_CONTEXT('2D SPACE',''
  ) );
#5468 = PCURVE('',#5415,#5469);
#5469 = DEFINITIONAL_REPRESENTATION('',(#5470),#5474);
#5470 = LINE('',#5471,#5472);
#5471 = CARTESIAN_POINT('',(25.8,0.));
#5472 = VECTOR('',#5473,1.);
#5473 = DIRECTION('',(0.,1.));
#5474 = ( GEOMETRIC_REPRESENTATION_CONTEXT(2) 
PARAMETRIC_REPRESENTATION_CONTEXT() REPRESENTATION_CONTEXT('2D SPACE',''
  ) );
#5475 = ADVANCED_FACE('',(#5476),#4959,.T.);
#5476 = FACE_BOUND('',#5477,.T.);
#5477 = EDGE_LOOP('',(#5478,#5479,#5480,#5503));
#5478 = ORIENTED_EDGE('',*,*,#5378,.F.);
#5479 = ORIENTED_EDGE('',*,*,#4944,.T.);
#5480 = ORIENTED_EDGE('',*,*,#5481,.T.);
#5481 = EDGE_CURVE('',#4945,#5482,#5484,.T.);
#5482 = VERTEX_POINT('',#5483);
#5483 = CARTESIAN_POINT('',(-12.9,23.4,9.72));
#5484 = SURFACE_CURVE('',#5485,(#5489,#5496),.PCURVE_S1.);
#5485 = LINE('',#5486,#5487);
#5486 = CARTESIAN_POINT('',(-12.9,23.4,4.8));
#5487 = VECTOR('',#5488,1.);
#5488 = DIRECTION('',(0.,0.,1.));
#5489 = PCURVE('',#4959,#5490);
#5490 = DEFINITIONAL_REPRESENTATION('',(#5491),#5495);
#5491 = LINE('',#5492,#5493);
#5492 = CARTESIAN_POINT('',(0.,-35.8));
#5493 = VECTOR('',#5494,1.);
#5494 = DIRECTION('',(1.,0.));
#5495 = ( GEOMETRIC_REPRESENTATION_CONTEXT(2) 
PARAMETRIC_REPRESENTATION_CONTEXT() REPRESENTATION_CONTEXT('2D SPACE',''
  ) );
#5496 = PCURVE('',#4985,#5497);
#5497 = DEFINITIONAL_REPRESENTATION('',(#5498),#5502);
#5498 = LINE('',#5499,#5500);
#5499 = CARTESIAN_POINT('',(0.,0.));
#5500 = VECTOR('',#5501,1.);
#5501 = DIRECTION('',(1.,0.));
#5502 = ( GEOMETRIC_REPRESENTATION_CONTEXT(2) 
PARAMETRIC_REPRESENTATION_CONTEXT() REPRESENTATION_CONTEXT('2D SPACE',''
  ) );
#5503 = ORIENTED_EDGE('',*,*,#5504,.F.);
#5504 = EDGE_CURVE('',#5379,#5482,#5505,.T.);
#5505 = SURFACE_CURVE('',#5506,(#5510,#5517),.PCURVE_S1.);
#5506 = LINE('',#5507,#5508);
#5507 = CARTESIAN_POINT('',(-12.9,-12.4,9.72));
#5508 = VECTOR('',#5509,1.);
#5509 = DIRECTION('',(-0.,1.,0.));
#5510 = PCURVE('',#4959,#5511);
#5511 = DEFINITIONAL_REPRESENTATION('',(#5512),#5516);
#5512 = LINE('',#5513,#5514);
#5513 = CARTESIAN_POINT('',(4.92,0.));
#5514 = VECTOR('',#5515,1.);
#5515 = DIRECTION('',(0.,-1.));
#5516 = ( GEOMETRIC_REPRESENTATION_CONTEXT(2) 
PARAMETRIC_REPRESENTATION_CONTEXT() REPRESENTATION_CONTEXT('2D SPACE',''
  ) );
#5517 = PCURVE('',#5415,#5518);
#5518 = DEFINITIONAL_REPRESENTATION('',(#5519),#5523);
#5519 = LINE('',#5520,#5521);
#5520 = CARTESIAN_POINT('',(0.,0.));
#5521 = VECTOR('',#5522,1.);
#5522 = DIRECTION('',(0.,1.));
#5523 = ( GEOMETRIC_REPRESENTATION_CONTEXT(2) 
PARAMETRIC_REPRESENTATION_CONTEXT() REPRESENTATION_CONTEXT('2D SPACE',''
  ) );
#5524 = ADVANCED_FACE('',(#5525),#4985,.F.);
#5525 = FACE_BOUND('',#5526,.F.);
#5526 = EDGE_LOOP('',(#5527,#5528,#5529,#5530));
#5527 = ORIENTED_EDGE('',*,*,#5432,.F.);
#5528 = ORIENTED_EDGE('',*,*,#4970,.T.);
#5529 = ORIENTED_EDGE('',*,*,#5481,.T.);
#5530 = ORIENTED_EDGE('',*,*,#5531,.T.);
#5531 = EDGE_CURVE('',#5482,#5433,#5532,.T.);
#5532 = SURFACE_CURVE('',#5533,(#5537,#5544),.PCURVE_S1.);
#5533 = LINE('',#5534,#5535);
#5534 = CARTESIAN_POINT('',(-12.9,23.4,9.72));
#5535 = VECTOR('',#5536,1.);
#5536 = DIRECTION('',(1.,0.,-0.));
#5537 = PCURVE('',#4985,#5538);
#5538 = DEFINITIONAL_REPRESENTATION('',(#5539),#5543);
#5539 = LINE('',#5540,#5541);
#5540 = CARTESIAN_POINT('',(4.92,0.));
#5541 = VECTOR('',#5542,1.);
#5542 = DIRECTION('',(0.,1.));
#5543 = ( GEOMETRIC_REPRESENTATION_CONTEXT(2) 
PARAMETRIC_REPRESENTATION_CONTEXT() REPRESENTATION_CONTEXT('2D SPACE',''
  ) );
#5544 = PCURVE('',#5415,#5545);
#5545 = DEFINITIONAL_REPRESENTATION('',(#5546),#5550);
#5546 = LINE('',#5547,#5548);
#5547 = CARTESIAN_POINT('',(0.,35.8));
#5548 = VECTOR('',#5549,1.);
#5549 = DIRECTION('',(1.,0.));
#5550 = ( GEOMETRIC_REPRESENTATION_CONTEXT(2) 
PARAMETRIC_REPRESENTATION_CONTEXT() REPRESENTATION_CONTEXT('2D SPACE',''
  ) );
#5551 = ADVANCED_FACE('',(#5552),#5040,.F.);
#5552 = FACE_BOUND('',#5553,.F.);
#5553 = EDGE_LOOP('',(#5554,#5577,#5605,#5626));
#5554 = ORIENTED_EDGE('',*,*,#5555,.F.);
#5555 = EDGE_CURVE('',#5556,#5023,#5558,.T.);
#5556 = VERTEX_POINT('',#5557);
#5557 = CARTESIAN_POINT('',(-23.15,29.,4.85));
#5558 = SURFACE_CURVE('',#5559,(#5563,#5570),.PCURVE_S1.);
#5559 = LINE('',#5560,#5561);
#5560 = CARTESIAN_POINT('',(-23.15,29.,4.85));
#5561 = VECTOR('',#5562,1.);
#5562 = DIRECTION('',(0.,0.,1.));
#5563 = PCURVE('',#5040,#5564);
#5564 = DEFINITIONAL_REPRESENTATION('',(#5565),#5569);
#5565 = LINE('',#5566,#5567);
#5566 = CARTESIAN_POINT('',(0.,0.));
#5567 = VECTOR('',#5568,1.);
#5568 = DIRECTION('',(1.,0.));
#5569 = ( GEOMETRIC_REPRESENTATION_CONTEXT(2) 
PARAMETRIC_REPRESENTATION_CONTEXT() REPRESENTATION_CONTEXT('2D SPACE',''
  ) );
#5570 = PCURVE('',#5122,#5571);
#5571 = DEFINITIONAL_REPRESENTATION('',(#5572),#5576);
#5572 = LINE('',#5573,#5574);
#5573 = CARTESIAN_POINT('',(0.,0.));
#5574 = VECTOR('',#5575,1.);
#5575 = DIRECTION('',(1.,0.));
#5576 = ( GEOMETRIC_REPRESENTATION_CONTEXT(2) 
PARAMETRIC_REPRESENTATION_CONTEXT() REPRESENTATION_CONTEXT('2D SPACE',''
  ) );
#5577 = ORIENTED_EDGE('',*,*,#5578,.T.);
#5578 = EDGE_CURVE('',#5556,#5579,#5581,.T.);
#5579 = VERTEX_POINT('',#5580);
#5580 = CARTESIAN_POINT('',(-23.15,31.,4.85));
#5581 = SURFACE_CURVE('',#5582,(#5586,#5593),.PCURVE_S1.);
#5582 = LINE('',#5583,#5584);
#5583 = CARTESIAN_POINT('',(-23.15,29.,4.85));
#5584 = VECTOR('',#5585,1.);
#5585 = DIRECTION('',(-0.,1.,0.));
#5586 = PCURVE('',#5040,#5587);
#5587 = DEFINITIONAL_REPRESENTATION('',(#5588),#5592);
#5588 = LINE('',#5589,#5590);
#5589 = CARTESIAN_POINT('',(0.,0.));
#5590 = VECTOR('',#5591,1.);
#5591 = DIRECTION('',(0.,-1.));
#5592 = ( GEOMETRIC_REPRESENTATION_CONTEXT(2) 
PARAMETRIC_REPRESENTATION_CONTEXT() REPRESENTATION_CONTEXT('2D SPACE',''
  ) );
#5593 = PCURVE('',#5594,#5599);
#5594 = PLANE('',#5595);
#5595 = AXIS2_PLACEMENT_3D('',#5596,#5597,#5598);
#5596 = CARTESIAN_POINT('',(-23.15,29.,4.85));
#5597 = DIRECTION('',(0.,0.,1.));
#5598 = DIRECTION('',(1.,0.,-0.));
#5599 = DEFINITIONAL_REPRESENTATION('',(#5600),#5604);
#5600 = LINE('',#5601,#5602);
#5601 = CARTESIAN_POINT('',(0.,0.));
#5602 = VECTOR('',#5603,1.);
#5603 = DIRECTION('',(0.,1.));
#5604 = ( GEOMETRIC_REPRESENTATION_CONTEXT(2) 
PARAMETRIC_REPRESENTATION_CONTEXT() REPRESENTATION_CONTEXT('2D SPACE',''
  ) );
#5605 = ORIENTED_EDGE('',*,*,#5606,.T.);
#5606 = EDGE_CURVE('',#5579,#5025,#5607,.T.);
#5607 = SURFACE_CURVE('',#5608,(#5612,#5619),.PCURVE_S1.);
#5608 = LINE('',#5609,#5610);
#5609 = CARTESIAN_POINT('',(-23.15,31.,4.85));
#5610 = VECTOR('',#5611,1.);
#5611 = DIRECTION('',(0.,0.,1.));
#5612 = PCURVE('',#5040,#5613);
#5613 = DEFINITIONAL_REPRESENTATION('',(#5614),#5618);
#5614 = LINE('',#5615,#5616);
#5615 = CARTESIAN_POINT('',(0.,-2.));
#5616 = VECTOR('',#5617,1.);
#5617 = DIRECTION('',(1.,0.));
#5618 = ( GEOMETRIC_REPRESENTATION_CONTEXT(2) 
PARAMETRIC_REPRESENTATION_CONTEXT() REPRESENTATION_CONTEXT('2D SPACE',''
  ) );
#5619 = PCURVE('',#5068,#5620);
#5620 = DEFINITIONAL_REPRESENTATION('',(#5621),#5625);
#5621 = LINE('',#5622,#5623);
#5622 = CARTESIAN_POINT('',(0.,0.));
#5623 = VECTOR('',#5624,1.);
#5624 = DIRECTION('',(1.,0.));
#5625 = ( GEOMETRIC_REPRESENTATION_CONTEXT(2) 
PARAMETRIC_REPRESENTATION_CONTEXT() REPRESENTATION_CONTEXT('2D SPACE',''
  ) );
#5626 = ORIENTED_EDGE('',*,*,#5022,.F.);
#5627 = ADVANCED_FACE('',(#5628),#5068,.T.);
#5628 = FACE_BOUND('',#5629,.T.);
#5629 = EDGE_LOOP('',(#5630,#5653,#5654,#5655));
#5630 = ORIENTED_EDGE('',*,*,#5631,.F.);
#5631 = EDGE_CURVE('',#5579,#5632,#5634,.T.);
#5632 = VERTEX_POINT('',#5633);
#5633 = CARTESIAN_POINT('',(23.15,31.,4.85));
#5634 = SURFACE_CURVE('',#5635,(#5639,#5646),.PCURVE_S1.);
#5635 = LINE('',#5636,#5637);
#5636 = CARTESIAN_POINT('',(-23.15,31.,4.85));
#5637 = VECTOR('',#5638,1.);
#5638 = DIRECTION('',(1.,0.,-0.));
#5639 = PCURVE('',#5068,#5640);
#5640 = DEFINITIONAL_REPRESENTATION('',(#5641),#5645);
#5641 = LINE('',#5642,#5643);
#5642 = CARTESIAN_POINT('',(0.,0.));
#5643 = VECTOR('',#5644,1.);
#5644 = DIRECTION('',(0.,1.));
#5645 = ( GEOMETRIC_REPRESENTATION_CONTEXT(2) 
PARAMETRIC_REPRESENTATION_CONTEXT() REPRESENTATION_CONTEXT('2D SPACE',''
  ) );
#5646 = PCURVE('',#5594,#5647);
#5647 = DEFINITIONAL_REPRESENTATION('',(#5648),#5652);
#5648 = LINE('',#5649,#5650);
#5649 = CARTESIAN_POINT('',(0.,2.));
#5650 = VECTOR('',#5651,1.);
#5651 = DIRECTION('',(1.,0.));
#5652 = ( GEOMETRIC_REPRESENTATION_CONTEXT(2) 
PARAMETRIC_REPRESENTATION_CONTEXT() REPRESENTATION_CONTEXT('2D SPACE',''
  ) );
#5653 = ORIENTED_EDGE('',*,*,#5606,.T.);
#5654 = ORIENTED_EDGE('',*,*,#5052,.T.);
#5655 = ORIENTED_EDGE('',*,*,#5656,.F.);
#5656 = EDGE_CURVE('',#5632,#5053,#5657,.T.);
#5657 = SURFACE_CURVE('',#5658,(#5662,#5669),.PCURVE_S1.);
#5658 = LINE('',#5659,#5660);
#5659 = CARTESIAN_POINT('',(23.15,31.,4.85));
#5660 = VECTOR('',#5661,1.);
#5661 = DIRECTION('',(0.,0.,1.));
#5662 = PCURVE('',#5068,#5663);
#5663 = DEFINITIONAL_REPRESENTATION('',(#5664),#5668);
#5664 = LINE('',#5665,#5666);
#5665 = CARTESIAN_POINT('',(0.,46.3));
#5666 = VECTOR('',#5667,1.);
#5667 = DIRECTION('',(1.,0.));
#5668 = ( GEOMETRIC_REPRESENTATION_CONTEXT(2) 
PARAMETRIC_REPRESENTATION_CONTEXT() REPRESENTATION_CONTEXT('2D SPACE',''
  ) );
#5669 = PCURVE('',#5096,#5670);
#5670 = DEFINITIONAL_REPRESENTATION('',(#5671),#5675);
#5671 = LINE('',#5672,#5673);
#5672 = CARTESIAN_POINT('',(0.,-2.));
#5673 = VECTOR('',#5674,1.);
#5674 = DIRECTION('',(1.,0.));
#5675 = ( GEOMETRIC_REPRESENTATION_CONTEXT(2) 
PARAMETRIC_REPRESENTATION_CONTEXT() REPRESENTATION_CONTEXT('2D SPACE',''
  ) );
#5676 = ADVANCED_FACE('',(#5677),#5122,.F.);
#5677 = FACE_BOUND('',#5678,.F.);
#5678 = EDGE_LOOP('',(#5679,#5702,#5703,#5704));
#5679 = ORIENTED_EDGE('',*,*,#5680,.F.);
#5680 = EDGE_CURVE('',#5556,#5681,#5683,.T.);
#5681 = VERTEX_POINT('',#5682);
#5682 = CARTESIAN_POINT('',(23.15,29.,4.85));
#5683 = SURFACE_CURVE('',#5684,(#5688,#5695),.PCURVE_S1.);
#5684 = LINE('',#5685,#5686);
#5685 = CARTESIAN_POINT('',(-23.15,29.,4.85));
#5686 = VECTOR('',#5687,1.);
#5687 = DIRECTION('',(1.,0.,-0.));
#5688 = PCURVE('',#5122,#5689);
#5689 = DEFINITIONAL_REPRESENTATION('',(#5690),#5694);
#5690 = LINE('',#5691,#5692);
#5691 = CARTESIAN_POINT('',(0.,0.));
#5692 = VECTOR('',#5693,1.);
#5693 = DIRECTION('',(0.,1.));
#5694 = ( GEOMETRIC_REPRESENTATION_CONTEXT(2) 
PARAMETRIC_REPRESENTATION_CONTEXT() REPRESENTATION_CONTEXT('2D SPACE',''
  ) );
#5695 = PCURVE('',#5594,#5696);
#5696 = DEFINITIONAL_REPRESENTATION('',(#5697),#5701);
#5697 = LINE('',#5698,#5699);
#5698 = CARTESIAN_POINT('',(0.,0.));
#5699 = VECTOR('',#5700,1.);
#5700 = DIRECTION('',(1.,0.));
#5701 = ( GEOMETRIC_REPRESENTATION_CONTEXT(2) 
PARAMETRIC_REPRESENTATION_CONTEXT() REPRESENTATION_CONTEXT('2D SPACE',''
  ) );
#5702 = ORIENTED_EDGE('',*,*,#5555,.T.);
#5703 = ORIENTED_EDGE('',*,*,#5108,.T.);
#5704 = ORIENTED_EDGE('',*,*,#5705,.F.);
#5705 = EDGE_CURVE('',#5681,#5081,#5706,.T.);
#5706 = SURFACE_CURVE('',#5707,(#5711,#5718),.PCURVE_S1.);
#5707 = LINE('',#5708,#5709);
#5708 = CARTESIAN_POINT('',(23.15,29.,4.85));
#5709 = VECTOR('',#5710,1.);
#5710 = DIRECTION('',(0.,0.,1.));
#5711 = PCURVE('',#5122,#5712);
#5712 = DEFINITIONAL_REPRESENTATION('',(#5713),#5717);
#5713 = LINE('',#5714,#5715);
#5714 = CARTESIAN_POINT('',(0.,46.3));
#5715 = VECTOR('',#5716,1.);
#5716 = DIRECTION('',(1.,0.));
#5717 = ( GEOMETRIC_REPRESENTATION_CONTEXT(2) 
PARAMETRIC_REPRESENTATION_CONTEXT() REPRESENTATION_CONTEXT('2D SPACE',''
  ) );
#5718 = PCURVE('',#5096,#5719);
#5719 = DEFINITIONAL_REPRESENTATION('',(#5720),#5724);
#5720 = LINE('',#5721,#5722);
#5721 = CARTESIAN_POINT('',(0.,0.));
#5722 = VECTOR('',#5723,1.);
#5723 = DIRECTION('',(1.,0.));
#5724 = ( GEOMETRIC_REPRESENTATION_CONTEXT(2) 
PARAMETRIC_REPRESENTATION_CONTEXT() REPRESENTATION_CONTEXT('2D SPACE',''
  ) );
#5725 = ADVANCED_FACE('',(#5726),#5096,.T.);
#5726 = FACE_BOUND('',#5727,.T.);
#5727 = EDGE_LOOP('',(#5728,#5729,#5750,#5751));
#5728 = ORIENTED_EDGE('',*,*,#5705,.F.);
#5729 = ORIENTED_EDGE('',*,*,#5730,.T.);
#5730 = EDGE_CURVE('',#5681,#5632,#5731,.T.);
#5731 = SURFACE_CURVE('',#5732,(#5736,#5743),.PCURVE_S1.);
#5732 = LINE('',#5733,#5734);
#5733 = CARTESIAN_POINT('',(23.15,29.,4.85));
#5734 = VECTOR('',#5735,1.);
#5735 = DIRECTION('',(-0.,1.,0.));
#5736 = PCURVE('',#5096,#5737);
#5737 = DEFINITIONAL_REPRESENTATION('',(#5738),#5742);
#5738 = LINE('',#5739,#5740);
#5739 = CARTESIAN_POINT('',(0.,0.));
#5740 = VECTOR('',#5741,1.);
#5741 = DIRECTION('',(0.,-1.));
#5742 = ( GEOMETRIC_REPRESENTATION_CONTEXT(2) 
PARAMETRIC_REPRESENTATION_CONTEXT() REPRESENTATION_CONTEXT('2D SPACE',''
  ) );
#5743 = PCURVE('',#5594,#5744);
#5744 = DEFINITIONAL_REPRESENTATION('',(#5745),#5749);
#5745 = LINE('',#5746,#5747);
#5746 = CARTESIAN_POINT('',(46.3,0.));
#5747 = VECTOR('',#5748,1.);
#5748 = DIRECTION('',(0.,1.));
#5749 = ( GEOMETRIC_REPRESENTATION_CONTEXT(2) 
PARAMETRIC_REPRESENTATION_CONTEXT() REPRESENTATION_CONTEXT('2D SPACE',''
  ) );
#5750 = ORIENTED_EDGE('',*,*,#5656,.T.);
#5751 = ORIENTED_EDGE('',*,*,#5080,.F.);
#5752 = ADVANCED_FACE('',(#5753),#5192,.F.);
#5753 = FACE_BOUND('',#5754,.F.);
#5754 = EDGE_LOOP('',(#5755,#5756,#5757,#5758));
#5755 = ORIENTED_EDGE('',*,*,#5176,.F.);
#5756 = ORIENTED_EDGE('',*,*,#5278,.T.);
#5757 = ORIENTED_EDGE('',*,*,#5328,.T.);
#5758 = ORIENTED_EDGE('',*,*,#5229,.F.);
#5759 = ADVANCED_FACE('',(#5760),#5415,.F.);
#5760 = FACE_BOUND('',#5761,.F.);
#5761 = EDGE_LOOP('',(#5762,#5763,#5764,#5765));
#5762 = ORIENTED_EDGE('',*,*,#5504,.F.);
#5763 = ORIENTED_EDGE('',*,*,#5401,.T.);
#5764 = ORIENTED_EDGE('',*,*,#5455,.T.);
#5765 = ORIENTED_EDGE('',*,*,#5531,.F.);
#5766 = ADVANCED_FACE('',(#5767),#5594,.F.);
#5767 = FACE_BOUND('',#5768,.F.);
#5768 = EDGE_LOOP('',(#5769,#5770,#5771,#5772));
#5769 = ORIENTED_EDGE('',*,*,#5578,.F.);
#5770 = ORIENTED_EDGE('',*,*,#5680,.T.);
#5771 = ORIENTED_EDGE('',*,*,#5730,.T.);
#5772 = ORIENTED_EDGE('',*,*,#5631,.F.);
#5773 = ( GEOMETRIC_REPRESENTATION_CONTEXT(3) 
GLOBAL_UNCERTAINTY_ASSIGNED_CONTEXT((#5777)) 
GLOBAL_UNIT_ASSIGNED_CONTEXT((#5774,#5775,#5776)) REPRESENTATION_CONTEXT
('Context #1','3D Context with UNIT and UNCERTAINTY') );
#5774 = ( LENGTH_UNIT() NAMED_UNIT(*) SI_UNIT(.MILLI.,.METRE.) );
#5775 = ( NAMED_UNIT(*) PLANE_ANGLE_UNIT() SI_UNIT($,.RADIAN.) );
#5776 = ( NAMED_UNIT(*) SI_UNIT($,.STERADIAN.) SOLID_ANGLE_UNIT() );
#5777 = UNCERTAINTY_MEASURE_WITH_UNIT(LENGTH_MEASURE(1.E-07),#5774,
  'distance_accuracy_value','confusion accuracy');
#5778 = PRODUCT_RELATED_PRODUCT_CATEGORY('part',$,(#7));
ENDSEC;
END-ISO-10303-21;
