ISO-10303-21;
HEADER;
FILE_DESCRIPTION(('Open CASCADE Model'),'2;1');
FILE_NAME('Open CASCADE Shape Model','2026-10-07T21:09:36',('Author'),(
    'Open CASCADE'),'Open CASCADE STEP processor 8.0','build123d',
  'Unknown');
FILE_SCHEMA(('AUTOMOTIVE_DESIGN { 1 0 10303 214 1 1 1 1 }'));
ENDSEC;
DATA;
#1 = APPLICATION_PROTOCOL_DEFINITION('international standard',
  'automotive_design',2000,#2);
#2 = APPLICATION_CONTEXT(
  'core data for automotive mechanical design processes');
#3 = SHAPE_DEFINITION_REPRESENTATION(#4,#10);
#4 = PRODUCT_DEFINITION_SHAPE('','',#5);
#5 = PRODUCT_DEFINITION('design','',#6,#9);
#6 = PRODUCT_DEFINITION_FORMATION('','',#7);
#7 = PRODUCT('COMPOUND','COMPOUND','',(#8));
#8 = PRODUCT_CONTEXT('',#2,'mechanical');
#9 = PRODUCT_DEFINITION_CONTEXT('part definition',#2,'design');
#10 = SHAPE_REPRESENTATION('',(#11,#15,#7486),#9520);
#11 = AXIS2_PLACEMENT_3D('',#12,#13,#14);
#12 = CARTESIAN_POINT('',(0.,0.,0.));
#13 = DIRECTION('',(0.,0.,1.));
#14 = DIRECTION('',(1.,0.,-0.));
#15 = MANIFOLD_SOLID_BREP('',#16);
#16 = CLOSED_SHELL('',(#17,#242,#327,#1191,#1295,#1344,#1416,#1469,#2617
    ,#2642,#2669,#2694,#2721,#2748,#2773,#2800,#2825,#2899,#2926,#2978,
    #3088,#3156,#3232,#3239,#3294,#3349,#3425,#3475,#3529,#3837,#3886,
    #4059,#4109,#4242,#4297,#4352,#4379,#4492,#4561,#4608,#4677,#4704,
    #4773,#4820,#4867,#4892,#4903,#4980,#5029,#5079,#5106,#5110,#5114,
    #5516,#5716,#5822,#5867,#5943,#5988,#6182,#6209,#6234,#6279,#6450,
    #6477,#6481,#6485,#6561,#6610,#6659,#6686,#6799,#6826,#6853,#6880,
    #6905,#6932,#6981,#7006,#7071,#7078,#7133,#7188,#7195,#7222,#7229,
    #7256,#7263,#7270,#7346,#7395,#7444,#7471,#7475,#7479));
#17 = ADVANCED_FACE('',(#18),#32,.T.);
#18 = FACE_BOUND('',#19,.T.);
#19 = EDGE_LOOP('',(#20,#55,#81,#109,#137,#165,#193,#221));
#20 = ORIENTED_EDGE('',*,*,#21,.F.);
#21 = EDGE_CURVE('',#22,#24,#26,.T.);
#22 = VERTEX_POINT('',#23);
#23 = CARTESIAN_POINT('',(-25.15,32.15,-2.123438300723));
#24 = VERTEX_POINT('',#25);
#25 = CARTESIAN_POINT('',(-25.15,32.15,4.8));
#26 = SURFACE_CURVE('',#27,(#31,#43),.PCURVE_S1.);
#27 = LINE('',#28,#29);
#28 = CARTESIAN_POINT('',(-25.15,32.15,-2.723438300723));
#29 = VECTOR('',#30,1.);
#30 = DIRECTION('',(0.,0.,1.));
#31 = PCURVE('',#32,#37);
#32 = PLANE('',#33);
#33 = AXIS2_PLACEMENT_3D('',#34,#35,#36);
#34 = CARTESIAN_POINT('',(-25.15,-32.15,-2.723438300723));
#35 = DIRECTION('',(-1.,0.,0.));
#36 = DIRECTION('',(0.,1.,0.));
#37 = DEFINITIONAL_REPRESENTATION('',(#38),#42);
#38 = LINE('',#39,#40);
#39 = CARTESIAN_POINT('',(64.3,0.));
#40 = VECTOR('',#41,1.);
#41 = DIRECTION('',(0.,-1.));
#42 = ( GEOMETRIC_REPRESENTATION_CONTEXT(2) 
PARAMETRIC_REPRESENTATION_CONTEXT() REPRESENTATION_CONTEXT('2D SPACE',''
  ) );
#43 = PCURVE('',#44,#49);
#44 = CYLINDRICAL_SURFACE('',#45,5.);
#45 = AXIS2_PLACEMENT_3D('',#46,#47,#48);
#46 = CARTESIAN_POINT('',(-20.15,32.15,-2.723438300723));
#47 = DIRECTION('',(0.,0.,-1.));
#48 = DIRECTION('',(-1.,0.,0.));
#49 = DEFINITIONAL_REPRESENTATION('',(#50),#54);
#50 = LINE('',#51,#52);
#51 = CARTESIAN_POINT('',(0.,0.));
#52 = VECTOR('',#53,1.);
#53 = DIRECTION('',(0.,-1.));
#54 = ( GEOMETRIC_REPRESENTATION_CONTEXT(2) 
PARAMETRIC_REPRESENTATION_CONTEXT() REPRESENTATION_CONTEXT('2D SPACE',''
  ) );
#55 = ORIENTED_EDGE('',*,*,#56,.T.);
#56 = EDGE_CURVE('',#22,#57,#59,.T.);
#57 = VERTEX_POINT('',#58);
#58 = CARTESIAN_POINT('',(-25.15,-32.15,-2.123438300723));
#59 = SURFACE_CURVE('',#60,(#64,#70),.PCURVE_S1.);
#60 = LINE('',#61,#62);
#61 = CARTESIAN_POINT('',(-25.15,111.45,-2.123438300723));
#62 = VECTOR('',#63,1.);
#63 = DIRECTION('',(0.,-1.,2.22044604925E-16));
#64 = PCURVE('',#32,#65);
#65 = DEFINITIONAL_REPRESENTATION('',(#66),#69);
#66 = B_SPLINE_CURVE_WITH_KNOTS('',1,(#67,#68),.UNSPECIFIED.,.F.,.F.,(2,
    2),(72.87,150.03),.PIECEWISE_BEZIER_KNOTS.);
#67 = CARTESIAN_POINT('',(70.73,-0.6));
#68 = CARTESIAN_POINT('',(-6.43,-0.6));
#69 = ( GEOMETRIC_REPRESENTATION_CONTEXT(2) 
PARAMETRIC_REPRESENTATION_CONTEXT() REPRESENTATION_CONTEXT('2D SPACE',''
  ) );
#70 = PCURVE('',#71,#76);
#71 = CYLINDRICAL_SURFACE('',#72,150.);
#72 = AXIS2_PLACEMENT_3D('',#73,#74,#75);
#73 = CARTESIAN_POINT('',(0.,111.45,-150.));
#74 = DIRECTION('',(0.,-1.,2.22044604925E-16));
#75 = DIRECTION('',(1.,0.,0.));
#76 = DEFINITIONAL_REPRESENTATION('',(#77),#80);
#77 = B_SPLINE_CURVE_WITH_KNOTS('',1,(#78,#79),.UNSPECIFIED.,.F.,.F.,(2,
    2),(72.87,150.03),.PIECEWISE_BEZIER_KNOTS.);
#78 = CARTESIAN_POINT('',(1.739258678239,72.87));
#79 = CARTESIAN_POINT('',(1.739258678239,150.03));
#80 = ( GEOMETRIC_REPRESENTATION_CONTEXT(2) 
PARAMETRIC_REPRESENTATION_CONTEXT() REPRESENTATION_CONTEXT('2D SPACE',''
  ) );
#81 = ORIENTED_EDGE('',*,*,#82,.T.);
#82 = EDGE_CURVE('',#57,#83,#85,.T.);
#83 = VERTEX_POINT('',#84);
#84 = CARTESIAN_POINT('',(-25.15,-32.15,4.8));
#85 = SURFACE_CURVE('',#86,(#90,#97),.PCURVE_S1.);
#86 = LINE('',#87,#88);
#87 = CARTESIAN_POINT('',(-25.15,-32.15,-2.723438300723));
#88 = VECTOR('',#89,1.);
#89 = DIRECTION('',(0.,0.,1.));
#90 = PCURVE('',#32,#91);
#91 = DEFINITIONAL_REPRESENTATION('',(#92),#96);
#92 = LINE('',#93,#94);
#93 = CARTESIAN_POINT('',(0.,0.));
#94 = VECTOR('',#95,1.);
#95 = DIRECTION('',(0.,-1.));
#96 = ( GEOMETRIC_REPRESENTATION_CONTEXT(2) 
PARAMETRIC_REPRESENTATION_CONTEXT() REPRESENTATION_CONTEXT('2D SPACE',''
  ) );
#97 = PCURVE('',#98,#103);
#98 = CYLINDRICAL_SURFACE('',#99,5.);
#99 = AXIS2_PLACEMENT_3D('',#100,#101,#102);
#100 = CARTESIAN_POINT('',(-20.15,-32.15,-2.723438300723));
#101 = DIRECTION('',(0.,0.,-1.));
#102 = DIRECTION('',(-1.,0.,0.));
#103 = DEFINITIONAL_REPRESENTATION('',(#104),#108);
#104 = LINE('',#105,#106);
#105 = CARTESIAN_POINT('',(6.28318530718,0.));
#106 = VECTOR('',#107,1.);
#107 = DIRECTION('',(0.,-1.));
#108 = ( GEOMETRIC_REPRESENTATION_CONTEXT(2) 
PARAMETRIC_REPRESENTATION_CONTEXT() REPRESENTATION_CONTEXT('2D SPACE',''
  ) );
#109 = ORIENTED_EDGE('',*,*,#110,.T.);
#110 = EDGE_CURVE('',#83,#111,#113,.T.);
#111 = VERTEX_POINT('',#112);
#112 = CARTESIAN_POINT('',(-25.15,-15.2,4.8));
#113 = SURFACE_CURVE('',#114,(#118,#125),.PCURVE_S1.);
#114 = LINE('',#115,#116);
#115 = CARTESIAN_POINT('',(-25.15,0.,4.8));
#116 = VECTOR('',#117,1.);
#117 = DIRECTION('',(0.,1.,0.));
#118 = PCURVE('',#32,#119);
#119 = DEFINITIONAL_REPRESENTATION('',(#120),#124);
#120 = LINE('',#121,#122);
#121 = CARTESIAN_POINT('',(32.15,-7.523438300723));
#122 = VECTOR('',#123,1.);
#123 = DIRECTION('',(1.,0.));
#124 = ( GEOMETRIC_REPRESENTATION_CONTEXT(2) 
PARAMETRIC_REPRESENTATION_CONTEXT() REPRESENTATION_CONTEXT('2D SPACE',''
  ) );
#125 = PCURVE('',#126,#131);
#126 = PLANE('',#127);
#127 = AXIS2_PLACEMENT_3D('',#128,#129,#130);
#128 = CARTESIAN_POINT('',(0.,-2.0701883982E-15,4.8));
#129 = DIRECTION('',(0.,0.,1.));
#130 = DIRECTION('',(1.,0.,-0.));
#131 = DEFINITIONAL_REPRESENTATION('',(#132),#136);
#132 = LINE('',#133,#134);
#133 = CARTESIAN_POINT('',(-25.15,2.0701883982E-15));
#134 = VECTOR('',#135,1.);
#135 = DIRECTION('',(0.,1.));
#136 = ( GEOMETRIC_REPRESENTATION_CONTEXT(2) 
PARAMETRIC_REPRESENTATION_CONTEXT() REPRESENTATION_CONTEXT('2D SPACE',''
  ) );
#137 = ORIENTED_EDGE('',*,*,#138,.F.);
#138 = EDGE_CURVE('',#139,#111,#141,.T.);
#139 = VERTEX_POINT('',#140);
#140 = CARTESIAN_POINT('',(-25.15,-15.2,-1.5));
#141 = SURFACE_CURVE('',#142,(#146,#153),.PCURVE_S1.);
#142 = LINE('',#143,#144);
#143 = CARTESIAN_POINT('',(-25.15,-15.2,-1.5));
#144 = VECTOR('',#145,1.);
#145 = DIRECTION('',(0.,0.,1.));
#146 = PCURVE('',#32,#147);
#147 = DEFINITIONAL_REPRESENTATION('',(#148),#152);
#148 = LINE('',#149,#150);
#149 = CARTESIAN_POINT('',(16.95,-1.223438300723));
#150 = VECTOR('',#151,1.);
#151 = DIRECTION('',(0.,-1.));
#152 = ( GEOMETRIC_REPRESENTATION_CONTEXT(2) 
PARAMETRIC_REPRESENTATION_CONTEXT() REPRESENTATION_CONTEXT('2D SPACE',''
  ) );
#153 = PCURVE('',#154,#159);
#154 = PLANE('',#155);
#155 = AXIS2_PLACEMENT_3D('',#156,#157,#158);
#156 = CARTESIAN_POINT('',(-27.75,-15.2,-1.5));
#157 = DIRECTION('',(-0.,1.,0.));
#158 = DIRECTION('',(0.,0.,1.));
#159 = DEFINITIONAL_REPRESENTATION('',(#160),#164);
#160 = LINE('',#161,#162);
#161 = CARTESIAN_POINT('',(0.,2.6));
#162 = VECTOR('',#163,1.);
#163 = DIRECTION('',(1.,0.));
#164 = ( GEOMETRIC_REPRESENTATION_CONTEXT(2) 
PARAMETRIC_REPRESENTATION_CONTEXT() REPRESENTATION_CONTEXT('2D SPACE',''
  ) );
#165 = ORIENTED_EDGE('',*,*,#166,.T.);
#166 = EDGE_CURVE('',#139,#167,#169,.T.);
#167 = VERTEX_POINT('',#168);
#168 = CARTESIAN_POINT('',(-25.15,15.2,-1.5));
#169 = SURFACE_CURVE('',#170,(#174,#181),.PCURVE_S1.);
#170 = LINE('',#171,#172);
#171 = CARTESIAN_POINT('',(-25.15,-15.2,-1.5));
#172 = VECTOR('',#173,1.);
#173 = DIRECTION('',(-0.,1.,0.));
#174 = PCURVE('',#32,#175);
#175 = DEFINITIONAL_REPRESENTATION('',(#176),#180);
#176 = LINE('',#177,#178);
#177 = CARTESIAN_POINT('',(16.95,-1.223438300723));
#178 = VECTOR('',#179,1.);
#179 = DIRECTION('',(1.,0.));
#180 = ( GEOMETRIC_REPRESENTATION_CONTEXT(2) 
PARAMETRIC_REPRESENTATION_CONTEXT() REPRESENTATION_CONTEXT('2D SPACE',''
  ) );
#181 = PCURVE('',#182,#187);
#182 = PLANE('',#183);
#183 = AXIS2_PLACEMENT_3D('',#184,#185,#186);
#184 = CARTESIAN_POINT('',(-27.75,-15.2,-1.5));
#185 = DIRECTION('',(0.,0.,1.));
#186 = DIRECTION('',(1.,0.,-0.));
#187 = DEFINITIONAL_REPRESENTATION('',(#188),#192);
#188 = LINE('',#189,#190);
#189 = CARTESIAN_POINT('',(2.6,0.));
#190 = VECTOR('',#191,1.);
#191 = DIRECTION('',(0.,1.));
#192 = ( GEOMETRIC_REPRESENTATION_CONTEXT(2) 
PARAMETRIC_REPRESENTATION_CONTEXT() REPRESENTATION_CONTEXT('2D SPACE',''
  ) );
#193 = ORIENTED_EDGE('',*,*,#194,.T.);
#194 = EDGE_CURVE('',#167,#195,#197,.T.);
#195 = VERTEX_POINT('',#196);
#196 = CARTESIAN_POINT('',(-25.15,15.2,4.8));
#197 = SURFACE_CURVE('',#198,(#202,#209),.PCURVE_S1.);
#198 = LINE('',#199,#200);
#199 = CARTESIAN_POINT('',(-25.15,15.2,-1.5));
#200 = VECTOR('',#201,1.);
#201 = DIRECTION('',(0.,0.,1.));
#202 = PCURVE('',#32,#203);
#203 = DEFINITIONAL_REPRESENTATION('',(#204),#208);
#204 = LINE('',#205,#206);
#205 = CARTESIAN_POINT('',(47.35,-1.223438300723));
#206 = VECTOR('',#207,1.);
#207 = DIRECTION('',(0.,-1.));
#208 = ( GEOMETRIC_REPRESENTATION_CONTEXT(2) 
PARAMETRIC_REPRESENTATION_CONTEXT() REPRESENTATION_CONTEXT('2D SPACE',''
  ) );
#209 = PCURVE('',#210,#215);
#210 = PLANE('',#211);
#211 = AXIS2_PLACEMENT_3D('',#212,#213,#214);
#212 = CARTESIAN_POINT('',(-27.75,15.2,-1.5));
#213 = DIRECTION('',(-0.,1.,0.));
#214 = DIRECTION('',(0.,0.,1.));
#215 = DEFINITIONAL_REPRESENTATION('',(#216),#220);
#216 = LINE('',#217,#218);
#217 = CARTESIAN_POINT('',(0.,2.6));
#218 = VECTOR('',#219,1.);
#219 = DIRECTION('',(1.,0.));
#220 = ( GEOMETRIC_REPRESENTATION_CONTEXT(2) 
PARAMETRIC_REPRESENTATION_CONTEXT() REPRESENTATION_CONTEXT('2D SPACE',''
  ) );
#221 = ORIENTED_EDGE('',*,*,#222,.T.);
#222 = EDGE_CURVE('',#195,#24,#223,.T.);
#223 = SURFACE_CURVE('',#224,(#228,#235),.PCURVE_S1.);
#224 = LINE('',#225,#226);
#225 = CARTESIAN_POINT('',(-25.15,0.,4.8));
#226 = VECTOR('',#227,1.);
#227 = DIRECTION('',(0.,1.,0.));
#228 = PCURVE('',#32,#229);
#229 = DEFINITIONAL_REPRESENTATION('',(#230),#234);
#230 = LINE('',#231,#232);
#231 = CARTESIAN_POINT('',(32.15,-7.523438300723));
#232 = VECTOR('',#233,1.);
#233 = DIRECTION('',(1.,0.));
#234 = ( GEOMETRIC_REPRESENTATION_CONTEXT(2) 
PARAMETRIC_REPRESENTATION_CONTEXT() REPRESENTATION_CONTEXT('2D SPACE',''
  ) );
#235 = PCURVE('',#126,#236);
#236 = DEFINITIONAL_REPRESENTATION('',(#237),#241);
#237 = LINE('',#238,#239);
#238 = CARTESIAN_POINT('',(-25.15,2.0701883982E-15));
#239 = VECTOR('',#240,1.);
#240 = DIRECTION('',(0.,1.));
#241 = ( GEOMETRIC_REPRESENTATION_CONTEXT(2) 
PARAMETRIC_REPRESENTATION_CONTEXT() REPRESENTATION_CONTEXT('2D SPACE',''
  ) );
#242 = ADVANCED_FACE('',(#243),#44,.T.);
#243 = FACE_BOUND('',#244,.T.);
#244 = EDGE_LOOP('',(#245,#274,#275,#303));
#245 = ORIENTED_EDGE('',*,*,#246,.T.);
#246 = EDGE_CURVE('',#247,#22,#249,.T.);
#247 = VERTEX_POINT('',#248);
#248 = CARTESIAN_POINT('',(-25.13766532639,32.500990871568,
    -2.121341019272));
#249 = SURFACE_CURVE('',#250,(#256,#265),.PCURVE_S1.);
#250 = B_SPLINE_CURVE_WITH_KNOTS('',4,(#251,#252,#253,#254,#255),
  .UNSPECIFIED.,.F.,.F.,(5,5),(0.,1.),.PIECEWISE_BEZIER_KNOTS.);
#251 = CARTESIAN_POINT('',(-25.13766532639,32.500990871568,
    -2.121341019272));
#252 = CARTESIAN_POINT('',(-25.14383480984,32.413321016827,
    -2.122389760257));
#253 = CARTESIAN_POINT('',(-25.1479449363,32.325573182747,
    -2.123088787327));
#254 = CARTESIAN_POINT('',(-25.15,32.237786627498,-2.123438300723));
#255 = CARTESIAN_POINT('',(-25.15,32.15,-2.123438300723));
#256 = PCURVE('',#44,#257);
#257 = DEFINITIONAL_REPRESENTATION('',(#258),#264);
#258 = B_SPLINE_CURVE_WITH_KNOTS('',4,(#259,#260,#261,#262,#263),
  .UNSPECIFIED.,.F.,.F.,(5,5),(0.,1.),.PIECEWISE_BEZIER_KNOTS.);
#259 = CARTESIAN_POINT('',(7.025595610643E-02,-0.602097281451));
#260 = CARTESIAN_POINT('',(5.267862302487E-02,-0.601048540467));
#261 = CARTESIAN_POINT('',(3.511464124758E-02,-0.600349513396));
#262 = CARTESIAN_POINT('',(1.755732549955E-02,-0.6));
#263 = CARTESIAN_POINT('',(0.,-0.6));
#264 = ( GEOMETRIC_REPRESENTATION_CONTEXT(2) 
PARAMETRIC_REPRESENTATION_CONTEXT() REPRESENTATION_CONTEXT('2D SPACE',''
  ) );
#265 = PCURVE('',#71,#266);
#266 = DEFINITIONAL_REPRESENTATION('',(#267),#273);
#267 = B_SPLINE_CURVE_WITH_KNOTS('',4,(#268,#269,#270,#271,#272),
  .UNSPECIFIED.,.F.,.F.,(5,5),(0.,1.),.PIECEWISE_BEZIER_KNOTS.);
#268 = CARTESIAN_POINT('',(1.739175266872,78.949009128432));
#269 = CARTESIAN_POINT('',(1.739216986776,79.036678983173));
#270 = CARTESIAN_POINT('',(1.739244781083,79.124426817253));
#271 = CARTESIAN_POINT('',(1.739258678239,79.212213372502));
#272 = CARTESIAN_POINT('',(1.739258678239,79.3));
#273 = ( GEOMETRIC_REPRESENTATION_CONTEXT(2) 
PARAMETRIC_REPRESENTATION_CONTEXT() REPRESENTATION_CONTEXT('2D SPACE',''
  ) );
#274 = ORIENTED_EDGE('',*,*,#21,.T.);
#275 = ORIENTED_EDGE('',*,*,#276,.T.);
#276 = EDGE_CURVE('',#24,#277,#279,.T.);
#277 = VERTEX_POINT('',#278);
#278 = CARTESIAN_POINT('',(-25.13766532639,32.500990871568,4.8));
#279 = SURFACE_CURVE('',#280,(#285,#292),.PCURVE_S1.);
#280 = CIRCLE('',#281,5.);
#281 = AXIS2_PLACEMENT_3D('',#282,#283,#284);
#282 = CARTESIAN_POINT('',(-20.15,32.15,4.8));
#283 = DIRECTION('',(0.,0.,-1.));
#284 = DIRECTION('',(-1.,0.,0.));
#285 = PCURVE('',#44,#286);
#286 = DEFINITIONAL_REPRESENTATION('',(#287),#291);
#287 = LINE('',#288,#289);
#288 = CARTESIAN_POINT('',(0.,-7.523438300723));
#289 = VECTOR('',#290,1.);
#290 = DIRECTION('',(1.,0.));
#291 = ( GEOMETRIC_REPRESENTATION_CONTEXT(2) 
PARAMETRIC_REPRESENTATION_CONTEXT() REPRESENTATION_CONTEXT('2D SPACE',''
  ) );
#292 = PCURVE('',#126,#293);
#293 = DEFINITIONAL_REPRESENTATION('',(#294),#302);
#294 = ( BOUNDED_CURVE() B_SPLINE_CURVE(2,(#295,#296,#297,#298,#299,#300
,#301),.UNSPECIFIED.,.T.,.F.) B_SPLINE_CURVE_WITH_KNOTS((1,2,2,2,2,1),(
    -2.094395102393,0.,2.094395102393,4.188790204786,6.28318530718,
8.377580409573),.UNSPECIFIED.) CURVE() GEOMETRIC_REPRESENTATION_ITEM() 
RATIONAL_B_SPLINE_CURVE((1.,0.5,1.,0.5,1.,0.5,1.)) REPRESENTATION_ITEM(
  '') );
#295 = CARTESIAN_POINT('',(-25.15,32.15));
#296 = CARTESIAN_POINT('',(-25.15,40.810254037844));
#297 = CARTESIAN_POINT('',(-17.65,36.480127018922));
#298 = CARTESIAN_POINT('',(-10.15,32.15));
#299 = CARTESIAN_POINT('',(-17.65,27.819872981078));
#300 = CARTESIAN_POINT('',(-25.15,23.489745962156));
#301 = CARTESIAN_POINT('',(-25.15,32.15));
#302 = ( GEOMETRIC_REPRESENTATION_CONTEXT(2) 
PARAMETRIC_REPRESENTATION_CONTEXT() REPRESENTATION_CONTEXT('2D SPACE',''
  ) );
#303 = ORIENTED_EDGE('',*,*,#304,.T.);
#304 = EDGE_CURVE('',#277,#247,#305,.T.);
#305 = SURFACE_CURVE('',#306,(#310,#316),.PCURVE_S1.);
#306 = LINE('',#307,#308);
#307 = CARTESIAN_POINT('',(-25.13766532639,32.500990871568,
    -2.723438300723));
#308 = VECTOR('',#309,1.);
#309 = DIRECTION('',(0.,0.,-1.));
#310 = PCURVE('',#44,#311);
#311 = DEFINITIONAL_REPRESENTATION('',(#312),#315);
#312 = B_SPLINE_CURVE_WITH_KNOTS('',1,(#313,#314),.UNSPECIFIED.,.F.,.F.,
  (2,2),(-7.523440700723,2.400000000069E-06),.PIECEWISE_BEZIER_KNOTS.);
#313 = CARTESIAN_POINT('',(7.025595610643E-02,-7.523440700723));
#314 = CARTESIAN_POINT('',(7.025595610643E-02,2.400000000069E-06));
#315 = ( GEOMETRIC_REPRESENTATION_CONTEXT(2) 
PARAMETRIC_REPRESENTATION_CONTEXT() REPRESENTATION_CONTEXT('2D SPACE',''
  ) );
#316 = PCURVE('',#317,#322);
#317 = CYLINDRICAL_SURFACE('',#318,3.5);
#318 = AXIS2_PLACEMENT_3D('',#319,#320,#321);
#319 = CARTESIAN_POINT('',(-23.68553390593,35.685533905933,
    -2.723438300723));
#320 = DIRECTION('',(0.,0.,1.));
#321 = DIRECTION('',(1.,0.,-0.));
#322 = DEFINITIONAL_REPRESENTATION('',(#323),#326);
#323 = B_SPLINE_CURVE_WITH_KNOTS('',1,(#324,#325),.UNSPECIFIED.,.F.,.F.,
  (2,2),(-7.523440700723,2.400000000069E-06),.PIECEWISE_BEZIER_KNOTS.);
#324 = CARTESIAN_POINT('',(4.284561920633,7.523440700723));
#325 = CARTESIAN_POINT('',(4.284561920633,-2.400000000069E-06));
#326 = ( GEOMETRIC_REPRESENTATION_CONTEXT(2) 
PARAMETRIC_REPRESENTATION_CONTEXT() REPRESENTATION_CONTEXT('2D SPACE',''
  ) );
#327 = ADVANCED_FACE('',(#328,#829,#860,#891,#1129,#1160),#126,.T.);
#328 = FACE_BOUND('',#329,.T.);
#329 = EDGE_LOOP('',(#330,#331,#359,#388,#421,#449,#482,#511,#544,#572,
    #600,#623,#656,#685,#718,#746,#779,#801,#802,#803));
#330 = ORIENTED_EDGE('',*,*,#110,.F.);
#331 = ORIENTED_EDGE('',*,*,#332,.F.);
#332 = EDGE_CURVE('',#333,#83,#335,.T.);
#333 = VERTEX_POINT('',#334);
#334 = CARTESIAN_POINT('',(-25.13766532639,-32.50099087156,4.8));
#335 = SURFACE_CURVE('',#336,(#341,#352),.PCURVE_S1.);
#336 = CIRCLE('',#337,5.);
#337 = AXIS2_PLACEMENT_3D('',#338,#339,#340);
#338 = CARTESIAN_POINT('',(-20.15,-32.15,4.8));
#339 = DIRECTION('',(0.,0.,-1.));
#340 = DIRECTION('',(-1.,0.,0.));
#341 = PCURVE('',#126,#342);
#342 = DEFINITIONAL_REPRESENTATION('',(#343),#351);
#343 = ( BOUNDED_CURVE() B_SPLINE_CURVE(2,(#344,#345,#346,#347,#348,#349
,#350),.UNSPECIFIED.,.T.,.F.) B_SPLINE_CURVE_WITH_KNOTS((1,2,2,2,2,1),(
    -2.094395102393,0.,2.094395102393,4.188790204786,6.28318530718,
8.377580409573),.UNSPECIFIED.) CURVE() GEOMETRIC_REPRESENTATION_ITEM() 
RATIONAL_B_SPLINE_CURVE((1.,0.5,1.,0.5,1.,0.5,1.)) REPRESENTATION_ITEM(
  '') );
#344 = CARTESIAN_POINT('',(-25.15,-32.15));
#345 = CARTESIAN_POINT('',(-25.15,-23.48974596215));
#346 = CARTESIAN_POINT('',(-17.65,-27.81987298107));
#347 = CARTESIAN_POINT('',(-10.15,-32.15));
#348 = CARTESIAN_POINT('',(-17.65,-36.48012701892));
#349 = CARTESIAN_POINT('',(-25.15,-40.81025403784));
#350 = CARTESIAN_POINT('',(-25.15,-32.15));
#351 = ( GEOMETRIC_REPRESENTATION_CONTEXT(2) 
PARAMETRIC_REPRESENTATION_CONTEXT() REPRESENTATION_CONTEXT('2D SPACE',''
  ) );
#352 = PCURVE('',#98,#353);
#353 = DEFINITIONAL_REPRESENTATION('',(#354),#358);
#354 = LINE('',#355,#356);
#355 = CARTESIAN_POINT('',(0.,-7.523438300723));
#356 = VECTOR('',#357,1.);
#357 = DIRECTION('',(1.,0.));
#358 = ( GEOMETRIC_REPRESENTATION_CONTEXT(2) 
PARAMETRIC_REPRESENTATION_CONTEXT() REPRESENTATION_CONTEXT('2D SPACE',''
  ) );
#359 = ORIENTED_EDGE('',*,*,#360,.T.);
#360 = EDGE_CURVE('',#333,#361,#363,.T.);
#361 = VERTEX_POINT('',#362);
#362 = CARTESIAN_POINT('',(-20.50099087156,-37.13766532639,4.8));
#363 = SURFACE_CURVE('',#364,(#369,#376),.PCURVE_S1.);
#364 = CIRCLE('',#365,3.5);
#365 = AXIS2_PLACEMENT_3D('',#366,#367,#368);
#366 = CARTESIAN_POINT('',(-23.68553390593,-35.68553390593,4.8));
#367 = DIRECTION('',(0.,0.,1.));
#368 = DIRECTION('',(1.,0.,-0.));
#369 = PCURVE('',#126,#370);
#370 = DEFINITIONAL_REPRESENTATION('',(#371),#375);
#371 = CIRCLE('',#372,3.5);
#372 = AXIS2_PLACEMENT_2D('',#373,#374);
#373 = CARTESIAN_POINT('',(-23.68553390593,-35.68553390593));
#374 = DIRECTION('',(1.,0.));
#375 = ( GEOMETRIC_REPRESENTATION_CONTEXT(2) 
PARAMETRIC_REPRESENTATION_CONTEXT() REPRESENTATION_CONTEXT('2D SPACE',''
  ) );
#376 = PCURVE('',#377,#382);
#377 = CYLINDRICAL_SURFACE('',#378,3.5);
#378 = AXIS2_PLACEMENT_3D('',#379,#380,#381);
#379 = CARTESIAN_POINT('',(-23.68553390593,-35.68553390593,
    -2.723438300723));
#380 = DIRECTION('',(0.,0.,1.));
#381 = DIRECTION('',(1.,0.,-0.));
#382 = DEFINITIONAL_REPRESENTATION('',(#383),#387);
#383 = LINE('',#384,#385);
#384 = CARTESIAN_POINT('',(0.,7.523438300723));
#385 = VECTOR('',#386,1.);
#386 = DIRECTION('',(1.,0.));
#387 = ( GEOMETRIC_REPRESENTATION_CONTEXT(2) 
PARAMETRIC_REPRESENTATION_CONTEXT() REPRESENTATION_CONTEXT('2D SPACE',''
  ) );
#388 = ORIENTED_EDGE('',*,*,#389,.F.);
#389 = EDGE_CURVE('',#390,#361,#392,.T.);
#390 = VERTEX_POINT('',#391);
#391 = CARTESIAN_POINT('',(-20.15,-37.15,4.8));
#392 = SURFACE_CURVE('',#393,(#398,#409),.PCURVE_S1.);
#393 = CIRCLE('',#394,5.);
#394 = AXIS2_PLACEMENT_3D('',#395,#396,#397);
#395 = CARTESIAN_POINT('',(-20.15,-32.15,4.8));
#396 = DIRECTION('',(0.,0.,-1.));
#397 = DIRECTION('',(-1.,0.,0.));
#398 = PCURVE('',#126,#399);
#399 = DEFINITIONAL_REPRESENTATION('',(#400),#408);
#400 = ( BOUNDED_CURVE() B_SPLINE_CURVE(2,(#401,#402,#403,#404,#405,#406
,#407),.UNSPECIFIED.,.T.,.F.) B_SPLINE_CURVE_WITH_KNOTS((1,2,2,2,2,1),(
    -2.094395102393,0.,2.094395102393,4.188790204786,6.28318530718,
8.377580409573),.UNSPECIFIED.) CURVE() GEOMETRIC_REPRESENTATION_ITEM() 
RATIONAL_B_SPLINE_CURVE((1.,0.5,1.,0.5,1.,0.5,1.)) REPRESENTATION_ITEM(
  '') );
#401 = CARTESIAN_POINT('',(-25.15,-32.15));
#402 = CARTESIAN_POINT('',(-25.15,-23.48974596215));
#403 = CARTESIAN_POINT('',(-17.65,-27.81987298107));
#404 = CARTESIAN_POINT('',(-10.15,-32.15));
#405 = CARTESIAN_POINT('',(-17.65,-36.48012701892));
#406 = CARTESIAN_POINT('',(-25.15,-40.81025403784));
#407 = CARTESIAN_POINT('',(-25.15,-32.15));
#408 = ( GEOMETRIC_REPRESENTATION_CONTEXT(2) 
PARAMETRIC_REPRESENTATION_CONTEXT() REPRESENTATION_CONTEXT('2D SPACE',''
  ) );
#409 = PCURVE('',#410,#415);
#410 = CYLINDRICAL_SURFACE('',#411,5.);
#411 = AXIS2_PLACEMENT_3D('',#412,#413,#414);
#412 = CARTESIAN_POINT('',(-20.15,-32.15,-2.723438300723));
#413 = DIRECTION('',(0.,0.,-1.));
#414 = DIRECTION('',(-1.,0.,0.));
#415 = DEFINITIONAL_REPRESENTATION('',(#416),#420);
#416 = LINE('',#417,#418);
#417 = CARTESIAN_POINT('',(0.,-7.523438300723));
#418 = VECTOR('',#419,1.);
#419 = DIRECTION('',(1.,0.));
#420 = ( GEOMETRIC_REPRESENTATION_CONTEXT(2) 
PARAMETRIC_REPRESENTATION_CONTEXT() REPRESENTATION_CONTEXT('2D SPACE',''
  ) );
#421 = ORIENTED_EDGE('',*,*,#422,.T.);
#422 = EDGE_CURVE('',#390,#423,#425,.T.);
#423 = VERTEX_POINT('',#424);
#424 = CARTESIAN_POINT('',(20.15,-37.15,4.8));
#425 = SURFACE_CURVE('',#426,(#430,#437),.PCURVE_S1.);
#426 = LINE('',#427,#428);
#427 = CARTESIAN_POINT('',(0.,-37.15,4.8));
#428 = VECTOR('',#429,1.);
#429 = DIRECTION('',(1.,0.,0.));
#430 = PCURVE('',#126,#431);
#431 = DEFINITIONAL_REPRESENTATION('',(#432),#436);
#432 = LINE('',#433,#434);
#433 = CARTESIAN_POINT('',(0.,-37.15));
#434 = VECTOR('',#435,1.);
#435 = DIRECTION('',(1.,0.));
#436 = ( GEOMETRIC_REPRESENTATION_CONTEXT(2) 
PARAMETRIC_REPRESENTATION_CONTEXT() REPRESENTATION_CONTEXT('2D SPACE',''
  ) );
#437 = PCURVE('',#438,#443);
#438 = PLANE('',#439);
#439 = AXIS2_PLACEMENT_3D('',#440,#441,#442);
#440 = CARTESIAN_POINT('',(-20.15,-37.15,-2.723438300723));
#441 = DIRECTION('',(0.,1.,0.));
#442 = DIRECTION('',(1.,0.,0.));
#443 = DEFINITIONAL_REPRESENTATION('',(#444),#448);
#444 = LINE('',#445,#446);
#445 = CARTESIAN_POINT('',(20.15,-7.523438300723));
#446 = VECTOR('',#447,1.);
#447 = DIRECTION('',(1.,0.));
#448 = ( GEOMETRIC_REPRESENTATION_CONTEXT(2) 
PARAMETRIC_REPRESENTATION_CONTEXT() REPRESENTATION_CONTEXT('2D SPACE',''
  ) );
#449 = ORIENTED_EDGE('',*,*,#450,.F.);
#450 = EDGE_CURVE('',#451,#423,#453,.T.);
#451 = VERTEX_POINT('',#452);
#452 = CARTESIAN_POINT('',(20.500990871568,-37.13766532639,4.8));
#453 = SURFACE_CURVE('',#454,(#459,#470),.PCURVE_S1.);
#454 = CIRCLE('',#455,5.);
#455 = AXIS2_PLACEMENT_3D('',#456,#457,#458);
#456 = CARTESIAN_POINT('',(20.15,-32.15,4.8));
#457 = DIRECTION('',(0.,0.,-1.));
#458 = DIRECTION('',(-1.,0.,0.));
#459 = PCURVE('',#126,#460);
#460 = DEFINITIONAL_REPRESENTATION('',(#461),#469);
#461 = ( BOUNDED_CURVE() B_SPLINE_CURVE(2,(#462,#463,#464,#465,#466,#467
,#468),.UNSPECIFIED.,.T.,.F.) B_SPLINE_CURVE_WITH_KNOTS((1,2,2,2,2,1),(
    -2.094395102393,0.,2.094395102393,4.188790204786,6.28318530718,
8.377580409573),.UNSPECIFIED.) CURVE() GEOMETRIC_REPRESENTATION_ITEM() 
RATIONAL_B_SPLINE_CURVE((1.,0.5,1.,0.5,1.,0.5,1.)) REPRESENTATION_ITEM(
  '') );
#462 = CARTESIAN_POINT('',(15.15,-32.15));
#463 = CARTESIAN_POINT('',(15.15,-23.48974596215));
#464 = CARTESIAN_POINT('',(22.65,-27.81987298107));
#465 = CARTESIAN_POINT('',(30.15,-32.15));
#466 = CARTESIAN_POINT('',(22.65,-36.48012701892));
#467 = CARTESIAN_POINT('',(15.15,-40.81025403784));
#468 = CARTESIAN_POINT('',(15.15,-32.15));
#469 = ( GEOMETRIC_REPRESENTATION_CONTEXT(2) 
PARAMETRIC_REPRESENTATION_CONTEXT() REPRESENTATION_CONTEXT('2D SPACE',''
  ) );
#470 = PCURVE('',#471,#476);
#471 = CYLINDRICAL_SURFACE('',#472,5.);
#472 = AXIS2_PLACEMENT_3D('',#473,#474,#475);
#473 = CARTESIAN_POINT('',(20.15,-32.15,-2.723438300723));
#474 = DIRECTION('',(0.,0.,-1.));
#475 = DIRECTION('',(-1.,0.,0.));
#476 = DEFINITIONAL_REPRESENTATION('',(#477),#481);
#477 = LINE('',#478,#479);
#478 = CARTESIAN_POINT('',(0.,-7.523438300723));
#479 = VECTOR('',#480,1.);
#480 = DIRECTION('',(1.,0.));
#481 = ( GEOMETRIC_REPRESENTATION_CONTEXT(2) 
PARAMETRIC_REPRESENTATION_CONTEXT() REPRESENTATION_CONTEXT('2D SPACE',''
  ) );
#482 = ORIENTED_EDGE('',*,*,#483,.T.);
#483 = EDGE_CURVE('',#451,#484,#486,.T.);
#484 = VERTEX_POINT('',#485);
#485 = CARTESIAN_POINT('',(25.13766532639,-32.50099087156,4.8));
#486 = SURFACE_CURVE('',#487,(#492,#499),.PCURVE_S1.);
#487 = CIRCLE('',#488,3.5);
#488 = AXIS2_PLACEMENT_3D('',#489,#490,#491);
#489 = CARTESIAN_POINT('',(23.685533905933,-35.68553390593,4.8));
#490 = DIRECTION('',(0.,0.,1.));
#491 = DIRECTION('',(-0.90986943839,-0.414894691559,0.));
#492 = PCURVE('',#126,#493);
#493 = DEFINITIONAL_REPRESENTATION('',(#494),#498);
#494 = CIRCLE('',#495,3.5);
#495 = AXIS2_PLACEMENT_2D('',#496,#497);
#496 = CARTESIAN_POINT('',(23.685533905933,-35.68553390593));
#497 = DIRECTION('',(-0.90986943839,-0.414894691559));
#498 = ( GEOMETRIC_REPRESENTATION_CONTEXT(2) 
PARAMETRIC_REPRESENTATION_CONTEXT() REPRESENTATION_CONTEXT('2D SPACE',''
  ) );
#499 = PCURVE('',#500,#505);
#500 = CYLINDRICAL_SURFACE('',#501,3.5);
#501 = AXIS2_PLACEMENT_3D('',#502,#503,#504);
#502 = CARTESIAN_POINT('',(23.685533905933,-35.68553390593,
    -2.723438300723));
#503 = DIRECTION('',(0.,0.,1.));
#504 = DIRECTION('',(1.,0.,-0.));
#505 = DEFINITIONAL_REPRESENTATION('',(#506),#510);
#506 = LINE('',#507,#508);
#507 = CARTESIAN_POINT('',(3.569419713342,7.523438300723));
#508 = VECTOR('',#509,1.);
#509 = DIRECTION('',(1.,0.));
#510 = ( GEOMETRIC_REPRESENTATION_CONTEXT(2) 
PARAMETRIC_REPRESENTATION_CONTEXT() REPRESENTATION_CONTEXT('2D SPACE',''
  ) );
#511 = ORIENTED_EDGE('',*,*,#512,.F.);
#512 = EDGE_CURVE('',#513,#484,#515,.T.);
#513 = VERTEX_POINT('',#514);
#514 = CARTESIAN_POINT('',(25.15,-32.15,4.8));
#515 = SURFACE_CURVE('',#516,(#521,#532),.PCURVE_S1.);
#516 = CIRCLE('',#517,5.);
#517 = AXIS2_PLACEMENT_3D('',#518,#519,#520);
#518 = CARTESIAN_POINT('',(20.15,-32.15,4.8));
#519 = DIRECTION('',(0.,0.,-1.));
#520 = DIRECTION('',(-1.,0.,0.));
#521 = PCURVE('',#126,#522);
#522 = DEFINITIONAL_REPRESENTATION('',(#523),#531);
#523 = ( BOUNDED_CURVE() B_SPLINE_CURVE(2,(#524,#525,#526,#527,#528,#529
,#530),.UNSPECIFIED.,.T.,.F.) B_SPLINE_CURVE_WITH_KNOTS((1,2,2,2,2,1),(
    -2.094395102393,0.,2.094395102393,4.188790204786,6.28318530718,
8.377580409573),.UNSPECIFIED.) CURVE() GEOMETRIC_REPRESENTATION_ITEM() 
RATIONAL_B_SPLINE_CURVE((1.,0.5,1.,0.5,1.,0.5,1.)) REPRESENTATION_ITEM(
  '') );
#524 = CARTESIAN_POINT('',(15.15,-32.15));
#525 = CARTESIAN_POINT('',(15.15,-23.48974596215));
#526 = CARTESIAN_POINT('',(22.65,-27.81987298107));
#527 = CARTESIAN_POINT('',(30.15,-32.15));
#528 = CARTESIAN_POINT('',(22.65,-36.48012701892));
#529 = CARTESIAN_POINT('',(15.15,-40.81025403784));
#530 = CARTESIAN_POINT('',(15.15,-32.15));
#531 = ( GEOMETRIC_REPRESENTATION_CONTEXT(2) 
PARAMETRIC_REPRESENTATION_CONTEXT() REPRESENTATION_CONTEXT('2D SPACE',''
  ) );
#532 = PCURVE('',#533,#538);
#533 = CYLINDRICAL_SURFACE('',#534,5.);
#534 = AXIS2_PLACEMENT_3D('',#535,#536,#537);
#535 = CARTESIAN_POINT('',(20.15,-32.15,-2.723438300723));
#536 = DIRECTION('',(0.,0.,-1.));
#537 = DIRECTION('',(-1.,0.,0.));
#538 = DEFINITIONAL_REPRESENTATION('',(#539),#543);
#539 = LINE('',#540,#541);
#540 = CARTESIAN_POINT('',(0.,-7.523438300723));
#541 = VECTOR('',#542,1.);
#542 = DIRECTION('',(1.,0.));
#543 = ( GEOMETRIC_REPRESENTATION_CONTEXT(2) 
PARAMETRIC_REPRESENTATION_CONTEXT() REPRESENTATION_CONTEXT('2D SPACE',''
  ) );
#544 = ORIENTED_EDGE('',*,*,#545,.T.);
#545 = EDGE_CURVE('',#513,#546,#548,.T.);
#546 = VERTEX_POINT('',#547);
#547 = CARTESIAN_POINT('',(25.15,-15.2,4.8));
#548 = SURFACE_CURVE('',#549,(#553,#560),.PCURVE_S1.);
#549 = LINE('',#550,#551);
#550 = CARTESIAN_POINT('',(25.15,0.,4.8));
#551 = VECTOR('',#552,1.);
#552 = DIRECTION('',(0.,1.,0.));
#553 = PCURVE('',#126,#554);
#554 = DEFINITIONAL_REPRESENTATION('',(#555),#559);
#555 = LINE('',#556,#557);
#556 = CARTESIAN_POINT('',(25.15,2.0701883982E-15));
#557 = VECTOR('',#558,1.);
#558 = DIRECTION('',(0.,1.));
#559 = ( GEOMETRIC_REPRESENTATION_CONTEXT(2) 
PARAMETRIC_REPRESENTATION_CONTEXT() REPRESENTATION_CONTEXT('2D SPACE',''
  ) );
#560 = PCURVE('',#561,#566);
#561 = PLANE('',#562);
#562 = AXIS2_PLACEMENT_3D('',#563,#564,#565);
#563 = CARTESIAN_POINT('',(25.15,-32.15,-2.723438300723));
#564 = DIRECTION('',(-1.,0.,0.));
#565 = DIRECTION('',(0.,1.,0.));
#566 = DEFINITIONAL_REPRESENTATION('',(#567),#571);
#567 = LINE('',#568,#569);
#568 = CARTESIAN_POINT('',(32.15,-7.523438300723));
#569 = VECTOR('',#570,1.);
#570 = DIRECTION('',(1.,0.));
#571 = ( GEOMETRIC_REPRESENTATION_CONTEXT(2) 
PARAMETRIC_REPRESENTATION_CONTEXT() REPRESENTATION_CONTEXT('2D SPACE',''
  ) );
#572 = ORIENTED_EDGE('',*,*,#573,.T.);
#573 = EDGE_CURVE('',#546,#574,#576,.T.);
#574 = VERTEX_POINT('',#575);
#575 = CARTESIAN_POINT('',(25.15,15.2,4.8));
#576 = SURFACE_CURVE('',#577,(#581,#588),.PCURVE_S1.);
#577 = LINE('',#578,#579);
#578 = CARTESIAN_POINT('',(25.15,0.,4.8));
#579 = VECTOR('',#580,1.);
#580 = DIRECTION('',(0.,1.,0.));
#581 = PCURVE('',#126,#582);
#582 = DEFINITIONAL_REPRESENTATION('',(#583),#587);
#583 = LINE('',#584,#585);
#584 = CARTESIAN_POINT('',(25.15,2.0701883982E-15));
#585 = VECTOR('',#586,1.);
#586 = DIRECTION('',(0.,1.));
#587 = ( GEOMETRIC_REPRESENTATION_CONTEXT(2) 
PARAMETRIC_REPRESENTATION_CONTEXT() REPRESENTATION_CONTEXT('2D SPACE',''
  ) );
#588 = PCURVE('',#589,#594);
#589 = PLANE('',#590);
#590 = AXIS2_PLACEMENT_3D('',#591,#592,#593);
#591 = CARTESIAN_POINT('',(25.15,-15.2,-1.5));
#592 = DIRECTION('',(1.,0.,-0.));
#593 = DIRECTION('',(0.,0.,1.));
#594 = DEFINITIONAL_REPRESENTATION('',(#595),#599);
#595 = LINE('',#596,#597);
#596 = CARTESIAN_POINT('',(6.3,-15.2));
#597 = VECTOR('',#598,1.);
#598 = DIRECTION('',(0.,-1.));
#599 = ( GEOMETRIC_REPRESENTATION_CONTEXT(2) 
PARAMETRIC_REPRESENTATION_CONTEXT() REPRESENTATION_CONTEXT('2D SPACE',''
  ) );
#600 = ORIENTED_EDGE('',*,*,#601,.T.);
#601 = EDGE_CURVE('',#574,#602,#604,.T.);
#602 = VERTEX_POINT('',#603);
#603 = CARTESIAN_POINT('',(25.15,32.15,4.8));
#604 = SURFACE_CURVE('',#605,(#609,#616),.PCURVE_S1.);
#605 = LINE('',#606,#607);
#606 = CARTESIAN_POINT('',(25.15,0.,4.8));
#607 = VECTOR('',#608,1.);
#608 = DIRECTION('',(0.,1.,0.));
#609 = PCURVE('',#126,#610);
#610 = DEFINITIONAL_REPRESENTATION('',(#611),#615);
#611 = LINE('',#612,#613);
#612 = CARTESIAN_POINT('',(25.15,2.0701883982E-15));
#613 = VECTOR('',#614,1.);
#614 = DIRECTION('',(0.,1.));
#615 = ( GEOMETRIC_REPRESENTATION_CONTEXT(2) 
PARAMETRIC_REPRESENTATION_CONTEXT() REPRESENTATION_CONTEXT('2D SPACE',''
  ) );
#616 = PCURVE('',#561,#617);
#617 = DEFINITIONAL_REPRESENTATION('',(#618),#622);
#618 = LINE('',#619,#620);
#619 = CARTESIAN_POINT('',(32.15,-7.523438300723));
#620 = VECTOR('',#621,1.);
#621 = DIRECTION('',(1.,0.));
#622 = ( GEOMETRIC_REPRESENTATION_CONTEXT(2) 
PARAMETRIC_REPRESENTATION_CONTEXT() REPRESENTATION_CONTEXT('2D SPACE',''
  ) );
#623 = ORIENTED_EDGE('',*,*,#624,.F.);
#624 = EDGE_CURVE('',#625,#602,#627,.T.);
#625 = VERTEX_POINT('',#626);
#626 = CARTESIAN_POINT('',(25.13766532639,32.500990871568,4.8));
#627 = SURFACE_CURVE('',#628,(#633,#644),.PCURVE_S1.);
#628 = CIRCLE('',#629,5.);
#629 = AXIS2_PLACEMENT_3D('',#630,#631,#632);
#630 = CARTESIAN_POINT('',(20.15,32.15,4.8));
#631 = DIRECTION('',(0.,0.,-1.));
#632 = DIRECTION('',(-1.,0.,0.));
#633 = PCURVE('',#126,#634);
#634 = DEFINITIONAL_REPRESENTATION('',(#635),#643);
#635 = ( BOUNDED_CURVE() B_SPLINE_CURVE(2,(#636,#637,#638,#639,#640,#641
,#642),.UNSPECIFIED.,.T.,.F.) B_SPLINE_CURVE_WITH_KNOTS((1,2,2,2,2,1),(
    -2.094395102393,0.,2.094395102393,4.188790204786,6.28318530718,
8.377580409573),.UNSPECIFIED.) CURVE() GEOMETRIC_REPRESENTATION_ITEM() 
RATIONAL_B_SPLINE_CURVE((1.,0.5,1.,0.5,1.,0.5,1.)) REPRESENTATION_ITEM(
  '') );
#636 = CARTESIAN_POINT('',(15.15,32.15));
#637 = CARTESIAN_POINT('',(15.15,40.810254037844));
#638 = CARTESIAN_POINT('',(22.65,36.480127018922));
#639 = CARTESIAN_POINT('',(30.15,32.15));
#640 = CARTESIAN_POINT('',(22.65,27.819872981078));
#641 = CARTESIAN_POINT('',(15.15,23.489745962156));
#642 = CARTESIAN_POINT('',(15.15,32.15));
#643 = ( GEOMETRIC_REPRESENTATION_CONTEXT(2) 
PARAMETRIC_REPRESENTATION_CONTEXT() REPRESENTATION_CONTEXT('2D SPACE',''
  ) );
#644 = PCURVE('',#645,#650);
#645 = CYLINDRICAL_SURFACE('',#646,5.);
#646 = AXIS2_PLACEMENT_3D('',#647,#648,#649);
#647 = CARTESIAN_POINT('',(20.15,32.15,-2.723438300723));
#648 = DIRECTION('',(0.,0.,-1.));
#649 = DIRECTION('',(-1.,0.,0.));
#650 = DEFINITIONAL_REPRESENTATION('',(#651),#655);
#651 = LINE('',#652,#653);
#652 = CARTESIAN_POINT('',(0.,-7.523438300723));
#653 = VECTOR('',#654,1.);
#654 = DIRECTION('',(1.,0.));
#655 = ( GEOMETRIC_REPRESENTATION_CONTEXT(2) 
PARAMETRIC_REPRESENTATION_CONTEXT() REPRESENTATION_CONTEXT('2D SPACE',''
  ) );
#656 = ORIENTED_EDGE('',*,*,#657,.T.);
#657 = EDGE_CURVE('',#625,#658,#660,.T.);
#658 = VERTEX_POINT('',#659);
#659 = CARTESIAN_POINT('',(20.500990871568,37.13766532639,4.8));
#660 = SURFACE_CURVE('',#661,(#666,#673),.PCURVE_S1.);
#661 = CIRCLE('',#662,3.5);
#662 = AXIS2_PLACEMENT_3D('',#663,#664,#665);
#663 = CARTESIAN_POINT('',(23.685533905933,35.685533905933,4.8));
#664 = DIRECTION('',(-0.,0.,1.));
#665 = DIRECTION('',(0.414894691559,-0.90986943839,0.));
#666 = PCURVE('',#126,#667);
#667 = DEFINITIONAL_REPRESENTATION('',(#668),#672);
#668 = CIRCLE('',#669,3.5);
#669 = AXIS2_PLACEMENT_2D('',#670,#671);
#670 = CARTESIAN_POINT('',(23.685533905933,35.685533905933));
#671 = DIRECTION('',(0.414894691559,-0.90986943839));
#672 = ( GEOMETRIC_REPRESENTATION_CONTEXT(2) 
PARAMETRIC_REPRESENTATION_CONTEXT() REPRESENTATION_CONTEXT('2D SPACE',''
  ) );
#673 = PCURVE('',#674,#679);
#674 = CYLINDRICAL_SURFACE('',#675,3.5);
#675 = AXIS2_PLACEMENT_3D('',#676,#677,#678);
#676 = CARTESIAN_POINT('',(23.685533905933,35.685533905933,
    -2.723438300723));
#677 = DIRECTION('',(0.,0.,1.));
#678 = DIRECTION('',(1.,0.,-0.));
#679 = DEFINITIONAL_REPRESENTATION('',(#680),#684);
#680 = LINE('',#681,#682);
#681 = CARTESIAN_POINT('',(5.140216040137,7.523438300723));
#682 = VECTOR('',#683,1.);
#683 = DIRECTION('',(1.,0.));
#684 = ( GEOMETRIC_REPRESENTATION_CONTEXT(2) 
PARAMETRIC_REPRESENTATION_CONTEXT() REPRESENTATION_CONTEXT('2D SPACE',''
  ) );
#685 = ORIENTED_EDGE('',*,*,#686,.F.);
#686 = EDGE_CURVE('',#687,#658,#689,.T.);
#687 = VERTEX_POINT('',#688);
#688 = CARTESIAN_POINT('',(20.15,37.15,4.8));
#689 = SURFACE_CURVE('',#690,(#695,#706),.PCURVE_S1.);
#690 = CIRCLE('',#691,5.);
#691 = AXIS2_PLACEMENT_3D('',#692,#693,#694);
#692 = CARTESIAN_POINT('',(20.15,32.15,4.8));
#693 = DIRECTION('',(0.,0.,-1.));
#694 = DIRECTION('',(-1.,0.,0.));
#695 = PCURVE('',#126,#696);
#696 = DEFINITIONAL_REPRESENTATION('',(#697),#705);
#697 = ( BOUNDED_CURVE() B_SPLINE_CURVE(2,(#698,#699,#700,#701,#702,#703
,#704),.UNSPECIFIED.,.T.,.F.) B_SPLINE_CURVE_WITH_KNOTS((1,2,2,2,2,1),(
    -2.094395102393,0.,2.094395102393,4.188790204786,6.28318530718,
8.377580409573),.UNSPECIFIED.) CURVE() GEOMETRIC_REPRESENTATION_ITEM() 
RATIONAL_B_SPLINE_CURVE((1.,0.5,1.,0.5,1.,0.5,1.)) REPRESENTATION_ITEM(
  '') );
#698 = CARTESIAN_POINT('',(15.15,32.15));
#699 = CARTESIAN_POINT('',(15.15,40.810254037844));
#700 = CARTESIAN_POINT('',(22.65,36.480127018922));
#701 = CARTESIAN_POINT('',(30.15,32.15));
#702 = CARTESIAN_POINT('',(22.65,27.819872981078));
#703 = CARTESIAN_POINT('',(15.15,23.489745962156));
#704 = CARTESIAN_POINT('',(15.15,32.15));
#705 = ( GEOMETRIC_REPRESENTATION_CONTEXT(2) 
PARAMETRIC_REPRESENTATION_CONTEXT() REPRESENTATION_CONTEXT('2D SPACE',''
  ) );
#706 = PCURVE('',#707,#712);
#707 = CYLINDRICAL_SURFACE('',#708,5.);
#708 = AXIS2_PLACEMENT_3D('',#709,#710,#711);
#709 = CARTESIAN_POINT('',(20.15,32.15,-2.723438300723));
#710 = DIRECTION('',(0.,0.,-1.));
#711 = DIRECTION('',(-1.,0.,0.));
#712 = DEFINITIONAL_REPRESENTATION('',(#713),#717);
#713 = LINE('',#714,#715);
#714 = CARTESIAN_POINT('',(0.,-7.523438300723));
#715 = VECTOR('',#716,1.);
#716 = DIRECTION('',(1.,0.));
#717 = ( GEOMETRIC_REPRESENTATION_CONTEXT(2) 
PARAMETRIC_REPRESENTATION_CONTEXT() REPRESENTATION_CONTEXT('2D SPACE',''
  ) );
#718 = ORIENTED_EDGE('',*,*,#719,.F.);
#719 = EDGE_CURVE('',#720,#687,#722,.T.);
#720 = VERTEX_POINT('',#721);
#721 = CARTESIAN_POINT('',(-20.15,37.15,4.8));
#722 = SURFACE_CURVE('',#723,(#727,#734),.PCURVE_S1.);
#723 = LINE('',#724,#725);
#724 = CARTESIAN_POINT('',(0.,37.15,4.8));
#725 = VECTOR('',#726,1.);
#726 = DIRECTION('',(1.,0.,0.));
#727 = PCURVE('',#126,#728);
#728 = DEFINITIONAL_REPRESENTATION('',(#729),#733);
#729 = LINE('',#730,#731);
#730 = CARTESIAN_POINT('',(0.,37.15));
#731 = VECTOR('',#732,1.);
#732 = DIRECTION('',(1.,0.));
#733 = ( GEOMETRIC_REPRESENTATION_CONTEXT(2) 
PARAMETRIC_REPRESENTATION_CONTEXT() REPRESENTATION_CONTEXT('2D SPACE',''
  ) );
#734 = PCURVE('',#735,#740);
#735 = PLANE('',#736);
#736 = AXIS2_PLACEMENT_3D('',#737,#738,#739);
#737 = CARTESIAN_POINT('',(-20.15,37.15,-2.723438300723));
#738 = DIRECTION('',(0.,1.,0.));
#739 = DIRECTION('',(1.,0.,0.));
#740 = DEFINITIONAL_REPRESENTATION('',(#741),#745);
#741 = LINE('',#742,#743);
#742 = CARTESIAN_POINT('',(20.15,-7.523438300723));
#743 = VECTOR('',#744,1.);
#744 = DIRECTION('',(1.,0.));
#745 = ( GEOMETRIC_REPRESENTATION_CONTEXT(2) 
PARAMETRIC_REPRESENTATION_CONTEXT() REPRESENTATION_CONTEXT('2D SPACE',''
  ) );
#746 = ORIENTED_EDGE('',*,*,#747,.F.);
#747 = EDGE_CURVE('',#748,#720,#750,.T.);
#748 = VERTEX_POINT('',#749);
#749 = CARTESIAN_POINT('',(-20.50099087156,37.13766532639,4.8));
#750 = SURFACE_CURVE('',#751,(#756,#767),.PCURVE_S1.);
#751 = CIRCLE('',#752,5.);
#752 = AXIS2_PLACEMENT_3D('',#753,#754,#755);
#753 = CARTESIAN_POINT('',(-20.15,32.15,4.8));
#754 = DIRECTION('',(0.,0.,-1.));
#755 = DIRECTION('',(-1.,0.,0.));
#756 = PCURVE('',#126,#757);
#757 = DEFINITIONAL_REPRESENTATION('',(#758),#766);
#758 = ( BOUNDED_CURVE() B_SPLINE_CURVE(2,(#759,#760,#761,#762,#763,#764
,#765),.UNSPECIFIED.,.T.,.F.) B_SPLINE_CURVE_WITH_KNOTS((1,2,2,2,2,1),(
    -2.094395102393,0.,2.094395102393,4.188790204786,6.28318530718,
8.377580409573),.UNSPECIFIED.) CURVE() GEOMETRIC_REPRESENTATION_ITEM() 
RATIONAL_B_SPLINE_CURVE((1.,0.5,1.,0.5,1.,0.5,1.)) REPRESENTATION_ITEM(
  '') );
#759 = CARTESIAN_POINT('',(-25.15,32.15));
#760 = CARTESIAN_POINT('',(-25.15,40.810254037844));
#761 = CARTESIAN_POINT('',(-17.65,36.480127018922));
#762 = CARTESIAN_POINT('',(-10.15,32.15));
#763 = CARTESIAN_POINT('',(-17.65,27.819872981078));
#764 = CARTESIAN_POINT('',(-25.15,23.489745962156));
#765 = CARTESIAN_POINT('',(-25.15,32.15));
#766 = ( GEOMETRIC_REPRESENTATION_CONTEXT(2) 
PARAMETRIC_REPRESENTATION_CONTEXT() REPRESENTATION_CONTEXT('2D SPACE',''
  ) );
#767 = PCURVE('',#768,#773);
#768 = CYLINDRICAL_SURFACE('',#769,5.);
#769 = AXIS2_PLACEMENT_3D('',#770,#771,#772);
#770 = CARTESIAN_POINT('',(-20.15,32.15,-2.723438300723));
#771 = DIRECTION('',(0.,0.,-1.));
#772 = DIRECTION('',(-1.,0.,0.));
#773 = DEFINITIONAL_REPRESENTATION('',(#774),#778);
#774 = LINE('',#775,#776);
#775 = CARTESIAN_POINT('',(0.,-7.523438300723));
#776 = VECTOR('',#777,1.);
#777 = DIRECTION('',(1.,0.));
#778 = ( GEOMETRIC_REPRESENTATION_CONTEXT(2) 
PARAMETRIC_REPRESENTATION_CONTEXT() REPRESENTATION_CONTEXT('2D SPACE',''
  ) );
#779 = ORIENTED_EDGE('',*,*,#780,.T.);
#780 = EDGE_CURVE('',#748,#277,#781,.T.);
#781 = SURFACE_CURVE('',#782,(#787,#794),.PCURVE_S1.);
#782 = CIRCLE('',#783,3.5);
#783 = AXIS2_PLACEMENT_3D('',#784,#785,#786);
#784 = CARTESIAN_POINT('',(-23.68553390593,35.685533905933,4.8));
#785 = DIRECTION('',(0.,0.,1.));
#786 = DIRECTION('',(1.,0.,-0.));
#787 = PCURVE('',#126,#788);
#788 = DEFINITIONAL_REPRESENTATION('',(#789),#793);
#789 = CIRCLE('',#790,3.5);
#790 = AXIS2_PLACEMENT_2D('',#791,#792);
#791 = CARTESIAN_POINT('',(-23.68553390593,35.685533905933));
#792 = DIRECTION('',(1.,0.));
#793 = ( GEOMETRIC_REPRESENTATION_CONTEXT(2) 
PARAMETRIC_REPRESENTATION_CONTEXT() REPRESENTATION_CONTEXT('2D SPACE',''
  ) );
#794 = PCURVE('',#317,#795);
#795 = DEFINITIONAL_REPRESENTATION('',(#796),#800);
#796 = LINE('',#797,#798);
#797 = CARTESIAN_POINT('',(0.,7.523438300723));
#798 = VECTOR('',#799,1.);
#799 = DIRECTION('',(1.,0.));
#800 = ( GEOMETRIC_REPRESENTATION_CONTEXT(2) 
PARAMETRIC_REPRESENTATION_CONTEXT() REPRESENTATION_CONTEXT('2D SPACE',''
  ) );
#801 = ORIENTED_EDGE('',*,*,#276,.F.);
#802 = ORIENTED_EDGE('',*,*,#222,.F.);
#803 = ORIENTED_EDGE('',*,*,#804,.F.);
#804 = EDGE_CURVE('',#111,#195,#805,.T.);
#805 = SURFACE_CURVE('',#806,(#810,#817),.PCURVE_S1.);
#806 = LINE('',#807,#808);
#807 = CARTESIAN_POINT('',(-25.15,0.,4.8));
#808 = VECTOR('',#809,1.);
#809 = DIRECTION('',(0.,1.,0.));
#810 = PCURVE('',#126,#811);
#811 = DEFINITIONAL_REPRESENTATION('',(#812),#816);
#812 = LINE('',#813,#814);
#813 = CARTESIAN_POINT('',(-25.15,2.0701883982E-15));
#814 = VECTOR('',#815,1.);
#815 = DIRECTION('',(0.,1.));
#816 = ( GEOMETRIC_REPRESENTATION_CONTEXT(2) 
PARAMETRIC_REPRESENTATION_CONTEXT() REPRESENTATION_CONTEXT('2D SPACE',''
  ) );
#817 = PCURVE('',#818,#823);
#818 = PLANE('',#819);
#819 = AXIS2_PLACEMENT_3D('',#820,#821,#822);
#820 = CARTESIAN_POINT('',(-25.15,-15.2,-1.5));
#821 = DIRECTION('',(1.,0.,-0.));
#822 = DIRECTION('',(0.,0.,1.));
#823 = DEFINITIONAL_REPRESENTATION('',(#824),#828);
#824 = LINE('',#825,#826);
#825 = CARTESIAN_POINT('',(6.3,-15.2));
#826 = VECTOR('',#827,1.);
#827 = DIRECTION('',(0.,-1.));
#828 = ( GEOMETRIC_REPRESENTATION_CONTEXT(2) 
PARAMETRIC_REPRESENTATION_CONTEXT() REPRESENTATION_CONTEXT('2D SPACE',''
  ) );
#829 = FACE_BOUND('',#830,.T.);
#830 = EDGE_LOOP('',(#831));
#831 = ORIENTED_EDGE('',*,*,#832,.F.);
#832 = EDGE_CURVE('',#833,#833,#835,.T.);
#833 = VERTEX_POINT('',#834);
#834 = CARTESIAN_POINT('',(-22.83553390593,-35.68553390593,4.8));
#835 = SURFACE_CURVE('',#836,(#841,#848),.PCURVE_S1.);
#836 = CIRCLE('',#837,0.85);
#837 = AXIS2_PLACEMENT_3D('',#838,#839,#840);
#838 = CARTESIAN_POINT('',(-23.68553390593,-35.68553390593,4.8));
#839 = DIRECTION('',(0.,0.,1.));
#840 = DIRECTION('',(1.,0.,-0.));
#841 = PCURVE('',#126,#842);
#842 = DEFINITIONAL_REPRESENTATION('',(#843),#847);
#843 = CIRCLE('',#844,0.85);
#844 = AXIS2_PLACEMENT_2D('',#845,#846);
#845 = CARTESIAN_POINT('',(-23.68553390593,-35.68553390593));
#846 = DIRECTION('',(1.,0.));
#847 = ( GEOMETRIC_REPRESENTATION_CONTEXT(2) 
PARAMETRIC_REPRESENTATION_CONTEXT() REPRESENTATION_CONTEXT('2D SPACE',''
  ) );
#848 = PCURVE('',#849,#854);
#849 = CYLINDRICAL_SURFACE('',#850,0.85);
#850 = AXIS2_PLACEMENT_3D('',#851,#852,#853);
#851 = CARTESIAN_POINT('',(-23.68553390593,-35.68553390593,-1.2));
#852 = DIRECTION('',(0.,0.,1.));
#853 = DIRECTION('',(1.,0.,-0.));
#854 = DEFINITIONAL_REPRESENTATION('',(#855),#859);
#855 = LINE('',#856,#857);
#856 = CARTESIAN_POINT('',(0.,6.));
#857 = VECTOR('',#858,1.);
#858 = DIRECTION('',(1.,0.));
#859 = ( GEOMETRIC_REPRESENTATION_CONTEXT(2) 
PARAMETRIC_REPRESENTATION_CONTEXT() REPRESENTATION_CONTEXT('2D SPACE',''
  ) );
#860 = FACE_BOUND('',#861,.T.);
#861 = EDGE_LOOP('',(#862));
#862 = ORIENTED_EDGE('',*,*,#863,.F.);
#863 = EDGE_CURVE('',#864,#864,#866,.T.);
#864 = VERTEX_POINT('',#865);
#865 = CARTESIAN_POINT('',(24.535533905933,-35.68553390593,4.8));
#866 = SURFACE_CURVE('',#867,(#872,#879),.PCURVE_S1.);
#867 = CIRCLE('',#868,0.85);
#868 = AXIS2_PLACEMENT_3D('',#869,#870,#871);
#869 = CARTESIAN_POINT('',(23.685533905933,-35.68553390593,4.8));
#870 = DIRECTION('',(0.,0.,1.));
#871 = DIRECTION('',(1.,0.,-0.));
#872 = PCURVE('',#126,#873);
#873 = DEFINITIONAL_REPRESENTATION('',(#874),#878);
#874 = CIRCLE('',#875,0.85);
#875 = AXIS2_PLACEMENT_2D('',#876,#877);
#876 = CARTESIAN_POINT('',(23.685533905933,-35.68553390593));
#877 = DIRECTION('',(1.,0.));
#878 = ( GEOMETRIC_REPRESENTATION_CONTEXT(2) 
PARAMETRIC_REPRESENTATION_CONTEXT() REPRESENTATION_CONTEXT('2D SPACE',''
  ) );
#879 = PCURVE('',#880,#885);
#880 = CYLINDRICAL_SURFACE('',#881,0.85);
#881 = AXIS2_PLACEMENT_3D('',#882,#883,#884);
#882 = CARTESIAN_POINT('',(23.685533905933,-35.68553390593,-1.2));
#883 = DIRECTION('',(0.,0.,1.));
#884 = DIRECTION('',(1.,0.,-0.));
#885 = DEFINITIONAL_REPRESENTATION('',(#886),#890);
#886 = LINE('',#887,#888);
#887 = CARTESIAN_POINT('',(0.,6.));
#888 = VECTOR('',#889,1.);
#889 = DIRECTION('',(1.,0.));
#890 = ( GEOMETRIC_REPRESENTATION_CONTEXT(2) 
PARAMETRIC_REPRESENTATION_CONTEXT() REPRESENTATION_CONTEXT('2D SPACE',''
  ) );
#891 = FACE_BOUND('',#892,.T.);
#892 = EDGE_LOOP('',(#893,#921,#954,#980,#1013,#1039,#1072,#1098));
#893 = ORIENTED_EDGE('',*,*,#894,.F.);
#894 = EDGE_CURVE('',#895,#897,#899,.T.);
#895 = VERTEX_POINT('',#896);
#896 = CARTESIAN_POINT('',(-23.35,32.15,4.8));
#897 = VERTEX_POINT('',#898);
#898 = CARTESIAN_POINT('',(-23.35,-32.15,4.8));
#899 = SURFACE_CURVE('',#900,(#904,#910),.PCURVE_S1.);
#900 = LINE('',#901,#902);
#901 = CARTESIAN_POINT('',(-23.35,-16.075,4.8));
#902 = VECTOR('',#903,1.);
#903 = DIRECTION('',(0.,-1.,0.));
#904 = PCURVE('',#126,#905);
#905 = DEFINITIONAL_REPRESENTATION('',(#906),#909);
#906 = B_SPLINE_CURVE_WITH_KNOTS('',1,(#907,#908),.UNSPECIFIED.,.F.,.F.,
  (2,2),(-48.225,16.075),.PIECEWISE_BEZIER_KNOTS.);
#907 = CARTESIAN_POINT('',(-23.35,32.15));
#908 = CARTESIAN_POINT('',(-23.35,-32.15));
#909 = ( GEOMETRIC_REPRESENTATION_CONTEXT(2) 
PARAMETRIC_REPRESENTATION_CONTEXT() REPRESENTATION_CONTEXT('2D SPACE',''
  ) );
#910 = PCURVE('',#911,#916);
#911 = PLANE('',#912);
#912 = AXIS2_PLACEMENT_3D('',#913,#914,#915);
#913 = CARTESIAN_POINT('',(-23.35,-32.15,1.4));
#914 = DIRECTION('',(-1.,0.,0.));
#915 = DIRECTION('',(0.,1.,0.));
#916 = DEFINITIONAL_REPRESENTATION('',(#917),#920);
#917 = B_SPLINE_CURVE_WITH_KNOTS('',1,(#918,#919),.UNSPECIFIED.,.F.,.F.,
  (2,2),(-48.225,16.075),.PIECEWISE_BEZIER_KNOTS.);
#918 = CARTESIAN_POINT('',(64.3,-3.4));
#919 = CARTESIAN_POINT('',(0.,-3.4));
#920 = ( GEOMETRIC_REPRESENTATION_CONTEXT(2) 
PARAMETRIC_REPRESENTATION_CONTEXT() REPRESENTATION_CONTEXT('2D SPACE',''
  ) );
#921 = ORIENTED_EDGE('',*,*,#922,.T.);
#922 = EDGE_CURVE('',#895,#923,#925,.T.);
#923 = VERTEX_POINT('',#924);
#924 = CARTESIAN_POINT('',(-20.15,35.35,4.8));
#925 = SURFACE_CURVE('',#926,(#931,#942),.PCURVE_S1.);
#926 = CIRCLE('',#927,3.2);
#927 = AXIS2_PLACEMENT_3D('',#928,#929,#930);
#928 = CARTESIAN_POINT('',(-20.15,32.15,4.8));
#929 = DIRECTION('',(0.,0.,-1.));
#930 = DIRECTION('',(1.,0.,0.));
#931 = PCURVE('',#126,#932);
#932 = DEFINITIONAL_REPRESENTATION('',(#933),#941);
#933 = ( BOUNDED_CURVE() B_SPLINE_CURVE(2,(#934,#935,#936,#937,#938,#939
,#940),.UNSPECIFIED.,.T.,.F.) B_SPLINE_CURVE_WITH_KNOTS((1,2,2,2,2,1),(
    -2.094395102393,0.,2.094395102393,4.188790204786,6.28318530718,
8.377580409573),.UNSPECIFIED.) CURVE() GEOMETRIC_REPRESENTATION_ITEM() 
RATIONAL_B_SPLINE_CURVE((1.,0.5,1.,0.5,1.,0.5,1.)) REPRESENTATION_ITEM(
  '') );
#934 = CARTESIAN_POINT('',(-16.95,32.15));
#935 = CARTESIAN_POINT('',(-16.95,26.60743741578));
#936 = CARTESIAN_POINT('',(-21.75,29.37871870789));
#937 = CARTESIAN_POINT('',(-26.55,32.15));
#938 = CARTESIAN_POINT('',(-21.75,34.92128129211));
#939 = CARTESIAN_POINT('',(-16.95,37.69256258422));
#940 = CARTESIAN_POINT('',(-16.95,32.15));
#941 = ( GEOMETRIC_REPRESENTATION_CONTEXT(2) 
PARAMETRIC_REPRESENTATION_CONTEXT() REPRESENTATION_CONTEXT('2D SPACE',''
  ) );
#942 = PCURVE('',#943,#948);
#943 = CYLINDRICAL_SURFACE('',#944,3.2);
#944 = AXIS2_PLACEMENT_3D('',#945,#946,#947);
#945 = CARTESIAN_POINT('',(-20.15,32.15,1.4));
#946 = DIRECTION('',(-0.,-0.,-1.));
#947 = DIRECTION('',(1.,0.,0.));
#948 = DEFINITIONAL_REPRESENTATION('',(#949),#953);
#949 = LINE('',#950,#951);
#950 = CARTESIAN_POINT('',(-6.28318530718,-3.4));
#951 = VECTOR('',#952,1.);
#952 = DIRECTION('',(1.,-0.));
#953 = ( GEOMETRIC_REPRESENTATION_CONTEXT(2) 
PARAMETRIC_REPRESENTATION_CONTEXT() REPRESENTATION_CONTEXT('2D SPACE',''
  ) );
#954 = ORIENTED_EDGE('',*,*,#955,.F.);
#955 = EDGE_CURVE('',#956,#923,#958,.T.);
#956 = VERTEX_POINT('',#957);
#957 = CARTESIAN_POINT('',(20.15,35.35,4.8));
#958 = SURFACE_CURVE('',#959,(#963,#969),.PCURVE_S1.);
#959 = LINE('',#960,#961);
#960 = CARTESIAN_POINT('',(-10.075,35.35,4.8));
#961 = VECTOR('',#962,1.);
#962 = DIRECTION('',(-1.,0.,0.));
#963 = PCURVE('',#126,#964);
#964 = DEFINITIONAL_REPRESENTATION('',(#965),#968);
#965 = B_SPLINE_CURVE_WITH_KNOTS('',1,(#966,#967),.UNSPECIFIED.,.F.,.F.,
  (2,2),(-30.225,10.075),.PIECEWISE_BEZIER_KNOTS.);
#966 = CARTESIAN_POINT('',(20.15,35.35));
#967 = CARTESIAN_POINT('',(-20.15,35.35));
#968 = ( GEOMETRIC_REPRESENTATION_CONTEXT(2) 
PARAMETRIC_REPRESENTATION_CONTEXT() REPRESENTATION_CONTEXT('2D SPACE',''
  ) );
#969 = PCURVE('',#970,#975);
#970 = PLANE('',#971);
#971 = AXIS2_PLACEMENT_3D('',#972,#973,#974);
#972 = CARTESIAN_POINT('',(-20.15,35.35,1.4));
#973 = DIRECTION('',(0.,1.,0.));
#974 = DIRECTION('',(1.,0.,0.));
#975 = DEFINITIONAL_REPRESENTATION('',(#976),#979);
#976 = B_SPLINE_CURVE_WITH_KNOTS('',1,(#977,#978),.UNSPECIFIED.,.F.,.F.,
  (2,2),(-30.225,10.075),.PIECEWISE_BEZIER_KNOTS.);
#977 = CARTESIAN_POINT('',(40.3,-3.4));
#978 = CARTESIAN_POINT('',(0.,-3.4));
#979 = ( GEOMETRIC_REPRESENTATION_CONTEXT(2) 
PARAMETRIC_REPRESENTATION_CONTEXT() REPRESENTATION_CONTEXT('2D SPACE',''
  ) );
#980 = ORIENTED_EDGE('',*,*,#981,.T.);
#981 = EDGE_CURVE('',#956,#982,#984,.T.);
#982 = VERTEX_POINT('',#983);
#983 = CARTESIAN_POINT('',(23.35,32.15,4.8));
#984 = SURFACE_CURVE('',#985,(#990,#1001),.PCURVE_S1.);
#985 = CIRCLE('',#986,3.2);
#986 = AXIS2_PLACEMENT_3D('',#987,#988,#989);
#987 = CARTESIAN_POINT('',(20.15,32.15,4.8));
#988 = DIRECTION('',(0.,0.,-1.));
#989 = DIRECTION('',(1.,0.,0.));
#990 = PCURVE('',#126,#991);
#991 = DEFINITIONAL_REPRESENTATION('',(#992),#1000);
#992 = ( BOUNDED_CURVE() B_SPLINE_CURVE(2,(#993,#994,#995,#996,#997,#998
,#999),.UNSPECIFIED.,.T.,.F.) B_SPLINE_CURVE_WITH_KNOTS((1,2,2,2,2,1),(
    -2.094395102393,0.,2.094395102393,4.188790204786,6.28318530718,
8.377580409573),.UNSPECIFIED.) CURVE() GEOMETRIC_REPRESENTATION_ITEM() 
RATIONAL_B_SPLINE_CURVE((1.,0.5,1.,0.5,1.,0.5,1.)) REPRESENTATION_ITEM(
  '') );
#993 = CARTESIAN_POINT('',(23.35,32.15));
#994 = CARTESIAN_POINT('',(23.35,26.60743741578));
#995 = CARTESIAN_POINT('',(18.55,29.37871870789));
#996 = CARTESIAN_POINT('',(13.75,32.15));
#997 = CARTESIAN_POINT('',(18.55,34.92128129211));
#998 = CARTESIAN_POINT('',(23.35,37.69256258422));
#999 = CARTESIAN_POINT('',(23.35,32.15));
#1000 = ( GEOMETRIC_REPRESENTATION_CONTEXT(2) 
PARAMETRIC_REPRESENTATION_CONTEXT() REPRESENTATION_CONTEXT('2D SPACE',''
  ) );
#1001 = PCURVE('',#1002,#1007);
#1002 = CYLINDRICAL_SURFACE('',#1003,3.2);
#1003 = AXIS2_PLACEMENT_3D('',#1004,#1005,#1006);
#1004 = CARTESIAN_POINT('',(20.15,32.15,1.4));
#1005 = DIRECTION('',(-0.,-0.,-1.));
#1006 = DIRECTION('',(1.,0.,0.));
#1007 = DEFINITIONAL_REPRESENTATION('',(#1008),#1012);
#1008 = LINE('',#1009,#1010);
#1009 = CARTESIAN_POINT('',(-6.28318530718,-3.4));
#1010 = VECTOR('',#1011,1.);
#1011 = DIRECTION('',(1.,-0.));
#1012 = ( GEOMETRIC_REPRESENTATION_CONTEXT(2) 
PARAMETRIC_REPRESENTATION_CONTEXT() REPRESENTATION_CONTEXT('2D SPACE',''
  ) );
#1013 = ORIENTED_EDGE('',*,*,#1014,.T.);
#1014 = EDGE_CURVE('',#982,#1015,#1017,.T.);
#1015 = VERTEX_POINT('',#1016);
#1016 = CARTESIAN_POINT('',(23.35,-32.15,4.8));
#1017 = SURFACE_CURVE('',#1018,(#1022,#1028),.PCURVE_S1.);
#1018 = LINE('',#1019,#1020);
#1019 = CARTESIAN_POINT('',(23.35,-16.075,4.8));
#1020 = VECTOR('',#1021,1.);
#1021 = DIRECTION('',(0.,-1.,0.));
#1022 = PCURVE('',#126,#1023);
#1023 = DEFINITIONAL_REPRESENTATION('',(#1024),#1027);
#1024 = B_SPLINE_CURVE_WITH_KNOTS('',1,(#1025,#1026),.UNSPECIFIED.,.F.,
  .F.,(2,2),(-48.225,16.075),.PIECEWISE_BEZIER_KNOTS.);
#1025 = CARTESIAN_POINT('',(23.35,32.15));
#1026 = CARTESIAN_POINT('',(23.35,-32.15));
#1027 = ( GEOMETRIC_REPRESENTATION_CONTEXT(2) 
PARAMETRIC_REPRESENTATION_CONTEXT() REPRESENTATION_CONTEXT('2D SPACE',''
  ) );
#1028 = PCURVE('',#1029,#1034);
#1029 = PLANE('',#1030);
#1030 = AXIS2_PLACEMENT_3D('',#1031,#1032,#1033);
#1031 = CARTESIAN_POINT('',(23.35,-32.15,1.4));
#1032 = DIRECTION('',(-1.,0.,0.));
#1033 = DIRECTION('',(0.,1.,0.));
#1034 = DEFINITIONAL_REPRESENTATION('',(#1035),#1038);
#1035 = B_SPLINE_CURVE_WITH_KNOTS('',1,(#1036,#1037),.UNSPECIFIED.,.F.,
  .F.,(2,2),(-48.225,16.075),.PIECEWISE_BEZIER_KNOTS.);
#1036 = CARTESIAN_POINT('',(64.3,-3.4));
#1037 = CARTESIAN_POINT('',(0.,-3.4));
#1038 = ( GEOMETRIC_REPRESENTATION_CONTEXT(2) 
PARAMETRIC_REPRESENTATION_CONTEXT() REPRESENTATION_CONTEXT('2D SPACE',''
  ) );
#1039 = ORIENTED_EDGE('',*,*,#1040,.T.);
#1040 = EDGE_CURVE('',#1015,#1041,#1043,.T.);
#1041 = VERTEX_POINT('',#1042);
#1042 = CARTESIAN_POINT('',(20.15,-35.35,4.8));
#1043 = SURFACE_CURVE('',#1044,(#1049,#1060),.PCURVE_S1.);
#1044 = CIRCLE('',#1045,3.2);
#1045 = AXIS2_PLACEMENT_3D('',#1046,#1047,#1048);
#1046 = CARTESIAN_POINT('',(20.15,-32.15,4.8));
#1047 = DIRECTION('',(0.,0.,-1.));
#1048 = DIRECTION('',(1.,0.,0.));
#1049 = PCURVE('',#126,#1050);
#1050 = DEFINITIONAL_REPRESENTATION('',(#1051),#1059);
#1051 = ( BOUNDED_CURVE() B_SPLINE_CURVE(2,(#1052,#1053,#1054,#1055,
#1056,#1057,#1058),.UNSPECIFIED.,.T.,.F.) B_SPLINE_CURVE_WITH_KNOTS((1,2
    ,2,2,2,1),(-2.094395102393,0.,2.094395102393,4.188790204786,
6.28318530718,8.377580409573),.UNSPECIFIED.) CURVE() 
GEOMETRIC_REPRESENTATION_ITEM() RATIONAL_B_SPLINE_CURVE((1.,0.5,1.,0.5,
1.,0.5,1.)) REPRESENTATION_ITEM('') );
#1052 = CARTESIAN_POINT('',(23.35,-32.15));
#1053 = CARTESIAN_POINT('',(23.35,-37.69256258422));
#1054 = CARTESIAN_POINT('',(18.55,-34.92128129211));
#1055 = CARTESIAN_POINT('',(13.75,-32.15));
#1056 = CARTESIAN_POINT('',(18.55,-29.37871870789));
#1057 = CARTESIAN_POINT('',(23.35,-26.60743741578));
#1058 = CARTESIAN_POINT('',(23.35,-32.15));
#1059 = ( GEOMETRIC_REPRESENTATION_CONTEXT(2) 
PARAMETRIC_REPRESENTATION_CONTEXT() REPRESENTATION_CONTEXT('2D SPACE',''
  ) );
#1060 = PCURVE('',#1061,#1066);
#1061 = CYLINDRICAL_SURFACE('',#1062,3.2);
#1062 = AXIS2_PLACEMENT_3D('',#1063,#1064,#1065);
#1063 = CARTESIAN_POINT('',(20.15,-32.15,1.4));
#1064 = DIRECTION('',(-0.,-0.,-1.));
#1065 = DIRECTION('',(1.,0.,0.));
#1066 = DEFINITIONAL_REPRESENTATION('',(#1067),#1071);
#1067 = LINE('',#1068,#1069);
#1068 = CARTESIAN_POINT('',(-6.28318530718,-3.4));
#1069 = VECTOR('',#1070,1.);
#1070 = DIRECTION('',(1.,-0.));
#1071 = ( GEOMETRIC_REPRESENTATION_CONTEXT(2) 
PARAMETRIC_REPRESENTATION_CONTEXT() REPRESENTATION_CONTEXT('2D SPACE',''
  ) );
#1072 = ORIENTED_EDGE('',*,*,#1073,.T.);
#1073 = EDGE_CURVE('',#1041,#1074,#1076,.T.);
#1074 = VERTEX_POINT('',#1075);
#1075 = CARTESIAN_POINT('',(-20.15,-35.35,4.8));
#1076 = SURFACE_CURVE('',#1077,(#1081,#1087),.PCURVE_S1.);
#1077 = LINE('',#1078,#1079);
#1078 = CARTESIAN_POINT('',(-10.075,-35.35,4.8));
#1079 = VECTOR('',#1080,1.);
#1080 = DIRECTION('',(-1.,0.,0.));
#1081 = PCURVE('',#126,#1082);
#1082 = DEFINITIONAL_REPRESENTATION('',(#1083),#1086);
#1083 = B_SPLINE_CURVE_WITH_KNOTS('',1,(#1084,#1085),.UNSPECIFIED.,.F.,
  .F.,(2,2),(-30.225,10.075),.PIECEWISE_BEZIER_KNOTS.);
#1084 = CARTESIAN_POINT('',(20.15,-35.35));
#1085 = CARTESIAN_POINT('',(-20.15,-35.35));
#1086 = ( GEOMETRIC_REPRESENTATION_CONTEXT(2) 
PARAMETRIC_REPRESENTATION_CONTEXT() REPRESENTATION_CONTEXT('2D SPACE',''
  ) );
#1087 = PCURVE('',#1088,#1093);
#1088 = PLANE('',#1089);
#1089 = AXIS2_PLACEMENT_3D('',#1090,#1091,#1092);
#1090 = CARTESIAN_POINT('',(-20.15,-35.35,1.4));
#1091 = DIRECTION('',(0.,1.,0.));
#1092 = DIRECTION('',(1.,0.,0.));
#1093 = DEFINITIONAL_REPRESENTATION('',(#1094),#1097);
#1094 = B_SPLINE_CURVE_WITH_KNOTS('',1,(#1095,#1096),.UNSPECIFIED.,.F.,
  .F.,(2,2),(-30.225,10.075),.PIECEWISE_BEZIER_KNOTS.);
#1095 = CARTESIAN_POINT('',(40.3,-3.4));
#1096 = CARTESIAN_POINT('',(0.,-3.4));
#1097 = ( GEOMETRIC_REPRESENTATION_CONTEXT(2) 
PARAMETRIC_REPRESENTATION_CONTEXT() REPRESENTATION_CONTEXT('2D SPACE',''
  ) );
#1098 = ORIENTED_EDGE('',*,*,#1099,.T.);
#1099 = EDGE_CURVE('',#1074,#897,#1100,.T.);
#1100 = SURFACE_CURVE('',#1101,(#1106,#1117),.PCURVE_S1.);
#1101 = CIRCLE('',#1102,3.2);
#1102 = AXIS2_PLACEMENT_3D('',#1103,#1104,#1105);
#1103 = CARTESIAN_POINT('',(-20.15,-32.15,4.8));
#1104 = DIRECTION('',(0.,0.,-1.));
#1105 = DIRECTION('',(1.,0.,0.));
#1106 = PCURVE('',#126,#1107);
#1107 = DEFINITIONAL_REPRESENTATION('',(#1108),#1116);
#1108 = ( BOUNDED_CURVE() B_SPLINE_CURVE(2,(#1109,#1110,#1111,#1112,
#1113,#1114,#1115),.UNSPECIFIED.,.T.,.F.) B_SPLINE_CURVE_WITH_KNOTS((1,2
    ,2,2,2,1),(-2.094395102393,0.,2.094395102393,4.188790204786,
6.28318530718,8.377580409573),.UNSPECIFIED.) CURVE() 
GEOMETRIC_REPRESENTATION_ITEM() RATIONAL_B_SPLINE_CURVE((1.,0.5,1.,0.5,
1.,0.5,1.)) REPRESENTATION_ITEM('') );
#1109 = CARTESIAN_POINT('',(-16.95,-32.15));
#1110 = CARTESIAN_POINT('',(-16.95,-37.69256258422));
#1111 = CARTESIAN_POINT('',(-21.75,-34.92128129211));
#1112 = CARTESIAN_POINT('',(-26.55,-32.15));
#1113 = CARTESIAN_POINT('',(-21.75,-29.37871870789));
#1114 = CARTESIAN_POINT('',(-16.95,-26.60743741578));
#1115 = CARTESIAN_POINT('',(-16.95,-32.15));
#1116 = ( GEOMETRIC_REPRESENTATION_CONTEXT(2) 
PARAMETRIC_REPRESENTATION_CONTEXT() REPRESENTATION_CONTEXT('2D SPACE',''
  ) );
#1117 = PCURVE('',#1118,#1123);
#1118 = CYLINDRICAL_SURFACE('',#1119,3.2);
#1119 = AXIS2_PLACEMENT_3D('',#1120,#1121,#1122);
#1120 = CARTESIAN_POINT('',(-20.15,-32.15,1.4));
#1121 = DIRECTION('',(-0.,-0.,-1.));
#1122 = DIRECTION('',(1.,0.,0.));
#1123 = DEFINITIONAL_REPRESENTATION('',(#1124),#1128);
#1124 = LINE('',#1125,#1126);
#1125 = CARTESIAN_POINT('',(-6.28318530718,-3.4));
#1126 = VECTOR('',#1127,1.);
#1127 = DIRECTION('',(1.,-0.));
#1128 = ( GEOMETRIC_REPRESENTATION_CONTEXT(2) 
PARAMETRIC_REPRESENTATION_CONTEXT() REPRESENTATION_CONTEXT('2D SPACE',''
  ) );
#1129 = FACE_BOUND('',#1130,.T.);
#1130 = EDGE_LOOP('',(#1131));
#1131 = ORIENTED_EDGE('',*,*,#1132,.F.);
#1132 = EDGE_CURVE('',#1133,#1133,#1135,.T.);
#1133 = VERTEX_POINT('',#1134);
#1134 = CARTESIAN_POINT('',(-22.83553390593,35.685533905933,4.8));
#1135 = SURFACE_CURVE('',#1136,(#1141,#1148),.PCURVE_S1.);
#1136 = CIRCLE('',#1137,0.85);
#1137 = AXIS2_PLACEMENT_3D('',#1138,#1139,#1140);
#1138 = CARTESIAN_POINT('',(-23.68553390593,35.685533905933,4.8));
#1139 = DIRECTION('',(0.,0.,1.));
#1140 = DIRECTION('',(1.,0.,-0.));
#1141 = PCURVE('',#126,#1142);
#1142 = DEFINITIONAL_REPRESENTATION('',(#1143),#1147);
#1143 = CIRCLE('',#1144,0.85);
#1144 = AXIS2_PLACEMENT_2D('',#1145,#1146);
#1145 = CARTESIAN_POINT('',(-23.68553390593,35.685533905933));
#1146 = DIRECTION('',(1.,0.));
#1147 = ( GEOMETRIC_REPRESENTATION_CONTEXT(2) 
PARAMETRIC_REPRESENTATION_CONTEXT() REPRESENTATION_CONTEXT('2D SPACE',''
  ) );
#1148 = PCURVE('',#1149,#1154);
#1149 = CYLINDRICAL_SURFACE('',#1150,0.85);
#1150 = AXIS2_PLACEMENT_3D('',#1151,#1152,#1153);
#1151 = CARTESIAN_POINT('',(-23.68553390593,35.685533905933,-1.2));
#1152 = DIRECTION('',(0.,0.,1.));
#1153 = DIRECTION('',(1.,0.,-0.));
#1154 = DEFINITIONAL_REPRESENTATION('',(#1155),#1159);
#1155 = LINE('',#1156,#1157);
#1156 = CARTESIAN_POINT('',(0.,6.));
#1157 = VECTOR('',#1158,1.);
#1158 = DIRECTION('',(1.,0.));
#1159 = ( GEOMETRIC_REPRESENTATION_CONTEXT(2) 
PARAMETRIC_REPRESENTATION_CONTEXT() REPRESENTATION_CONTEXT('2D SPACE',''
  ) );
#1160 = FACE_BOUND('',#1161,.T.);
#1161 = EDGE_LOOP('',(#1162));
#1162 = ORIENTED_EDGE('',*,*,#1163,.F.);
#1163 = EDGE_CURVE('',#1164,#1164,#1166,.T.);
#1164 = VERTEX_POINT('',#1165);
#1165 = CARTESIAN_POINT('',(24.535533905933,35.685533905933,4.8));
#1166 = SURFACE_CURVE('',#1167,(#1172,#1179),.PCURVE_S1.);
#1167 = CIRCLE('',#1168,0.85);
#1168 = AXIS2_PLACEMENT_3D('',#1169,#1170,#1171);
#1169 = CARTESIAN_POINT('',(23.685533905933,35.685533905933,4.8));
#1170 = DIRECTION('',(0.,0.,1.));
#1171 = DIRECTION('',(1.,0.,-0.));
#1172 = PCURVE('',#126,#1173);
#1173 = DEFINITIONAL_REPRESENTATION('',(#1174),#1178);
#1174 = CIRCLE('',#1175,0.85);
#1175 = AXIS2_PLACEMENT_2D('',#1176,#1177);
#1176 = CARTESIAN_POINT('',(23.685533905933,35.685533905933));
#1177 = DIRECTION('',(1.,0.));
#1178 = ( GEOMETRIC_REPRESENTATION_CONTEXT(2) 
PARAMETRIC_REPRESENTATION_CONTEXT() REPRESENTATION_CONTEXT('2D SPACE',''
  ) );
#1179 = PCURVE('',#1180,#1185);
#1180 = CYLINDRICAL_SURFACE('',#1181,0.85);
#1181 = AXIS2_PLACEMENT_3D('',#1182,#1183,#1184);
#1182 = CARTESIAN_POINT('',(23.685533905933,35.685533905933,-1.2));
#1183 = DIRECTION('',(0.,0.,1.));
#1184 = DIRECTION('',(1.,0.,-0.));
#1185 = DEFINITIONAL_REPRESENTATION('',(#1186),#1190);
#1186 = LINE('',#1187,#1188);
#1187 = CARTESIAN_POINT('',(0.,6.));
#1188 = VECTOR('',#1189,1.);
#1189 = DIRECTION('',(1.,0.));
#1190 = ( GEOMETRIC_REPRESENTATION_CONTEXT(2) 
PARAMETRIC_REPRESENTATION_CONTEXT() REPRESENTATION_CONTEXT('2D SPACE',''
  ) );
#1191 = ADVANCED_FACE('',(#1192),#210,.T.);
#1192 = FACE_BOUND('',#1193,.T.);
#1193 = EDGE_LOOP('',(#1194,#1217,#1245,#1273,#1294));
#1194 = ORIENTED_EDGE('',*,*,#1195,.F.);
#1195 = EDGE_CURVE('',#1196,#167,#1198,.T.);
#1196 = VERTEX_POINT('',#1197);
#1197 = CARTESIAN_POINT('',(-27.75,15.2,-1.5));
#1198 = SURFACE_CURVE('',#1199,(#1203,#1210),.PCURVE_S1.);
#1199 = LINE('',#1200,#1201);
#1200 = CARTESIAN_POINT('',(-27.75,15.2,-1.5));
#1201 = VECTOR('',#1202,1.);
#1202 = DIRECTION('',(1.,0.,-0.));
#1203 = PCURVE('',#210,#1204);
#1204 = DEFINITIONAL_REPRESENTATION('',(#1205),#1209);
#1205 = LINE('',#1206,#1207);
#1206 = CARTESIAN_POINT('',(0.,0.));
#1207 = VECTOR('',#1208,1.);
#1208 = DIRECTION('',(0.,1.));
#1209 = ( GEOMETRIC_REPRESENTATION_CONTEXT(2) 
PARAMETRIC_REPRESENTATION_CONTEXT() REPRESENTATION_CONTEXT('2D SPACE',''
  ) );
#1210 = PCURVE('',#182,#1211);
#1211 = DEFINITIONAL_REPRESENTATION('',(#1212),#1216);
#1212 = LINE('',#1213,#1214);
#1213 = CARTESIAN_POINT('',(0.,30.4));
#1214 = VECTOR('',#1215,1.);
#1215 = DIRECTION('',(1.,0.));
#1216 = ( GEOMETRIC_REPRESENTATION_CONTEXT(2) 
PARAMETRIC_REPRESENTATION_CONTEXT() REPRESENTATION_CONTEXT('2D SPACE',''
  ) );
#1217 = ORIENTED_EDGE('',*,*,#1218,.T.);
#1218 = EDGE_CURVE('',#1196,#1219,#1221,.T.);
#1219 = VERTEX_POINT('',#1220);
#1220 = CARTESIAN_POINT('',(-27.75,15.2,5.3));
#1221 = SURFACE_CURVE('',#1222,(#1226,#1233),.PCURVE_S1.);
#1222 = LINE('',#1223,#1224);
#1223 = CARTESIAN_POINT('',(-27.75,15.2,-1.5));
#1224 = VECTOR('',#1225,1.);
#1225 = DIRECTION('',(0.,0.,1.));
#1226 = PCURVE('',#210,#1227);
#1227 = DEFINITIONAL_REPRESENTATION('',(#1228),#1232);
#1228 = LINE('',#1229,#1230);
#1229 = CARTESIAN_POINT('',(0.,0.));
#1230 = VECTOR('',#1231,1.);
#1231 = DIRECTION('',(1.,0.));
#1232 = ( GEOMETRIC_REPRESENTATION_CONTEXT(2) 
PARAMETRIC_REPRESENTATION_CONTEXT() REPRESENTATION_CONTEXT('2D SPACE',''
  ) );
#1233 = PCURVE('',#1234,#1239);
#1234 = PLANE('',#1235);
#1235 = AXIS2_PLACEMENT_3D('',#1236,#1237,#1238);
#1236 = CARTESIAN_POINT('',(-27.75,-15.2,-1.5));
#1237 = DIRECTION('',(1.,0.,-0.));
#1238 = DIRECTION('',(0.,0.,1.));
#1239 = DEFINITIONAL_REPRESENTATION('',(#1240),#1244);
#1240 = LINE('',#1241,#1242);
#1241 = CARTESIAN_POINT('',(0.,-30.4));
#1242 = VECTOR('',#1243,1.);
#1243 = DIRECTION('',(1.,0.));
#1244 = ( GEOMETRIC_REPRESENTATION_CONTEXT(2) 
PARAMETRIC_REPRESENTATION_CONTEXT() REPRESENTATION_CONTEXT('2D SPACE',''
  ) );
#1245 = ORIENTED_EDGE('',*,*,#1246,.T.);
#1246 = EDGE_CURVE('',#1219,#1247,#1249,.T.);
#1247 = VERTEX_POINT('',#1248);
#1248 = CARTESIAN_POINT('',(-25.15,15.2,5.3));
#1249 = SURFACE_CURVE('',#1250,(#1254,#1261),.PCURVE_S1.);
#1250 = LINE('',#1251,#1252);
#1251 = CARTESIAN_POINT('',(-27.75,15.2,5.3));
#1252 = VECTOR('',#1253,1.);
#1253 = DIRECTION('',(1.,0.,-0.));
#1254 = PCURVE('',#210,#1255);
#1255 = DEFINITIONAL_REPRESENTATION('',(#1256),#1260);
#1256 = LINE('',#1257,#1258);
#1257 = CARTESIAN_POINT('',(6.8,0.));
#1258 = VECTOR('',#1259,1.);
#1259 = DIRECTION('',(0.,1.));
#1260 = ( GEOMETRIC_REPRESENTATION_CONTEXT(2) 
PARAMETRIC_REPRESENTATION_CONTEXT() REPRESENTATION_CONTEXT('2D SPACE',''
  ) );
#1261 = PCURVE('',#1262,#1267);
#1262 = PLANE('',#1263);
#1263 = AXIS2_PLACEMENT_3D('',#1264,#1265,#1266);
#1264 = CARTESIAN_POINT('',(-27.75,-15.2,5.3));
#1265 = DIRECTION('',(0.,0.,1.));
#1266 = DIRECTION('',(1.,0.,-0.));
#1267 = DEFINITIONAL_REPRESENTATION('',(#1268),#1272);
#1268 = LINE('',#1269,#1270);
#1269 = CARTESIAN_POINT('',(0.,30.4));
#1270 = VECTOR('',#1271,1.);
#1271 = DIRECTION('',(1.,0.));
#1272 = ( GEOMETRIC_REPRESENTATION_CONTEXT(2) 
PARAMETRIC_REPRESENTATION_CONTEXT() REPRESENTATION_CONTEXT('2D SPACE',''
  ) );
#1273 = ORIENTED_EDGE('',*,*,#1274,.F.);
#1274 = EDGE_CURVE('',#195,#1247,#1275,.T.);
#1275 = SURFACE_CURVE('',#1276,(#1280,#1287),.PCURVE_S1.);
#1276 = LINE('',#1277,#1278);
#1277 = CARTESIAN_POINT('',(-25.15,15.2,-1.5));
#1278 = VECTOR('',#1279,1.);
#1279 = DIRECTION('',(0.,0.,1.));
#1280 = PCURVE('',#210,#1281);
#1281 = DEFINITIONAL_REPRESENTATION('',(#1282),#1286);
#1282 = LINE('',#1283,#1284);
#1283 = CARTESIAN_POINT('',(0.,2.6));
#1284 = VECTOR('',#1285,1.);
#1285 = DIRECTION('',(1.,0.));
#1286 = ( GEOMETRIC_REPRESENTATION_CONTEXT(2) 
PARAMETRIC_REPRESENTATION_CONTEXT() REPRESENTATION_CONTEXT('2D SPACE',''
  ) );
#1287 = PCURVE('',#818,#1288);
#1288 = DEFINITIONAL_REPRESENTATION('',(#1289),#1293);
#1289 = LINE('',#1290,#1291);
#1290 = CARTESIAN_POINT('',(0.,-30.4));
#1291 = VECTOR('',#1292,1.);
#1292 = DIRECTION('',(1.,0.));
#1293 = ( GEOMETRIC_REPRESENTATION_CONTEXT(2) 
PARAMETRIC_REPRESENTATION_CONTEXT() REPRESENTATION_CONTEXT('2D SPACE',''
  ) );
#1294 = ORIENTED_EDGE('',*,*,#194,.F.);
#1295 = ADVANCED_FACE('',(#1296),#182,.F.);
#1296 = FACE_BOUND('',#1297,.F.);
#1297 = EDGE_LOOP('',(#1298,#1321,#1342,#1343));
#1298 = ORIENTED_EDGE('',*,*,#1299,.F.);
#1299 = EDGE_CURVE('',#1300,#1196,#1302,.T.);
#1300 = VERTEX_POINT('',#1301);
#1301 = CARTESIAN_POINT('',(-27.75,-15.2,-1.5));
#1302 = SURFACE_CURVE('',#1303,(#1307,#1314),.PCURVE_S1.);
#1303 = LINE('',#1304,#1305);
#1304 = CARTESIAN_POINT('',(-27.75,-15.2,-1.5));
#1305 = VECTOR('',#1306,1.);
#1306 = DIRECTION('',(-0.,1.,0.));
#1307 = PCURVE('',#182,#1308);
#1308 = DEFINITIONAL_REPRESENTATION('',(#1309),#1313);
#1309 = LINE('',#1310,#1311);
#1310 = CARTESIAN_POINT('',(0.,0.));
#1311 = VECTOR('',#1312,1.);
#1312 = DIRECTION('',(0.,1.));
#1313 = ( GEOMETRIC_REPRESENTATION_CONTEXT(2) 
PARAMETRIC_REPRESENTATION_CONTEXT() REPRESENTATION_CONTEXT('2D SPACE',''
  ) );
#1314 = PCURVE('',#1234,#1315);
#1315 = DEFINITIONAL_REPRESENTATION('',(#1316),#1320);
#1316 = LINE('',#1317,#1318);
#1317 = CARTESIAN_POINT('',(0.,0.));
#1318 = VECTOR('',#1319,1.);
#1319 = DIRECTION('',(0.,-1.));
#1320 = ( GEOMETRIC_REPRESENTATION_CONTEXT(2) 
PARAMETRIC_REPRESENTATION_CONTEXT() REPRESENTATION_CONTEXT('2D SPACE',''
  ) );
#1321 = ORIENTED_EDGE('',*,*,#1322,.T.);
#1322 = EDGE_CURVE('',#1300,#139,#1323,.T.);
#1323 = SURFACE_CURVE('',#1324,(#1328,#1335),.PCURVE_S1.);
#1324 = LINE('',#1325,#1326);
#1325 = CARTESIAN_POINT('',(-27.75,-15.2,-1.5));
#1326 = VECTOR('',#1327,1.);
#1327 = DIRECTION('',(1.,0.,-0.));
#1328 = PCURVE('',#182,#1329);
#1329 = DEFINITIONAL_REPRESENTATION('',(#1330),#1334);
#1330 = LINE('',#1331,#1332);
#1331 = CARTESIAN_POINT('',(0.,0.));
#1332 = VECTOR('',#1333,1.);
#1333 = DIRECTION('',(1.,0.));
#1334 = ( GEOMETRIC_REPRESENTATION_CONTEXT(2) 
PARAMETRIC_REPRESENTATION_CONTEXT() REPRESENTATION_CONTEXT('2D SPACE',''
  ) );
#1335 = PCURVE('',#154,#1336);
#1336 = DEFINITIONAL_REPRESENTATION('',(#1337),#1341);
#1337 = LINE('',#1338,#1339);
#1338 = CARTESIAN_POINT('',(0.,0.));
#1339 = VECTOR('',#1340,1.);
#1340 = DIRECTION('',(0.,1.));
#1341 = ( GEOMETRIC_REPRESENTATION_CONTEXT(2) 
PARAMETRIC_REPRESENTATION_CONTEXT() REPRESENTATION_CONTEXT('2D SPACE',''
  ) );
#1342 = ORIENTED_EDGE('',*,*,#166,.T.);
#1343 = ORIENTED_EDGE('',*,*,#1195,.F.);
#1344 = ADVANCED_FACE('',(#1345),#154,.F.);
#1345 = FACE_BOUND('',#1346,.F.);
#1346 = EDGE_LOOP('',(#1347,#1348,#1371,#1394,#1415));
#1347 = ORIENTED_EDGE('',*,*,#1322,.F.);
#1348 = ORIENTED_EDGE('',*,*,#1349,.T.);
#1349 = EDGE_CURVE('',#1300,#1350,#1352,.T.);
#1350 = VERTEX_POINT('',#1351);
#1351 = CARTESIAN_POINT('',(-27.75,-15.2,5.3));
#1352 = SURFACE_CURVE('',#1353,(#1357,#1364),.PCURVE_S1.);
#1353 = LINE('',#1354,#1355);
#1354 = CARTESIAN_POINT('',(-27.75,-15.2,-1.5));
#1355 = VECTOR('',#1356,1.);
#1356 = DIRECTION('',(0.,0.,1.));
#1357 = PCURVE('',#154,#1358);
#1358 = DEFINITIONAL_REPRESENTATION('',(#1359),#1363);
#1359 = LINE('',#1360,#1361);
#1360 = CARTESIAN_POINT('',(0.,0.));
#1361 = VECTOR('',#1362,1.);
#1362 = DIRECTION('',(1.,0.));
#1363 = ( GEOMETRIC_REPRESENTATION_CONTEXT(2) 
PARAMETRIC_REPRESENTATION_CONTEXT() REPRESENTATION_CONTEXT('2D SPACE',''
  ) );
#1364 = PCURVE('',#1234,#1365);
#1365 = DEFINITIONAL_REPRESENTATION('',(#1366),#1370);
#1366 = LINE('',#1367,#1368);
#1367 = CARTESIAN_POINT('',(0.,0.));
#1368 = VECTOR('',#1369,1.);
#1369 = DIRECTION('',(1.,0.));
#1370 = ( GEOMETRIC_REPRESENTATION_CONTEXT(2) 
PARAMETRIC_REPRESENTATION_CONTEXT() REPRESENTATION_CONTEXT('2D SPACE',''
  ) );
#1371 = ORIENTED_EDGE('',*,*,#1372,.T.);
#1372 = EDGE_CURVE('',#1350,#1373,#1375,.T.);
#1373 = VERTEX_POINT('',#1374);
#1374 = CARTESIAN_POINT('',(-25.15,-15.2,5.3));
#1375 = SURFACE_CURVE('',#1376,(#1380,#1387),.PCURVE_S1.);
#1376 = LINE('',#1377,#1378);
#1377 = CARTESIAN_POINT('',(-27.75,-15.2,5.3));
#1378 = VECTOR('',#1379,1.);
#1379 = DIRECTION('',(1.,0.,-0.));
#1380 = PCURVE('',#154,#1381);
#1381 = DEFINITIONAL_REPRESENTATION('',(#1382),#1386);
#1382 = LINE('',#1383,#1384);
#1383 = CARTESIAN_POINT('',(6.8,0.));
#1384 = VECTOR('',#1385,1.);
#1385 = DIRECTION('',(0.,1.));
#1386 = ( GEOMETRIC_REPRESENTATION_CONTEXT(2) 
PARAMETRIC_REPRESENTATION_CONTEXT() REPRESENTATION_CONTEXT('2D SPACE',''
  ) );
#1387 = PCURVE('',#1262,#1388);
#1388 = DEFINITIONAL_REPRESENTATION('',(#1389),#1393);
#1389 = LINE('',#1390,#1391);
#1390 = CARTESIAN_POINT('',(0.,0.));
#1391 = VECTOR('',#1392,1.);
#1392 = DIRECTION('',(1.,0.));
#1393 = ( GEOMETRIC_REPRESENTATION_CONTEXT(2) 
PARAMETRIC_REPRESENTATION_CONTEXT() REPRESENTATION_CONTEXT('2D SPACE',''
  ) );
#1394 = ORIENTED_EDGE('',*,*,#1395,.F.);
#1395 = EDGE_CURVE('',#111,#1373,#1396,.T.);
#1396 = SURFACE_CURVE('',#1397,(#1401,#1408),.PCURVE_S1.);
#1397 = LINE('',#1398,#1399);
#1398 = CARTESIAN_POINT('',(-25.15,-15.2,-1.5));
#1399 = VECTOR('',#1400,1.);
#1400 = DIRECTION('',(0.,0.,1.));
#1401 = PCURVE('',#154,#1402);
#1402 = DEFINITIONAL_REPRESENTATION('',(#1403),#1407);
#1403 = LINE('',#1404,#1405);
#1404 = CARTESIAN_POINT('',(0.,2.6));
#1405 = VECTOR('',#1406,1.);
#1406 = DIRECTION('',(1.,0.));
#1407 = ( GEOMETRIC_REPRESENTATION_CONTEXT(2) 
PARAMETRIC_REPRESENTATION_CONTEXT() REPRESENTATION_CONTEXT('2D SPACE',''
  ) );
#1408 = PCURVE('',#818,#1409);
#1409 = DEFINITIONAL_REPRESENTATION('',(#1410),#1414);
#1410 = LINE('',#1411,#1412);
#1411 = CARTESIAN_POINT('',(0.,0.));
#1412 = VECTOR('',#1413,1.);
#1413 = DIRECTION('',(1.,0.));
#1414 = ( GEOMETRIC_REPRESENTATION_CONTEXT(2) 
PARAMETRIC_REPRESENTATION_CONTEXT() REPRESENTATION_CONTEXT('2D SPACE',''
  ) );
#1415 = ORIENTED_EDGE('',*,*,#138,.F.);
#1416 = ADVANCED_FACE('',(#1417),#98,.T.);
#1417 = FACE_BOUND('',#1418,.T.);
#1418 = EDGE_LOOP('',(#1419,#1448,#1467,#1468));
#1419 = ORIENTED_EDGE('',*,*,#1420,.F.);
#1420 = EDGE_CURVE('',#1421,#57,#1423,.T.);
#1421 = VERTEX_POINT('',#1422);
#1422 = CARTESIAN_POINT('',(-25.13766532639,-32.50099087156,
    -2.121341019272));
#1423 = SURFACE_CURVE('',#1424,(#1430,#1439),.PCURVE_S1.);
#1424 = B_SPLINE_CURVE_WITH_KNOTS('',4,(#1425,#1426,#1427,#1428,#1429),
  .UNSPECIFIED.,.F.,.F.,(5,5),(0.,1.),.PIECEWISE_BEZIER_KNOTS.);
#1425 = CARTESIAN_POINT('',(-25.13766532639,-32.50099087156,
    -2.121341019272));
#1426 = CARTESIAN_POINT('',(-25.14383480984,-32.41332101682,
    -2.122389760257));
#1427 = CARTESIAN_POINT('',(-25.1479449363,-32.32557318274,
    -2.123088787327));
#1428 = CARTESIAN_POINT('',(-25.15,-32.23778662749,-2.123438300723));
#1429 = CARTESIAN_POINT('',(-25.15,-32.15,-2.123438300723));
#1430 = PCURVE('',#98,#1431);
#1431 = DEFINITIONAL_REPRESENTATION('',(#1432),#1438);
#1432 = B_SPLINE_CURVE_WITH_KNOTS('',4,(#1433,#1434,#1435,#1436,#1437),
  .UNSPECIFIED.,.F.,.F.,(5,5),(0.,1.),.PIECEWISE_BEZIER_KNOTS.);
#1433 = CARTESIAN_POINT('',(6.212929351073,-0.602097281451));
#1434 = CARTESIAN_POINT('',(6.230506684155,-0.601048540467));
#1435 = CARTESIAN_POINT('',(6.248070665932,-0.600349513396));
#1436 = CARTESIAN_POINT('',(6.26562798168,-0.6));
#1437 = CARTESIAN_POINT('',(6.28318530718,-0.6));
#1438 = ( GEOMETRIC_REPRESENTATION_CONTEXT(2) 
PARAMETRIC_REPRESENTATION_CONTEXT() REPRESENTATION_CONTEXT('2D SPACE',''
  ) );
#1439 = PCURVE('',#71,#1440);
#1440 = DEFINITIONAL_REPRESENTATION('',(#1441),#1447);
#1441 = B_SPLINE_CURVE_WITH_KNOTS('',4,(#1442,#1443,#1444,#1445,#1446),
  .UNSPECIFIED.,.F.,.F.,(5,5),(0.,1.),.PIECEWISE_BEZIER_KNOTS.);
#1442 = CARTESIAN_POINT('',(1.739175266872,143.95099087156));
#1443 = CARTESIAN_POINT('',(1.739216986776,143.86332101682));
#1444 = CARTESIAN_POINT('',(1.739244781083,143.77557318274));
#1445 = CARTESIAN_POINT('',(1.739258678239,143.68778662749));
#1446 = CARTESIAN_POINT('',(1.739258678239,143.6));
#1447 = ( GEOMETRIC_REPRESENTATION_CONTEXT(2) 
PARAMETRIC_REPRESENTATION_CONTEXT() REPRESENTATION_CONTEXT('2D SPACE',''
  ) );
#1448 = ORIENTED_EDGE('',*,*,#1449,.F.);
#1449 = EDGE_CURVE('',#333,#1421,#1450,.T.);
#1450 = SURFACE_CURVE('',#1451,(#1455,#1461),.PCURVE_S1.);
#1451 = LINE('',#1452,#1453);
#1452 = CARTESIAN_POINT('',(-25.13766532639,-32.50099087156,
    -2.723438300723));
#1453 = VECTOR('',#1454,1.);
#1454 = DIRECTION('',(0.,0.,-1.));
#1455 = PCURVE('',#98,#1456);
#1456 = DEFINITIONAL_REPRESENTATION('',(#1457),#1460);
#1457 = B_SPLINE_CURVE_WITH_KNOTS('',1,(#1458,#1459),.UNSPECIFIED.,.F.,
  .F.,(2,2),(-7.523440700723,2.400000000069E-06),
  .PIECEWISE_BEZIER_KNOTS.);
#1458 = CARTESIAN_POINT('',(6.212929351073,-7.523440700723));
#1459 = CARTESIAN_POINT('',(6.212929351073,2.400000000069E-06));
#1460 = ( GEOMETRIC_REPRESENTATION_CONTEXT(2) 
PARAMETRIC_REPRESENTATION_CONTEXT() REPRESENTATION_CONTEXT('2D SPACE',''
  ) );
#1461 = PCURVE('',#377,#1462);
#1462 = DEFINITIONAL_REPRESENTATION('',(#1463),#1466);
#1463 = B_SPLINE_CURVE_WITH_KNOTS('',1,(#1464,#1465),.UNSPECIFIED.,.F.,
  .F.,(2,2),(-7.523440700723,2.400000000069E-06),
  .PIECEWISE_BEZIER_KNOTS.);
#1464 = CARTESIAN_POINT('',(1.998623386547,7.523440700723));
#1465 = CARTESIAN_POINT('',(1.998623386547,-2.400000000069E-06));
#1466 = ( GEOMETRIC_REPRESENTATION_CONTEXT(2) 
PARAMETRIC_REPRESENTATION_CONTEXT() REPRESENTATION_CONTEXT('2D SPACE',''
  ) );
#1467 = ORIENTED_EDGE('',*,*,#332,.T.);
#1468 = ORIENTED_EDGE('',*,*,#82,.F.);
#1469 = ADVANCED_FACE('',(#1470,#2497),#71,.F.);
#1470 = FACE_BOUND('',#1471,.F.);
#1471 = EDGE_LOOP('',(#1472,#1618,#1619,#1620,#1621,#1767,#1796,#1824,
    #1853,#2049,#2078,#2099,#2128,#2324,#2357,#2383,#2416,#2442,#2470));
#1472 = ORIENTED_EDGE('',*,*,#1473,.T.);
#1473 = EDGE_CURVE('',#1474,#247,#1476,.T.);
#1474 = VERTEX_POINT('',#1475);
#1475 = CARTESIAN_POINT('',(-20.50099087156,37.13766532639,
    -1.407572961191));
#1476 = SURFACE_CURVE('',#1477,(#1522,#1570),.PCURVE_S1.);
#1477 = B_SPLINE_CURVE_WITH_KNOTS('',7,(#1478,#1479,#1480,#1481,#1482,
    #1483,#1484,#1485,#1486,#1487,#1488,#1489,#1490,#1491,#1492,#1493,
    #1494,#1495,#1496,#1497,#1498,#1499,#1500,#1501,#1502,#1503,#1504,
    #1505,#1506,#1507,#1508,#1509,#1510,#1511,#1512,#1513,#1514,#1515,
    #1516,#1517,#1518,#1519,#1520,#1521),.UNSPECIFIED.,.F.,.F.,(8,6,6,6,
    6,6,6,8),(0.,0.198787102966,0.363177786525,0.539191048634,
    0.687890820902,0.813097996811,0.918502991064,1.),.UNSPECIFIED.);
#1478 = CARTESIAN_POINT('',(-20.50099087156,37.13766532639,
    -1.407572961191));
#1479 = CARTESIAN_POINT('',(-20.64546565635,37.45450040279,
    -1.427505849449));
#1480 = CARTESIAN_POINT('',(-20.83064729452,37.763185241863,
    -1.453222042185));
#1481 = CARTESIAN_POINT('',(-21.05843372245,38.058346495009,
    -1.485152439174));
#1482 = CARTESIAN_POINT('',(-21.3304567844,38.333403356449,
    -1.523778241891));
#1483 = CARTESIAN_POINT('',(-21.64764803491,38.580227584251,
    -1.56957943821));
#1484 = CARTESIAN_POINT('',(-22.00988367043,38.788896448474,
    -1.623005331001));
#1485 = CARTESIAN_POINT('',(-22.74926534837,39.077056178355,
    -1.734746169521));
#1486 = CARTESIAN_POINT('',(-23.11246272269,39.17244827697,
    -1.790536630429));
#1487 = CARTESIAN_POINT('',(-23.4942207914,39.222502210548,
    -1.850309894161));
#1488 = CARTESIAN_POINT('',(-23.88222457127,39.222138346676,
    -1.912363042652));
#1489 = CARTESIAN_POINT('',(-24.26335087685,39.171487101878,
    -1.974596114357));
#1490 = CARTESIAN_POINT('',(-24.62533558079,39.075891261222,
    -2.03477820476));
#1491 = CARTESIAN_POINT('',(-25.31477919616,38.806753645821,
    -2.151115461593));
#1492 = CARTESIAN_POINT('',(-25.63866948672,38.627912110952,
    -2.206799943757));
#1493 = CARTESIAN_POINT('',(-25.92798371982,38.418016315431,
    -2.257343252596));
#1494 = CARTESIAN_POINT('',(-26.18222440522,38.184133909249,
    -2.302335058931));
#1495 = CARTESIAN_POINT('',(-26.40172540824,37.93222683774,
    -2.341573630176));
#1496 = CARTESIAN_POINT('',(-26.58733809537,37.667380255615,
    -2.37501020353));
#1497 = CARTESIAN_POINT('',(-26.8694910188,37.162859949288,
    -2.426128005262));
#1498 = CARTESIAN_POINT('',(-26.97587276783,36.924783343327,
    -2.445537549746));
#1499 = CARTESIAN_POINT('',(-27.06016007461,36.681609865242,
    -2.460993897303));
#1500 = CARTESIAN_POINT('',(-27.12294956676,36.434884496909,
    -2.472546111486));
#1501 = CARTESIAN_POINT('',(-27.16466704604,36.185883058343,
    -2.480234148962));
#1502 = CARTESIAN_POINT('',(-27.18553390593,35.935733487825,
    -2.484079685448));
#1503 = CARTESIAN_POINT('',(-27.18553390593,35.47486254723,
    -2.484079685448));
#1504 = CARTESIAN_POINT('',(-27.17073971167,35.264212984405,
    -2.481353202115));
#1505 = CARTESIAN_POINT('',(-27.14115712946,35.054250334831,
    -2.475901610904));
#1506 = CARTESIAN_POINT('',(-27.09667733272,34.845652152771,
    -2.467714137553));
#1507 = CARTESIAN_POINT('',(-27.03708811276,34.639158151019,
    -2.456771015543));
#1508 = CARTESIAN_POINT('',(-26.96208512956,34.435619922545,
    -2.443046643564));
#1509 = CARTESIAN_POINT('',(-26.79484201015,34.068044343044,
    -2.412593766817));
#1510 = CARTESIAN_POINT('',(-26.70719112684,33.902822957934,
    -2.396681385946));
#1511 = CARTESIAN_POINT('',(-26.60809943685,33.741004072965,
    -2.37875862891));
#1512 = CARTESIAN_POINT('',(-26.49730310469,33.583302493233,
    -2.358809080654));
#1513 = CARTESIAN_POINT('',(-26.37452682405,33.430558279253,
    -2.336821432103));
#1514 = CARTESIAN_POINT('',(-26.23950510669,33.28376476344,
    -2.312794029743));
#1515 = CARTESIAN_POINT('',(-25.97795836842,33.03610794264,
    -2.266594532132));
#1516 = CARTESIAN_POINT('',(-25.85637214574,32.932302254776,
    -2.245223553116));
#1517 = CARTESIAN_POINT('',(-25.72725399507,32.833364676571,
    -2.222653153825));
#1518 = CARTESIAN_POINT('',(-25.59067006877,32.74000847827,
    -2.198922707152));
#1519 = CARTESIAN_POINT('',(-25.44674473489,32.652975434228,
    -2.174083607459));
#1520 = CARTESIAN_POINT('',(-25.2956617324,32.573036230358,
    -2.148198584823));
#1521 = CARTESIAN_POINT('',(-25.13766532639,32.500990871568,
    -2.121341019272));
#1522 = PCURVE('',#71,#1523);
#1523 = DEFINITIONAL_REPRESENTATION('',(#1524),#1569);
#1524 = B_SPLINE_CURVE_WITH_KNOTS('',7,(#1525,#1526,#1527,#1528,#1529,
    #1530,#1531,#1532,#1533,#1534,#1535,#1536,#1537,#1538,#1539,#1540,
    #1541,#1542,#1543,#1544,#1545,#1546,#1547,#1548,#1549,#1550,#1551,
    #1552,#1553,#1554,#1555,#1556,#1557,#1558,#1559,#1560,#1561,#1562,
    #1563,#1564,#1565,#1566,#1567,#1568),.UNSPECIFIED.,.F.,.F.,(8,6,6,6,
    6,6,6,8),(0.,0.198787102966,0.363177786525,0.539191048634,
    0.687890820902,0.813097996811,0.918502991064,1.),.UNSPECIFIED.);
#1525 = CARTESIAN_POINT('',(1.707898716191,74.31233467361));
#1526 = CARTESIAN_POINT('',(1.708871005208,73.99549959721));
#1527 = CARTESIAN_POINT('',(1.71011739619,73.686814758137));
#1528 = CARTESIAN_POINT('',(1.71165081724,73.391653504991));
#1529 = CARTESIAN_POINT('',(1.713482489656,73.116596643551));
#1530 = CARTESIAN_POINT('',(1.715619016296,72.869772415749));
#1531 = CARTESIAN_POINT('',(1.718060029573,72.661103551526));
#1532 = CARTESIAN_POINT('',(1.723045213312,72.372943821645));
#1533 = CARTESIAN_POINT('',(1.725494921811,72.27755172303));
#1534 = CARTESIAN_POINT('',(1.728070965443,72.227497789452));
#1535 = CARTESIAN_POINT('',(1.730690502664,72.227861653324));
#1536 = CARTESIAN_POINT('',(1.733264977164,72.278512898122));
#1537 = CARTESIAN_POINT('',(1.735711326128,72.374108738778));
#1538 = CARTESIAN_POINT('',(1.740372593749,72.643246354179));
#1539 = CARTESIAN_POINT('',(1.742563531116,72.822087889048));
#1540 = CARTESIAN_POINT('',(1.744521494698,73.031983684569));
#1541 = CARTESIAN_POINT('',(1.746242762791,73.26586609075));
#1542 = CARTESIAN_POINT('',(1.747729297958,73.51777316226));
#1543 = CARTESIAN_POINT('',(1.748986632694,73.782619744385));
#1544 = CARTESIAN_POINT('',(1.750898273081,74.287140050712));
#1545 = CARTESIAN_POINT('',(1.751619191912,74.525216656673));
#1546 = CARTESIAN_POINT('',(1.752190476742,74.768390134758));
#1547 = CARTESIAN_POINT('',(1.752616099104,75.015115503091));
#1548 = CARTESIAN_POINT('',(1.752898898904,75.264116941657));
#1549 = CARTESIAN_POINT('',(1.753040353885,75.514266512175));
#1550 = CARTESIAN_POINT('',(1.753040353885,75.97513745277));
#1551 = CARTESIAN_POINT('',(1.752940065013,76.185787015595));
#1552 = CARTESIAN_POINT('',(1.75273952692,76.395749665169));
#1553 = CARTESIAN_POINT('',(1.752438013184,76.604347847229));
#1554 = CARTESIAN_POINT('',(1.752034108635,76.810841848981));
#1555 = CARTESIAN_POINT('',(1.751525786691,77.014380077455));
#1556 = CARTESIAN_POINT('',(1.750392499658,77.381955656956));
#1557 = CARTESIAN_POINT('',(1.749798609334,77.547177042066));
#1558 = CARTESIAN_POINT('',(1.749127279583,77.708995927035));
#1559 = CARTESIAN_POINT('',(1.748376759887,77.866697506767));
#1560 = CARTESIAN_POINT('',(1.747545229998,78.019441720747));
#1561 = CARTESIAN_POINT('',(1.746630944597,78.16623523656));
#1562 = CARTESIAN_POINT('',(1.744860306421,78.41389205736));
#1563 = CARTESIAN_POINT('',(1.744037306015,78.517697745224));
#1564 = CARTESIAN_POINT('',(1.743163466603,78.616635323429));
#1565 = CARTESIAN_POINT('',(1.742239266927,78.70999152173));
#1566 = CARTESIAN_POINT('',(1.741265581268,78.797024565772));
#1567 = CARTESIAN_POINT('',(1.740243686123,78.876963769642));
#1568 = CARTESIAN_POINT('',(1.739175266872,78.949009128432));
#1569 = ( GEOMETRIC_REPRESENTATION_CONTEXT(2) 
PARAMETRIC_REPRESENTATION_CONTEXT() REPRESENTATION_CONTEXT('2D SPACE',''
  ) );
#1570 = PCURVE('',#317,#1571);
#1571 = DEFINITIONAL_REPRESENTATION('',(#1572),#1617);
#1572 = B_SPLINE_CURVE_WITH_KNOTS('',7,(#1573,#1574,#1575,#1576,#1577,
    #1578,#1579,#1580,#1581,#1582,#1583,#1584,#1585,#1586,#1587,#1588,
    #1589,#1590,#1591,#1592,#1593,#1594,#1595,#1596,#1597,#1598,#1599,
    #1600,#1601,#1602,#1603,#1604,#1605,#1606,#1607,#1608,#1609,#1610,
    #1611,#1612,#1613,#1614,#1615,#1616),.UNSPECIFIED.,.F.,.F.,(8,6,6,6,
    6,6,6,8),(0.,0.198787102966,0.363177786525,0.539191048634,
    0.687890820902,0.813097996811,0.918502991064,1.),.UNSPECIFIED.);
#1573 = CARTESIAN_POINT('',(0.427827059752,1.315865339533));
#1574 = CARTESIAN_POINT('',(0.527318595266,1.295932451275));
#1575 = CARTESIAN_POINT('',(0.629516434294,1.270216258538));
#1576 = CARTESIAN_POINT('',(0.734859953443,1.238285861549));
#1577 = CARTESIAN_POINT('',(0.843824929024,1.199660058833));
#1578 = CARTESIAN_POINT('',(0.956991837184,1.153858862513));
#1579 = CARTESIAN_POINT('',(1.075073091387,1.100432969722));
#1580 = CARTESIAN_POINT('',(1.301801607568,0.988692131202));
#1581 = CARTESIAN_POINT('',(1.408385833255,0.932901670295));
#1582 = CARTESIAN_POINT('',(1.516972577936,0.873128406562));
#1583 = CARTESIAN_POINT('',(1.626136738583,0.811075258072));
#1584 = CARTESIAN_POINT('',(1.734576606594,0.748842186366));
#1585 = CARTESIAN_POINT('',(1.84085244701,0.688660095963));
#1586 = CARTESIAN_POINT('',(2.05231336245,0.57232283913));
#1587 = CARTESIAN_POINT('',(2.157099456166,0.516638356967));
#1588 = CARTESIAN_POINT('',(2.258043417794,0.466095048127));
#1589 = CARTESIAN_POINT('',(2.355618912873,0.421103241792));
#1590 = CARTESIAN_POINT('',(2.450220466901,0.381864670548));
#1591 = CARTESIAN_POINT('',(2.542149585715,0.348428097194));
#1592 = CARTESIAN_POINT('',(2.707309004482,0.297310295461));
#1593 = CARTESIAN_POINT('',(2.781513503555,0.277900750977));
#1594 = CARTESIAN_POINT('',(2.854613578328,0.262444403421));
#1595 = CARTESIAN_POINT('',(2.926896263841,0.250892189237));
#1596 = CARTESIAN_POINT('',(2.998635564081,0.243204151762));
#1597 = CARTESIAN_POINT('',(3.070107058763,0.239358615276));
#1598 = CARTESIAN_POINT('',(3.201784470362,0.239358615276));
#1599 = CARTESIAN_POINT('',(3.261969871576,0.242085098609));
#1600 = CARTESIAN_POINT('',(3.322315657176,0.247536689819));
#1601 = CARTESIAN_POINT('',(3.382983625376,0.25572416317));
#1602 = CARTESIAN_POINT('',(3.444136511572,0.26666728518));
#1603 = CARTESIAN_POINT('',(3.50594392725,0.280391657159));
#1604 = CARTESIAN_POINT('',(3.621325129566,0.310844533906));
#1605 = CARTESIAN_POINT('',(3.674663792403,0.326756914778));
#1606 = CARTESIAN_POINT('',(3.728711716753,0.344679671814));
#1607 = CARTESIAN_POINT('',(3.783577197603,0.364629220069));
#1608 = CARTESIAN_POINT('',(3.839373532311,0.38661686862));
#1609 = CARTESIAN_POINT('',(3.896223157343,0.41064427098));
#1610 = CARTESIAN_POINT('',(3.999136077612,0.456843768591));
#1611 = CARTESIAN_POINT('',(4.044753016576,0.478214747607));
#1612 = CARTESIAN_POINT('',(4.091124155354,0.500785146898));
#1613 = CARTESIAN_POINT('',(4.138264771588,0.524515593572));
#1614 = CARTESIAN_POINT('',(4.18619623836,0.549354693264));
#1615 = CARTESIAN_POINT('',(4.234948395455,0.5752397159));
#1616 = CARTESIAN_POINT('',(4.284561920633,0.602097281451));
#1617 = ( GEOMETRIC_REPRESENTATION_CONTEXT(2) 
PARAMETRIC_REPRESENTATION_CONTEXT() REPRESENTATION_CONTEXT('2D SPACE',''
  ) );
#1618 = ORIENTED_EDGE('',*,*,#246,.T.);
#1619 = ORIENTED_EDGE('',*,*,#56,.T.);
#1620 = ORIENTED_EDGE('',*,*,#1420,.F.);
#1621 = ORIENTED_EDGE('',*,*,#1622,.T.);
#1622 = EDGE_CURVE('',#1421,#1623,#1625,.T.);
#1623 = VERTEX_POINT('',#1624);
#1624 = CARTESIAN_POINT('',(-20.50099087156,-37.13766532639,
    -1.407572961191));
#1625 = SURFACE_CURVE('',#1626,(#1671,#1719),.PCURVE_S1.);
#1626 = B_SPLINE_CURVE_WITH_KNOTS('',7,(#1627,#1628,#1629,#1630,#1631,
    #1632,#1633,#1634,#1635,#1636,#1637,#1638,#1639,#1640,#1641,#1642,
    #1643,#1644,#1645,#1646,#1647,#1648,#1649,#1650,#1651,#1652,#1653,
    #1654,#1655,#1656,#1657,#1658,#1659,#1660,#1661,#1662,#1663,#1664,
    #1665,#1666,#1667,#1668,#1669,#1670),.UNSPECIFIED.,.F.,.F.,(8,6,6,6,
    6,6,6,8),(0.,8.156378792308E-02,0.18696843385,0.30903839434,
    0.517370843563,0.682972090602,0.829930929068,1.),.UNSPECIFIED.);
#1627 = CARTESIAN_POINT('',(-25.13766532639,-32.50099087156,
    -2.121341019272));
#1628 = CARTESIAN_POINT('',(-25.29580361478,-32.57310092782,
    -2.148222703191));
#1629 = CARTESIAN_POINT('',(-25.44701389792,-32.65311801528,
    -2.174129726414));
#1630 = CARTESIAN_POINT('',(-25.59105230828,-32.74023991492,
    -2.198988679934));
#1631 = CARTESIAN_POINT('',(-25.72773564385,-32.83369416531,
    -2.222736840077));
#1632 = CARTESIAN_POINT('',(-25.85694016064,-32.93273762536,
    -2.245322845624));
#1633 = CARTESIAN_POINT('',(-25.97860036538,-33.03665603715,
    -2.266707374924));
#1634 = CARTESIAN_POINT('',(-26.24016852442,-33.28447066321,
    -2.312911942251));
#1635 = CARTESIAN_POINT('',(-26.37514834037,-33.43129990156,
    -2.336932509089));
#1636 = CARTESIAN_POINT('',(-26.49788188306,-33.58407697983,
    -2.35891302675));
#1637 = CARTESIAN_POINT('',(-26.60863480263,-33.7418088573,
    -2.378855190876));
#1638 = CARTESIAN_POINT('',(-26.70768249024,-33.90365575192,
    -2.396770340116));
#1639 = CARTESIAN_POINT('',(-26.79528879606,-34.06890311574,
    -2.412674906713));
#1640 = CARTESIAN_POINT('',(-26.96015950724,-34.43153106546,
    -2.442696261175));
#1641 = CARTESIAN_POINT('',(-27.03361618704,-34.6298988278,
    -2.456135880564));
#1642 = CARTESIAN_POINT('',(-27.09241133106,-34.83109745851,
    -2.466930851588));
#1643 = CARTESIAN_POINT('',(-27.13682885362,-35.0343341013,
    -2.475104992539));
#1644 = CARTESIAN_POINT('',(-27.16706976563,-35.23891857132,
    -2.480676943714));
#1645 = CARTESIAN_POINT('',(-27.18324190118,-35.44421944378,
    -2.483657297454));
#1646 = CARTESIAN_POINT('',(-27.18894685396,-36.0001701922,
    -2.484708649064));
#1647 = CARTESIAN_POINT('',(-27.15157652697,-36.3506906161,
    -2.477821878468));
#1648 = CARTESIAN_POINT('',(-27.07339161248,-36.69835221377,
    -2.463409203015));
#1649 = CARTESIAN_POINT('',(-26.95353703216,-37.04008481266,
    -2.441383055833));
#1650 = CARTESIAN_POINT('',(-26.79037889757,-37.37206640737,
    -2.411583966637));
#1651 = CARTESIAN_POINT('',(-26.5817731113,-37.68907256558,
    -2.373860351051));
#1652 = CARTESIAN_POINT('',(-26.12176989647,-38.21753473935,
    -2.291855480125));
#1653 = CARTESIAN_POINT('',(-25.88571672282,-38.43984074511,
    -2.250112581283));
#1654 = CARTESIAN_POINT('',(-25.61724204328,-38.6434896754,
    -2.203120905799));
#1655 = CARTESIAN_POINT('',(-25.31761367567,-38.8216589015,
    -2.151346454391));
#1656 = CARTESIAN_POINT('',(-24.98933666461,-38.96769303777,
    -2.095498700754));
#1657 = CARTESIAN_POINT('',(-24.63617711321,-39.0751045921,
    -2.036485816419));
#1658 = CARTESIAN_POINT('',(-23.93245012282,-39.19289460537,
    -1.921135025637));
#1659 = CARTESIAN_POINT('',(-23.59178929367,-39.21187738878,
    -1.866181624838));
#1660 = CARTESIAN_POINT('',(-23.24933900885,-39.19163407756,
    -1.811915333547));
#1661 = CARTESIAN_POINT('',(-22.91361419079,-39.13235037217,
    -1.759696611097));
#1662 = CARTESIAN_POINT('',(-22.59276281875,-39.03710299933,
    -1.710675334699));
#1663 = CARTESIAN_POINT('',(-22.29379999126,-38.91176050218,
    -1.665708600789));
#1664 = CARTESIAN_POINT('',(-21.70737875408,-38.59495791908,
    -1.578671171602));
#1665 = CARTESIAN_POINT('',(-21.42572216138,-38.39436271339,
    -1.53766262396));
#1666 = CARTESIAN_POINT('',(-21.17735696335,-38.17033657016,
    -1.502089704927));
#1667 = CARTESIAN_POINT('',(-20.96173427226,-37.92853448604,
    -1.471613135991));
#1668 = CARTESIAN_POINT('',(-20.77787871229,-37.67349437236,
    -1.445896999654));
#1669 = CARTESIAN_POINT('',(-20.62466753856,-37.40888986079,
    -1.424636376008));
#1670 = CARTESIAN_POINT('',(-20.50099087156,-37.13766532639,
    -1.407572961191));
#1671 = PCURVE('',#71,#1672);
#1672 = DEFINITIONAL_REPRESENTATION('',(#1673),#1718);
#1673 = B_SPLINE_CURVE_WITH_KNOTS('',7,(#1674,#1675,#1676,#1677,#1678,
    #1679,#1680,#1681,#1682,#1683,#1684,#1685,#1686,#1687,#1688,#1689,
    #1690,#1691,#1692,#1693,#1694,#1695,#1696,#1697,#1698,#1699,#1700,
    #1701,#1702,#1703,#1704,#1705,#1706,#1707,#1708,#1709,#1710,#1711,
    #1712,#1713,#1714,#1715,#1716,#1717),.UNSPECIFIED.,.F.,.F.,(8,6,6,6,
    6,6,6,8),(0.,8.156378792308E-02,0.18696843385,0.30903839434,
    0.517370843563,0.682972090602,0.829930929068,1.),.UNSPECIFIED.);
#1674 = CARTESIAN_POINT('',(1.739175266872,143.95099087156));
#1675 = CARTESIAN_POINT('',(1.740244645574,144.02310092782));
#1676 = CARTESIAN_POINT('',(1.741267401837,144.10311801528));
#1677 = CARTESIAN_POINT('',(1.742241852864,144.19023991492));
#1678 = CARTESIAN_POINT('',(1.7431667257,144.28369416531));
#1679 = CARTESIAN_POINT('',(1.7440411502,144.38273762536));
#1680 = CARTESIAN_POINT('',(1.74486465201,144.48665603715));
#1681 = CARTESIAN_POINT('',(1.746635436693,144.73447066321));
#1682 = CARTESIAN_POINT('',(1.747549439089,144.88129990156));
#1683 = CARTESIAN_POINT('',(1.748380680141,145.03407697983));
#1684 = CARTESIAN_POINT('',(1.749130906277,145.1918088573));
#1685 = CARTESIAN_POINT('',(1.749801938336,145.35365575192));
#1686 = CARTESIAN_POINT('',(1.750395526951,145.51890311574));
#1687 = CARTESIAN_POINT('',(1.751512738423,145.88153106546));
#1688 = CARTESIAN_POINT('',(1.752010578363,146.0798988278));
#1689 = CARTESIAN_POINT('',(1.752409097755,146.28109745851));
#1690 = CARTESIAN_POINT('',(1.752710187096,146.4843341013));
#1691 = CARTESIAN_POINT('',(1.752915186791,146.68891857132));
#1692 = CARTESIAN_POINT('',(1.75302481655,146.89421944378));
#1693 = CARTESIAN_POINT('',(1.753063490013,147.4501701922));
#1694 = CARTESIAN_POINT('',(1.752810159407,147.8006906161));
#1695 = CARTESIAN_POINT('',(1.752280144459,148.14835221377));
#1696 = CARTESIAN_POINT('',(1.751467733348,148.49008481266));
#1697 = CARTESIAN_POINT('',(1.750362021024,148.82206640737));
#1698 = CARTESIAN_POINT('',(1.748948763674,149.13907256558));
#1699 = CARTESIAN_POINT('',(1.745833726621,149.66753473935));
#1700 = CARTESIAN_POINT('',(1.744235624233,149.88984074511));
#1701 = CARTESIAN_POINT('',(1.742418587392,150.0934896754));
#1702 = CARTESIAN_POINT('',(1.740391473006,150.2716589015));
#1703 = CARTESIAN_POINT('',(1.738171529457,150.41769303777));
#1704 = CARTESIAN_POINT('',(1.735784500185,150.5251045921));
#1705 = CARTESIAN_POINT('',(1.73103037925,150.64289460537));
#1706 = CARTESIAN_POINT('',(1.728729954871,150.66187738878));
#1707 = CARTESIAN_POINT('',(1.72641848127,150.64163407756));
#1708 = CARTESIAN_POINT('',(1.724153419048,150.58235037217));
#1709 = CARTESIAN_POINT('',(1.721989598322,150.48710299933));
#1710 = CARTESIAN_POINT('',(1.719974097866,150.36176050218));
#1711 = CARTESIAN_POINT('',(1.716021796812,150.04495791909));
#1712 = CARTESIAN_POINT('',(1.714124295323,149.84436271339));
#1713 = CARTESIAN_POINT('',(1.712451636085,149.62033657016));
#1714 = CARTESIAN_POINT('',(1.710999866762,149.37853448604));
#1715 = CARTESIAN_POINT('',(1.70976223251,149.12349437236));
#1716 = CARTESIAN_POINT('',(1.708731037659,148.85888986079));
#1717 = CARTESIAN_POINT('',(1.707898716191,148.58766532639));
#1718 = ( GEOMETRIC_REPRESENTATION_CONTEXT(2) 
PARAMETRIC_REPRESENTATION_CONTEXT() REPRESENTATION_CONTEXT('2D SPACE',''
  ) );
#1719 = PCURVE('',#377,#1720);
#1720 = DEFINITIONAL_REPRESENTATION('',(#1721),#1766);
#1721 = B_SPLINE_CURVE_WITH_KNOTS('',7,(#1722,#1723,#1724,#1725,#1726,
    #1727,#1728,#1729,#1730,#1731,#1732,#1733,#1734,#1735,#1736,#1737,
    #1738,#1739,#1740,#1741,#1742,#1743,#1744,#1745,#1746,#1747,#1748,
    #1749,#1750,#1751,#1752,#1753,#1754,#1755,#1756,#1757,#1758,#1759,
    #1760,#1761,#1762,#1763,#1764,#1765),.UNSPECIFIED.,.F.,.F.,(8,6,6,6,
    6,6,6,8),(0.,8.156378792308E-02,0.18696843385,0.30903839434,
    0.517370843563,0.682972090602,0.829930929068,1.),.UNSPECIFIED.);
#1722 = CARTESIAN_POINT('',(1.998623386547,0.602097281451));
#1723 = CARTESIAN_POINT('',(2.048281465175,0.575215597533));
#1724 = CARTESIAN_POINT('',(2.097075944204,0.549308574309));
#1725 = CARTESIAN_POINT('',(2.145047875623,0.524449620789));
#1726 = CARTESIAN_POINT('',(2.192227434684,0.500701460646));
#1727 = CARTESIAN_POINT('',(2.238636309483,0.478115455099));
#1728 = CARTESIAN_POINT('',(2.28429009053,0.456730925799));
#1729 = CARTESIAN_POINT('',(2.387238459088,0.410526358472));
#1730 = CARTESIAN_POINT('',(2.44408749982,0.386505791634));
#1731 = CARTESIAN_POINT('',(2.499883510516,0.364525273973));
#1732 = CARTESIAN_POINT('',(2.554748946646,0.344583109848));
#1733 = CARTESIAN_POINT('',(2.60879712792,0.326667960607));
#1734 = CARTESIAN_POINT('',(2.662136375036,0.31076339401));
#1735 = CARTESIAN_POINT('',(2.775950179773,0.280742039549));
#1736 = CARTESIAN_POINT('',(2.836231162673,0.267302420159));
#1737 = CARTESIAN_POINT('',(2.895886001393,0.256507449135));
#1738 = CARTESIAN_POINT('',(2.955072146172,0.248333308184));
#1739 = CARTESIAN_POINT('',(3.01394084453,0.242761357009));
#1740 = CARTESIAN_POINT('',(3.072642394577,0.239781003269));
#1741 = CARTESIAN_POINT('',(3.231493828482,0.238729651659));
#1742 = CARTESIAN_POINT('',(3.33152748217,0.245616422255));
#1743 = CARTESIAN_POINT('',(3.43226717796,0.260029097708));
#1744 = CARTESIAN_POINT('',(3.534451632212,0.28205524489));
#1745 = CARTESIAN_POINT('',(3.638867307916,0.311854334087));
#1746 = CARTESIAN_POINT('',(3.746316462236,0.349577949672));
#1747 = CARTESIAN_POINT('',(3.946495000252,0.431582820599));
#1748 = CARTESIAN_POINT('',(4.038684863428,0.47332571944));
#1749 = CARTESIAN_POINT('',(4.134071694206,0.520317394924));
#1750 = CARTESIAN_POINT('',(4.232500085635,0.572091846333));
#1751 = CARTESIAN_POINT('',(4.333950320206,0.627939599969));
#1752 = CARTESIAN_POINT('',(4.438535506831,0.686952484304));
#1753 = CARTESIAN_POINT('',(4.642397437746,0.802303275087));
#1754 = CARTESIAN_POINT('',(4.739288546201,0.857256675885));
#1755 = CARTESIAN_POINT('',(4.836274403567,0.911522967177));
#1756 = CARTESIAN_POINT('',(4.932536155703,0.963741689626));
#1757 = CARTESIAN_POINT('',(5.027250100752,1.012762966025));
#1758 = CARTESIAN_POINT('',(5.119423990371,1.057729699934));
#1759 = CARTESIAN_POINT('',(5.309859312096,1.144767129122));
#1760 = CARTESIAN_POINT('',(5.407902670363,1.185775676764));
#1761 = CARTESIAN_POINT('',(5.502499884524,1.221348595796));
#1762 = CARTESIAN_POINT('',(5.594135020299,1.251825164732));
#1763 = CARTESIAN_POINT('',(5.683240165383,1.277541301069));
#1764 = CARTESIAN_POINT('',(5.770189188169,1.298801924716));
#1765 = CARTESIAN_POINT('',(5.855358247428,1.315865339533));
#1766 = ( GEOMETRIC_REPRESENTATION_CONTEXT(2) 
PARAMETRIC_REPRESENTATION_CONTEXT() REPRESENTATION_CONTEXT('2D SPACE',''
  ) );
#1767 = ORIENTED_EDGE('',*,*,#1768,.F.);
#1768 = EDGE_CURVE('',#1769,#1623,#1771,.T.);
#1769 = VERTEX_POINT('',#1770);
#1770 = CARTESIAN_POINT('',(-20.15,-37.15,-1.3595697665));
#1771 = SURFACE_CURVE('',#1772,(#1778,#1787),.PCURVE_S1.);
#1772 = B_SPLINE_CURVE_WITH_KNOTS('',4,(#1773,#1774,#1775,#1776,#1777),
  .UNSPECIFIED.,.F.,.F.,(5,5),(0.,1.),.PIECEWISE_BEZIER_KNOTS.);
#1773 = CARTESIAN_POINT('',(-20.15,-37.15,-1.3595697665));
#1774 = CARTESIAN_POINT('',(-20.23791109377,-37.15,-1.371487173741));
#1775 = CARTESIAN_POINT('',(-20.32580460918,-37.14793907945,
    -1.383472798145));
#1776 = CARTESIAN_POINT('',(-20.41354222436,-37.14381924308,
    -1.39550785159));
#1777 = CARTESIAN_POINT('',(-20.50099087156,-37.13766532639,
    -1.407572961191));
#1778 = PCURVE('',#71,#1779);
#1779 = DEFINITIONAL_REPRESENTATION('',(#1780),#1786);
#1780 = B_SPLINE_CURVE_WITH_KNOTS('',4,(#1781,#1782,#1783,#1784,#1785),
  .UNSPECIFIED.,.F.,.F.,(5,5),(0.,1.),.PIECEWISE_BEZIER_KNOTS.);
#1781 = CARTESIAN_POINT('',(1.705536994061,148.6));
#1782 = CARTESIAN_POINT('',(1.706128428664,148.6));
#1783 = CARTESIAN_POINT('',(1.706719808231,148.59793907945));
#1784 = CARTESIAN_POINT('',(1.707310202706,148.59381924308));
#1785 = CARTESIAN_POINT('',(1.707898716191,148.58766532639));
#1786 = ( GEOMETRIC_REPRESENTATION_CONTEXT(2) 
PARAMETRIC_REPRESENTATION_CONTEXT() REPRESENTATION_CONTEXT('2D SPACE',''
  ) );
#1787 = PCURVE('',#410,#1788);
#1788 = DEFINITIONAL_REPRESENTATION('',(#1789),#1795);
#1789 = B_SPLINE_CURVE_WITH_KNOTS('',4,(#1790,#1791,#1792,#1793,#1794),
  .UNSPECIFIED.,.F.,.F.,(5,5),(0.,1.),.PIECEWISE_BEZIER_KNOTS.);
#1790 = CARTESIAN_POINT('',(4.712388980385,-1.363868534223));
#1791 = CARTESIAN_POINT('',(4.72997119914,-1.351951126982));
#1792 = CARTESIAN_POINT('',(4.747549890644,-1.339965502579));
#1793 = CARTESIAN_POINT('',(4.765111954328,-1.327930449133));
#1794 = CARTESIAN_POINT('',(4.782644936491,-1.315865339533));
#1795 = ( GEOMETRIC_REPRESENTATION_CONTEXT(2) 
PARAMETRIC_REPRESENTATION_CONTEXT() REPRESENTATION_CONTEXT('2D SPACE',''
  ) );
#1796 = ORIENTED_EDGE('',*,*,#1797,.F.);
#1797 = EDGE_CURVE('',#1798,#1769,#1800,.T.);
#1798 = VERTEX_POINT('',#1799);
#1799 = CARTESIAN_POINT('',(20.15,-37.15,-1.3595697665));
#1800 = SURFACE_CURVE('',#1801,(#1806,#1813),.PCURVE_S1.);
#1801 = CIRCLE('',#1802,150.);
#1802 = AXIS2_PLACEMENT_3D('',#1803,#1804,#1805);
#1803 = CARTESIAN_POINT('',(0.,-37.15,-150.));
#1804 = DIRECTION('',(0.,-1.,2.22044604925E-16));
#1805 = DIRECTION('',(1.,0.,0.));
#1806 = PCURVE('',#71,#1807);
#1807 = DEFINITIONAL_REPRESENTATION('',(#1808),#1812);
#1808 = LINE('',#1809,#1810);
#1809 = CARTESIAN_POINT('',(0.,148.6));
#1810 = VECTOR('',#1811,1.);
#1811 = DIRECTION('',(1.,0.));
#1812 = ( GEOMETRIC_REPRESENTATION_CONTEXT(2) 
PARAMETRIC_REPRESENTATION_CONTEXT() REPRESENTATION_CONTEXT('2D SPACE',''
  ) );
#1813 = PCURVE('',#438,#1814);
#1814 = DEFINITIONAL_REPRESENTATION('',(#1815),#1823);
#1815 = ( BOUNDED_CURVE() B_SPLINE_CURVE(2,(#1816,#1817,#1818,#1819,
#1820,#1821,#1822),.UNSPECIFIED.,.T.,.F.) B_SPLINE_CURVE_WITH_KNOTS((1,2
    ,2,2,2,1),(-2.094395102393,0.,2.094395102393,4.188790204786,
6.28318530718,8.377580409573),.UNSPECIFIED.) CURVE() 
GEOMETRIC_REPRESENTATION_ITEM() RATIONAL_B_SPLINE_CURVE((1.,0.5,1.,0.5,
1.,0.5,1.)) REPRESENTATION_ITEM('') );
#1816 = CARTESIAN_POINT('',(170.15,147.27656169927));
#1817 = CARTESIAN_POINT('',(170.15,-112.531059436));
#1818 = CARTESIAN_POINT('',(-54.85,17.372751131611));
#1819 = CARTESIAN_POINT('',(-279.85,147.27656169927));
#1820 = CARTESIAN_POINT('',(-54.85,277.18037226694));
#1821 = CARTESIAN_POINT('',(170.15,407.0841828346));
#1822 = CARTESIAN_POINT('',(170.15,147.27656169927));
#1823 = ( GEOMETRIC_REPRESENTATION_CONTEXT(2) 
PARAMETRIC_REPRESENTATION_CONTEXT() REPRESENTATION_CONTEXT('2D SPACE',''
  ) );
#1824 = ORIENTED_EDGE('',*,*,#1825,.F.);
#1825 = EDGE_CURVE('',#1826,#1798,#1828,.T.);
#1826 = VERTEX_POINT('',#1827);
#1827 = CARTESIAN_POINT('',(20.500990871568,-37.13766532639,
    -1.407572961191));
#1828 = SURFACE_CURVE('',#1829,(#1835,#1844),.PCURVE_S1.);
#1829 = B_SPLINE_CURVE_WITH_KNOTS('',4,(#1830,#1831,#1832,#1833,#1834),
  .UNSPECIFIED.,.F.,.F.,(5,5),(0.,1.),.PIECEWISE_BEZIER_KNOTS.);
#1830 = CARTESIAN_POINT('',(20.500990871568,-37.13766532639,
    -1.407572961191));
#1831 = CARTESIAN_POINT('',(20.413542224365,-37.14381924308,
    -1.39550785159));
#1832 = CARTESIAN_POINT('',(20.325804609187,-37.14793907945,
    -1.383472798145));
#1833 = CARTESIAN_POINT('',(20.237911093776,-37.15,-1.371487173741));
#1834 = CARTESIAN_POINT('',(20.15,-37.15,-1.3595697665));
#1835 = PCURVE('',#71,#1836);
#1836 = DEFINITIONAL_REPRESENTATION('',(#1837),#1843);
#1837 = B_SPLINE_CURVE_WITH_KNOTS('',4,(#1838,#1839,#1840,#1841,#1842),
  .UNSPECIFIED.,.F.,.F.,(5,5),(0.,1.),.PIECEWISE_BEZIER_KNOTS.);
#1838 = CARTESIAN_POINT('',(1.433693937398,148.58766532639));
#1839 = CARTESIAN_POINT('',(1.434282450884,148.59381924308));
#1840 = CARTESIAN_POINT('',(1.434872845359,148.59793907945));
#1841 = CARTESIAN_POINT('',(1.435464224926,148.6));
#1842 = CARTESIAN_POINT('',(1.436055659529,148.6));
#1843 = ( GEOMETRIC_REPRESENTATION_CONTEXT(2) 
PARAMETRIC_REPRESENTATION_CONTEXT() REPRESENTATION_CONTEXT('2D SPACE',''
  ) );
#1844 = PCURVE('',#471,#1845);
#1845 = DEFINITIONAL_REPRESENTATION('',(#1846),#1852);
#1846 = B_SPLINE_CURVE_WITH_KNOTS('',4,(#1847,#1848,#1849,#1850,#1851),
  .UNSPECIFIED.,.F.,.F.,(5,5),(0.,1.),.PIECEWISE_BEZIER_KNOTS.);
#1847 = CARTESIAN_POINT('',(4.642133024278,-1.315865339533));
#1848 = CARTESIAN_POINT('',(4.659666006441,-1.327930449133));
#1849 = CARTESIAN_POINT('',(4.677228070125,-1.339965502579));
#1850 = CARTESIAN_POINT('',(4.69480676163,-1.351951126982));
#1851 = CARTESIAN_POINT('',(4.712388980385,-1.363868534223));
#1852 = ( GEOMETRIC_REPRESENTATION_CONTEXT(2) 
PARAMETRIC_REPRESENTATION_CONTEXT() REPRESENTATION_CONTEXT('2D SPACE',''
  ) );
#1853 = ORIENTED_EDGE('',*,*,#1854,.F.);
#1854 = EDGE_CURVE('',#1855,#1826,#1857,.T.);
#1855 = VERTEX_POINT('',#1856);
#1856 = CARTESIAN_POINT('',(25.13766532639,-32.50099087156,
    -2.121341019272));
#1857 = SURFACE_CURVE('',#1858,(#1903,#1976),.PCURVE_S1.);
#1858 = B_SPLINE_CURVE_WITH_KNOTS('',7,(#1859,#1860,#1861,#1862,#1863,
    #1864,#1865,#1866,#1867,#1868,#1869,#1870,#1871,#1872,#1873,#1874,
    #1875,#1876,#1877,#1878,#1879,#1880,#1881,#1882,#1883,#1884,#1885,
    #1886,#1887,#1888,#1889,#1890,#1891,#1892,#1893,#1894,#1895,#1896,
    #1897,#1898,#1899,#1900,#1901,#1902),.UNSPECIFIED.,.F.,.F.,(8,6,6,6,
    6,6,6,8),(0.,0.261148307841,0.450191065529,1.,1.55005217656,
    2.04063953101,2.567974293388,3.205646371907),.UNSPECIFIED.);
#1859 = CARTESIAN_POINT('',(25.13766532639,-32.50099087156,
    -2.121341019272));
#1860 = CARTESIAN_POINT('',(25.295661732405,-32.57303623035,
    -2.148198584823));
#1861 = CARTESIAN_POINT('',(25.446744734898,-32.65297543422,
    -2.174083607459));
#1862 = CARTESIAN_POINT('',(25.590670068779,-32.74000847827,
    -2.198922707152));
#1863 = CARTESIAN_POINT('',(25.727253995079,-32.83336467657,
    -2.222653153825));
#1864 = CARTESIAN_POINT('',(25.856372145743,-32.93230225477,
    -2.245223553116));
#1865 = CARTESIAN_POINT('',(25.977958368423,-33.03610794264,
    -2.266594532132));
#1866 = CARTESIAN_POINT('',(26.174559800815,-33.2222684967,
    -2.301322120272));
#1867 = CARTESIAN_POINT('',(26.253214804466,-33.3026802057,
    -2.31527121506));
#1868 = CARTESIAN_POINT('',(26.328006162837,-33.38512489724,
    -2.328583925254));
#1869 = CARTESIAN_POINT('',(26.398973951248,-33.46941111995,
    -2.341258723554));
#1870 = CARTESIAN_POINT('',(26.466160574436,-33.5553626444,
    -2.353295285911));
#1871 = CARTESIAN_POINT('',(26.529610601267,-33.64281833988,
    -2.36469443775));
#1872 = CARTESIAN_POINT('',(26.763175622864,-33.98993642999,
    -2.406762964015));
#1873 = CARTESIAN_POINT('',(26.905795606993,-34.25977008288,
    -2.432697448407));
#1874 = CARTESIAN_POINT('',(27.018446693461,-34.53769469619,
    -2.453321437162));
#1875 = CARTESIAN_POINT('',(27.102171890399,-34.82113649157,
    -2.468717071222));
#1876 = CARTESIAN_POINT('',(27.157734967366,-35.10806708991,
    -2.478956622544));
#1877 = CARTESIAN_POINT('',(27.185533905933,-35.39674731056,
    -2.484079685448));
#1878 = CARTESIAN_POINT('',(27.185533905933,-35.97444826396,
    -2.484079685448));
#1879 = CARTESIAN_POINT('',(27.157710365646,-36.26325626448,
    -2.478952088576));
#1880 = CARTESIAN_POINT('',(27.102098087802,-36.55031266194,
    -2.468703470579));
#1881 = CARTESIAN_POINT('',(27.018298237942,-36.83387600522,
    -2.453294138595));
#1882 = CARTESIAN_POINT('',(26.90554553189,-37.11191492114,
    -2.432651664268));
#1883 = CARTESIAN_POINT('',(26.762795094147,-37.38185130946,
    -2.406693767212));
#1884 = CARTESIAN_POINT('',(26.433669939017,-37.87069575887,
    -2.347414689561));
#1885 = CARTESIAN_POINT('',(26.253072374945,-38.09286778872,
    -2.315083405118));
#1886 = CARTESIAN_POINT('',(26.046340291202,-38.30340748182,
    -2.278357644211));
#1887 = CARTESIAN_POINT('',(25.813124689659,-38.49853598197,
    -2.237322699773));
#1888 = CARTESIAN_POINT('',(25.553480359425,-38.67400836177,
    -2.192172519189));
#1889 = CARTESIAN_POINT('',(25.268037385294,-38.82500021339,
    -2.143228211737));
#1890 = CARTESIAN_POINT('',(24.625335580795,-39.07589126122,
    -2.03477820476));
#1891 = CARTESIAN_POINT('',(24.263350876849,-39.17148710187,
    -1.974596114357));
#1892 = CARTESIAN_POINT('',(23.882224571275,-39.22213834667,
    -1.912363042652));
#1893 = CARTESIAN_POINT('',(23.494220791403,-39.22250221054,
    -1.850309894161));
#1894 = CARTESIAN_POINT('',(23.1124627227,-39.17244827697,
    -1.790536630429));
#1895 = CARTESIAN_POINT('',(22.749265348378,-39.07705617835,
    -1.734746169521));
#1896 = CARTESIAN_POINT('',(22.009883673646,-38.78889644972,
    -1.623005331487));
#1897 = CARTESIAN_POINT('',(21.647648023599,-38.58022757778,
    -1.569579436521));
#1898 = CARTESIAN_POINT('',(21.330456802111,-38.33340336978,
    -1.523778244505));
#1899 = CARTESIAN_POINT('',(21.05843370768,-38.05834648044,
    -1.485152437019));
#1900 = CARTESIAN_POINT('',(20.830647301029,-37.76318525072,
    -1.453222043118));
#1901 = CARTESIAN_POINT('',(20.645465655174,-37.45450040019,
    -1.427505849285));
#1902 = CARTESIAN_POINT('',(20.500990871568,-37.13766532639,
    -1.407572961191));
#1903 = PCURVE('',#71,#1904);
#1904 = DEFINITIONAL_REPRESENTATION('',(#1905),#1975);
#1905 = B_SPLINE_CURVE_WITH_KNOTS('',3,(#1906,#1907,#1908,#1909,#1910,
    #1911,#1912,#1913,#1914,#1915,#1916,#1917,#1918,#1919,#1920,#1921,
    #1922,#1923,#1924,#1925,#1926,#1927,#1928,#1929,#1930,#1931,#1932,
    #1933,#1934,#1935,#1936,#1937,#1938,#1939,#1940,#1941,#1942,#1943,
    #1944,#1945,#1946,#1947,#1948,#1949,#1950,#1951,#1952,#1953,#1954,
    #1955,#1956,#1957,#1958,#1959,#1960,#1961,#1962,#1963,#1964,#1965,
    #1966,#1967,#1968,#1969,#1970,#1971,#1972,#1973,#1974),
  .UNSPECIFIED.,.F.,.F.,(4,1,1,1,1,1,1,1,1,1,1,1,1,1,1,1,1,1,1,1,1,1,1,1
    ,1,1,1,1,1,1,1,1,1,1,1,1,1,1,1,1,1,1,1,1,1,1,1,1,1,1,1,1,1,1,1,1,1,1
    ,1,1,1,1,1,1,1,1,4),(0.,4.857039957435E-02,9.714079914869E-02,
    0.145711198723,0.194281598297,0.242851997872,0.291422397446,
    0.33999279702,0.388563196595,0.437133596169,0.485703995743,
    0.534274395318,0.582844794892,0.631415194466,0.679985594041,
    0.728555993615,0.77712639319,0.825696792764,0.874267192338,
    0.922837591913,0.971407991487,1.019978391061,1.068548790636,
    1.11711919021,1.165689589784,1.214259989359,1.262830388933,
    1.311400788507,1.359971188082,1.408541587656,1.45711198723,
    1.505682386805,1.554252786379,1.602823185953,1.651393585528,
    1.699963985102,1.748534384676,1.797104784251,1.845675183825,
    1.894245583399,1.942815982974,1.991386382548,2.039956782123,
    2.088527181697,2.137097581271,2.185667980846,2.23423838042,
    2.282808779994,2.331379179569,2.379949579143,2.428519978717,
    2.477090378292,2.525660777866,2.57423117744,2.622801577015,
    2.671371976589,2.719942376163,2.768512775738,2.817083175312,
    2.865653574886,2.914223974461,2.962794374035,3.011364773609,
    3.059935173184,3.108505572758,3.157075972332,3.205646371907),
  .QUASI_UNIFORM_KNOTS.);
#1906 = CARTESIAN_POINT('',(1.402417386717,143.95099087156));
#1907 = CARTESIAN_POINT('',(1.401953689299,143.9822589395));
#1908 = CARTESIAN_POINT('',(1.401048953846,144.04860868035));
#1909 = CARTESIAN_POINT('',(1.399761455031,144.1585398907));
#1910 = CARTESIAN_POINT('',(1.398545342931,144.27783262049));
#1911 = CARTESIAN_POINT('',(1.397401853426,144.4054798134));
#1912 = CARTESIAN_POINT('',(1.396331831176,144.54050725584));
#1913 = CARTESIAN_POINT('',(1.3953358337,144.68194404138));
#1914 = CARTESIAN_POINT('',(1.394412252346,144.82914599993));
#1915 = CARTESIAN_POINT('',(1.393560250429,144.98142905492));
#1916 = CARTESIAN_POINT('',(1.392778803011,145.13817792745));
#1917 = CARTESIAN_POINT('',(1.39206685602,145.29882918022));
#1918 = CARTESIAN_POINT('',(1.391423202735,145.46290505549));
#1919 = CARTESIAN_POINT('',(1.390846765739,145.62995722915));
#1920 = CARTESIAN_POINT('',(1.390336526974,145.79957678669));
#1921 = CARTESIAN_POINT('',(1.389891555004,145.97138713007));
#1922 = CARTESIAN_POINT('',(1.38951100901,146.14504097611));
#1923 = CARTESIAN_POINT('',(1.389194148589,146.3202164175));
#1924 = CARTESIAN_POINT('',(1.388940341644,146.49661354635));
#1925 = CARTESIAN_POINT('',(1.388749072148,146.67395066952));
#1926 = CARTESIAN_POINT('',(1.388619948323,146.85196249884));
#1927 = CARTESIAN_POINT('',(1.388552707313,147.03039175456));
#1928 = CARTESIAN_POINT('',(1.388547231507,147.2090060455));
#1929 = CARTESIAN_POINT('',(1.388603514999,147.38748568939));
#1930 = CARTESIAN_POINT('',(1.388721648956,147.56558990694));
#1931 = CARTESIAN_POINT('',(1.388901872747,147.74306589924));
#1932 = CARTESIAN_POINT('',(1.389144555492,147.91965007862));
#1933 = CARTESIAN_POINT('',(1.389450191839,148.09506385866));
#1934 = CARTESIAN_POINT('',(1.389819394436,148.26901090669));
#1935 = CARTESIAN_POINT('',(1.390252883401,148.4411730826));
#1936 = CARTESIAN_POINT('',(1.390751489133,148.61120926586));
#1937 = CARTESIAN_POINT('',(1.391316102787,148.77874303889));
#1938 = CARTESIAN_POINT('',(1.391947820742,148.94339115241));
#1939 = CARTESIAN_POINT('',(1.392647363509,149.10463910224));
#1940 = CARTESIAN_POINT('',(1.393417238722,149.26229478941));
#1941 = CARTESIAN_POINT('',(1.394259036833,149.41581493112));
#1942 = CARTESIAN_POINT('',(1.395173165504,149.56441792554));
#1943 = CARTESIAN_POINT('',(1.396160074614,149.70733911729));
#1944 = CARTESIAN_POINT('',(1.397219906262,149.84376023005));
#1945 = CARTESIAN_POINT('',(1.398352558369,149.97282547202));
#1946 = CARTESIAN_POINT('',(1.39955764732,150.09363458628));
#1947 = CARTESIAN_POINT('',(1.400834439265,150.20523925176));
#1948 = CARTESIAN_POINT('',(1.402181986162,150.30664694024));
#1949 = CARTESIAN_POINT('',(1.403598452557,150.39678940177));
#1950 = CARTESIAN_POINT('',(1.405083453037,150.47462298395));
#1951 = CARTESIAN_POINT('',(1.406627140408,150.53864067108));
#1952 = CARTESIAN_POINT('',(1.408216815603,150.58755808347));
#1953 = CARTESIAN_POINT('',(1.409839720371,150.62043119463));
#1954 = CARTESIAN_POINT('',(1.41148251516,150.63662464852));
#1955 = CARTESIAN_POINT('',(1.413131646155,150.6358201424));
#1956 = CARTESIAN_POINT('',(1.414773475144,150.61801402958));
#1957 = CARTESIAN_POINT('',(1.416394471992,150.58351813962));
#1958 = CARTESIAN_POINT('',(1.417981393936,150.53295867097));
#1959 = CARTESIAN_POINT('',(1.419521452148,150.46727973884));
#1960 = CARTESIAN_POINT('',(1.421002536587,150.38773039183));
#1961 = CARTESIAN_POINT('',(1.422413169128,150.29591576134));
#1962 = CARTESIAN_POINT('',(1.423752229415,150.19298654415));
#1963 = CARTESIAN_POINT('',(1.425018796599,150.08000215341));
#1964 = CARTESIAN_POINT('',(1.426212353734,149.9579587048));
#1965 = CARTESIAN_POINT('',(1.427332674528,149.82778806944));
#1966 = CARTESIAN_POINT('',(1.428379801981,149.69036390732));
#1967 = CARTESIAN_POINT('',(1.429354008473,149.54650513602));
#1968 = CARTESIAN_POINT('',(1.430255766086,149.39697951526));
#1969 = CARTESIAN_POINT('',(1.431085718966,149.24250658261));
#1970 = CARTESIAN_POINT('',(1.431844658233,149.08376073175));
#1971 = CARTESIAN_POINT('',(1.432533502159,148.92137244487));
#1972 = CARTESIAN_POINT('',(1.433153266723,148.75593525475));
#1973 = CARTESIAN_POINT('',(1.433521142209,148.6439721084));
#1974 = CARTESIAN_POINT('',(1.433693937398,148.58766532639));
#1975 = ( GEOMETRIC_REPRESENTATION_CONTEXT(2) 
PARAMETRIC_REPRESENTATION_CONTEXT() REPRESENTATION_CONTEXT('2D SPACE',''
  ) );
#1976 = PCURVE('',#500,#1977);
#1977 = DEFINITIONAL_REPRESENTATION('',(#1978),#2048);
#1978 = B_SPLINE_CURVE_WITH_KNOTS('',3,(#1979,#1980,#1981,#1982,#1983,
    #1984,#1985,#1986,#1987,#1988,#1989,#1990,#1991,#1992,#1993,#1994,
    #1995,#1996,#1997,#1998,#1999,#2000,#2001,#2002,#2003,#2004,#2005,
    #2006,#2007,#2008,#2009,#2010,#2011,#2012,#2013,#2014,#2015,#2016,
    #2017,#2018,#2019,#2020,#2021,#2022,#2023,#2024,#2025,#2026,#2027,
    #2028,#2029,#2030,#2031,#2032,#2033,#2034,#2035,#2036,#2037,#2038,
    #2039,#2040,#2041,#2042,#2043,#2044,#2045,#2046,#2047),
  .UNSPECIFIED.,.F.,.F.,(4,1,1,1,1,1,1,1,1,1,1,1,1,1,1,1,1,1,1,1,1,1,1,1
    ,1,1,1,1,1,1,1,1,1,1,1,1,1,1,1,1,1,1,1,1,1,1,1,1,1,1,1,1,1,1,1,1,1,1
    ,1,1,1,1,1,1,1,1,4),(0.,4.857039957435E-02,9.714079914869E-02,
    0.145711198723,0.194281598297,0.242851997872,0.291422397446,
    0.33999279702,0.388563196595,0.437133596169,0.485703995743,
    0.534274395318,0.582844794892,0.631415194466,0.679985594041,
    0.728555993615,0.77712639319,0.825696792764,0.874267192338,
    0.922837591913,0.971407991487,1.019978391061,1.068548790636,
    1.11711919021,1.165689589784,1.214259989359,1.262830388933,
    1.311400788507,1.359971188082,1.408541587656,1.45711198723,
    1.505682386805,1.554252786379,1.602823185953,1.651393585528,
    1.699963985102,1.748534384676,1.797104784251,1.845675183825,
    1.894245583399,1.942815982974,1.991386382548,2.039956782123,
    2.088527181697,2.137097581271,2.185667980846,2.23423838042,
    2.282808779994,2.331379179569,2.379949579143,2.428519978717,
    2.477090378292,2.525660777866,2.57423117744,2.622801577015,
    2.671371976589,2.719942376163,2.768512775738,2.817083175312,
    2.865653574886,2.914223974461,2.962794374035,3.011364773609,
    3.059935173184,3.108505572758,3.157075972332,3.205646371907),
  .QUASI_UNIFORM_KNOTS.);
#1979 = CARTESIAN_POINT('',(7.426154574223,0.602097281451));
#1980 = CARTESIAN_POINT('',(7.404624509978,0.590440931972));
#1981 = CARTESIAN_POINT('',(7.361978510401,0.567602737885));
#1982 = CARTESIAN_POINT('',(7.29921255285,0.534850463375));
#1983 = CARTESIAN_POINT('',(7.237606773104,0.503689111254));
#1984 = CARTESIAN_POINT('',(7.177130623982,0.47418917413));
#1985 = CARTESIAN_POINT('',(7.117757004147,0.446409551684));
#1986 = CARTESIAN_POINT('',(7.059473577493,0.420399779136));
#1987 = CARTESIAN_POINT('',(7.002159609718,0.396150246468));
#1988 = CARTESIAN_POINT('',(6.945745266389,0.373668433041));
#1989 = CARTESIAN_POINT('',(6.890158051386,0.35295415354));
#1990 = CARTESIAN_POINT('',(6.835328766941,0.334003718528));
#1991 = CARTESIAN_POINT('',(6.781178302076,0.316806748688));
#1992 = CARTESIAN_POINT('',(6.727635448965,0.301353779056));
#1993 = CARTESIAN_POINT('',(6.674630916722,0.287634545592));
#1994 = CARTESIAN_POINT('',(6.622097876641,0.275638854057));
#1995 = CARTESIAN_POINT('',(6.569971132196,0.265356814111));
#1996 = CARTESIAN_POINT('',(6.518186769349,0.256779214764));
#1997 = CARTESIAN_POINT('',(6.466681710129,0.249897835255));
#1998 = CARTESIAN_POINT('',(6.415393453087,0.244705738969));
#1999 = CARTESIAN_POINT('',(6.364259287664,0.241197565846));
#2000 = CARTESIAN_POINT('',(6.313217411469,0.239369713867));
#2001 = CARTESIAN_POINT('',(6.262200826906,0.239220831813));
#2002 = CARTESIAN_POINT('',(6.211168111663,0.240750911327));
#2003 = CARTESIAN_POINT('',(6.160054865559,0.243960882209));
#2004 = CARTESIAN_POINT('',(6.108798440156,0.248854012902));
#2005 = CARTESIAN_POINT('',(6.057336297153,0.255435360691));
#2006 = CARTESIAN_POINT('',(6.005605935913,0.263711605188));
#2007 = CARTESIAN_POINT('',(5.953544370003,0.273690775505));
#2008 = CARTESIAN_POINT('',(5.901087993131,0.285381885353));
#2009 = CARTESIAN_POINT('',(5.848171376139,0.298794908716));
#2010 = CARTESIAN_POINT('',(5.794729851994,0.313939351266));
#2011 = CARTESIAN_POINT('',(5.740687766495,0.330827964198));
#2012 = CARTESIAN_POINT('',(5.685999860081,0.349461158608));
#2013 = CARTESIAN_POINT('',(5.630491025888,0.369884348363));
#2014 = CARTESIAN_POINT('',(5.574076210394,0.392115364039));
#2015 = CARTESIAN_POINT('',(5.516737720777,0.416138050197));
#2016 = CARTESIAN_POINT('',(5.45843493938,0.441934837341));
#2017 = CARTESIAN_POINT('',(5.399127918773,0.469477539516));
#2018 = CARTESIAN_POINT('',(5.338770616915,0.498729224663));
#2019 = CARTESIAN_POINT('',(5.27731157799,0.52964344877));
#2020 = CARTESIAN_POINT('',(5.214694873686,0.562162842546));
#2021 = CARTESIAN_POINT('',(5.15085195263,0.596222804686));
#2022 = CARTESIAN_POINT('',(5.085728621575,0.631735296724));
#2023 = CARTESIAN_POINT('',(5.019179168666,0.66864700541));
#2024 = CARTESIAN_POINT('',(4.951443342805,0.706670685123));
#2025 = CARTESIAN_POINT('',(4.882824577605,0.745457574219));
#2026 = CARTESIAN_POINT('',(4.813581643453,0.784668308793));
#2027 = CARTESIAN_POINT('',(4.743965361942,0.82396133747));
#2028 = CARTESIAN_POINT('',(4.674216182925,0.863002815204));
#2029 = CARTESIAN_POINT('',(4.604572027176,0.901470116211));
#2030 = CARTESIAN_POINT('',(4.535273361525,0.939056391003));
#2031 = CARTESIAN_POINT('',(4.466568752519,0.97547425648));
#2032 = CARTESIAN_POINT('',(4.398721495773,1.010458767358));
#2033 = CARTESIAN_POINT('',(4.332012219633,1.043770915853));
#2034 = CARTESIAN_POINT('',(4.26675968313,1.07519550384));
#2035 = CARTESIAN_POINT('',(4.202862966373,1.104752600985));
#2036 = CARTESIAN_POINT('',(4.140236946595,1.132464641064));
#2037 = CARTESIAN_POINT('',(4.078802809537,1.158361343367));
#2038 = CARTESIAN_POINT('',(4.018489009083,1.182476627681));
#2039 = CARTESIAN_POINT('',(3.959229723775,1.204847938302));
#2040 = CARTESIAN_POINT('',(3.900964196556,1.225515157458));
#2041 = CARTESIAN_POINT('',(3.843635988692,1.244519836138));
#2042 = CARTESIAN_POINT('',(3.787192374261,1.261904515002));
#2043 = CARTESIAN_POINT('',(3.731583769748,1.277712181673));
#2044 = CARTESIAN_POINT('',(3.676763300557,1.291985771562));
#2045 = CARTESIAN_POINT('',(3.622686164365,1.304767902294));
#2046 = CARTESIAN_POINT('',(3.587102086493,1.312322660341));
#2047 = CARTESIAN_POINT('',(3.569419713342,1.315865339533));
#2048 = ( GEOMETRIC_REPRESENTATION_CONTEXT(2) 
PARAMETRIC_REPRESENTATION_CONTEXT() REPRESENTATION_CONTEXT('2D SPACE',''
  ) );
#2049 = ORIENTED_EDGE('',*,*,#2050,.F.);
#2050 = EDGE_CURVE('',#2051,#1855,#2053,.T.);
#2051 = VERTEX_POINT('',#2052);
#2052 = CARTESIAN_POINT('',(25.15,-32.15,-2.123438300723));
#2053 = SURFACE_CURVE('',#2054,(#2060,#2069),.PCURVE_S1.);
#2054 = B_SPLINE_CURVE_WITH_KNOTS('',4,(#2055,#2056,#2057,#2058,#2059),
  .UNSPECIFIED.,.F.,.F.,(5,5),(0.,1.),.PIECEWISE_BEZIER_KNOTS.);
#2055 = CARTESIAN_POINT('',(25.15,-32.15,-2.123438300723));
#2056 = CARTESIAN_POINT('',(25.15,-32.23778662749,-2.123438300723));
#2057 = CARTESIAN_POINT('',(25.147944936308,-32.32557318274,
    -2.123088787327));
#2058 = CARTESIAN_POINT('',(25.143834809848,-32.41332101682,
    -2.122389760257));
#2059 = CARTESIAN_POINT('',(25.13766532639,-32.50099087156,
    -2.121341019272));
#2060 = PCURVE('',#71,#2061);
#2061 = DEFINITIONAL_REPRESENTATION('',(#2062),#2068);
#2062 = B_SPLINE_CURVE_WITH_KNOTS('',4,(#2063,#2064,#2065,#2066,#2067),
  .UNSPECIFIED.,.F.,.F.,(5,5),(0.,1.),.PIECEWISE_BEZIER_KNOTS.);
#2063 = CARTESIAN_POINT('',(1.402333975351,143.6));
#2064 = CARTESIAN_POINT('',(1.402333975351,143.68778662749));
#2065 = CARTESIAN_POINT('',(1.402347872507,143.77557318274));
#2066 = CARTESIAN_POINT('',(1.402375666813,143.86332101682));
#2067 = CARTESIAN_POINT('',(1.402417386717,143.95099087156));
#2068 = ( GEOMETRIC_REPRESENTATION_CONTEXT(2) 
PARAMETRIC_REPRESENTATION_CONTEXT() REPRESENTATION_CONTEXT('2D SPACE',''
  ) );
#2069 = PCURVE('',#533,#2070);
#2070 = DEFINITIONAL_REPRESENTATION('',(#2071),#2077);
#2071 = B_SPLINE_CURVE_WITH_KNOTS('',4,(#2072,#2073,#2074,#2075,#2076),
  .UNSPECIFIED.,.F.,.F.,(5,5),(0.,1.),.PIECEWISE_BEZIER_KNOTS.);
#2072 = CARTESIAN_POINT('',(3.14159265359,-0.6));
#2073 = CARTESIAN_POINT('',(3.159149979089,-0.6));
#2074 = CARTESIAN_POINT('',(3.176707294837,-0.600349513396));
#2075 = CARTESIAN_POINT('',(3.194271276615,-0.601048540467));
#2076 = CARTESIAN_POINT('',(3.211848609696,-0.602097281451));
#2077 = ( GEOMETRIC_REPRESENTATION_CONTEXT(2) 
PARAMETRIC_REPRESENTATION_CONTEXT() REPRESENTATION_CONTEXT('2D SPACE',''
  ) );
#2078 = ORIENTED_EDGE('',*,*,#2079,.F.);
#2079 = EDGE_CURVE('',#2080,#2051,#2082,.T.);
#2080 = VERTEX_POINT('',#2081);
#2081 = CARTESIAN_POINT('',(25.15,32.15,-2.123438300723));
#2082 = SURFACE_CURVE('',#2083,(#2087,#2093),.PCURVE_S1.);
#2083 = LINE('',#2084,#2085);
#2084 = CARTESIAN_POINT('',(25.15,111.45,-2.123438300723));
#2085 = VECTOR('',#2086,1.);
#2086 = DIRECTION('',(0.,-1.,2.22044604925E-16));
#2087 = PCURVE('',#71,#2088);
#2088 = DEFINITIONAL_REPRESENTATION('',(#2089),#2092);
#2089 = B_SPLINE_CURVE_WITH_KNOTS('',1,(#2090,#2091),.UNSPECIFIED.,.F.,
  .F.,(2,2),(72.87,150.03),.PIECEWISE_BEZIER_KNOTS.);
#2090 = CARTESIAN_POINT('',(1.402333975351,72.87));
#2091 = CARTESIAN_POINT('',(1.402333975351,150.03));
#2092 = ( GEOMETRIC_REPRESENTATION_CONTEXT(2) 
PARAMETRIC_REPRESENTATION_CONTEXT() REPRESENTATION_CONTEXT('2D SPACE',''
  ) );
#2093 = PCURVE('',#561,#2094);
#2094 = DEFINITIONAL_REPRESENTATION('',(#2095),#2098);
#2095 = B_SPLINE_CURVE_WITH_KNOTS('',1,(#2096,#2097),.UNSPECIFIED.,.F.,
  .F.,(2,2),(72.87,150.03),.PIECEWISE_BEZIER_KNOTS.);
#2096 = CARTESIAN_POINT('',(70.73,-0.6));
#2097 = CARTESIAN_POINT('',(-6.43,-0.6));
#2098 = ( GEOMETRIC_REPRESENTATION_CONTEXT(2) 
PARAMETRIC_REPRESENTATION_CONTEXT() REPRESENTATION_CONTEXT('2D SPACE',''
  ) );
#2099 = ORIENTED_EDGE('',*,*,#2100,.T.);
#2100 = EDGE_CURVE('',#2080,#2101,#2103,.T.);
#2101 = VERTEX_POINT('',#2102);
#2102 = CARTESIAN_POINT('',(25.13766532639,32.500990871568,
    -2.121341019272));
#2103 = SURFACE_CURVE('',#2104,(#2110,#2119),.PCURVE_S1.);
#2104 = B_SPLINE_CURVE_WITH_KNOTS('',4,(#2105,#2106,#2107,#2108,#2109),
  .UNSPECIFIED.,.F.,.F.,(5,5),(0.,1.),.PIECEWISE_BEZIER_KNOTS.);
#2105 = CARTESIAN_POINT('',(25.15,32.15,-2.123438300723));
#2106 = CARTESIAN_POINT('',(25.15,32.237786627498,-2.123438300723));
#2107 = CARTESIAN_POINT('',(25.147944936308,32.325573182747,
    -2.123088787327));
#2108 = CARTESIAN_POINT('',(25.143834809848,32.413321016827,
    -2.122389760257));
#2109 = CARTESIAN_POINT('',(25.13766532639,32.500990871568,
    -2.121341019272));
#2110 = PCURVE('',#71,#2111);
#2111 = DEFINITIONAL_REPRESENTATION('',(#2112),#2118);
#2112 = B_SPLINE_CURVE_WITH_KNOTS('',4,(#2113,#2114,#2115,#2116,#2117),
  .UNSPECIFIED.,.F.,.F.,(5,5),(0.,1.),.PIECEWISE_BEZIER_KNOTS.);
#2113 = CARTESIAN_POINT('',(1.402333975351,79.3));
#2114 = CARTESIAN_POINT('',(1.402333975351,79.212213372502));
#2115 = CARTESIAN_POINT('',(1.402347872507,79.124426817253));
#2116 = CARTESIAN_POINT('',(1.402375666813,79.036678983173));
#2117 = CARTESIAN_POINT('',(1.402417386717,78.949009128432));
#2118 = ( GEOMETRIC_REPRESENTATION_CONTEXT(2) 
PARAMETRIC_REPRESENTATION_CONTEXT() REPRESENTATION_CONTEXT('2D SPACE',''
  ) );
#2119 = PCURVE('',#645,#2120);
#2120 = DEFINITIONAL_REPRESENTATION('',(#2121),#2127);
#2121 = B_SPLINE_CURVE_WITH_KNOTS('',4,(#2122,#2123,#2124,#2125,#2126),
  .UNSPECIFIED.,.F.,.F.,(5,5),(0.,1.),.PIECEWISE_BEZIER_KNOTS.);
#2122 = CARTESIAN_POINT('',(3.14159265359,-0.6));
#2123 = CARTESIAN_POINT('',(3.12403532809,-0.6));
#2124 = CARTESIAN_POINT('',(3.106478012342,-0.600349513396));
#2125 = CARTESIAN_POINT('',(3.088914030565,-0.601048540467));
#2126 = CARTESIAN_POINT('',(3.071336697483,-0.602097281451));
#2127 = ( GEOMETRIC_REPRESENTATION_CONTEXT(2) 
PARAMETRIC_REPRESENTATION_CONTEXT() REPRESENTATION_CONTEXT('2D SPACE',''
  ) );
#2128 = ORIENTED_EDGE('',*,*,#2129,.F.);
#2129 = EDGE_CURVE('',#2130,#2101,#2132,.T.);
#2130 = VERTEX_POINT('',#2131);
#2131 = CARTESIAN_POINT('',(20.788833565238,37.65,-1.44757020121));
#2132 = SURFACE_CURVE('',#2133,(#2178,#2251),.PCURVE_S1.);
#2133 = B_SPLINE_CURVE_WITH_KNOTS('',7,(#2134,#2135,#2136,#2137,#2138,
    #2139,#2140,#2141,#2142,#2143,#2144,#2145,#2146,#2147,#2148,#2149,
    #2150,#2151,#2152,#2153,#2154,#2155,#2156,#2157,#2158,#2159,#2160,
    #2161,#2162,#2163,#2164,#2165,#2166,#2167,#2168,#2169,#2170,#2171,
    #2172,#2173,#2174,#2175,#2176,#2177),.UNSPECIFIED.,.F.,.F.,(8,6,6,6,
    6,6,6,8),(0.,0.247224821106,0.460854918675,0.701584980611,1.,
    1.249375234956,1.335163808116,1.453770866208),.UNSPECIFIED.);
#2134 = CARTESIAN_POINT('',(20.500990871568,37.13766532639,
    -1.407572961191));
#2135 = CARTESIAN_POINT('',(20.624667538569,37.408889860797,
    -1.424636376008));
#2136 = CARTESIAN_POINT('',(20.777878712296,37.673494372362,
    -1.445896999654));
#2137 = CARTESIAN_POINT('',(20.961734272268,37.928534486044,
    -1.471613135991));
#2138 = CARTESIAN_POINT('',(21.177356963354,38.170336570162,
    -1.502089704927));
#2139 = CARTESIAN_POINT('',(21.425722161391,38.394362713393,
    -1.53766262396));
#2140 = CARTESIAN_POINT('',(21.707378754083,38.594957919089,
    -1.578671171601));
#2141 = CARTESIAN_POINT('',(22.293799988768,38.911760500836,
    -1.665708600419));
#2142 = CARTESIAN_POINT('',(22.592762825115,39.037103001226,
    -1.710675335675));
#2143 = CARTESIAN_POINT('',(22.913614186755,39.132350372193,
    -1.75969661045));
#2144 = CARTESIAN_POINT('',(23.249339004975,39.191634076244,
    -1.811915332954));
#2145 = CARTESIAN_POINT('',(23.591789300208,39.211877389047,
    -1.866181625879));
#2146 = CARTESIAN_POINT('',(23.932450120101,39.192894605829,
    -1.921135025191));
#2147 = CARTESIAN_POINT('',(24.636177113371,39.075104592076,
    -2.036485816445));
#2148 = CARTESIAN_POINT('',(24.98933666463,38.96769303773,
    -2.095498700758));
#2149 = CARTESIAN_POINT('',(25.31761367556,38.821658901539,
    -2.151346454371));
#2150 = CARTESIAN_POINT('',(25.617242043178,38.643489675499,
    -2.203120905781));
#2151 = CARTESIAN_POINT('',(25.885716722854,38.439840745136,
    -2.250112581287));
#2152 = CARTESIAN_POINT('',(26.121769896576,38.217534739232,
    -2.291855480143));
#2153 = CARTESIAN_POINT('',(26.578022322766,37.693381556908,
    -2.373191697182));
#2154 = CARTESIAN_POINT('',(26.784262808295,37.381340225783,
    -2.410478092264));
#2155 = CARTESIAN_POINT('',(26.946341921357,37.054653971654,
    -2.440069200969));
#2156 = CARTESIAN_POINT('',(27.066315115284,36.71835395931,
    -2.462108962075));
#2157 = CARTESIAN_POINT('',(27.145762446937,36.376133601139,
    -2.476750258465));
#2158 = CARTESIAN_POINT('',(27.185533905933,36.030957007033,
    -2.484079685448));
#2159 = CARTESIAN_POINT('',(27.185533905933,35.396875623342,
    -2.484079685448));
#2160 = CARTESIAN_POINT('',(27.157759662125,35.108324578978,
    -2.478961173354));
#2161 = CARTESIAN_POINT('',(27.102246276087,34.821520672362,
    -2.468730780179));
#2162 = CARTESIAN_POINT('',(27.018596109755,34.538199982253,
    -2.453348911768));
#2163 = CARTESIAN_POINT('',(26.906046277916,34.260388196664,
    -2.432743339533));
#2164 = CARTESIAN_POINT('',(26.763555739643,33.99065606757,
    -2.406832087183));
#2165 = CARTESIAN_POINT('',(26.530176106567,33.643605877113,
    -2.364796068492));
#2166 = CARTESIAN_POINT('',(26.466749956848,33.556132175828,
    -2.353400953666));
#2167 = CARTESIAN_POINT('',(26.39958695372,33.470161885392,
    -2.341368342254));
#2168 = CARTESIAN_POINT('',(26.328642501307,33.385856081643,
    -2.328697401695));
#2169 = CARTESIAN_POINT('',(26.253874158872,33.30339094047,
    -2.315388447452));
#2170 = CARTESIAN_POINT('',(26.175241806051,33.22295786099,
    -2.301442996866));
#2171 = CARTESIAN_POINT('',(25.97860036543,33.036656037194,
    -2.266707374931));
#2172 = CARTESIAN_POINT('',(25.856940160659,32.932737625362,
    -2.245322845626));
#2173 = CARTESIAN_POINT('',(25.727735643817,32.833694165281,
    -2.222736840071));
#2174 = CARTESIAN_POINT('',(25.591052308243,32.740239914902,
    -2.198988679926));
#2175 = CARTESIAN_POINT('',(25.447013897921,32.653118015289,
    -2.174129726415));
#2176 = CARTESIAN_POINT('',(25.295803614848,32.573100927852,
    -2.148222703201));
#2177 = CARTESIAN_POINT('',(25.13766532639,32.500990871568,
    -2.121341019272));
#2178 = PCURVE('',#71,#2179);
#2179 = DEFINITIONAL_REPRESENTATION('',(#2180),#2250);
#2180 = B_SPLINE_CURVE_WITH_KNOTS('',3,(#2181,#2182,#2183,#2184,#2185,
    #2186,#2187,#2188,#2189,#2190,#2191,#2192,#2193,#2194,#2195,#2196,
    #2197,#2198,#2199,#2200,#2201,#2202,#2203,#2204,#2205,#2206,#2207,
    #2208,#2209,#2210,#2211,#2212,#2213,#2214,#2215,#2216,#2217,#2218,
    #2219,#2220,#2221,#2222,#2223,#2224,#2225,#2226,#2227,#2228,#2229,
    #2230,#2231,#2232,#2233,#2234,#2235,#2236,#2237,#2238,#2239,#2240,
    #2241,#2242,#2243,#2244,#2245,#2246,#2247,#2248,#2249),
  .UNSPECIFIED.,.F.,.F.,(4,1,1,1,1,1,1,1,1,1,1,1,1,1,1,1,1,1,1,1,1,1,1,1
    ,1,1,1,1,1,1,1,1,1,1,1,1,1,1,1,1,1,1,1,1,1,1,1,1,1,1,1,1,1,1,1,1,1,1
    ,1,1,1,1,1,1,1,1,4),(0.,2.202683130619E-02,4.405366261238E-02,
    6.608049391857E-02,8.810732522475E-02,0.110134156531,0.132160987837,
    0.154187819143,0.17621465045,0.198241481756,0.220268313062,
    0.242295144368,0.264321975674,0.28634880698,0.308375638287,
    0.330402469593,0.352429300899,0.374456132205,0.396482963511,
    0.418509794818,0.440536626124,0.46256345743,0.484590288736,
    0.506617120042,0.528643951349,0.550670782655,0.572697613961,
    0.594724445267,0.616751276573,0.638778107879,0.660804939186,
    0.682831770492,0.704858601798,0.726885433104,0.74891226441,
    0.770939095717,0.792965927023,0.814992758329,0.837019589635,
    0.859046420941,0.881073252248,0.903100083554,0.92512691486,
    0.947153746166,0.969180577472,0.991207408778,1.013234240085,
    1.035261071391,1.057287902697,1.079314734003,1.101341565309,
    1.123368396616,1.145395227922,1.167422059228,1.189448890534,
    1.21147572184,1.233502553147,1.255529384453,1.277556215759,
    1.299583047065,1.321609878371,1.343636709677,1.365663540984,
    1.38769037229,1.409717203596,1.431744034902,1.453770866208),
  .QUASI_UNIFORM_KNOTS.);
#2181 = CARTESIAN_POINT('',(1.433693937398,74.31233467361));
#2182 = CARTESIAN_POINT('',(1.433520905924,74.255952826418));
#2183 = CARTESIAN_POINT('',(1.433152737662,74.143911880775));
#2184 = CARTESIAN_POINT('',(1.432533058097,73.978520710841));
#2185 = CARTESIAN_POINT('',(1.431844830837,73.816285106706));
#2186 = CARTESIAN_POINT('',(1.431086967872,73.657748783274));
#2187 = CARTESIAN_POINT('',(1.430258428347,73.503497105516));
#2188 = CARTESIAN_POINT('',(1.429358241851,73.354165241933));
#2189 = CARTESIAN_POINT('',(1.428385538798,73.210440622545));
#2190 = CARTESIAN_POINT('',(1.4273395592,73.073065455144));
#2191 = CARTESIAN_POINT('',(1.426219757035,72.942846980224));
#2192 = CARTESIAN_POINT('',(1.425025560931,72.820639088147));
#2193 = CARTESIAN_POINT('',(1.423757431969,72.707433222848));
#2194 = CARTESIAN_POINT('',(1.422413095518,72.604043350207));
#2195 = CARTESIAN_POINT('',(1.420991687893,72.511592589033));
#2196 = CARTESIAN_POINT('',(1.419504789848,72.431907977535));
#2197 = CARTESIAN_POINT('',(1.417962164811,72.366323919148));
#2198 = CARTESIAN_POINT('',(1.416375084685,72.315971937833));
#2199 = CARTESIAN_POINT('',(1.414755233292,72.28170040066));
#2200 = CARTESIAN_POINT('',(1.413114914684,72.264089655382));
#2201 = CARTESIAN_POINT('',(1.411466432553,72.263454737824));
#2202 = CARTESIAN_POINT('',(1.409823448499,72.279801582076));
#2203 = CARTESIAN_POINT('',(1.408195221736,72.31298084669));
#2204 = CARTESIAN_POINT('',(1.406607620482,72.36208907851));
#2205 = CARTESIAN_POINT('',(1.405073869666,72.425863745254));
#2206 = CARTESIAN_POINT('',(1.403596668143,72.503329537077));
#2207 = CARTESIAN_POINT('',(1.402180856656,72.593424343809));
#2208 = CARTESIAN_POINT('',(1.400830037153,72.695098644263));
#2209 = CARTESIAN_POINT('',(1.399547485575,72.807288844585));
#2210 = CARTESIAN_POINT('',(1.398335922728,72.928922513442));
#2211 = CARTESIAN_POINT('',(1.397197542741,73.058923185901));
#2212 = CARTESIAN_POINT('',(1.396134136466,73.196186100755));
#2213 = CARTESIAN_POINT('',(1.395146560999,73.339671740437));
#2214 = CARTESIAN_POINT('',(1.394236713231,73.488058332215));
#2215 = CARTESIAN_POINT('',(1.393399772461,73.641102574187));
#2216 = CARTESIAN_POINT('',(1.39263267517,73.798559850773));
#2217 = CARTESIAN_POINT('',(1.391934775822,73.959811698288));
#2218 = CARTESIAN_POINT('',(1.391304828391,74.124399150094));
#2219 = CARTESIAN_POINT('',(1.390741811911,74.291874174132));
#2220 = CARTESIAN_POINT('',(1.390244725185,74.461834101572));
#2221 = CARTESIAN_POINT('',(1.389812656909,74.633907284071));
#2222 = CARTESIAN_POINT('',(1.389444781266,74.807752070103));
#2223 = CARTESIAN_POINT('',(1.389140372773,74.983052440233));
#2224 = CARTESIAN_POINT('',(1.38889881542,75.159514790555));
#2225 = CARTESIAN_POINT('',(1.388719612395,75.336864506725));
#2226 = CARTESIAN_POINT('',(1.388602396436,75.514843208828));
#2227 = CARTESIAN_POINT('',(1.388546934579,75.693204442912));
#2228 = CARTESIAN_POINT('',(1.388553152406,75.871715774748));
#2229 = CARTESIAN_POINT('',(1.388621065019,76.050036278785));
#2230 = CARTESIAN_POINT('',(1.388750789601,76.227937771166));
#2231 = CARTESIAN_POINT('',(1.388942590537,76.405162409765));
#2232 = CARTESIAN_POINT('',(1.389196860254,76.581445571135));
#2233 = CARTESIAN_POINT('',(1.389514115252,76.75650585274));
#2234 = CARTESIAN_POINT('',(1.389894987677,76.930043700886));
#2235 = CARTESIAN_POINT('',(1.390340217558,77.101737519885));
#2236 = CARTESIAN_POINT('',(1.390850644869,77.271240339873));
#2237 = CARTESIAN_POINT('',(1.391427199647,77.43817587805));
#2238 = CARTESIAN_POINT('',(1.392070898081,77.602135576882));
#2239 = CARTESIAN_POINT('',(1.392782814718,77.762671450305));
#2240 = CARTESIAN_POINT('',(1.39356415564,77.919306693398));
#2241 = CARTESIAN_POINT('',(1.394415972776,78.071478553568));
#2242 = CARTESIAN_POINT('',(1.395339287526,78.218572427176));
#2243 = CARTESIAN_POINT('',(1.396334942681,78.359906285126));
#2244 = CARTESIAN_POINT('',(1.397404525499,78.494834350103));
#2245 = CARTESIAN_POINT('',(1.39854747559,78.622387579864));
#2246 = CARTESIAN_POINT('',(1.399762957884,78.741594666313));
#2247 = CARTESIAN_POINT('',(1.401049745147,78.851450927986));
#2248 = CARTESIAN_POINT('',(1.401953959621,78.917759258823));
#2249 = CARTESIAN_POINT('',(1.402417386717,78.949009128432));
#2250 = ( GEOMETRIC_REPRESENTATION_CONTEXT(2) 
PARAMETRIC_REPRESENTATION_CONTEXT() REPRESENTATION_CONTEXT('2D SPACE',''
  ) );
#2251 = PCURVE('',#674,#2252);
#2252 = DEFINITIONAL_REPRESENTATION('',(#2253),#2323);
#2253 = B_SPLINE_CURVE_WITH_KNOTS('',3,(#2254,#2255,#2256,#2257,#2258,
    #2259,#2260,#2261,#2262,#2263,#2264,#2265,#2266,#2267,#2268,#2269,
    #2270,#2271,#2272,#2273,#2274,#2275,#2276,#2277,#2278,#2279,#2280,
    #2281,#2282,#2283,#2284,#2285,#2286,#2287,#2288,#2289,#2290,#2291,
    #2292,#2293,#2294,#2295,#2296,#2297,#2298,#2299,#2300,#2301,#2302,
    #2303,#2304,#2305,#2306,#2307,#2308,#2309,#2310,#2311,#2312,#2313,
    #2314,#2315,#2316,#2317,#2318,#2319,#2320,#2321,#2322),
  .UNSPECIFIED.,.F.,.F.,(4,1,1,1,1,1,1,1,1,1,1,1,1,1,1,1,1,1,1,1,1,1,1,1
    ,1,1,1,1,1,1,1,1,1,1,1,1,1,1,1,1,1,1,1,1,1,1,1,1,1,1,1,1,1,1,1,1,1,1
    ,1,1,1,1,1,1,1,1,4),(0.,2.202683130619E-02,4.405366261238E-02,
    6.608049391857E-02,8.810732522475E-02,0.110134156531,0.132160987837,
    0.154187819143,0.17621465045,0.198241481756,0.220268313062,
    0.242295144368,0.264321975674,0.28634880698,0.308375638287,
    0.330402469593,0.352429300899,0.374456132205,0.396482963511,
    0.418509794818,0.440536626124,0.46256345743,0.484590288736,
    0.506617120042,0.528643951349,0.550670782655,0.572697613961,
    0.594724445267,0.616751276573,0.638778107879,0.660804939186,
    0.682831770492,0.704858601798,0.726885433104,0.74891226441,
    0.770939095717,0.792965927023,0.814992758329,0.837019589635,
    0.859046420941,0.881073252248,0.903100083554,0.92512691486,
    0.947153746166,0.969180577472,0.991207408778,1.013234240085,
    1.035261071391,1.057287902697,1.079314734003,1.101341565309,
    1.123368396616,1.145395227922,1.167422059228,1.189448890534,
    1.21147572184,1.233502553147,1.255529384453,1.277556215759,
    1.299583047065,1.321609878371,1.343636709677,1.365663540984,
    1.38769037229,1.409717203596,1.431744034902,1.453770866208),
  .QUASI_UNIFORM_KNOTS.);
#2254 = CARTESIAN_POINT('',(8.996950901017,1.315865339533));
#2255 = CARTESIAN_POINT('',(8.979244907145,1.312317819602));
#2256 = CARTESIAN_POINT('',(8.943635339348,1.304757020146));
#2257 = CARTESIAN_POINT('',(8.889571476381,1.291976582834));
#2258 = CARTESIAN_POINT('',(8.834801797731,1.277715736135));
#2259 = CARTESIAN_POINT('',(8.779268365524,1.261930550519));
#2260 = CARTESIAN_POINT('',(8.722911462184,1.24457570807));
#2261 = CARTESIAN_POINT('',(8.665668848298,1.225604601579));
#2262 = CARTESIAN_POINT('',(8.60747546328,1.204970009104));
#2263 = CARTESIAN_POINT('',(8.548261828243,1.182624221591));
#2264 = CARTESIAN_POINT('',(8.487956876193,1.158521342502));
#2265 = CARTESIAN_POINT('',(8.426473784211,1.132612081651));
#2266 = CARTESIAN_POINT('',(8.363758449438,1.104867111098));
#2267 = CARTESIAN_POINT('',(8.299603065718,1.07519446509));
#2268 = CARTESIAN_POINT('',(8.233860030612,1.043528681786));
#2269 = CARTESIAN_POINT('',(8.166906644764,1.010082402984));
#2270 = CARTESIAN_POINT('',(8.098962615906,0.975035304303));
#2271 = CARTESIAN_POINT('',(8.030264120196,0.938609069813));
#2272 = CARTESIAN_POINT('',(7.961022610166,0.901044738142));
#2273 = CARTESIAN_POINT('',(7.891446399865,0.862608646461));
#2274 = CARTESIAN_POINT('',(7.821724824863,0.823578568961));
#2275 = CARTESIAN_POINT('',(7.752097991051,0.784277436939));
#2276 = CARTESIAN_POINT('',(7.682620655873,0.744933495402));
#2277 = CARTESIAN_POINT('',(7.614076832263,0.706191575947));
#2278 = CARTESIAN_POINT('',(7.546763601402,0.66840911365));
#2279 = CARTESIAN_POINT('',(7.480559395612,0.631690448158));
#2280 = CARTESIAN_POINT('',(7.415466776807,0.596194505756));
#2281 = CARTESIAN_POINT('',(7.351466396422,0.562051462617));
#2282 = CARTESIAN_POINT('',(7.288555623327,0.529384094319));
#2283 = CARTESIAN_POINT('',(7.22673872567,0.498301389874));
#2284 = CARTESIAN_POINT('',(7.166027290034,0.468898412219));
#2285 = CARTESIAN_POINT('',(7.106449010975,0.441258899092));
#2286 = CARTESIAN_POINT('',(7.048013433867,0.415440646689));
#2287 = CARTESIAN_POINT('',(6.990842034341,0.39152701257));
#2288 = CARTESIAN_POINT('',(6.934661563075,0.369421872814));
#2289 = CARTESIAN_POINT('',(6.879267130505,0.349070641229));
#2290 = CARTESIAN_POINT('',(6.824615629094,0.330479802685));
#2291 = CARTESIAN_POINT('',(6.770625373324,0.313637391513));
#2292 = CARTESIAN_POINT('',(6.717228805365,0.298534921474));
#2293 = CARTESIAN_POINT('',(6.664357566364,0.285162105604));
#2294 = CARTESIAN_POINT('',(6.611945823488,0.273508839497));
#2295 = CARTESIAN_POINT('',(6.559928799079,0.26356520994));
#2296 = CARTESIAN_POINT('',(6.508242646858,0.255322002191));
#2297 = CARTESIAN_POINT('',(6.456823986361,0.248771045314));
#2298 = CARTESIAN_POINT('',(6.405609561705,0.243905559136));
#2299 = CARTESIAN_POINT('',(6.35453572417,0.240720503624));
#2300 = CARTESIAN_POINT('',(6.303538369207,0.239212758431));
#2301 = CARTESIAN_POINT('',(6.252551020252,0.23938181531));
#2302 = CARTESIAN_POINT('',(6.201538560623,0.241227915692));
#2303 = CARTESIAN_POINT('',(6.150433010126,0.244752383232));
#2304 = CARTESIAN_POINT('',(6.099172937291,0.24995884893));
#2305 = CARTESIAN_POINT('',(6.047695644859,0.25685268157));
#2306 = CARTESIAN_POINT('',(5.995938748358,0.265440825175));
#2307 = CARTESIAN_POINT('',(5.94383926915,0.275731499995));
#2308 = CARTESIAN_POINT('',(5.891333409471,0.287733908844));
#2309 = CARTESIAN_POINT('',(5.838356097901,0.301457925014));
#2310 = CARTESIAN_POINT('',(5.784840645443,0.316913715021));
#2311 = CARTESIAN_POINT('',(5.730717908329,0.334111506961));
#2312 = CARTESIAN_POINT('',(5.675916865036,0.353060708108));
#2313 = CARTESIAN_POINT('',(5.620358410226,0.373771705121));
#2314 = CARTESIAN_POINT('',(5.563973472029,0.396248159673));
#2315 = CARTESIAN_POINT('',(5.506689746775,0.420490199853));
#2316 = CARTESIAN_POINT('',(5.448437057671,0.446490545849));
#2317 = CARTESIAN_POINT('',(5.389095921847,0.474258297661));
#2318 = CARTESIAN_POINT('',(5.328654062177,0.503743907796));
#2319 = CARTESIAN_POINT('',(5.267083908404,0.534888789998));
#2320 = CARTESIAN_POINT('',(5.204354619198,0.567622740798));
#2321 = CARTESIAN_POINT('',(5.161733560117,0.59044772681));
#2322 = CARTESIAN_POINT('',(5.140216040137,0.602097281451));
#2323 = ( GEOMETRIC_REPRESENTATION_CONTEXT(2) 
PARAMETRIC_REPRESENTATION_CONTEXT() REPRESENTATION_CONTEXT('2D SPACE',''
  ) );
#2324 = ORIENTED_EDGE('',*,*,#2325,.F.);
#2325 = EDGE_CURVE('',#2326,#2130,#2328,.T.);
#2326 = VERTEX_POINT('',#2327);
#2327 = CARTESIAN_POINT('',(22.,37.65,-1.622104072069));
#2328 = SURFACE_CURVE('',#2329,(#2334,#2341),.PCURVE_S1.);
#2329 = CIRCLE('',#2330,150.);
#2330 = AXIS2_PLACEMENT_3D('',#2331,#2332,#2333);
#2331 = CARTESIAN_POINT('',(0.,37.65,-150.));
#2332 = DIRECTION('',(0.,-1.,2.22044604925E-16));
#2333 = DIRECTION('',(1.,0.,0.));
#2334 = PCURVE('',#71,#2335);
#2335 = DEFINITIONAL_REPRESENTATION('',(#2336),#2340);
#2336 = LINE('',#2337,#2338);
#2337 = CARTESIAN_POINT('',(0.,73.8));
#2338 = VECTOR('',#2339,1.);
#2339 = DIRECTION('',(1.,0.));
#2340 = ( GEOMETRIC_REPRESENTATION_CONTEXT(2) 
PARAMETRIC_REPRESENTATION_CONTEXT() REPRESENTATION_CONTEXT('2D SPACE',''
  ) );
#2341 = PCURVE('',#2342,#2347);
#2342 = PLANE('',#2343);
#2343 = AXIS2_PLACEMENT_3D('',#2344,#2345,#2346);
#2344 = CARTESIAN_POINT('',(-19.,37.65,-4.));
#2345 = DIRECTION('',(-0.,1.,0.));
#2346 = DIRECTION('',(0.,0.,1.));
#2347 = DEFINITIONAL_REPRESENTATION('',(#2348),#2356);
#2348 = ( BOUNDED_CURVE() B_SPLINE_CURVE(2,(#2349,#2350,#2351,#2352,
#2353,#2354,#2355),.UNSPECIFIED.,.T.,.F.) B_SPLINE_CURVE_WITH_KNOTS((1,2
    ,2,2,2,1),(-2.094395102393,0.,2.094395102393,4.188790204786,
6.28318530718,8.377580409573),.UNSPECIFIED.) CURVE() 
GEOMETRIC_REPRESENTATION_ITEM() RATIONAL_B_SPLINE_CURVE((1.,0.5,1.,0.5,
1.,0.5,1.)) REPRESENTATION_ITEM('') );
#2349 = CARTESIAN_POINT('',(-146.,169.));
#2350 = CARTESIAN_POINT('',(113.80762113533,169.));
#2351 = CARTESIAN_POINT('',(-16.09618943233,-56.));
#2352 = CARTESIAN_POINT('',(-146.,-281.));
#2353 = CARTESIAN_POINT('',(-275.9038105676,-56.));
#2354 = CARTESIAN_POINT('',(-405.8076211353,169.));
#2355 = CARTESIAN_POINT('',(-146.,169.));
#2356 = ( GEOMETRIC_REPRESENTATION_CONTEXT(2) 
PARAMETRIC_REPRESENTATION_CONTEXT() REPRESENTATION_CONTEXT('2D SPACE',''
  ) );
#2357 = ORIENTED_EDGE('',*,*,#2358,.T.);
#2358 = EDGE_CURVE('',#2326,#2359,#2361,.T.);
#2359 = VERTEX_POINT('',#2360);
#2360 = CARTESIAN_POINT('',(22.,31.65,-1.622104072069));
#2361 = SURFACE_CURVE('',#2362,(#2366,#2372),.PCURVE_S1.);
#2362 = LINE('',#2363,#2364);
#2363 = CARTESIAN_POINT('',(22.,111.45,-1.622104072069));
#2364 = VECTOR('',#2365,1.);
#2365 = DIRECTION('',(0.,-1.,2.22044604925E-16));
#2366 = PCURVE('',#71,#2367);
#2367 = DEFINITIONAL_REPRESENTATION('',(#2368),#2371);
#2368 = B_SPLINE_CURVE_WITH_KNOTS('',1,(#2369,#2370),.UNSPECIFIED.,.F.,
  .F.,(2,2),(73.2,80.4),.PIECEWISE_BEZIER_KNOTS.);
#2369 = CARTESIAN_POINT('',(1.423598676818,73.2));
#2370 = CARTESIAN_POINT('',(1.423598676818,80.4));
#2371 = ( GEOMETRIC_REPRESENTATION_CONTEXT(2) 
PARAMETRIC_REPRESENTATION_CONTEXT() REPRESENTATION_CONTEXT('2D SPACE',''
  ) );
#2372 = PCURVE('',#2373,#2378);
#2373 = PLANE('',#2374);
#2374 = AXIS2_PLACEMENT_3D('',#2375,#2376,#2377);
#2375 = CARTESIAN_POINT('',(22.,31.65,-4.));
#2376 = DIRECTION('',(1.,0.,-0.));
#2377 = DIRECTION('',(0.,0.,1.));
#2378 = DEFINITIONAL_REPRESENTATION('',(#2379),#2382);
#2379 = B_SPLINE_CURVE_WITH_KNOTS('',1,(#2380,#2381),.UNSPECIFIED.,.F.,
  .F.,(2,2),(73.2,80.4),.PIECEWISE_BEZIER_KNOTS.);
#2380 = CARTESIAN_POINT('',(2.377895927931,-6.6));
#2381 = CARTESIAN_POINT('',(2.377895927931,0.6));
#2382 = ( GEOMETRIC_REPRESENTATION_CONTEXT(2) 
PARAMETRIC_REPRESENTATION_CONTEXT() REPRESENTATION_CONTEXT('2D SPACE',''
  ) );
#2383 = ORIENTED_EDGE('',*,*,#2384,.T.);
#2384 = EDGE_CURVE('',#2359,#2385,#2387,.T.);
#2385 = VERTEX_POINT('',#2386);
#2386 = CARTESIAN_POINT('',(-19.,31.65,-1.208199150625));
#2387 = SURFACE_CURVE('',#2388,(#2393,#2400),.PCURVE_S1.);
#2388 = CIRCLE('',#2389,150.);
#2389 = AXIS2_PLACEMENT_3D('',#2390,#2391,#2392);
#2390 = CARTESIAN_POINT('',(0.,31.65,-150.));
#2391 = DIRECTION('',(0.,-1.,2.22044604925E-16));
#2392 = DIRECTION('',(1.,0.,0.));
#2393 = PCURVE('',#71,#2394);
#2394 = DEFINITIONAL_REPRESENTATION('',(#2395),#2399);
#2395 = LINE('',#2396,#2397);
#2396 = CARTESIAN_POINT('',(0.,79.8));
#2397 = VECTOR('',#2398,1.);
#2398 = DIRECTION('',(1.,0.));
#2399 = ( GEOMETRIC_REPRESENTATION_CONTEXT(2) 
PARAMETRIC_REPRESENTATION_CONTEXT() REPRESENTATION_CONTEXT('2D SPACE',''
  ) );
#2400 = PCURVE('',#2401,#2406);
#2401 = PLANE('',#2402);
#2402 = AXIS2_PLACEMENT_3D('',#2403,#2404,#2405);
#2403 = CARTESIAN_POINT('',(-19.,31.65,-4.));
#2404 = DIRECTION('',(-0.,1.,0.));
#2405 = DIRECTION('',(0.,0.,1.));
#2406 = DEFINITIONAL_REPRESENTATION('',(#2407),#2415);
#2407 = ( BOUNDED_CURVE() B_SPLINE_CURVE(2,(#2408,#2409,#2410,#2411,
#2412,#2413,#2414),.UNSPECIFIED.,.T.,.F.) B_SPLINE_CURVE_WITH_KNOTS((1,2
    ,2,2,2,1),(-2.094395102393,0.,2.094395102393,4.188790204786,
6.28318530718,8.377580409573),.UNSPECIFIED.) CURVE() 
GEOMETRIC_REPRESENTATION_ITEM() RATIONAL_B_SPLINE_CURVE((1.,0.5,1.,0.5,
1.,0.5,1.)) REPRESENTATION_ITEM('') );
#2408 = CARTESIAN_POINT('',(-146.,169.));
#2409 = CARTESIAN_POINT('',(113.80762113533,169.));
#2410 = CARTESIAN_POINT('',(-16.09618943233,-56.));
#2411 = CARTESIAN_POINT('',(-146.,-281.));
#2412 = CARTESIAN_POINT('',(-275.9038105676,-56.));
#2413 = CARTESIAN_POINT('',(-405.8076211353,169.));
#2414 = CARTESIAN_POINT('',(-146.,169.));
#2415 = ( GEOMETRIC_REPRESENTATION_CONTEXT(2) 
PARAMETRIC_REPRESENTATION_CONTEXT() REPRESENTATION_CONTEXT('2D SPACE',''
  ) );
#2416 = ORIENTED_EDGE('',*,*,#2417,.F.);
#2417 = EDGE_CURVE('',#2418,#2385,#2420,.T.);
#2418 = VERTEX_POINT('',#2419);
#2419 = CARTESIAN_POINT('',(-19.,37.15,-1.208199150625));
#2420 = SURFACE_CURVE('',#2421,(#2425,#2431),.PCURVE_S1.);
#2421 = LINE('',#2422,#2423);
#2422 = CARTESIAN_POINT('',(-19.,111.45,-1.208199150625));
#2423 = VECTOR('',#2424,1.);
#2424 = DIRECTION('',(0.,-1.,2.22044604925E-16));
#2425 = PCURVE('',#71,#2426);
#2426 = DEFINITIONAL_REPRESENTATION('',(#2427),#2430);
#2427 = B_SPLINE_CURVE_WITH_KNOTS('',1,(#2428,#2429),.UNSPECIFIED.,.F.,
  .F.,(2,2),(73.2,80.4),.PIECEWISE_BEZIER_KNOTS.);
#2428 = CARTESIAN_POINT('',(1.697804178654,73.2));
#2429 = CARTESIAN_POINT('',(1.697804178654,80.4));
#2430 = ( GEOMETRIC_REPRESENTATION_CONTEXT(2) 
PARAMETRIC_REPRESENTATION_CONTEXT() REPRESENTATION_CONTEXT('2D SPACE',''
  ) );
#2431 = PCURVE('',#2432,#2437);
#2432 = PLANE('',#2433);
#2433 = AXIS2_PLACEMENT_3D('',#2434,#2435,#2436);
#2434 = CARTESIAN_POINT('',(-19.,31.65,-4.));
#2435 = DIRECTION('',(1.,0.,-0.));
#2436 = DIRECTION('',(0.,0.,1.));
#2437 = DEFINITIONAL_REPRESENTATION('',(#2438),#2441);
#2438 = B_SPLINE_CURVE_WITH_KNOTS('',1,(#2439,#2440),.UNSPECIFIED.,.F.,
  .F.,(2,2),(73.2,80.4),.PIECEWISE_BEZIER_KNOTS.);
#2439 = CARTESIAN_POINT('',(2.791800849375,-6.6));
#2440 = CARTESIAN_POINT('',(2.791800849375,0.6));
#2441 = ( GEOMETRIC_REPRESENTATION_CONTEXT(2) 
PARAMETRIC_REPRESENTATION_CONTEXT() REPRESENTATION_CONTEXT('2D SPACE',''
  ) );
#2442 = ORIENTED_EDGE('',*,*,#2443,.T.);
#2443 = EDGE_CURVE('',#2418,#2444,#2446,.T.);
#2444 = VERTEX_POINT('',#2445);
#2445 = CARTESIAN_POINT('',(-20.15,37.15,-1.3595697665));
#2446 = SURFACE_CURVE('',#2447,(#2452,#2459),.PCURVE_S1.);
#2447 = CIRCLE('',#2448,150.);
#2448 = AXIS2_PLACEMENT_3D('',#2449,#2450,#2451);
#2449 = CARTESIAN_POINT('',(0.,37.15,-150.));
#2450 = DIRECTION('',(0.,-1.,2.22044604925E-16));
#2451 = DIRECTION('',(1.,0.,0.));
#2452 = PCURVE('',#71,#2453);
#2453 = DEFINITIONAL_REPRESENTATION('',(#2454),#2458);
#2454 = LINE('',#2455,#2456);
#2455 = CARTESIAN_POINT('',(0.,74.3));
#2456 = VECTOR('',#2457,1.);
#2457 = DIRECTION('',(1.,0.));
#2458 = ( GEOMETRIC_REPRESENTATION_CONTEXT(2) 
PARAMETRIC_REPRESENTATION_CONTEXT() REPRESENTATION_CONTEXT('2D SPACE',''
  ) );
#2459 = PCURVE('',#735,#2460);
#2460 = DEFINITIONAL_REPRESENTATION('',(#2461),#2469);
#2461 = ( BOUNDED_CURVE() B_SPLINE_CURVE(2,(#2462,#2463,#2464,#2465,
#2466,#2467,#2468),.UNSPECIFIED.,.T.,.F.) B_SPLINE_CURVE_WITH_KNOTS((1,2
    ,2,2,2,1),(-2.094395102393,0.,2.094395102393,4.188790204786,
6.28318530718,8.377580409573),.UNSPECIFIED.) CURVE() 
GEOMETRIC_REPRESENTATION_ITEM() RATIONAL_B_SPLINE_CURVE((1.,0.5,1.,0.5,
1.,0.5,1.)) REPRESENTATION_ITEM('') );
#2462 = CARTESIAN_POINT('',(170.15,147.27656169927));
#2463 = CARTESIAN_POINT('',(170.15,-112.531059436));
#2464 = CARTESIAN_POINT('',(-54.85,17.372751131611));
#2465 = CARTESIAN_POINT('',(-279.85,147.27656169927));
#2466 = CARTESIAN_POINT('',(-54.85,277.18037226694));
#2467 = CARTESIAN_POINT('',(170.15,407.0841828346));
#2468 = CARTESIAN_POINT('',(170.15,147.27656169927));
#2469 = ( GEOMETRIC_REPRESENTATION_CONTEXT(2) 
PARAMETRIC_REPRESENTATION_CONTEXT() REPRESENTATION_CONTEXT('2D SPACE',''
  ) );
#2470 = ORIENTED_EDGE('',*,*,#2471,.T.);
#2471 = EDGE_CURVE('',#2444,#1474,#2472,.T.);
#2472 = SURFACE_CURVE('',#2473,(#2479,#2488),.PCURVE_S1.);
#2473 = B_SPLINE_CURVE_WITH_KNOTS('',4,(#2474,#2475,#2476,#2477,#2478),
  .UNSPECIFIED.,.F.,.F.,(5,5),(0.,1.),.PIECEWISE_BEZIER_KNOTS.);
#2474 = CARTESIAN_POINT('',(-20.15,37.15,-1.3595697665));
#2475 = CARTESIAN_POINT('',(-20.23791109377,37.15,-1.371487173741));
#2476 = CARTESIAN_POINT('',(-20.32580460918,37.147939079456,
    -1.383472798145));
#2477 = CARTESIAN_POINT('',(-20.41354222436,37.143819243081,
    -1.39550785159));
#2478 = CARTESIAN_POINT('',(-20.50099087156,37.13766532639,
    -1.407572961191));
#2479 = PCURVE('',#71,#2480);
#2480 = DEFINITIONAL_REPRESENTATION('',(#2481),#2487);
#2481 = B_SPLINE_CURVE_WITH_KNOTS('',4,(#2482,#2483,#2484,#2485,#2486),
  .UNSPECIFIED.,.F.,.F.,(5,5),(0.,1.),.PIECEWISE_BEZIER_KNOTS.);
#2482 = CARTESIAN_POINT('',(1.705536994061,74.3));
#2483 = CARTESIAN_POINT('',(1.706128428664,74.3));
#2484 = CARTESIAN_POINT('',(1.706719808231,74.302060920544));
#2485 = CARTESIAN_POINT('',(1.707310202706,74.306180756919));
#2486 = CARTESIAN_POINT('',(1.707898716191,74.31233467361));
#2487 = ( GEOMETRIC_REPRESENTATION_CONTEXT(2) 
PARAMETRIC_REPRESENTATION_CONTEXT() REPRESENTATION_CONTEXT('2D SPACE',''
  ) );
#2488 = PCURVE('',#768,#2489);
#2489 = DEFINITIONAL_REPRESENTATION('',(#2490),#2496);
#2490 = B_SPLINE_CURVE_WITH_KNOTS('',4,(#2491,#2492,#2493,#2494,#2495),
  .UNSPECIFIED.,.F.,.F.,(5,5),(0.,1.),.PIECEWISE_BEZIER_KNOTS.);
#2491 = CARTESIAN_POINT('',(1.570796326795,-1.363868534223));
#2492 = CARTESIAN_POINT('',(1.55321410804,-1.351951126982));
#2493 = CARTESIAN_POINT('',(1.535635416535,-1.339965502579));
#2494 = CARTESIAN_POINT('',(1.518073352851,-1.327930449133));
#2495 = CARTESIAN_POINT('',(1.500540370688,-1.315865339533));
#2496 = ( GEOMETRIC_REPRESENTATION_CONTEXT(2) 
PARAMETRIC_REPRESENTATION_CONTEXT() REPRESENTATION_CONTEXT('2D SPACE',''
  ) );
#2497 = FACE_BOUND('',#2498,.F.);
#2498 = EDGE_LOOP('',(#2499,#2527,#2560,#2586));
#2499 = ORIENTED_EDGE('',*,*,#2500,.F.);
#2500 = EDGE_CURVE('',#2501,#2503,#2505,.T.);
#2501 = VERTEX_POINT('',#2502);
#2502 = CARTESIAN_POINT('',(-18.,30.5,-1.08391624811));
#2503 = VERTEX_POINT('',#2504);
#2504 = CARTESIAN_POINT('',(-18.,15.,-1.08391624811));
#2505 = SURFACE_CURVE('',#2506,(#2510,#2516),.PCURVE_S1.);
#2506 = LINE('',#2507,#2508);
#2507 = CARTESIAN_POINT('',(-18.,111.45,-1.08391624811));
#2508 = VECTOR('',#2509,1.);
#2509 = DIRECTION('',(0.,-1.,2.22044604925E-16));
#2510 = PCURVE('',#71,#2511);
#2511 = DEFINITIONAL_REPRESENTATION('',(#2512),#2515);
#2512 = B_SPLINE_CURVE_WITH_KNOTS('',1,(#2513,#2514),.UNSPECIFIED.,.F.,
  .F.,(2,2),(79.4,98.),.PIECEWISE_BEZIER_KNOTS.);
#2513 = CARTESIAN_POINT('',(1.69108620919,79.4));
#2514 = CARTESIAN_POINT('',(1.69108620919,98.));
#2515 = ( GEOMETRIC_REPRESENTATION_CONTEXT(2) 
PARAMETRIC_REPRESENTATION_CONTEXT() REPRESENTATION_CONTEXT('2D SPACE',''
  ) );
#2516 = PCURVE('',#2517,#2522);
#2517 = PLANE('',#2518);
#2518 = AXIS2_PLACEMENT_3D('',#2519,#2520,#2521);
#2519 = CARTESIAN_POINT('',(-18.,15.,-2.723438300723));
#2520 = DIRECTION('',(1.,0.,-0.));
#2521 = DIRECTION('',(0.,0.,1.));
#2522 = DEFINITIONAL_REPRESENTATION('',(#2523),#2526);
#2523 = B_SPLINE_CURVE_WITH_KNOTS('',1,(#2524,#2525),.UNSPECIFIED.,.F.,
  .F.,(2,2),(79.4,98.),.PIECEWISE_BEZIER_KNOTS.);
#2524 = CARTESIAN_POINT('',(1.639522052614,-17.05));
#2525 = CARTESIAN_POINT('',(1.639522052614,1.55));
#2526 = ( GEOMETRIC_REPRESENTATION_CONTEXT(2) 
PARAMETRIC_REPRESENTATION_CONTEXT() REPRESENTATION_CONTEXT('2D SPACE',''
  ) );
#2527 = ORIENTED_EDGE('',*,*,#2528,.F.);
#2528 = EDGE_CURVE('',#2529,#2501,#2531,.T.);
#2529 = VERTEX_POINT('',#2530);
#2530 = CARTESIAN_POINT('',(8.,30.5,-0.213485253178));
#2531 = SURFACE_CURVE('',#2532,(#2537,#2544),.PCURVE_S1.);
#2532 = CIRCLE('',#2533,150.);
#2533 = AXIS2_PLACEMENT_3D('',#2534,#2535,#2536);
#2534 = CARTESIAN_POINT('',(0.,30.5,-150.));
#2535 = DIRECTION('',(0.,-1.,2.22044604925E-16));
#2536 = DIRECTION('',(1.,0.,0.));
#2537 = PCURVE('',#71,#2538);
#2538 = DEFINITIONAL_REPRESENTATION('',(#2539),#2543);
#2539 = LINE('',#2540,#2541);
#2540 = CARTESIAN_POINT('',(0.,80.95));
#2541 = VECTOR('',#2542,1.);
#2542 = DIRECTION('',(1.,0.));
#2543 = ( GEOMETRIC_REPRESENTATION_CONTEXT(2) 
PARAMETRIC_REPRESENTATION_CONTEXT() REPRESENTATION_CONTEXT('2D SPACE',''
  ) );
#2544 = PCURVE('',#2545,#2550);
#2545 = PLANE('',#2546);
#2546 = AXIS2_PLACEMENT_3D('',#2547,#2548,#2549);
#2547 = CARTESIAN_POINT('',(-18.,30.5,-2.723438300723));
#2548 = DIRECTION('',(-0.,1.,0.));
#2549 = DIRECTION('',(0.,0.,1.));
#2550 = DEFINITIONAL_REPRESENTATION('',(#2551),#2559);
#2551 = ( BOUNDED_CURVE() B_SPLINE_CURVE(2,(#2552,#2553,#2554,#2555,
#2556,#2557,#2558),.UNSPECIFIED.,.T.,.F.) B_SPLINE_CURVE_WITH_KNOTS((1,2
    ,2,2,2,1),(-2.094395102393,0.,2.094395102393,4.188790204786,
6.28318530718,8.377580409573),.UNSPECIFIED.) CURVE() 
GEOMETRIC_REPRESENTATION_ITEM() RATIONAL_B_SPLINE_CURVE((1.,0.5,1.,0.5,
1.,0.5,1.)) REPRESENTATION_ITEM('') );
#2552 = CARTESIAN_POINT('',(-147.2765616992,168.));
#2553 = CARTESIAN_POINT('',(112.53105943605,168.));
#2554 = CARTESIAN_POINT('',(-17.37275113161,-57.));
#2555 = CARTESIAN_POINT('',(-147.2765616992,-282.));
#2556 = CARTESIAN_POINT('',(-277.1803722669,-57.));
#2557 = CARTESIAN_POINT('',(-407.0841828346,168.));
#2558 = CARTESIAN_POINT('',(-147.2765616992,168.));
#2559 = ( GEOMETRIC_REPRESENTATION_CONTEXT(2) 
PARAMETRIC_REPRESENTATION_CONTEXT() REPRESENTATION_CONTEXT('2D SPACE',''
  ) );
#2560 = ORIENTED_EDGE('',*,*,#2561,.T.);
#2561 = EDGE_CURVE('',#2529,#2562,#2564,.T.);
#2562 = VERTEX_POINT('',#2563);
#2563 = CARTESIAN_POINT('',(8.,15.,-0.213485253178));
#2564 = SURFACE_CURVE('',#2565,(#2569,#2575),.PCURVE_S1.);
#2565 = LINE('',#2566,#2567);
#2566 = CARTESIAN_POINT('',(8.,111.45,-0.213485253178));
#2567 = VECTOR('',#2568,1.);
#2568 = DIRECTION('',(0.,-1.,2.22044604925E-16));
#2569 = PCURVE('',#71,#2570);
#2570 = DEFINITIONAL_REPRESENTATION('',(#2571),#2574);
#2571 = B_SPLINE_CURVE_WITH_KNOTS('',1,(#2572,#2573),.UNSPECIFIED.,.F.,
  .F.,(2,2),(79.4,98.),.PIECEWISE_BEZIER_KNOTS.);
#2572 = CARTESIAN_POINT('',(1.517437677093,79.4));
#2573 = CARTESIAN_POINT('',(1.517437677093,98.));
#2574 = ( GEOMETRIC_REPRESENTATION_CONTEXT(2) 
PARAMETRIC_REPRESENTATION_CONTEXT() REPRESENTATION_CONTEXT('2D SPACE',''
  ) );
#2575 = PCURVE('',#2576,#2581);
#2576 = PLANE('',#2577);
#2577 = AXIS2_PLACEMENT_3D('',#2578,#2579,#2580);
#2578 = CARTESIAN_POINT('',(8.,15.,-2.723438300723));
#2579 = DIRECTION('',(1.,0.,-0.));
#2580 = DIRECTION('',(0.,0.,1.));
#2581 = DEFINITIONAL_REPRESENTATION('',(#2582),#2585);
#2582 = B_SPLINE_CURVE_WITH_KNOTS('',1,(#2583,#2584),.UNSPECIFIED.,.F.,
  .F.,(2,2),(79.4,98.),.PIECEWISE_BEZIER_KNOTS.);
#2583 = CARTESIAN_POINT('',(2.509953047546,-17.05));
#2584 = CARTESIAN_POINT('',(2.509953047546,1.55));
#2585 = ( GEOMETRIC_REPRESENTATION_CONTEXT(2) 
PARAMETRIC_REPRESENTATION_CONTEXT() REPRESENTATION_CONTEXT('2D SPACE',''
  ) );
#2586 = ORIENTED_EDGE('',*,*,#2587,.T.);
#2587 = EDGE_CURVE('',#2562,#2503,#2588,.T.);
#2588 = SURFACE_CURVE('',#2589,(#2594,#2601),.PCURVE_S1.);
#2589 = CIRCLE('',#2590,150.);
#2590 = AXIS2_PLACEMENT_3D('',#2591,#2592,#2593);
#2591 = CARTESIAN_POINT('',(0.,15.,-150.));
#2592 = DIRECTION('',(0.,-1.,2.22044604925E-16));
#2593 = DIRECTION('',(1.,0.,0.));
#2594 = PCURVE('',#71,#2595);
#2595 = DEFINITIONAL_REPRESENTATION('',(#2596),#2600);
#2596 = LINE('',#2597,#2598);
#2597 = CARTESIAN_POINT('',(0.,96.45));
#2598 = VECTOR('',#2599,1.);
#2599 = DIRECTION('',(1.,0.));
#2600 = ( GEOMETRIC_REPRESENTATION_CONTEXT(2) 
PARAMETRIC_REPRESENTATION_CONTEXT() REPRESENTATION_CONTEXT('2D SPACE',''
  ) );
#2601 = PCURVE('',#2602,#2607);
#2602 = PLANE('',#2603);
#2603 = AXIS2_PLACEMENT_3D('',#2604,#2605,#2606);
#2604 = CARTESIAN_POINT('',(-18.,15.,-2.723438300723));
#2605 = DIRECTION('',(-0.,1.,0.));
#2606 = DIRECTION('',(0.,0.,1.));
#2607 = DEFINITIONAL_REPRESENTATION('',(#2608),#2616);
#2608 = ( BOUNDED_CURVE() B_SPLINE_CURVE(2,(#2609,#2610,#2611,#2612,
#2613,#2614,#2615),.UNSPECIFIED.,.T.,.F.) B_SPLINE_CURVE_WITH_KNOTS((1,2
    ,2,2,2,1),(-2.094395102393,0.,2.094395102393,4.188790204786,
6.28318530718,8.377580409573),.UNSPECIFIED.) CURVE() 
GEOMETRIC_REPRESENTATION_ITEM() RATIONAL_B_SPLINE_CURVE((1.,0.5,1.,0.5,
1.,0.5,1.)) REPRESENTATION_ITEM('') );
#2609 = CARTESIAN_POINT('',(-147.2765616992,168.));
#2610 = CARTESIAN_POINT('',(112.53105943605,168.));
#2611 = CARTESIAN_POINT('',(-17.37275113161,-57.));
#2612 = CARTESIAN_POINT('',(-147.2765616992,-282.));
#2613 = CARTESIAN_POINT('',(-277.1803722669,-57.));
#2614 = CARTESIAN_POINT('',(-407.0841828346,168.));
#2615 = CARTESIAN_POINT('',(-147.2765616992,168.));
#2616 = ( GEOMETRIC_REPRESENTATION_CONTEXT(2) 
PARAMETRIC_REPRESENTATION_CONTEXT() REPRESENTATION_CONTEXT('2D SPACE',''
  ) );
#2617 = ADVANCED_FACE('',(#2618),#317,.T.);
#2618 = FACE_BOUND('',#2619,.T.);
#2619 = EDGE_LOOP('',(#2620,#2621,#2640,#2641));
#2620 = ORIENTED_EDGE('',*,*,#780,.F.);
#2621 = ORIENTED_EDGE('',*,*,#2622,.T.);
#2622 = EDGE_CURVE('',#748,#1474,#2623,.T.);
#2623 = SURFACE_CURVE('',#2624,(#2628,#2634),.PCURVE_S1.);
#2624 = LINE('',#2625,#2626);
#2625 = CARTESIAN_POINT('',(-20.50099087156,37.13766532639,
    -2.723438300723));
#2626 = VECTOR('',#2627,1.);
#2627 = DIRECTION('',(0.,0.,-1.));
#2628 = PCURVE('',#317,#2629);
#2629 = DEFINITIONAL_REPRESENTATION('',(#2630),#2633);
#2630 = B_SPLINE_CURVE_WITH_KNOTS('',1,(#2631,#2632),.UNSPECIFIED.,.F.,
  .F.,(2,2),(-7.523440700723,2.400000000069E-06),
  .PIECEWISE_BEZIER_KNOTS.);
#2631 = CARTESIAN_POINT('',(0.427827059752,7.523440700723));
#2632 = CARTESIAN_POINT('',(0.427827059752,-2.400000000069E-06));
#2633 = ( GEOMETRIC_REPRESENTATION_CONTEXT(2) 
PARAMETRIC_REPRESENTATION_CONTEXT() REPRESENTATION_CONTEXT('2D SPACE',''
  ) );
#2634 = PCURVE('',#768,#2635);
#2635 = DEFINITIONAL_REPRESENTATION('',(#2636),#2639);
#2636 = B_SPLINE_CURVE_WITH_KNOTS('',1,(#2637,#2638),.UNSPECIFIED.,.F.,
  .F.,(2,2),(-7.523440700723,2.400000000069E-06),
  .PIECEWISE_BEZIER_KNOTS.);
#2637 = CARTESIAN_POINT('',(1.500540370688,-7.523440700723));
#2638 = CARTESIAN_POINT('',(1.500540370688,2.400000000069E-06));
#2639 = ( GEOMETRIC_REPRESENTATION_CONTEXT(2) 
PARAMETRIC_REPRESENTATION_CONTEXT() REPRESENTATION_CONTEXT('2D SPACE',''
  ) );
#2640 = ORIENTED_EDGE('',*,*,#1473,.T.);
#2641 = ORIENTED_EDGE('',*,*,#304,.F.);
#2642 = ADVANCED_FACE('',(#2643),#818,.T.);
#2643 = FACE_BOUND('',#2644,.T.);
#2644 = EDGE_LOOP('',(#2645,#2646,#2647,#2648));
#2645 = ORIENTED_EDGE('',*,*,#1395,.F.);
#2646 = ORIENTED_EDGE('',*,*,#804,.T.);
#2647 = ORIENTED_EDGE('',*,*,#1274,.T.);
#2648 = ORIENTED_EDGE('',*,*,#2649,.F.);
#2649 = EDGE_CURVE('',#1373,#1247,#2650,.T.);
#2650 = SURFACE_CURVE('',#2651,(#2655,#2662),.PCURVE_S1.);
#2651 = LINE('',#2652,#2653);
#2652 = CARTESIAN_POINT('',(-25.15,-15.2,5.3));
#2653 = VECTOR('',#2654,1.);
#2654 = DIRECTION('',(-0.,1.,0.));
#2655 = PCURVE('',#818,#2656);
#2656 = DEFINITIONAL_REPRESENTATION('',(#2657),#2661);
#2657 = LINE('',#2658,#2659);
#2658 = CARTESIAN_POINT('',(6.8,0.));
#2659 = VECTOR('',#2660,1.);
#2660 = DIRECTION('',(0.,-1.));
#2661 = ( GEOMETRIC_REPRESENTATION_CONTEXT(2) 
PARAMETRIC_REPRESENTATION_CONTEXT() REPRESENTATION_CONTEXT('2D SPACE',''
  ) );
#2662 = PCURVE('',#1262,#2663);
#2663 = DEFINITIONAL_REPRESENTATION('',(#2664),#2668);
#2664 = LINE('',#2665,#2666);
#2665 = CARTESIAN_POINT('',(2.6,0.));
#2666 = VECTOR('',#2667,1.);
#2667 = DIRECTION('',(0.,1.));
#2668 = ( GEOMETRIC_REPRESENTATION_CONTEXT(2) 
PARAMETRIC_REPRESENTATION_CONTEXT() REPRESENTATION_CONTEXT('2D SPACE',''
  ) );
#2669 = ADVANCED_FACE('',(#2670),#377,.T.);
#2670 = FACE_BOUND('',#2671,.T.);
#2671 = EDGE_LOOP('',(#2672,#2673,#2674,#2675));
#2672 = ORIENTED_EDGE('',*,*,#360,.F.);
#2673 = ORIENTED_EDGE('',*,*,#1449,.T.);
#2674 = ORIENTED_EDGE('',*,*,#1622,.T.);
#2675 = ORIENTED_EDGE('',*,*,#2676,.F.);
#2676 = EDGE_CURVE('',#361,#1623,#2677,.T.);
#2677 = SURFACE_CURVE('',#2678,(#2682,#2688),.PCURVE_S1.);
#2678 = LINE('',#2679,#2680);
#2679 = CARTESIAN_POINT('',(-20.50099087156,-37.13766532639,
    -2.723438300723));
#2680 = VECTOR('',#2681,1.);
#2681 = DIRECTION('',(0.,0.,-1.));
#2682 = PCURVE('',#377,#2683);
#2683 = DEFINITIONAL_REPRESENTATION('',(#2684),#2687);
#2684 = B_SPLINE_CURVE_WITH_KNOTS('',1,(#2685,#2686),.UNSPECIFIED.,.F.,
  .F.,(2,2),(-7.523440700723,2.400000000069E-06),
  .PIECEWISE_BEZIER_KNOTS.);
#2685 = CARTESIAN_POINT('',(5.855358247428,7.523440700723));
#2686 = CARTESIAN_POINT('',(5.855358247428,-2.400000000069E-06));
#2687 = ( GEOMETRIC_REPRESENTATION_CONTEXT(2) 
PARAMETRIC_REPRESENTATION_CONTEXT() REPRESENTATION_CONTEXT('2D SPACE',''
  ) );
#2688 = PCURVE('',#410,#2689);
#2689 = DEFINITIONAL_REPRESENTATION('',(#2690),#2693);
#2690 = B_SPLINE_CURVE_WITH_KNOTS('',1,(#2691,#2692),.UNSPECIFIED.,.F.,
  .F.,(2,2),(-7.523440700723,2.400000000069E-06),
  .PIECEWISE_BEZIER_KNOTS.);
#2691 = CARTESIAN_POINT('',(4.782644936491,-7.523440700723));
#2692 = CARTESIAN_POINT('',(4.782644936491,2.400000000069E-06));
#2693 = ( GEOMETRIC_REPRESENTATION_CONTEXT(2) 
PARAMETRIC_REPRESENTATION_CONTEXT() REPRESENTATION_CONTEXT('2D SPACE',''
  ) );
#2694 = ADVANCED_FACE('',(#2695),#410,.T.);
#2695 = FACE_BOUND('',#2696,.T.);
#2696 = EDGE_LOOP('',(#2697,#2698,#2719,#2720));
#2697 = ORIENTED_EDGE('',*,*,#1768,.F.);
#2698 = ORIENTED_EDGE('',*,*,#2699,.T.);
#2699 = EDGE_CURVE('',#1769,#390,#2700,.T.);
#2700 = SURFACE_CURVE('',#2701,(#2705,#2712),.PCURVE_S1.);
#2701 = LINE('',#2702,#2703);
#2702 = CARTESIAN_POINT('',(-20.15,-37.15,-2.723438300723));
#2703 = VECTOR('',#2704,1.);
#2704 = DIRECTION('',(0.,0.,1.));
#2705 = PCURVE('',#410,#2706);
#2706 = DEFINITIONAL_REPRESENTATION('',(#2707),#2711);
#2707 = LINE('',#2708,#2709);
#2708 = CARTESIAN_POINT('',(4.712388980385,0.));
#2709 = VECTOR('',#2710,1.);
#2710 = DIRECTION('',(0.,-1.));
#2711 = ( GEOMETRIC_REPRESENTATION_CONTEXT(2) 
PARAMETRIC_REPRESENTATION_CONTEXT() REPRESENTATION_CONTEXT('2D SPACE',''
  ) );
#2712 = PCURVE('',#438,#2713);
#2713 = DEFINITIONAL_REPRESENTATION('',(#2714),#2718);
#2714 = LINE('',#2715,#2716);
#2715 = CARTESIAN_POINT('',(0.,0.));
#2716 = VECTOR('',#2717,1.);
#2717 = DIRECTION('',(0.,-1.));
#2718 = ( GEOMETRIC_REPRESENTATION_CONTEXT(2) 
PARAMETRIC_REPRESENTATION_CONTEXT() REPRESENTATION_CONTEXT('2D SPACE',''
  ) );
#2719 = ORIENTED_EDGE('',*,*,#389,.T.);
#2720 = ORIENTED_EDGE('',*,*,#2676,.T.);
#2721 = ADVANCED_FACE('',(#2722),#438,.F.);
#2722 = FACE_BOUND('',#2723,.F.);
#2723 = EDGE_LOOP('',(#2724,#2725,#2726,#2727));
#2724 = ORIENTED_EDGE('',*,*,#1797,.T.);
#2725 = ORIENTED_EDGE('',*,*,#2699,.T.);
#2726 = ORIENTED_EDGE('',*,*,#422,.T.);
#2727 = ORIENTED_EDGE('',*,*,#2728,.F.);
#2728 = EDGE_CURVE('',#1798,#423,#2729,.T.);
#2729 = SURFACE_CURVE('',#2730,(#2734,#2741),.PCURVE_S1.);
#2730 = LINE('',#2731,#2732);
#2731 = CARTESIAN_POINT('',(20.15,-37.15,-2.723438300723));
#2732 = VECTOR('',#2733,1.);
#2733 = DIRECTION('',(0.,0.,1.));
#2734 = PCURVE('',#438,#2735);
#2735 = DEFINITIONAL_REPRESENTATION('',(#2736),#2740);
#2736 = LINE('',#2737,#2738);
#2737 = CARTESIAN_POINT('',(40.3,0.));
#2738 = VECTOR('',#2739,1.);
#2739 = DIRECTION('',(0.,-1.));
#2740 = ( GEOMETRIC_REPRESENTATION_CONTEXT(2) 
PARAMETRIC_REPRESENTATION_CONTEXT() REPRESENTATION_CONTEXT('2D SPACE',''
  ) );
#2741 = PCURVE('',#471,#2742);
#2742 = DEFINITIONAL_REPRESENTATION('',(#2743),#2747);
#2743 = LINE('',#2744,#2745);
#2744 = CARTESIAN_POINT('',(4.712388980385,0.));
#2745 = VECTOR('',#2746,1.);
#2746 = DIRECTION('',(0.,-1.));
#2747 = ( GEOMETRIC_REPRESENTATION_CONTEXT(2) 
PARAMETRIC_REPRESENTATION_CONTEXT() REPRESENTATION_CONTEXT('2D SPACE',''
  ) );
#2748 = ADVANCED_FACE('',(#2749),#471,.T.);
#2749 = FACE_BOUND('',#2750,.T.);
#2750 = EDGE_LOOP('',(#2751,#2752,#2771,#2772));
#2751 = ORIENTED_EDGE('',*,*,#1825,.F.);
#2752 = ORIENTED_EDGE('',*,*,#2753,.F.);
#2753 = EDGE_CURVE('',#451,#1826,#2754,.T.);
#2754 = SURFACE_CURVE('',#2755,(#2759,#2765),.PCURVE_S1.);
#2755 = LINE('',#2756,#2757);
#2756 = CARTESIAN_POINT('',(20.500990871568,-37.13766532639,
    -2.723438300723));
#2757 = VECTOR('',#2758,1.);
#2758 = DIRECTION('',(0.,0.,-1.));
#2759 = PCURVE('',#471,#2760);
#2760 = DEFINITIONAL_REPRESENTATION('',(#2761),#2764);
#2761 = B_SPLINE_CURVE_WITH_KNOTS('',1,(#2762,#2763),.UNSPECIFIED.,.F.,
  .F.,(2,2),(-7.523440700723,2.400000000069E-06),
  .PIECEWISE_BEZIER_KNOTS.);
#2762 = CARTESIAN_POINT('',(4.642133024278,-7.523440700723));
#2763 = CARTESIAN_POINT('',(4.642133024278,2.400000000069E-06));
#2764 = ( GEOMETRIC_REPRESENTATION_CONTEXT(2) 
PARAMETRIC_REPRESENTATION_CONTEXT() REPRESENTATION_CONTEXT('2D SPACE',''
  ) );
#2765 = PCURVE('',#500,#2766);
#2766 = DEFINITIONAL_REPRESENTATION('',(#2767),#2770);
#2767 = B_SPLINE_CURVE_WITH_KNOTS('',1,(#2768,#2769),.UNSPECIFIED.,.F.,
  .F.,(2,2),(-7.523438300723,0.),.PIECEWISE_BEZIER_KNOTS.);
#2768 = CARTESIAN_POINT('',(3.569419713342,7.523438300723));
#2769 = CARTESIAN_POINT('',(3.569419713342,0.));
#2770 = ( GEOMETRIC_REPRESENTATION_CONTEXT(2) 
PARAMETRIC_REPRESENTATION_CONTEXT() REPRESENTATION_CONTEXT('2D SPACE',''
  ) );
#2771 = ORIENTED_EDGE('',*,*,#450,.T.);
#2772 = ORIENTED_EDGE('',*,*,#2728,.F.);
#2773 = ADVANCED_FACE('',(#2774),#768,.T.);
#2774 = FACE_BOUND('',#2775,.T.);
#2775 = EDGE_LOOP('',(#2776,#2777,#2778,#2779));
#2776 = ORIENTED_EDGE('',*,*,#2471,.T.);
#2777 = ORIENTED_EDGE('',*,*,#2622,.F.);
#2778 = ORIENTED_EDGE('',*,*,#747,.T.);
#2779 = ORIENTED_EDGE('',*,*,#2780,.F.);
#2780 = EDGE_CURVE('',#2444,#720,#2781,.T.);
#2781 = SURFACE_CURVE('',#2782,(#2786,#2793),.PCURVE_S1.);
#2782 = LINE('',#2783,#2784);
#2783 = CARTESIAN_POINT('',(-20.15,37.15,-2.723438300723));
#2784 = VECTOR('',#2785,1.);
#2785 = DIRECTION('',(0.,0.,1.));
#2786 = PCURVE('',#768,#2787);
#2787 = DEFINITIONAL_REPRESENTATION('',(#2788),#2792);
#2788 = LINE('',#2789,#2790);
#2789 = CARTESIAN_POINT('',(1.570796326795,0.));
#2790 = VECTOR('',#2791,1.);
#2791 = DIRECTION('',(0.,-1.));
#2792 = ( GEOMETRIC_REPRESENTATION_CONTEXT(2) 
PARAMETRIC_REPRESENTATION_CONTEXT() REPRESENTATION_CONTEXT('2D SPACE',''
  ) );
#2793 = PCURVE('',#735,#2794);
#2794 = DEFINITIONAL_REPRESENTATION('',(#2795),#2799);
#2795 = LINE('',#2796,#2797);
#2796 = CARTESIAN_POINT('',(0.,0.));
#2797 = VECTOR('',#2798,1.);
#2798 = DIRECTION('',(0.,-1.));
#2799 = ( GEOMETRIC_REPRESENTATION_CONTEXT(2) 
PARAMETRIC_REPRESENTATION_CONTEXT() REPRESENTATION_CONTEXT('2D SPACE',''
  ) );
#2800 = ADVANCED_FACE('',(#2801),#500,.T.);
#2801 = FACE_BOUND('',#2802,.T.);
#2802 = EDGE_LOOP('',(#2803,#2804,#2805,#2806));
#2803 = ORIENTED_EDGE('',*,*,#483,.F.);
#2804 = ORIENTED_EDGE('',*,*,#2753,.T.);
#2805 = ORIENTED_EDGE('',*,*,#1854,.F.);
#2806 = ORIENTED_EDGE('',*,*,#2807,.F.);
#2807 = EDGE_CURVE('',#484,#1855,#2808,.T.);
#2808 = SURFACE_CURVE('',#2809,(#2813,#2819),.PCURVE_S1.);
#2809 = LINE('',#2810,#2811);
#2810 = CARTESIAN_POINT('',(25.13766532639,-32.50099087156,
    -2.723438300723));
#2811 = VECTOR('',#2812,1.);
#2812 = DIRECTION('',(0.,0.,-1.));
#2813 = PCURVE('',#500,#2814);
#2814 = DEFINITIONAL_REPRESENTATION('',(#2815),#2818);
#2815 = B_SPLINE_CURVE_WITH_KNOTS('',1,(#2816,#2817),.UNSPECIFIED.,.F.,
  .F.,(2,2),(-7.523438300723,0.),.PIECEWISE_BEZIER_KNOTS.);
#2816 = CARTESIAN_POINT('',(7.426154574223,7.523438300723));
#2817 = CARTESIAN_POINT('',(7.426154574223,0.));
#2818 = ( GEOMETRIC_REPRESENTATION_CONTEXT(2) 
PARAMETRIC_REPRESENTATION_CONTEXT() REPRESENTATION_CONTEXT('2D SPACE',''
  ) );
#2819 = PCURVE('',#533,#2820);
#2820 = DEFINITIONAL_REPRESENTATION('',(#2821),#2824);
#2821 = B_SPLINE_CURVE_WITH_KNOTS('',1,(#2822,#2823),.UNSPECIFIED.,.F.,
  .F.,(2,2),(-7.523440700723,2.400000000069E-06),
  .PIECEWISE_BEZIER_KNOTS.);
#2822 = CARTESIAN_POINT('',(3.211848609696,-7.523440700723));
#2823 = CARTESIAN_POINT('',(3.211848609696,2.400000000069E-06));
#2824 = ( GEOMETRIC_REPRESENTATION_CONTEXT(2) 
PARAMETRIC_REPRESENTATION_CONTEXT() REPRESENTATION_CONTEXT('2D SPACE',''
  ) );
#2825 = ADVANCED_FACE('',(#2826),#735,.T.);
#2826 = FACE_BOUND('',#2827,.T.);
#2827 = EDGE_LOOP('',(#2828,#2849,#2850,#2851,#2852,#2875));
#2828 = ORIENTED_EDGE('',*,*,#2829,.T.);
#2829 = EDGE_CURVE('',#2830,#2418,#2832,.T.);
#2830 = VERTEX_POINT('',#2831);
#2831 = CARTESIAN_POINT('',(-19.,37.15,2.2));
#2832 = SURFACE_CURVE('',#2833,(#2837,#2843),.PCURVE_S1.);
#2833 = LINE('',#2834,#2835);
#2834 = CARTESIAN_POINT('',(-19.,37.15,-3.361719150362));
#2835 = VECTOR('',#2836,1.);
#2836 = DIRECTION('',(-0.,0.,-1.));
#2837 = PCURVE('',#735,#2838);
#2838 = DEFINITIONAL_REPRESENTATION('',(#2839),#2842);
#2839 = B_SPLINE_CURVE_WITH_KNOTS('',1,(#2840,#2841),.UNSPECIFIED.,.F.,
  .F.,(2,2),(-5.561719150362,-2.002149383862),.PIECEWISE_BEZIER_KNOTS.);
#2840 = CARTESIAN_POINT('',(1.15,-4.923438300723));
#2841 = CARTESIAN_POINT('',(1.15,-1.363868534223));
#2842 = ( GEOMETRIC_REPRESENTATION_CONTEXT(2) 
PARAMETRIC_REPRESENTATION_CONTEXT() REPRESENTATION_CONTEXT('2D SPACE',''
  ) );
#2843 = PCURVE('',#2432,#2844);
#2844 = DEFINITIONAL_REPRESENTATION('',(#2845),#2848);
#2845 = B_SPLINE_CURVE_WITH_KNOTS('',1,(#2846,#2847),.UNSPECIFIED.,.F.,
  .F.,(2,2),(-5.561719150362,-2.002149383862),.PIECEWISE_BEZIER_KNOTS.);
#2846 = CARTESIAN_POINT('',(6.2,-5.5));
#2847 = CARTESIAN_POINT('',(2.6404302335,-5.5));
#2848 = ( GEOMETRIC_REPRESENTATION_CONTEXT(2) 
PARAMETRIC_REPRESENTATION_CONTEXT() REPRESENTATION_CONTEXT('2D SPACE',''
  ) );
#2849 = ORIENTED_EDGE('',*,*,#2443,.T.);
#2850 = ORIENTED_EDGE('',*,*,#2780,.T.);
#2851 = ORIENTED_EDGE('',*,*,#719,.T.);
#2852 = ORIENTED_EDGE('',*,*,#2853,.F.);
#2853 = EDGE_CURVE('',#2854,#687,#2856,.T.);
#2854 = VERTEX_POINT('',#2855);
#2855 = CARTESIAN_POINT('',(20.15,37.15,2.2));
#2856 = SURFACE_CURVE('',#2857,(#2861,#2868),.PCURVE_S1.);
#2857 = LINE('',#2858,#2859);
#2858 = CARTESIAN_POINT('',(20.15,37.15,-2.723438300723));
#2859 = VECTOR('',#2860,1.);
#2860 = DIRECTION('',(0.,0.,1.));
#2861 = PCURVE('',#735,#2862);
#2862 = DEFINITIONAL_REPRESENTATION('',(#2863),#2867);
#2863 = LINE('',#2864,#2865);
#2864 = CARTESIAN_POINT('',(40.3,0.));
#2865 = VECTOR('',#2866,1.);
#2866 = DIRECTION('',(0.,-1.));
#2867 = ( GEOMETRIC_REPRESENTATION_CONTEXT(2) 
PARAMETRIC_REPRESENTATION_CONTEXT() REPRESENTATION_CONTEXT('2D SPACE',''
  ) );
#2868 = PCURVE('',#707,#2869);
#2869 = DEFINITIONAL_REPRESENTATION('',(#2870),#2874);
#2870 = LINE('',#2871,#2872);
#2871 = CARTESIAN_POINT('',(1.570796326795,0.));
#2872 = VECTOR('',#2873,1.);
#2873 = DIRECTION('',(0.,-1.));
#2874 = ( GEOMETRIC_REPRESENTATION_CONTEXT(2) 
PARAMETRIC_REPRESENTATION_CONTEXT() REPRESENTATION_CONTEXT('2D SPACE',''
  ) );
#2875 = ORIENTED_EDGE('',*,*,#2876,.F.);
#2876 = EDGE_CURVE('',#2830,#2854,#2877,.T.);
#2877 = SURFACE_CURVE('',#2878,(#2882,#2888),.PCURVE_S1.);
#2878 = LINE('',#2879,#2880);
#2879 = CARTESIAN_POINT('',(-19.575,37.15,2.2));
#2880 = VECTOR('',#2881,1.);
#2881 = DIRECTION('',(1.,0.,0.));
#2882 = PCURVE('',#735,#2883);
#2883 = DEFINITIONAL_REPRESENTATION('',(#2884),#2887);
#2884 = B_SPLINE_CURVE_WITH_KNOTS('',1,(#2885,#2886),.UNSPECIFIED.,.F.,
  .F.,(2,2),(0.575,39.725),.PIECEWISE_BEZIER_KNOTS.);
#2885 = CARTESIAN_POINT('',(1.15,-4.923438300723));
#2886 = CARTESIAN_POINT('',(40.3,-4.923438300723));
#2887 = ( GEOMETRIC_REPRESENTATION_CONTEXT(2) 
PARAMETRIC_REPRESENTATION_CONTEXT() REPRESENTATION_CONTEXT('2D SPACE',''
  ) );
#2888 = PCURVE('',#2889,#2894);
#2889 = PLANE('',#2890);
#2890 = AXIS2_PLACEMENT_3D('',#2891,#2892,#2893);
#2891 = CARTESIAN_POINT('',(-19.,31.65,2.2));
#2892 = DIRECTION('',(0.,0.,1.));
#2893 = DIRECTION('',(1.,0.,-0.));
#2894 = DEFINITIONAL_REPRESENTATION('',(#2895),#2898);
#2895 = B_SPLINE_CURVE_WITH_KNOTS('',1,(#2896,#2897),.UNSPECIFIED.,.F.,
  .F.,(2,2),(0.575,39.725),.PIECEWISE_BEZIER_KNOTS.);
#2896 = CARTESIAN_POINT('',(0.,5.5));
#2897 = CARTESIAN_POINT('',(39.15,5.5));
#2898 = ( GEOMETRIC_REPRESENTATION_CONTEXT(2) 
PARAMETRIC_REPRESENTATION_CONTEXT() REPRESENTATION_CONTEXT('2D SPACE',''
  ) );
#2899 = ADVANCED_FACE('',(#2900),#533,.T.);
#2900 = FACE_BOUND('',#2901,.T.);
#2901 = EDGE_LOOP('',(#2902,#2903,#2924,#2925));
#2902 = ORIENTED_EDGE('',*,*,#2050,.F.);
#2903 = ORIENTED_EDGE('',*,*,#2904,.T.);
#2904 = EDGE_CURVE('',#2051,#513,#2905,.T.);
#2905 = SURFACE_CURVE('',#2906,(#2910,#2917),.PCURVE_S1.);
#2906 = LINE('',#2907,#2908);
#2907 = CARTESIAN_POINT('',(25.15,-32.15,-2.723438300723));
#2908 = VECTOR('',#2909,1.);
#2909 = DIRECTION('',(0.,0.,1.));
#2910 = PCURVE('',#533,#2911);
#2911 = DEFINITIONAL_REPRESENTATION('',(#2912),#2916);
#2912 = LINE('',#2913,#2914);
#2913 = CARTESIAN_POINT('',(3.14159265359,0.));
#2914 = VECTOR('',#2915,1.);
#2915 = DIRECTION('',(0.,-1.));
#2916 = ( GEOMETRIC_REPRESENTATION_CONTEXT(2) 
PARAMETRIC_REPRESENTATION_CONTEXT() REPRESENTATION_CONTEXT('2D SPACE',''
  ) );
#2917 = PCURVE('',#561,#2918);
#2918 = DEFINITIONAL_REPRESENTATION('',(#2919),#2923);
#2919 = LINE('',#2920,#2921);
#2920 = CARTESIAN_POINT('',(0.,0.));
#2921 = VECTOR('',#2922,1.);
#2922 = DIRECTION('',(0.,-1.));
#2923 = ( GEOMETRIC_REPRESENTATION_CONTEXT(2) 
PARAMETRIC_REPRESENTATION_CONTEXT() REPRESENTATION_CONTEXT('2D SPACE',''
  ) );
#2924 = ORIENTED_EDGE('',*,*,#512,.T.);
#2925 = ORIENTED_EDGE('',*,*,#2807,.T.);
#2926 = ADVANCED_FACE('',(#2927),#707,.T.);
#2927 = FACE_BOUND('',#2928,.T.);
#2928 = EDGE_LOOP('',(#2929,#2950,#2976,#2977));
#2929 = ORIENTED_EDGE('',*,*,#2930,.T.);
#2930 = EDGE_CURVE('',#658,#2931,#2933,.T.);
#2931 = VERTEX_POINT('',#2932);
#2932 = CARTESIAN_POINT('',(20.500990871568,37.13766532639,2.2));
#2933 = SURFACE_CURVE('',#2934,(#2938,#2944),.PCURVE_S1.);
#2934 = LINE('',#2935,#2936);
#2935 = CARTESIAN_POINT('',(20.500990871568,37.13766532639,
    -2.723438300723));
#2936 = VECTOR('',#2937,1.);
#2937 = DIRECTION('',(0.,0.,-1.));
#2938 = PCURVE('',#707,#2939);
#2939 = DEFINITIONAL_REPRESENTATION('',(#2940),#2943);
#2940 = B_SPLINE_CURVE_WITH_KNOTS('',1,(#2941,#2942),.UNSPECIFIED.,.F.,
  .F.,(2,2),(-7.523440700723,2.400000000069E-06),
  .PIECEWISE_BEZIER_KNOTS.);
#2941 = CARTESIAN_POINT('',(1.641052282901,-7.523440700723));
#2942 = CARTESIAN_POINT('',(1.641052282901,2.400000000069E-06));
#2943 = ( GEOMETRIC_REPRESENTATION_CONTEXT(2) 
PARAMETRIC_REPRESENTATION_CONTEXT() REPRESENTATION_CONTEXT('2D SPACE',''
  ) );
#2944 = PCURVE('',#674,#2945);
#2945 = DEFINITIONAL_REPRESENTATION('',(#2946),#2949);
#2946 = B_SPLINE_CURVE_WITH_KNOTS('',1,(#2947,#2948),.UNSPECIFIED.,.F.,
  .F.,(2,2),(-7.523438300723,-0.),.PIECEWISE_BEZIER_KNOTS.);
#2947 = CARTESIAN_POINT('',(8.996950901017,7.523438300723));
#2948 = CARTESIAN_POINT('',(8.996950901017,0.));
#2949 = ( GEOMETRIC_REPRESENTATION_CONTEXT(2) 
PARAMETRIC_REPRESENTATION_CONTEXT() REPRESENTATION_CONTEXT('2D SPACE',''
  ) );
#2950 = ORIENTED_EDGE('',*,*,#2951,.F.);
#2951 = EDGE_CURVE('',#2854,#2931,#2952,.T.);
#2952 = SURFACE_CURVE('',#2953,(#2958,#2965),.PCURVE_S1.);
#2953 = CIRCLE('',#2954,5.);
#2954 = AXIS2_PLACEMENT_3D('',#2955,#2956,#2957);
#2955 = CARTESIAN_POINT('',(20.15,32.15,2.2));
#2956 = DIRECTION('',(0.,0.,-1.));
#2957 = DIRECTION('',(-1.,0.,0.));
#2958 = PCURVE('',#707,#2959);
#2959 = DEFINITIONAL_REPRESENTATION('',(#2960),#2964);
#2960 = LINE('',#2961,#2962);
#2961 = CARTESIAN_POINT('',(0.,-4.923438300723));
#2962 = VECTOR('',#2963,1.);
#2963 = DIRECTION('',(1.,0.));
#2964 = ( GEOMETRIC_REPRESENTATION_CONTEXT(2) 
PARAMETRIC_REPRESENTATION_CONTEXT() REPRESENTATION_CONTEXT('2D SPACE',''
  ) );
#2965 = PCURVE('',#2889,#2966);
#2966 = DEFINITIONAL_REPRESENTATION('',(#2967),#2975);
#2967 = ( BOUNDED_CURVE() B_SPLINE_CURVE(2,(#2968,#2969,#2970,#2971,
#2972,#2973,#2974),.UNSPECIFIED.,.T.,.F.) B_SPLINE_CURVE_WITH_KNOTS((1,2
    ,2,2,2,1),(-2.094395102393,0.,2.094395102393,4.188790204786,
6.28318530718,8.377580409573),.UNSPECIFIED.) CURVE() 
GEOMETRIC_REPRESENTATION_ITEM() RATIONAL_B_SPLINE_CURVE((1.,0.5,1.,0.5,
1.,0.5,1.)) REPRESENTATION_ITEM('') );
#2968 = CARTESIAN_POINT('',(34.15,0.5));
#2969 = CARTESIAN_POINT('',(34.15,9.160254037844));
#2970 = CARTESIAN_POINT('',(41.65,4.830127018922));
#2971 = CARTESIAN_POINT('',(49.15,0.5));
#2972 = CARTESIAN_POINT('',(41.65,-3.830127018922));
#2973 = CARTESIAN_POINT('',(34.15,-8.160254037844));
#2974 = CARTESIAN_POINT('',(34.15,0.5));
#2975 = ( GEOMETRIC_REPRESENTATION_CONTEXT(2) 
PARAMETRIC_REPRESENTATION_CONTEXT() REPRESENTATION_CONTEXT('2D SPACE',''
  ) );
#2976 = ORIENTED_EDGE('',*,*,#2853,.T.);
#2977 = ORIENTED_EDGE('',*,*,#686,.T.);
#2978 = ADVANCED_FACE('',(#2979),#561,.F.);
#2979 = FACE_BOUND('',#2980,.F.);
#2980 = EDGE_LOOP('',(#2981,#3002,#3003,#3004,#3005,#3033,#3061,#3087));
#2981 = ORIENTED_EDGE('',*,*,#2982,.F.);
#2982 = EDGE_CURVE('',#2080,#602,#2983,.T.);
#2983 = SURFACE_CURVE('',#2984,(#2988,#2995),.PCURVE_S1.);
#2984 = LINE('',#2985,#2986);
#2985 = CARTESIAN_POINT('',(25.15,32.15,-2.723438300723));
#2986 = VECTOR('',#2987,1.);
#2987 = DIRECTION('',(0.,0.,1.));
#2988 = PCURVE('',#561,#2989);
#2989 = DEFINITIONAL_REPRESENTATION('',(#2990),#2994);
#2990 = LINE('',#2991,#2992);
#2991 = CARTESIAN_POINT('',(64.3,0.));
#2992 = VECTOR('',#2993,1.);
#2993 = DIRECTION('',(0.,-1.));
#2994 = ( GEOMETRIC_REPRESENTATION_CONTEXT(2) 
PARAMETRIC_REPRESENTATION_CONTEXT() REPRESENTATION_CONTEXT('2D SPACE',''
  ) );
#2995 = PCURVE('',#645,#2996);
#2996 = DEFINITIONAL_REPRESENTATION('',(#2997),#3001);
#2997 = LINE('',#2998,#2999);
#2998 = CARTESIAN_POINT('',(3.14159265359,0.));
#2999 = VECTOR('',#3000,1.);
#3000 = DIRECTION('',(0.,-1.));
#3001 = ( GEOMETRIC_REPRESENTATION_CONTEXT(2) 
PARAMETRIC_REPRESENTATION_CONTEXT() REPRESENTATION_CONTEXT('2D SPACE',''
  ) );
#3002 = ORIENTED_EDGE('',*,*,#2079,.T.);
#3003 = ORIENTED_EDGE('',*,*,#2904,.T.);
#3004 = ORIENTED_EDGE('',*,*,#545,.T.);
#3005 = ORIENTED_EDGE('',*,*,#3006,.F.);
#3006 = EDGE_CURVE('',#3007,#546,#3009,.T.);
#3007 = VERTEX_POINT('',#3008);
#3008 = CARTESIAN_POINT('',(25.15,-15.2,-1.5));
#3009 = SURFACE_CURVE('',#3010,(#3014,#3021),.PCURVE_S1.);
#3010 = LINE('',#3011,#3012);
#3011 = CARTESIAN_POINT('',(25.15,-15.2,-1.5));
#3012 = VECTOR('',#3013,1.);
#3013 = DIRECTION('',(0.,0.,1.));
#3014 = PCURVE('',#561,#3015);
#3015 = DEFINITIONAL_REPRESENTATION('',(#3016),#3020);
#3016 = LINE('',#3017,#3018);
#3017 = CARTESIAN_POINT('',(16.95,-1.223438300723));
#3018 = VECTOR('',#3019,1.);
#3019 = DIRECTION('',(0.,-1.));
#3020 = ( GEOMETRIC_REPRESENTATION_CONTEXT(2) 
PARAMETRIC_REPRESENTATION_CONTEXT() REPRESENTATION_CONTEXT('2D SPACE',''
  ) );
#3021 = PCURVE('',#3022,#3027);
#3022 = PLANE('',#3023);
#3023 = AXIS2_PLACEMENT_3D('',#3024,#3025,#3026);
#3024 = CARTESIAN_POINT('',(25.15,-15.2,-1.5));
#3025 = DIRECTION('',(-0.,1.,0.));
#3026 = DIRECTION('',(0.,0.,1.));
#3027 = DEFINITIONAL_REPRESENTATION('',(#3028),#3032);
#3028 = LINE('',#3029,#3030);
#3029 = CARTESIAN_POINT('',(0.,0.));
#3030 = VECTOR('',#3031,1.);
#3031 = DIRECTION('',(1.,0.));
#3032 = ( GEOMETRIC_REPRESENTATION_CONTEXT(2) 
PARAMETRIC_REPRESENTATION_CONTEXT() REPRESENTATION_CONTEXT('2D SPACE',''
  ) );
#3033 = ORIENTED_EDGE('',*,*,#3034,.T.);
#3034 = EDGE_CURVE('',#3007,#3035,#3037,.T.);
#3035 = VERTEX_POINT('',#3036);
#3036 = CARTESIAN_POINT('',(25.15,15.2,-1.5));
#3037 = SURFACE_CURVE('',#3038,(#3042,#3049),.PCURVE_S1.);
#3038 = LINE('',#3039,#3040);
#3039 = CARTESIAN_POINT('',(25.15,-15.2,-1.5));
#3040 = VECTOR('',#3041,1.);
#3041 = DIRECTION('',(-0.,1.,0.));
#3042 = PCURVE('',#561,#3043);
#3043 = DEFINITIONAL_REPRESENTATION('',(#3044),#3048);
#3044 = LINE('',#3045,#3046);
#3045 = CARTESIAN_POINT('',(16.95,-1.223438300723));
#3046 = VECTOR('',#3047,1.);
#3047 = DIRECTION('',(1.,0.));
#3048 = ( GEOMETRIC_REPRESENTATION_CONTEXT(2) 
PARAMETRIC_REPRESENTATION_CONTEXT() REPRESENTATION_CONTEXT('2D SPACE',''
  ) );
#3049 = PCURVE('',#3050,#3055);
#3050 = PLANE('',#3051);
#3051 = AXIS2_PLACEMENT_3D('',#3052,#3053,#3054);
#3052 = CARTESIAN_POINT('',(25.15,-15.2,-1.5));
#3053 = DIRECTION('',(0.,0.,1.));
#3054 = DIRECTION('',(1.,0.,-0.));
#3055 = DEFINITIONAL_REPRESENTATION('',(#3056),#3060);
#3056 = LINE('',#3057,#3058);
#3057 = CARTESIAN_POINT('',(0.,0.));
#3058 = VECTOR('',#3059,1.);
#3059 = DIRECTION('',(0.,1.));
#3060 = ( GEOMETRIC_REPRESENTATION_CONTEXT(2) 
PARAMETRIC_REPRESENTATION_CONTEXT() REPRESENTATION_CONTEXT('2D SPACE',''
  ) );
#3061 = ORIENTED_EDGE('',*,*,#3062,.T.);
#3062 = EDGE_CURVE('',#3035,#574,#3063,.T.);
#3063 = SURFACE_CURVE('',#3064,(#3068,#3075),.PCURVE_S1.);
#3064 = LINE('',#3065,#3066);
#3065 = CARTESIAN_POINT('',(25.15,15.2,-1.5));
#3066 = VECTOR('',#3067,1.);
#3067 = DIRECTION('',(0.,0.,1.));
#3068 = PCURVE('',#561,#3069);
#3069 = DEFINITIONAL_REPRESENTATION('',(#3070),#3074);
#3070 = LINE('',#3071,#3072);
#3071 = CARTESIAN_POINT('',(47.35,-1.223438300723));
#3072 = VECTOR('',#3073,1.);
#3073 = DIRECTION('',(0.,-1.));
#3074 = ( GEOMETRIC_REPRESENTATION_CONTEXT(2) 
PARAMETRIC_REPRESENTATION_CONTEXT() REPRESENTATION_CONTEXT('2D SPACE',''
  ) );
#3075 = PCURVE('',#3076,#3081);
#3076 = PLANE('',#3077);
#3077 = AXIS2_PLACEMENT_3D('',#3078,#3079,#3080);
#3078 = CARTESIAN_POINT('',(25.15,15.2,-1.5));
#3079 = DIRECTION('',(-0.,1.,0.));
#3080 = DIRECTION('',(0.,0.,1.));
#3081 = DEFINITIONAL_REPRESENTATION('',(#3082),#3086);
#3082 = LINE('',#3083,#3084);
#3083 = CARTESIAN_POINT('',(0.,0.));
#3084 = VECTOR('',#3085,1.);
#3085 = DIRECTION('',(1.,0.));
#3086 = ( GEOMETRIC_REPRESENTATION_CONTEXT(2) 
PARAMETRIC_REPRESENTATION_CONTEXT() REPRESENTATION_CONTEXT('2D SPACE',''
  ) );
#3087 = ORIENTED_EDGE('',*,*,#601,.T.);
#3088 = ADVANCED_FACE('',(#3089),#674,.T.);
#3089 = FACE_BOUND('',#3090,.T.);
#3090 = EDGE_LOOP('',(#3091,#3092,#3111,#3112,#3133,#3155));
#3091 = ORIENTED_EDGE('',*,*,#657,.F.);
#3092 = ORIENTED_EDGE('',*,*,#3093,.T.);
#3093 = EDGE_CURVE('',#625,#2101,#3094,.T.);
#3094 = SURFACE_CURVE('',#3095,(#3099,#3105),.PCURVE_S1.);
#3095 = LINE('',#3096,#3097);
#3096 = CARTESIAN_POINT('',(25.13766532639,32.500990871568,
    -2.723438300723));
#3097 = VECTOR('',#3098,1.);
#3098 = DIRECTION('',(0.,0.,-1.));
#3099 = PCURVE('',#674,#3100);
#3100 = DEFINITIONAL_REPRESENTATION('',(#3101),#3104);
#3101 = B_SPLINE_CURVE_WITH_KNOTS('',1,(#3102,#3103),.UNSPECIFIED.,.F.,
  .F.,(2,2),(-7.523438300723,-0.),.PIECEWISE_BEZIER_KNOTS.);
#3102 = CARTESIAN_POINT('',(5.140216040137,7.523438300723));
#3103 = CARTESIAN_POINT('',(5.140216040137,0.));
#3104 = ( GEOMETRIC_REPRESENTATION_CONTEXT(2) 
PARAMETRIC_REPRESENTATION_CONTEXT() REPRESENTATION_CONTEXT('2D SPACE',''
  ) );
#3105 = PCURVE('',#645,#3106);
#3106 = DEFINITIONAL_REPRESENTATION('',(#3107),#3110);
#3107 = B_SPLINE_CURVE_WITH_KNOTS('',1,(#3108,#3109),.UNSPECIFIED.,.F.,
  .F.,(2,2),(-7.523440700723,2.400000000069E-06),
  .PIECEWISE_BEZIER_KNOTS.);
#3108 = CARTESIAN_POINT('',(3.071336697483,-7.523440700723));
#3109 = CARTESIAN_POINT('',(3.071336697483,2.400000000069E-06));
#3110 = ( GEOMETRIC_REPRESENTATION_CONTEXT(2) 
PARAMETRIC_REPRESENTATION_CONTEXT() REPRESENTATION_CONTEXT('2D SPACE',''
  ) );
#3111 = ORIENTED_EDGE('',*,*,#2129,.F.);
#3112 = ORIENTED_EDGE('',*,*,#3113,.T.);
#3113 = EDGE_CURVE('',#2130,#3114,#3116,.T.);
#3114 = VERTEX_POINT('',#3115);
#3115 = CARTESIAN_POINT('',(20.788833547722,37.65,2.2));
#3116 = SURFACE_CURVE('',#3117,(#3121,#3127),.PCURVE_S1.);
#3117 = LINE('',#3118,#3119);
#3118 = CARTESIAN_POINT('',(20.788833547722,37.65,-2.723438300723));
#3119 = VECTOR('',#3120,1.);
#3120 = DIRECTION('',(0.,0.,1.));
#3121 = PCURVE('',#674,#3122);
#3122 = DEFINITIONAL_REPRESENTATION('',(#3123),#3126);
#3123 = B_SPLINE_CURVE_WITH_KNOTS('',1,(#3124,#3125),.UNSPECIFIED.,.F.,
  .F.,(2,2),(0.239212158431,5.543438300723),.PIECEWISE_BEZIER_KNOTS.);
#3124 = CARTESIAN_POINT('',(8.828851178669,0.239212158431));
#3125 = CARTESIAN_POINT('',(8.828851178669,5.543438300723));
#3126 = ( GEOMETRIC_REPRESENTATION_CONTEXT(2) 
PARAMETRIC_REPRESENTATION_CONTEXT() REPRESENTATION_CONTEXT('2D SPACE',''
  ) );
#3127 = PCURVE('',#2342,#3128);
#3128 = DEFINITIONAL_REPRESENTATION('',(#3129),#3132);
#3129 = B_SPLINE_CURVE_WITH_KNOTS('',1,(#3130,#3131),.UNSPECIFIED.,.F.,
  .F.,(2,2),(0.239212158431,5.543438300723),.PIECEWISE_BEZIER_KNOTS.);
#3130 = CARTESIAN_POINT('',(1.515773857708,39.788833547722));
#3131 = CARTESIAN_POINT('',(6.82,39.788833547722));
#3132 = ( GEOMETRIC_REPRESENTATION_CONTEXT(2) 
PARAMETRIC_REPRESENTATION_CONTEXT() REPRESENTATION_CONTEXT('2D SPACE',''
  ) );
#3133 = ORIENTED_EDGE('',*,*,#3134,.T.);
#3134 = EDGE_CURVE('',#3114,#2931,#3135,.T.);
#3135 = SURFACE_CURVE('',#3136,(#3141,#3148),.PCURVE_S1.);
#3136 = CIRCLE('',#3137,3.5);
#3137 = AXIS2_PLACEMENT_3D('',#3138,#3139,#3140);
#3138 = CARTESIAN_POINT('',(23.685533905933,35.685533905933,2.2));
#3139 = DIRECTION('',(0.,0.,1.));
#3140 = DIRECTION('',(1.,0.,-0.));
#3141 = PCURVE('',#674,#3142);
#3142 = DEFINITIONAL_REPRESENTATION('',(#3143),#3147);
#3143 = LINE('',#3144,#3145);
#3144 = CARTESIAN_POINT('',(6.28318530718,4.923438300723));
#3145 = VECTOR('',#3146,1.);
#3146 = DIRECTION('',(1.,0.));
#3147 = ( GEOMETRIC_REPRESENTATION_CONTEXT(2) 
PARAMETRIC_REPRESENTATION_CONTEXT() REPRESENTATION_CONTEXT('2D SPACE',''
  ) );
#3148 = PCURVE('',#2889,#3149);
#3149 = DEFINITIONAL_REPRESENTATION('',(#3150),#3154);
#3150 = CIRCLE('',#3151,3.5);
#3151 = AXIS2_PLACEMENT_2D('',#3152,#3153);
#3152 = CARTESIAN_POINT('',(42.685533905933,4.035533905933));
#3153 = DIRECTION('',(1.,0.));
#3154 = ( GEOMETRIC_REPRESENTATION_CONTEXT(2) 
PARAMETRIC_REPRESENTATION_CONTEXT() REPRESENTATION_CONTEXT('2D SPACE',''
  ) );
#3155 = ORIENTED_EDGE('',*,*,#2930,.F.);
#3156 = ADVANCED_FACE('',(#3157),#589,.F.);
#3157 = FACE_BOUND('',#3158,.F.);
#3158 = EDGE_LOOP('',(#3159,#3182,#3183,#3206));
#3159 = ORIENTED_EDGE('',*,*,#3160,.F.);
#3160 = EDGE_CURVE('',#546,#3161,#3163,.T.);
#3161 = VERTEX_POINT('',#3162);
#3162 = CARTESIAN_POINT('',(25.15,-15.2,5.3));
#3163 = SURFACE_CURVE('',#3164,(#3168,#3175),.PCURVE_S1.);
#3164 = LINE('',#3165,#3166);
#3165 = CARTESIAN_POINT('',(25.15,-15.2,-1.5));
#3166 = VECTOR('',#3167,1.);
#3167 = DIRECTION('',(0.,0.,1.));
#3168 = PCURVE('',#589,#3169);
#3169 = DEFINITIONAL_REPRESENTATION('',(#3170),#3174);
#3170 = LINE('',#3171,#3172);
#3171 = CARTESIAN_POINT('',(0.,0.));
#3172 = VECTOR('',#3173,1.);
#3173 = DIRECTION('',(1.,0.));
#3174 = ( GEOMETRIC_REPRESENTATION_CONTEXT(2) 
PARAMETRIC_REPRESENTATION_CONTEXT() REPRESENTATION_CONTEXT('2D SPACE',''
  ) );
#3175 = PCURVE('',#3022,#3176);
#3176 = DEFINITIONAL_REPRESENTATION('',(#3177),#3181);
#3177 = LINE('',#3178,#3179);
#3178 = CARTESIAN_POINT('',(0.,0.));
#3179 = VECTOR('',#3180,1.);
#3180 = DIRECTION('',(1.,0.));
#3181 = ( GEOMETRIC_REPRESENTATION_CONTEXT(2) 
PARAMETRIC_REPRESENTATION_CONTEXT() REPRESENTATION_CONTEXT('2D SPACE',''
  ) );
#3182 = ORIENTED_EDGE('',*,*,#573,.T.);
#3183 = ORIENTED_EDGE('',*,*,#3184,.T.);
#3184 = EDGE_CURVE('',#574,#3185,#3187,.T.);
#3185 = VERTEX_POINT('',#3186);
#3186 = CARTESIAN_POINT('',(25.15,15.2,5.3));
#3187 = SURFACE_CURVE('',#3188,(#3192,#3199),.PCURVE_S1.);
#3188 = LINE('',#3189,#3190);
#3189 = CARTESIAN_POINT('',(25.15,15.2,-1.5));
#3190 = VECTOR('',#3191,1.);
#3191 = DIRECTION('',(0.,0.,1.));
#3192 = PCURVE('',#589,#3193);
#3193 = DEFINITIONAL_REPRESENTATION('',(#3194),#3198);
#3194 = LINE('',#3195,#3196);
#3195 = CARTESIAN_POINT('',(0.,-30.4));
#3196 = VECTOR('',#3197,1.);
#3197 = DIRECTION('',(1.,0.));
#3198 = ( GEOMETRIC_REPRESENTATION_CONTEXT(2) 
PARAMETRIC_REPRESENTATION_CONTEXT() REPRESENTATION_CONTEXT('2D SPACE',''
  ) );
#3199 = PCURVE('',#3076,#3200);
#3200 = DEFINITIONAL_REPRESENTATION('',(#3201),#3205);
#3201 = LINE('',#3202,#3203);
#3202 = CARTESIAN_POINT('',(0.,0.));
#3203 = VECTOR('',#3204,1.);
#3204 = DIRECTION('',(1.,0.));
#3205 = ( GEOMETRIC_REPRESENTATION_CONTEXT(2) 
PARAMETRIC_REPRESENTATION_CONTEXT() REPRESENTATION_CONTEXT('2D SPACE',''
  ) );
#3206 = ORIENTED_EDGE('',*,*,#3207,.F.);
#3207 = EDGE_CURVE('',#3161,#3185,#3208,.T.);
#3208 = SURFACE_CURVE('',#3209,(#3213,#3220),.PCURVE_S1.);
#3209 = LINE('',#3210,#3211);
#3210 = CARTESIAN_POINT('',(25.15,-15.2,5.3));
#3211 = VECTOR('',#3212,1.);
#3212 = DIRECTION('',(-0.,1.,0.));
#3213 = PCURVE('',#589,#3214);
#3214 = DEFINITIONAL_REPRESENTATION('',(#3215),#3219);
#3215 = LINE('',#3216,#3217);
#3216 = CARTESIAN_POINT('',(6.8,0.));
#3217 = VECTOR('',#3218,1.);
#3218 = DIRECTION('',(0.,-1.));
#3219 = ( GEOMETRIC_REPRESENTATION_CONTEXT(2) 
PARAMETRIC_REPRESENTATION_CONTEXT() REPRESENTATION_CONTEXT('2D SPACE',''
  ) );
#3220 = PCURVE('',#3221,#3226);
#3221 = PLANE('',#3222);
#3222 = AXIS2_PLACEMENT_3D('',#3223,#3224,#3225);
#3223 = CARTESIAN_POINT('',(25.15,-15.2,5.3));
#3224 = DIRECTION('',(0.,0.,1.));
#3225 = DIRECTION('',(1.,0.,-0.));
#3226 = DEFINITIONAL_REPRESENTATION('',(#3227),#3231);
#3227 = LINE('',#3228,#3229);
#3228 = CARTESIAN_POINT('',(0.,0.));
#3229 = VECTOR('',#3230,1.);
#3230 = DIRECTION('',(0.,1.));
#3231 = ( GEOMETRIC_REPRESENTATION_CONTEXT(2) 
PARAMETRIC_REPRESENTATION_CONTEXT() REPRESENTATION_CONTEXT('2D SPACE',''
  ) );
#3232 = ADVANCED_FACE('',(#3233),#645,.T.);
#3233 = FACE_BOUND('',#3234,.T.);
#3234 = EDGE_LOOP('',(#3235,#3236,#3237,#3238));
#3235 = ORIENTED_EDGE('',*,*,#2100,.T.);
#3236 = ORIENTED_EDGE('',*,*,#3093,.F.);
#3237 = ORIENTED_EDGE('',*,*,#624,.T.);
#3238 = ORIENTED_EDGE('',*,*,#2982,.F.);
#3239 = ADVANCED_FACE('',(#3240),#849,.F.);
#3240 = FACE_BOUND('',#3241,.F.);
#3241 = EDGE_LOOP('',(#3242,#3243,#3266,#3293));
#3242 = ORIENTED_EDGE('',*,*,#832,.F.);
#3243 = ORIENTED_EDGE('',*,*,#3244,.F.);
#3244 = EDGE_CURVE('',#3245,#833,#3247,.T.);
#3245 = VERTEX_POINT('',#3246);
#3246 = CARTESIAN_POINT('',(-22.83553390593,-35.68553390593,-1.2));
#3247 = SEAM_CURVE('',#3248,(#3252,#3259),.PCURVE_S1.);
#3248 = LINE('',#3249,#3250);
#3249 = CARTESIAN_POINT('',(-22.83553390593,-35.68553390593,-1.2));
#3250 = VECTOR('',#3251,1.);
#3251 = DIRECTION('',(0.,0.,1.));
#3252 = PCURVE('',#849,#3253);
#3253 = DEFINITIONAL_REPRESENTATION('',(#3254),#3258);
#3254 = LINE('',#3255,#3256);
#3255 = CARTESIAN_POINT('',(6.28318530718,-0.));
#3256 = VECTOR('',#3257,1.);
#3257 = DIRECTION('',(0.,1.));
#3258 = ( GEOMETRIC_REPRESENTATION_CONTEXT(2) 
PARAMETRIC_REPRESENTATION_CONTEXT() REPRESENTATION_CONTEXT('2D SPACE',''
  ) );
#3259 = PCURVE('',#849,#3260);
#3260 = DEFINITIONAL_REPRESENTATION('',(#3261),#3265);
#3261 = LINE('',#3262,#3263);
#3262 = CARTESIAN_POINT('',(0.,-0.));
#3263 = VECTOR('',#3264,1.);
#3264 = DIRECTION('',(0.,1.));
#3265 = ( GEOMETRIC_REPRESENTATION_CONTEXT(2) 
PARAMETRIC_REPRESENTATION_CONTEXT() REPRESENTATION_CONTEXT('2D SPACE',''
  ) );
#3266 = ORIENTED_EDGE('',*,*,#3267,.T.);
#3267 = EDGE_CURVE('',#3245,#3245,#3268,.T.);
#3268 = SURFACE_CURVE('',#3269,(#3274,#3281),.PCURVE_S1.);
#3269 = CIRCLE('',#3270,0.85);
#3270 = AXIS2_PLACEMENT_3D('',#3271,#3272,#3273);
#3271 = CARTESIAN_POINT('',(-23.68553390593,-35.68553390593,-1.2));
#3272 = DIRECTION('',(0.,0.,1.));
#3273 = DIRECTION('',(1.,0.,-0.));
#3274 = PCURVE('',#849,#3275);
#3275 = DEFINITIONAL_REPRESENTATION('',(#3276),#3280);
#3276 = LINE('',#3277,#3278);
#3277 = CARTESIAN_POINT('',(0.,0.));
#3278 = VECTOR('',#3279,1.);
#3279 = DIRECTION('',(1.,0.));
#3280 = ( GEOMETRIC_REPRESENTATION_CONTEXT(2) 
PARAMETRIC_REPRESENTATION_CONTEXT() REPRESENTATION_CONTEXT('2D SPACE',''
  ) );
#3281 = PCURVE('',#3282,#3287);
#3282 = PLANE('',#3283);
#3283 = AXIS2_PLACEMENT_3D('',#3284,#3285,#3286);
#3284 = CARTESIAN_POINT('',(-23.68553390593,-35.68553390593,-1.2));
#3285 = DIRECTION('',(0.,0.,1.));
#3286 = DIRECTION('',(1.,0.,-0.));
#3287 = DEFINITIONAL_REPRESENTATION('',(#3288),#3292);
#3288 = CIRCLE('',#3289,0.85);
#3289 = AXIS2_PLACEMENT_2D('',#3290,#3291);
#3290 = CARTESIAN_POINT('',(0.,0.));
#3291 = DIRECTION('',(1.,0.));
#3292 = ( GEOMETRIC_REPRESENTATION_CONTEXT(2) 
PARAMETRIC_REPRESENTATION_CONTEXT() REPRESENTATION_CONTEXT('2D SPACE',''
  ) );
#3293 = ORIENTED_EDGE('',*,*,#3244,.T.);
#3294 = ADVANCED_FACE('',(#3295),#880,.F.);
#3295 = FACE_BOUND('',#3296,.F.);
#3296 = EDGE_LOOP('',(#3297,#3298,#3321,#3348));
#3297 = ORIENTED_EDGE('',*,*,#863,.F.);
#3298 = ORIENTED_EDGE('',*,*,#3299,.F.);
#3299 = EDGE_CURVE('',#3300,#864,#3302,.T.);
#3300 = VERTEX_POINT('',#3301);
#3301 = CARTESIAN_POINT('',(24.535533905933,-35.68553390593,-1.2));
#3302 = SEAM_CURVE('',#3303,(#3307,#3314),.PCURVE_S1.);
#3303 = LINE('',#3304,#3305);
#3304 = CARTESIAN_POINT('',(24.535533905933,-35.68553390593,-1.2));
#3305 = VECTOR('',#3306,1.);
#3306 = DIRECTION('',(0.,0.,1.));
#3307 = PCURVE('',#880,#3308);
#3308 = DEFINITIONAL_REPRESENTATION('',(#3309),#3313);
#3309 = LINE('',#3310,#3311);
#3310 = CARTESIAN_POINT('',(6.28318530718,-0.));
#3311 = VECTOR('',#3312,1.);
#3312 = DIRECTION('',(0.,1.));
#3313 = ( GEOMETRIC_REPRESENTATION_CONTEXT(2) 
PARAMETRIC_REPRESENTATION_CONTEXT() REPRESENTATION_CONTEXT('2D SPACE',''
  ) );
#3314 = PCURVE('',#880,#3315);
#3315 = DEFINITIONAL_REPRESENTATION('',(#3316),#3320);
#3316 = LINE('',#3317,#3318);
#3317 = CARTESIAN_POINT('',(0.,-0.));
#3318 = VECTOR('',#3319,1.);
#3319 = DIRECTION('',(0.,1.));
#3320 = ( GEOMETRIC_REPRESENTATION_CONTEXT(2) 
PARAMETRIC_REPRESENTATION_CONTEXT() REPRESENTATION_CONTEXT('2D SPACE',''
  ) );
#3321 = ORIENTED_EDGE('',*,*,#3322,.T.);
#3322 = EDGE_CURVE('',#3300,#3300,#3323,.T.);
#3323 = SURFACE_CURVE('',#3324,(#3329,#3336),.PCURVE_S1.);
#3324 = CIRCLE('',#3325,0.85);
#3325 = AXIS2_PLACEMENT_3D('',#3326,#3327,#3328);
#3326 = CARTESIAN_POINT('',(23.685533905933,-35.68553390593,-1.2));
#3327 = DIRECTION('',(0.,0.,1.));
#3328 = DIRECTION('',(1.,0.,-0.));
#3329 = PCURVE('',#880,#3330);
#3330 = DEFINITIONAL_REPRESENTATION('',(#3331),#3335);
#3331 = LINE('',#3332,#3333);
#3332 = CARTESIAN_POINT('',(0.,0.));
#3333 = VECTOR('',#3334,1.);
#3334 = DIRECTION('',(1.,0.));
#3335 = ( GEOMETRIC_REPRESENTATION_CONTEXT(2) 
PARAMETRIC_REPRESENTATION_CONTEXT() REPRESENTATION_CONTEXT('2D SPACE',''
  ) );
#3336 = PCURVE('',#3337,#3342);
#3337 = PLANE('',#3338);
#3338 = AXIS2_PLACEMENT_3D('',#3339,#3340,#3341);
#3339 = CARTESIAN_POINT('',(23.685533905933,-35.68553390593,-1.2));
#3340 = DIRECTION('',(0.,0.,1.));
#3341 = DIRECTION('',(1.,0.,-0.));
#3342 = DEFINITIONAL_REPRESENTATION('',(#3343),#3347);
#3343 = CIRCLE('',#3344,0.85);
#3344 = AXIS2_PLACEMENT_2D('',#3345,#3346);
#3345 = CARTESIAN_POINT('',(0.,0.));
#3346 = DIRECTION('',(1.,0.));
#3347 = ( GEOMETRIC_REPRESENTATION_CONTEXT(2) 
PARAMETRIC_REPRESENTATION_CONTEXT() REPRESENTATION_CONTEXT('2D SPACE',''
  ) );
#3348 = ORIENTED_EDGE('',*,*,#3299,.T.);
#3349 = ADVANCED_FACE('',(#3350),#911,.F.);
#3350 = FACE_BOUND('',#3351,.F.);
#3351 = EDGE_LOOP('',(#3352,#3382,#3403,#3404));
#3352 = ORIENTED_EDGE('',*,*,#3353,.F.);
#3353 = EDGE_CURVE('',#3354,#3356,#3358,.T.);
#3354 = VERTEX_POINT('',#3355);
#3355 = CARTESIAN_POINT('',(-23.35,-32.15,3.2));
#3356 = VERTEX_POINT('',#3357);
#3357 = CARTESIAN_POINT('',(-23.35,32.15,3.2));
#3358 = SURFACE_CURVE('',#3359,(#3363,#3370),.PCURVE_S1.);
#3359 = LINE('',#3360,#3361);
#3360 = CARTESIAN_POINT('',(-23.35,-32.15,3.2));
#3361 = VECTOR('',#3362,1.);
#3362 = DIRECTION('',(0.,1.,0.));
#3363 = PCURVE('',#911,#3364);
#3364 = DEFINITIONAL_REPRESENTATION('',(#3365),#3369);
#3365 = LINE('',#3366,#3367);
#3366 = CARTESIAN_POINT('',(0.,-1.8));
#3367 = VECTOR('',#3368,1.);
#3368 = DIRECTION('',(1.,0.));
#3369 = ( GEOMETRIC_REPRESENTATION_CONTEXT(2) 
PARAMETRIC_REPRESENTATION_CONTEXT() REPRESENTATION_CONTEXT('2D SPACE',''
  ) );
#3370 = PCURVE('',#3371,#3376);
#3371 = PLANE('',#3372);
#3372 = AXIS2_PLACEMENT_3D('',#3373,#3374,#3375);
#3373 = CARTESIAN_POINT('',(1.178668669698E-15,6.2035193142E-16,3.2));
#3374 = DIRECTION('',(0.,0.,1.));
#3375 = DIRECTION('',(1.,0.,-0.));
#3376 = DEFINITIONAL_REPRESENTATION('',(#3377),#3381);
#3377 = LINE('',#3378,#3379);
#3378 = CARTESIAN_POINT('',(-23.35,-32.15));
#3379 = VECTOR('',#3380,1.);
#3380 = DIRECTION('',(0.,1.));
#3381 = ( GEOMETRIC_REPRESENTATION_CONTEXT(2) 
PARAMETRIC_REPRESENTATION_CONTEXT() REPRESENTATION_CONTEXT('2D SPACE',''
  ) );
#3382 = ORIENTED_EDGE('',*,*,#3383,.T.);
#3383 = EDGE_CURVE('',#3354,#897,#3384,.T.);
#3384 = SURFACE_CURVE('',#3385,(#3389,#3396),.PCURVE_S1.);
#3385 = LINE('',#3386,#3387);
#3386 = CARTESIAN_POINT('',(-23.35,-32.15,1.4));
#3387 = VECTOR('',#3388,1.);
#3388 = DIRECTION('',(0.,0.,1.));
#3389 = PCURVE('',#911,#3390);
#3390 = DEFINITIONAL_REPRESENTATION('',(#3391),#3395);
#3391 = LINE('',#3392,#3393);
#3392 = CARTESIAN_POINT('',(0.,0.));
#3393 = VECTOR('',#3394,1.);
#3394 = DIRECTION('',(0.,-1.));
#3395 = ( GEOMETRIC_REPRESENTATION_CONTEXT(2) 
PARAMETRIC_REPRESENTATION_CONTEXT() REPRESENTATION_CONTEXT('2D SPACE',''
  ) );
#3396 = PCURVE('',#1118,#3397);
#3397 = DEFINITIONAL_REPRESENTATION('',(#3398),#3402);
#3398 = LINE('',#3399,#3400);
#3399 = CARTESIAN_POINT('',(-3.14159265359,0.));
#3400 = VECTOR('',#3401,1.);
#3401 = DIRECTION('',(-0.,-1.));
#3402 = ( GEOMETRIC_REPRESENTATION_CONTEXT(2) 
PARAMETRIC_REPRESENTATION_CONTEXT() REPRESENTATION_CONTEXT('2D SPACE',''
  ) );
#3403 = ORIENTED_EDGE('',*,*,#894,.F.);
#3404 = ORIENTED_EDGE('',*,*,#3405,.F.);
#3405 = EDGE_CURVE('',#3356,#895,#3406,.T.);
#3406 = SURFACE_CURVE('',#3407,(#3411,#3418),.PCURVE_S1.);
#3407 = LINE('',#3408,#3409);
#3408 = CARTESIAN_POINT('',(-23.35,32.15,1.4));
#3409 = VECTOR('',#3410,1.);
#3410 = DIRECTION('',(0.,0.,1.));
#3411 = PCURVE('',#911,#3412);
#3412 = DEFINITIONAL_REPRESENTATION('',(#3413),#3417);
#3413 = LINE('',#3414,#3415);
#3414 = CARTESIAN_POINT('',(64.3,0.));
#3415 = VECTOR('',#3416,1.);
#3416 = DIRECTION('',(0.,-1.));
#3417 = ( GEOMETRIC_REPRESENTATION_CONTEXT(2) 
PARAMETRIC_REPRESENTATION_CONTEXT() REPRESENTATION_CONTEXT('2D SPACE',''
  ) );
#3418 = PCURVE('',#943,#3419);
#3419 = DEFINITIONAL_REPRESENTATION('',(#3420),#3424);
#3420 = LINE('',#3421,#3422);
#3421 = CARTESIAN_POINT('',(-3.14159265359,0.));
#3422 = VECTOR('',#3423,1.);
#3423 = DIRECTION('',(-0.,-1.));
#3424 = ( GEOMETRIC_REPRESENTATION_CONTEXT(2) 
PARAMETRIC_REPRESENTATION_CONTEXT() REPRESENTATION_CONTEXT('2D SPACE',''
  ) );
#3425 = ADVANCED_FACE('',(#3426),#943,.F.);
#3426 = FACE_BOUND('',#3427,.T.);
#3427 = EDGE_LOOP('',(#3428,#3452,#3473,#3474));
#3428 = ORIENTED_EDGE('',*,*,#3429,.F.);
#3429 = EDGE_CURVE('',#3430,#3356,#3432,.T.);
#3430 = VERTEX_POINT('',#3431);
#3431 = CARTESIAN_POINT('',(-20.15,35.35,3.2));
#3432 = SURFACE_CURVE('',#3433,(#3438,#3445),.PCURVE_S1.);
#3433 = CIRCLE('',#3434,3.2);
#3434 = AXIS2_PLACEMENT_3D('',#3435,#3436,#3437);
#3435 = CARTESIAN_POINT('',(-20.15,32.15,3.2));
#3436 = DIRECTION('',(0.,0.,1.));
#3437 = DIRECTION('',(1.,0.,0.));
#3438 = PCURVE('',#943,#3439);
#3439 = DEFINITIONAL_REPRESENTATION('',(#3440),#3444);
#3440 = LINE('',#3441,#3442);
#3441 = CARTESIAN_POINT('',(-0.,-1.8));
#3442 = VECTOR('',#3443,1.);
#3443 = DIRECTION('',(-1.,0.));
#3444 = ( GEOMETRIC_REPRESENTATION_CONTEXT(2) 
PARAMETRIC_REPRESENTATION_CONTEXT() REPRESENTATION_CONTEXT('2D SPACE',''
  ) );
#3445 = PCURVE('',#3371,#3446);
#3446 = DEFINITIONAL_REPRESENTATION('',(#3447),#3451);
#3447 = CIRCLE('',#3448,3.2);
#3448 = AXIS2_PLACEMENT_2D('',#3449,#3450);
#3449 = CARTESIAN_POINT('',(-20.15,32.15));
#3450 = DIRECTION('',(1.,0.));
#3451 = ( GEOMETRIC_REPRESENTATION_CONTEXT(2) 
PARAMETRIC_REPRESENTATION_CONTEXT() REPRESENTATION_CONTEXT('2D SPACE',''
  ) );
#3452 = ORIENTED_EDGE('',*,*,#3453,.T.);
#3453 = EDGE_CURVE('',#3430,#923,#3454,.T.);
#3454 = SURFACE_CURVE('',#3455,(#3459,#3466),.PCURVE_S1.);
#3455 = LINE('',#3456,#3457);
#3456 = CARTESIAN_POINT('',(-20.15,35.35,1.4));
#3457 = VECTOR('',#3458,1.);
#3458 = DIRECTION('',(0.,0.,1.));
#3459 = PCURVE('',#943,#3460);
#3460 = DEFINITIONAL_REPRESENTATION('',(#3461),#3465);
#3461 = LINE('',#3462,#3463);
#3462 = CARTESIAN_POINT('',(-1.570796326795,0.));
#3463 = VECTOR('',#3464,1.);
#3464 = DIRECTION('',(-0.,-1.));
#3465 = ( GEOMETRIC_REPRESENTATION_CONTEXT(2) 
PARAMETRIC_REPRESENTATION_CONTEXT() REPRESENTATION_CONTEXT('2D SPACE',''
  ) );
#3466 = PCURVE('',#970,#3467);
#3467 = DEFINITIONAL_REPRESENTATION('',(#3468),#3472);
#3468 = LINE('',#3469,#3470);
#3469 = CARTESIAN_POINT('',(0.,0.));
#3470 = VECTOR('',#3471,1.);
#3471 = DIRECTION('',(0.,-1.));
#3472 = ( GEOMETRIC_REPRESENTATION_CONTEXT(2) 
PARAMETRIC_REPRESENTATION_CONTEXT() REPRESENTATION_CONTEXT('2D SPACE',''
  ) );
#3473 = ORIENTED_EDGE('',*,*,#922,.F.);
#3474 = ORIENTED_EDGE('',*,*,#3405,.F.);
#3475 = ADVANCED_FACE('',(#3476),#1118,.F.);
#3476 = FACE_BOUND('',#3477,.T.);
#3477 = EDGE_LOOP('',(#3478,#3506,#3507,#3508));
#3478 = ORIENTED_EDGE('',*,*,#3479,.T.);
#3479 = EDGE_CURVE('',#3480,#3354,#3482,.T.);
#3480 = VERTEX_POINT('',#3481);
#3481 = CARTESIAN_POINT('',(-20.15,-35.35,3.2));
#3482 = SURFACE_CURVE('',#3483,(#3488,#3495),.PCURVE_S1.);
#3483 = CIRCLE('',#3484,3.2);
#3484 = AXIS2_PLACEMENT_3D('',#3485,#3486,#3487);
#3485 = CARTESIAN_POINT('',(-20.15,-32.15,3.2));
#3486 = DIRECTION('',(0.,-0.,-1.));
#3487 = DIRECTION('',(0.,-1.,0.));
#3488 = PCURVE('',#1118,#3489);
#3489 = DEFINITIONAL_REPRESENTATION('',(#3490),#3494);
#3490 = LINE('',#3491,#3492);
#3491 = CARTESIAN_POINT('',(-4.712388980385,-1.8));
#3492 = VECTOR('',#3493,1.);
#3493 = DIRECTION('',(1.,-0.));
#3494 = ( GEOMETRIC_REPRESENTATION_CONTEXT(2) 
PARAMETRIC_REPRESENTATION_CONTEXT() REPRESENTATION_CONTEXT('2D SPACE',''
  ) );
#3495 = PCURVE('',#3371,#3496);
#3496 = DEFINITIONAL_REPRESENTATION('',(#3497),#3505);
#3497 = ( BOUNDED_CURVE() B_SPLINE_CURVE(2,(#3498,#3499,#3500,#3501,
#3502,#3503,#3504),.UNSPECIFIED.,.T.,.F.) B_SPLINE_CURVE_WITH_KNOTS((1,2
    ,2,2,2,1),(-2.094395102393,0.,2.094395102393,4.188790204786,
6.28318530718,8.377580409573),.UNSPECIFIED.) CURVE() 
GEOMETRIC_REPRESENTATION_ITEM() RATIONAL_B_SPLINE_CURVE((1.,0.5,1.,0.5,
1.,0.5,1.)) REPRESENTATION_ITEM('') );
#3498 = CARTESIAN_POINT('',(-20.15,-35.35));
#3499 = CARTESIAN_POINT('',(-25.69256258422,-35.35));
#3500 = CARTESIAN_POINT('',(-22.92128129211,-30.55));
#3501 = CARTESIAN_POINT('',(-20.15,-25.75));
#3502 = CARTESIAN_POINT('',(-17.37871870789,-30.55));
#3503 = CARTESIAN_POINT('',(-14.60743741578,-35.35));
#3504 = CARTESIAN_POINT('',(-20.15,-35.35));
#3505 = ( GEOMETRIC_REPRESENTATION_CONTEXT(2) 
PARAMETRIC_REPRESENTATION_CONTEXT() REPRESENTATION_CONTEXT('2D SPACE',''
  ) );
#3506 = ORIENTED_EDGE('',*,*,#3383,.T.);
#3507 = ORIENTED_EDGE('',*,*,#1099,.F.);
#3508 = ORIENTED_EDGE('',*,*,#3509,.F.);
#3509 = EDGE_CURVE('',#3480,#1074,#3510,.T.);
#3510 = SURFACE_CURVE('',#3511,(#3515,#3522),.PCURVE_S1.);
#3511 = LINE('',#3512,#3513);
#3512 = CARTESIAN_POINT('',(-20.15,-35.35,1.4));
#3513 = VECTOR('',#3514,1.);
#3514 = DIRECTION('',(0.,0.,1.));
#3515 = PCURVE('',#1118,#3516);
#3516 = DEFINITIONAL_REPRESENTATION('',(#3517),#3521);
#3517 = LINE('',#3518,#3519);
#3518 = CARTESIAN_POINT('',(-4.712388980385,0.));
#3519 = VECTOR('',#3520,1.);
#3520 = DIRECTION('',(-0.,-1.));
#3521 = ( GEOMETRIC_REPRESENTATION_CONTEXT(2) 
PARAMETRIC_REPRESENTATION_CONTEXT() REPRESENTATION_CONTEXT('2D SPACE',''
  ) );
#3522 = PCURVE('',#1088,#3523);
#3523 = DEFINITIONAL_REPRESENTATION('',(#3524),#3528);
#3524 = LINE('',#3525,#3526);
#3525 = CARTESIAN_POINT('',(0.,0.));
#3526 = VECTOR('',#3527,1.);
#3527 = DIRECTION('',(0.,-1.));
#3528 = ( GEOMETRIC_REPRESENTATION_CONTEXT(2) 
PARAMETRIC_REPRESENTATION_CONTEXT() REPRESENTATION_CONTEXT('2D SPACE',''
  ) );
#3529 = ADVANCED_FACE('',(#3530),#970,.F.);
#3530 = FACE_BOUND('',#3531,.F.);
#3531 = EDGE_LOOP('',(#3532,#3562,#3590,#3618,#3645,#3666,#3667,#3668,
    #3691,#3719,#3746,#3774,#3797,#3818));
#3532 = ORIENTED_EDGE('',*,*,#3533,.F.);
#3533 = EDGE_CURVE('',#3534,#3536,#3538,.T.);
#3534 = VERTEX_POINT('',#3535);
#3535 = CARTESIAN_POINT('',(-20.15,35.35,1.4));
#3536 = VERTEX_POINT('',#3537);
#3537 = CARTESIAN_POINT('',(-19.,35.35,1.4));
#3538 = SURFACE_CURVE('',#3539,(#3543,#3550),.PCURVE_S1.);
#3539 = LINE('',#3540,#3541);
#3540 = CARTESIAN_POINT('',(0.,35.35,1.4));
#3541 = VECTOR('',#3542,1.);
#3542 = DIRECTION('',(1.,0.,0.));
#3543 = PCURVE('',#970,#3544);
#3544 = DEFINITIONAL_REPRESENTATION('',(#3545),#3549);
#3545 = LINE('',#3546,#3547);
#3546 = CARTESIAN_POINT('',(20.15,0.));
#3547 = VECTOR('',#3548,1.);
#3548 = DIRECTION('',(1.,0.));
#3549 = ( GEOMETRIC_REPRESENTATION_CONTEXT(2) 
PARAMETRIC_REPRESENTATION_CONTEXT() REPRESENTATION_CONTEXT('2D SPACE',''
  ) );
#3550 = PCURVE('',#3551,#3556);
#3551 = PLANE('',#3552);
#3552 = AXIS2_PLACEMENT_3D('',#3553,#3554,#3555);
#3553 = CARTESIAN_POINT('',(1.178668669698E-15,6.2035193142E-16,1.4));
#3554 = DIRECTION('',(0.,0.,1.));
#3555 = DIRECTION('',(1.,0.,-0.));
#3556 = DEFINITIONAL_REPRESENTATION('',(#3557),#3561);
#3557 = LINE('',#3558,#3559);
#3558 = CARTESIAN_POINT('',(-1.178668669698E-15,35.35));
#3559 = VECTOR('',#3560,1.);
#3560 = DIRECTION('',(1.,0.));
#3561 = ( GEOMETRIC_REPRESENTATION_CONTEXT(2) 
PARAMETRIC_REPRESENTATION_CONTEXT() REPRESENTATION_CONTEXT('2D SPACE',''
  ) );
#3562 = ORIENTED_EDGE('',*,*,#3563,.T.);
#3563 = EDGE_CURVE('',#3534,#3564,#3566,.T.);
#3564 = VERTEX_POINT('',#3565);
#3565 = CARTESIAN_POINT('',(-20.15,35.35,2.4));
#3566 = SURFACE_CURVE('',#3567,(#3571,#3578),.PCURVE_S1.);
#3567 = LINE('',#3568,#3569);
#3568 = CARTESIAN_POINT('',(-20.15,35.35,1.4));
#3569 = VECTOR('',#3570,1.);
#3570 = DIRECTION('',(0.,0.,1.));
#3571 = PCURVE('',#970,#3572);
#3572 = DEFINITIONAL_REPRESENTATION('',(#3573),#3577);
#3573 = LINE('',#3574,#3575);
#3574 = CARTESIAN_POINT('',(0.,0.));
#3575 = VECTOR('',#3576,1.);
#3576 = DIRECTION('',(0.,-1.));
#3577 = ( GEOMETRIC_REPRESENTATION_CONTEXT(2) 
PARAMETRIC_REPRESENTATION_CONTEXT() REPRESENTATION_CONTEXT('2D SPACE',''
  ) );
#3578 = PCURVE('',#3579,#3584);
#3579 = CYLINDRICAL_SURFACE('',#3580,3.2);
#3580 = AXIS2_PLACEMENT_3D('',#3581,#3582,#3583);
#3581 = CARTESIAN_POINT('',(-20.15,32.15,1.4));
#3582 = DIRECTION('',(-0.,-0.,-1.));
#3583 = DIRECTION('',(1.,0.,0.));
#3584 = DEFINITIONAL_REPRESENTATION('',(#3585),#3589);
#3585 = LINE('',#3586,#3587);
#3586 = CARTESIAN_POINT('',(-1.570796326795,0.));
#3587 = VECTOR('',#3588,1.);
#3588 = DIRECTION('',(-0.,-1.));
#3589 = ( GEOMETRIC_REPRESENTATION_CONTEXT(2) 
PARAMETRIC_REPRESENTATION_CONTEXT() REPRESENTATION_CONTEXT('2D SPACE',''
  ) );
#3590 = ORIENTED_EDGE('',*,*,#3591,.T.);
#3591 = EDGE_CURVE('',#3564,#3592,#3594,.T.);
#3592 = VERTEX_POINT('',#3593);
#3593 = CARTESIAN_POINT('',(-19.,35.35,2.4));
#3594 = SURFACE_CURVE('',#3595,(#3599,#3606),.PCURVE_S1.);
#3595 = LINE('',#3596,#3597);
#3596 = CARTESIAN_POINT('',(0.,35.35,2.4));
#3597 = VECTOR('',#3598,1.);
#3598 = DIRECTION('',(1.,0.,0.));
#3599 = PCURVE('',#970,#3600);
#3600 = DEFINITIONAL_REPRESENTATION('',(#3601),#3605);
#3601 = LINE('',#3602,#3603);
#3602 = CARTESIAN_POINT('',(20.15,-1.));
#3603 = VECTOR('',#3604,1.);
#3604 = DIRECTION('',(1.,0.));
#3605 = ( GEOMETRIC_REPRESENTATION_CONTEXT(2) 
PARAMETRIC_REPRESENTATION_CONTEXT() REPRESENTATION_CONTEXT('2D SPACE',''
  ) );
#3606 = PCURVE('',#3607,#3612);
#3607 = PLANE('',#3608);
#3608 = AXIS2_PLACEMENT_3D('',#3609,#3610,#3611);
#3609 = CARTESIAN_POINT('',(1.178668669698E-15,6.2035193142E-16,2.4));
#3610 = DIRECTION('',(0.,0.,1.));
#3611 = DIRECTION('',(1.,0.,-0.));
#3612 = DEFINITIONAL_REPRESENTATION('',(#3613),#3617);
#3613 = LINE('',#3614,#3615);
#3614 = CARTESIAN_POINT('',(-1.178668669698E-15,35.35));
#3615 = VECTOR('',#3616,1.);
#3616 = DIRECTION('',(1.,0.));
#3617 = ( GEOMETRIC_REPRESENTATION_CONTEXT(2) 
PARAMETRIC_REPRESENTATION_CONTEXT() REPRESENTATION_CONTEXT('2D SPACE',''
  ) );
#3618 = ORIENTED_EDGE('',*,*,#3619,.F.);
#3619 = EDGE_CURVE('',#3620,#3592,#3622,.T.);
#3620 = VERTEX_POINT('',#3621);
#3621 = CARTESIAN_POINT('',(-19.,35.35,3.2));
#3622 = SURFACE_CURVE('',#3623,(#3627,#3634),.PCURVE_S1.);
#3623 = LINE('',#3624,#3625);
#3624 = CARTESIAN_POINT('',(-19.,35.35,2.15));
#3625 = VECTOR('',#3626,1.);
#3626 = DIRECTION('',(-0.,0.,-1.));
#3627 = PCURVE('',#970,#3628);
#3628 = DEFINITIONAL_REPRESENTATION('',(#3629),#3633);
#3629 = LINE('',#3630,#3631);
#3630 = CARTESIAN_POINT('',(1.15,-0.75));
#3631 = VECTOR('',#3632,1.);
#3632 = DIRECTION('',(0.,1.));
#3633 = ( GEOMETRIC_REPRESENTATION_CONTEXT(2) 
PARAMETRIC_REPRESENTATION_CONTEXT() REPRESENTATION_CONTEXT('2D SPACE',''
  ) );
#3634 = PCURVE('',#3635,#3640);
#3635 = PLANE('',#3636);
#3636 = AXIS2_PLACEMENT_3D('',#3637,#3638,#3639);
#3637 = CARTESIAN_POINT('',(-19.,28.5,1.9));
#3638 = DIRECTION('',(1.,0.,-0.));
#3639 = DIRECTION('',(0.,0.,1.));
#3640 = DEFINITIONAL_REPRESENTATION('',(#3641),#3644);
#3641 = B_SPLINE_CURVE_WITH_KNOTS('',1,(#3642,#3643),.UNSPECIFIED.,.F.,
  .F.,(2,2),(-1.05,-0.25),.PIECEWISE_BEZIER_KNOTS.);
#3642 = CARTESIAN_POINT('',(1.3,-6.85));
#3643 = CARTESIAN_POINT('',(0.5,-6.85));
#3644 = ( GEOMETRIC_REPRESENTATION_CONTEXT(2) 
PARAMETRIC_REPRESENTATION_CONTEXT() REPRESENTATION_CONTEXT('2D SPACE',''
  ) );
#3645 = ORIENTED_EDGE('',*,*,#3646,.F.);
#3646 = EDGE_CURVE('',#3430,#3620,#3647,.T.);
#3647 = SURFACE_CURVE('',#3648,(#3652,#3659),.PCURVE_S1.);
#3648 = LINE('',#3649,#3650);
#3649 = CARTESIAN_POINT('',(0.,35.35,3.2));
#3650 = VECTOR('',#3651,1.);
#3651 = DIRECTION('',(1.,0.,0.));
#3652 = PCURVE('',#970,#3653);
#3653 = DEFINITIONAL_REPRESENTATION('',(#3654),#3658);
#3654 = LINE('',#3655,#3656);
#3655 = CARTESIAN_POINT('',(20.15,-1.8));
#3656 = VECTOR('',#3657,1.);
#3657 = DIRECTION('',(1.,0.));
#3658 = ( GEOMETRIC_REPRESENTATION_CONTEXT(2) 
PARAMETRIC_REPRESENTATION_CONTEXT() REPRESENTATION_CONTEXT('2D SPACE',''
  ) );
#3659 = PCURVE('',#3371,#3660);
#3660 = DEFINITIONAL_REPRESENTATION('',(#3661),#3665);
#3661 = LINE('',#3662,#3663);
#3662 = CARTESIAN_POINT('',(-1.178668669698E-15,35.35));
#3663 = VECTOR('',#3664,1.);
#3664 = DIRECTION('',(1.,0.));
#3665 = ( GEOMETRIC_REPRESENTATION_CONTEXT(2) 
PARAMETRIC_REPRESENTATION_CONTEXT() REPRESENTATION_CONTEXT('2D SPACE',''
  ) );
#3666 = ORIENTED_EDGE('',*,*,#3453,.T.);
#3667 = ORIENTED_EDGE('',*,*,#955,.F.);
#3668 = ORIENTED_EDGE('',*,*,#3669,.F.);
#3669 = EDGE_CURVE('',#3670,#956,#3672,.T.);
#3670 = VERTEX_POINT('',#3671);
#3671 = CARTESIAN_POINT('',(20.15,35.35,3.2));
#3672 = SURFACE_CURVE('',#3673,(#3677,#3684),.PCURVE_S1.);
#3673 = LINE('',#3674,#3675);
#3674 = CARTESIAN_POINT('',(20.15,35.35,1.4));
#3675 = VECTOR('',#3676,1.);
#3676 = DIRECTION('',(0.,0.,1.));
#3677 = PCURVE('',#970,#3678);
#3678 = DEFINITIONAL_REPRESENTATION('',(#3679),#3683);
#3679 = LINE('',#3680,#3681);
#3680 = CARTESIAN_POINT('',(40.3,0.));
#3681 = VECTOR('',#3682,1.);
#3682 = DIRECTION('',(0.,-1.));
#3683 = ( GEOMETRIC_REPRESENTATION_CONTEXT(2) 
PARAMETRIC_REPRESENTATION_CONTEXT() REPRESENTATION_CONTEXT('2D SPACE',''
  ) );
#3684 = PCURVE('',#1002,#3685);
#3685 = DEFINITIONAL_REPRESENTATION('',(#3686),#3690);
#3686 = LINE('',#3687,#3688);
#3687 = CARTESIAN_POINT('',(-1.570796326795,0.));
#3688 = VECTOR('',#3689,1.);
#3689 = DIRECTION('',(-0.,-1.));
#3690 = ( GEOMETRIC_REPRESENTATION_CONTEXT(2) 
PARAMETRIC_REPRESENTATION_CONTEXT() REPRESENTATION_CONTEXT('2D SPACE',''
  ) );
#3691 = ORIENTED_EDGE('',*,*,#3692,.F.);
#3692 = EDGE_CURVE('',#3693,#3670,#3695,.T.);
#3693 = VERTEX_POINT('',#3694);
#3694 = CARTESIAN_POINT('',(9.,35.35,3.2));
#3695 = SURFACE_CURVE('',#3696,(#3700,#3707),.PCURVE_S1.);
#3696 = LINE('',#3697,#3698);
#3697 = CARTESIAN_POINT('',(0.,35.35,3.2));
#3698 = VECTOR('',#3699,1.);
#3699 = DIRECTION('',(1.,0.,0.));
#3700 = PCURVE('',#970,#3701);
#3701 = DEFINITIONAL_REPRESENTATION('',(#3702),#3706);
#3702 = LINE('',#3703,#3704);
#3703 = CARTESIAN_POINT('',(20.15,-1.8));
#3704 = VECTOR('',#3705,1.);
#3705 = DIRECTION('',(1.,0.));
#3706 = ( GEOMETRIC_REPRESENTATION_CONTEXT(2) 
PARAMETRIC_REPRESENTATION_CONTEXT() REPRESENTATION_CONTEXT('2D SPACE',''
  ) );
#3707 = PCURVE('',#3708,#3713);
#3708 = PLANE('',#3709);
#3709 = AXIS2_PLACEMENT_3D('',#3710,#3711,#3712);
#3710 = CARTESIAN_POINT('',(1.178668669698E-15,6.2035193142E-16,3.2));
#3711 = DIRECTION('',(0.,0.,1.));
#3712 = DIRECTION('',(1.,0.,-0.));
#3713 = DEFINITIONAL_REPRESENTATION('',(#3714),#3718);
#3714 = LINE('',#3715,#3716);
#3715 = CARTESIAN_POINT('',(-1.178668669698E-15,35.35));
#3716 = VECTOR('',#3717,1.);
#3717 = DIRECTION('',(1.,0.));
#3718 = ( GEOMETRIC_REPRESENTATION_CONTEXT(2) 
PARAMETRIC_REPRESENTATION_CONTEXT() REPRESENTATION_CONTEXT('2D SPACE',''
  ) );
#3719 = ORIENTED_EDGE('',*,*,#3720,.T.);
#3720 = EDGE_CURVE('',#3693,#3721,#3723,.T.);
#3721 = VERTEX_POINT('',#3722);
#3722 = CARTESIAN_POINT('',(9.,35.35,2.4));
#3723 = SURFACE_CURVE('',#3724,(#3728,#3735),.PCURVE_S1.);
#3724 = LINE('',#3725,#3726);
#3725 = CARTESIAN_POINT('',(9.,35.35,2.15));
#3726 = VECTOR('',#3727,1.);
#3727 = DIRECTION('',(-0.,0.,-1.));
#3728 = PCURVE('',#970,#3729);
#3729 = DEFINITIONAL_REPRESENTATION('',(#3730),#3734);
#3730 = LINE('',#3731,#3732);
#3731 = CARTESIAN_POINT('',(29.15,-0.75));
#3732 = VECTOR('',#3733,1.);
#3733 = DIRECTION('',(0.,1.));
#3734 = ( GEOMETRIC_REPRESENTATION_CONTEXT(2) 
PARAMETRIC_REPRESENTATION_CONTEXT() REPRESENTATION_CONTEXT('2D SPACE',''
  ) );
#3735 = PCURVE('',#3736,#3741);
#3736 = PLANE('',#3737);
#3737 = AXIS2_PLACEMENT_3D('',#3738,#3739,#3740);
#3738 = CARTESIAN_POINT('',(9.,28.5,1.9));
#3739 = DIRECTION('',(1.,0.,-0.));
#3740 = DIRECTION('',(0.,0.,1.));
#3741 = DEFINITIONAL_REPRESENTATION('',(#3742),#3745);
#3742 = B_SPLINE_CURVE_WITH_KNOTS('',1,(#3743,#3744),.UNSPECIFIED.,.F.,
  .F.,(2,2),(-1.05,-0.25),.PIECEWISE_BEZIER_KNOTS.);
#3743 = CARTESIAN_POINT('',(1.3,-6.85));
#3744 = CARTESIAN_POINT('',(0.5,-6.85));
#3745 = ( GEOMETRIC_REPRESENTATION_CONTEXT(2) 
PARAMETRIC_REPRESENTATION_CONTEXT() REPRESENTATION_CONTEXT('2D SPACE',''
  ) );
#3746 = ORIENTED_EDGE('',*,*,#3747,.T.);
#3747 = EDGE_CURVE('',#3721,#3748,#3750,.T.);
#3748 = VERTEX_POINT('',#3749);
#3749 = CARTESIAN_POINT('',(20.15,35.35,2.4));
#3750 = SURFACE_CURVE('',#3751,(#3755,#3762),.PCURVE_S1.);
#3751 = LINE('',#3752,#3753);
#3752 = CARTESIAN_POINT('',(0.,35.35,2.4));
#3753 = VECTOR('',#3754,1.);
#3754 = DIRECTION('',(1.,0.,0.));
#3755 = PCURVE('',#970,#3756);
#3756 = DEFINITIONAL_REPRESENTATION('',(#3757),#3761);
#3757 = LINE('',#3758,#3759);
#3758 = CARTESIAN_POINT('',(20.15,-1.));
#3759 = VECTOR('',#3760,1.);
#3760 = DIRECTION('',(1.,0.));
#3761 = ( GEOMETRIC_REPRESENTATION_CONTEXT(2) 
PARAMETRIC_REPRESENTATION_CONTEXT() REPRESENTATION_CONTEXT('2D SPACE',''
  ) );
#3762 = PCURVE('',#3763,#3768);
#3763 = PLANE('',#3764);
#3764 = AXIS2_PLACEMENT_3D('',#3765,#3766,#3767);
#3765 = CARTESIAN_POINT('',(1.178668669698E-15,6.2035193142E-16,2.4));
#3766 = DIRECTION('',(0.,0.,1.));
#3767 = DIRECTION('',(1.,0.,-0.));
#3768 = DEFINITIONAL_REPRESENTATION('',(#3769),#3773);
#3769 = LINE('',#3770,#3771);
#3770 = CARTESIAN_POINT('',(-1.178668669698E-15,35.35));
#3771 = VECTOR('',#3772,1.);
#3772 = DIRECTION('',(1.,0.));
#3773 = ( GEOMETRIC_REPRESENTATION_CONTEXT(2) 
PARAMETRIC_REPRESENTATION_CONTEXT() REPRESENTATION_CONTEXT('2D SPACE',''
  ) );
#3774 = ORIENTED_EDGE('',*,*,#3775,.F.);
#3775 = EDGE_CURVE('',#3776,#3748,#3778,.T.);
#3776 = VERTEX_POINT('',#3777);
#3777 = CARTESIAN_POINT('',(20.15,35.35,2.2));
#3778 = SURFACE_CURVE('',#3779,(#3783,#3790),.PCURVE_S1.);
#3779 = LINE('',#3780,#3781);
#3780 = CARTESIAN_POINT('',(20.15,35.35,1.4));
#3781 = VECTOR('',#3782,1.);
#3782 = DIRECTION('',(0.,0.,1.));
#3783 = PCURVE('',#970,#3784);
#3784 = DEFINITIONAL_REPRESENTATION('',(#3785),#3789);
#3785 = LINE('',#3786,#3787);
#3786 = CARTESIAN_POINT('',(40.3,0.));
#3787 = VECTOR('',#3788,1.);
#3788 = DIRECTION('',(0.,-1.));
#3789 = ( GEOMETRIC_REPRESENTATION_CONTEXT(2) 
PARAMETRIC_REPRESENTATION_CONTEXT() REPRESENTATION_CONTEXT('2D SPACE',''
  ) );
#3790 = PCURVE('',#1002,#3791);
#3791 = DEFINITIONAL_REPRESENTATION('',(#3792),#3796);
#3792 = LINE('',#3793,#3794);
#3793 = CARTESIAN_POINT('',(-1.570796326795,0.));
#3794 = VECTOR('',#3795,1.);
#3795 = DIRECTION('',(-0.,-1.));
#3796 = ( GEOMETRIC_REPRESENTATION_CONTEXT(2) 
PARAMETRIC_REPRESENTATION_CONTEXT() REPRESENTATION_CONTEXT('2D SPACE',''
  ) );
#3797 = ORIENTED_EDGE('',*,*,#3798,.F.);
#3798 = EDGE_CURVE('',#3799,#3776,#3801,.T.);
#3799 = VERTEX_POINT('',#3800);
#3800 = CARTESIAN_POINT('',(-19.,35.35,2.2));
#3801 = SURFACE_CURVE('',#3802,(#3806,#3812),.PCURVE_S1.);
#3802 = LINE('',#3803,#3804);
#3803 = CARTESIAN_POINT('',(-19.575,35.35,2.2));
#3804 = VECTOR('',#3805,1.);
#3805 = DIRECTION('',(1.,0.,0.));
#3806 = PCURVE('',#970,#3807);
#3807 = DEFINITIONAL_REPRESENTATION('',(#3808),#3811);
#3808 = B_SPLINE_CURVE_WITH_KNOTS('',1,(#3809,#3810),.UNSPECIFIED.,.F.,
  .F.,(2,2),(0.575,39.725),.PIECEWISE_BEZIER_KNOTS.);
#3809 = CARTESIAN_POINT('',(1.15,-0.8));
#3810 = CARTESIAN_POINT('',(40.3,-0.8));
#3811 = ( GEOMETRIC_REPRESENTATION_CONTEXT(2) 
PARAMETRIC_REPRESENTATION_CONTEXT() REPRESENTATION_CONTEXT('2D SPACE',''
  ) );
#3812 = PCURVE('',#2889,#3813);
#3813 = DEFINITIONAL_REPRESENTATION('',(#3814),#3817);
#3814 = B_SPLINE_CURVE_WITH_KNOTS('',1,(#3815,#3816),.UNSPECIFIED.,.F.,
  .F.,(2,2),(0.575,39.725),.PIECEWISE_BEZIER_KNOTS.);
#3815 = CARTESIAN_POINT('',(0.,3.7));
#3816 = CARTESIAN_POINT('',(39.15,3.7));
#3817 = ( GEOMETRIC_REPRESENTATION_CONTEXT(2) 
PARAMETRIC_REPRESENTATION_CONTEXT() REPRESENTATION_CONTEXT('2D SPACE',''
  ) );
#3818 = ORIENTED_EDGE('',*,*,#3819,.T.);
#3819 = EDGE_CURVE('',#3799,#3536,#3820,.T.);
#3820 = SURFACE_CURVE('',#3821,(#3825,#3831),.PCURVE_S1.);
#3821 = LINE('',#3822,#3823);
#3822 = CARTESIAN_POINT('',(-19.,35.35,-1.3));
#3823 = VECTOR('',#3824,1.);
#3824 = DIRECTION('',(-0.,0.,-1.));
#3825 = PCURVE('',#970,#3826);
#3826 = DEFINITIONAL_REPRESENTATION('',(#3827),#3830);
#3827 = B_SPLINE_CURVE_WITH_KNOTS('',1,(#3828,#3829),.UNSPECIFIED.,.F.,
  .F.,(2,2),(-3.5,-2.7),.PIECEWISE_BEZIER_KNOTS.);
#3828 = CARTESIAN_POINT('',(1.15,-0.8));
#3829 = CARTESIAN_POINT('',(1.15,0.));
#3830 = ( GEOMETRIC_REPRESENTATION_CONTEXT(2) 
PARAMETRIC_REPRESENTATION_CONTEXT() REPRESENTATION_CONTEXT('2D SPACE',''
  ) );
#3831 = PCURVE('',#2432,#3832);
#3832 = DEFINITIONAL_REPRESENTATION('',(#3833),#3836);
#3833 = B_SPLINE_CURVE_WITH_KNOTS('',1,(#3834,#3835),.UNSPECIFIED.,.F.,
  .F.,(2,2),(-3.5,-2.7),.PIECEWISE_BEZIER_KNOTS.);
#3834 = CARTESIAN_POINT('',(6.2,-3.7));
#3835 = CARTESIAN_POINT('',(5.4,-3.7));
#3836 = ( GEOMETRIC_REPRESENTATION_CONTEXT(2) 
PARAMETRIC_REPRESENTATION_CONTEXT() REPRESENTATION_CONTEXT('2D SPACE',''
  ) );
#3837 = ADVANCED_FACE('',(#3838),#1088,.T.);
#3838 = FACE_BOUND('',#3839,.T.);
#3839 = EDGE_LOOP('',(#3840,#3863,#3864,#3865));
#3840 = ORIENTED_EDGE('',*,*,#3841,.F.);
#3841 = EDGE_CURVE('',#3480,#3842,#3844,.T.);
#3842 = VERTEX_POINT('',#3843);
#3843 = CARTESIAN_POINT('',(20.15,-35.35,3.2));
#3844 = SURFACE_CURVE('',#3845,(#3849,#3856),.PCURVE_S1.);
#3845 = LINE('',#3846,#3847);
#3846 = CARTESIAN_POINT('',(0.,-35.35,3.2));
#3847 = VECTOR('',#3848,1.);
#3848 = DIRECTION('',(1.,0.,0.));
#3849 = PCURVE('',#1088,#3850);
#3850 = DEFINITIONAL_REPRESENTATION('',(#3851),#3855);
#3851 = LINE('',#3852,#3853);
#3852 = CARTESIAN_POINT('',(20.15,-1.8));
#3853 = VECTOR('',#3854,1.);
#3854 = DIRECTION('',(1.,0.));
#3855 = ( GEOMETRIC_REPRESENTATION_CONTEXT(2) 
PARAMETRIC_REPRESENTATION_CONTEXT() REPRESENTATION_CONTEXT('2D SPACE',''
  ) );
#3856 = PCURVE('',#3371,#3857);
#3857 = DEFINITIONAL_REPRESENTATION('',(#3858),#3862);
#3858 = LINE('',#3859,#3860);
#3859 = CARTESIAN_POINT('',(-1.178668669698E-15,-35.35));
#3860 = VECTOR('',#3861,1.);
#3861 = DIRECTION('',(1.,0.));
#3862 = ( GEOMETRIC_REPRESENTATION_CONTEXT(2) 
PARAMETRIC_REPRESENTATION_CONTEXT() REPRESENTATION_CONTEXT('2D SPACE',''
  ) );
#3863 = ORIENTED_EDGE('',*,*,#3509,.T.);
#3864 = ORIENTED_EDGE('',*,*,#1073,.F.);
#3865 = ORIENTED_EDGE('',*,*,#3866,.F.);
#3866 = EDGE_CURVE('',#3842,#1041,#3867,.T.);
#3867 = SURFACE_CURVE('',#3868,(#3872,#3879),.PCURVE_S1.);
#3868 = LINE('',#3869,#3870);
#3869 = CARTESIAN_POINT('',(20.15,-35.35,1.4));
#3870 = VECTOR('',#3871,1.);
#3871 = DIRECTION('',(0.,0.,1.));
#3872 = PCURVE('',#1088,#3873);
#3873 = DEFINITIONAL_REPRESENTATION('',(#3874),#3878);
#3874 = LINE('',#3875,#3876);
#3875 = CARTESIAN_POINT('',(40.3,0.));
#3876 = VECTOR('',#3877,1.);
#3877 = DIRECTION('',(0.,-1.));
#3878 = ( GEOMETRIC_REPRESENTATION_CONTEXT(2) 
PARAMETRIC_REPRESENTATION_CONTEXT() REPRESENTATION_CONTEXT('2D SPACE',''
  ) );
#3879 = PCURVE('',#1061,#3880);
#3880 = DEFINITIONAL_REPRESENTATION('',(#3881),#3885);
#3881 = LINE('',#3882,#3883);
#3882 = CARTESIAN_POINT('',(-4.712388980385,0.));
#3883 = VECTOR('',#3884,1.);
#3884 = DIRECTION('',(-0.,-1.));
#3885 = ( GEOMETRIC_REPRESENTATION_CONTEXT(2) 
PARAMETRIC_REPRESENTATION_CONTEXT() REPRESENTATION_CONTEXT('2D SPACE',''
  ) );
#3886 = ADVANCED_FACE('',(#3887),#1002,.F.);
#3887 = FACE_BOUND('',#3888,.T.);
#3888 = EDGE_LOOP('',(#3889,#3915,#3936,#3937,#3938,#3962,#3989,#4011,
    #4012,#4040));
#3889 = ORIENTED_EDGE('',*,*,#3890,.F.);
#3890 = EDGE_CURVE('',#3891,#3893,#3895,.T.);
#3891 = VERTEX_POINT('',#3892);
#3892 = CARTESIAN_POINT('',(23.35,32.15,1.4));
#3893 = VERTEX_POINT('',#3894);
#3894 = CARTESIAN_POINT('',(22.,34.761034277829,1.4));
#3895 = SURFACE_CURVE('',#3896,(#3901,#3908),.PCURVE_S1.);
#3896 = CIRCLE('',#3897,3.2);
#3897 = AXIS2_PLACEMENT_3D('',#3898,#3899,#3900);
#3898 = CARTESIAN_POINT('',(20.15,32.15,1.4));
#3899 = DIRECTION('',(0.,0.,1.));
#3900 = DIRECTION('',(1.,0.,0.));
#3901 = PCURVE('',#1002,#3902);
#3902 = DEFINITIONAL_REPRESENTATION('',(#3903),#3907);
#3903 = LINE('',#3904,#3905);
#3904 = CARTESIAN_POINT('',(-0.,0.));
#3905 = VECTOR('',#3906,1.);
#3906 = DIRECTION('',(-1.,0.));
#3907 = ( GEOMETRIC_REPRESENTATION_CONTEXT(2) 
PARAMETRIC_REPRESENTATION_CONTEXT() REPRESENTATION_CONTEXT('2D SPACE',''
  ) );
#3908 = PCURVE('',#3551,#3909);
#3909 = DEFINITIONAL_REPRESENTATION('',(#3910),#3914);
#3910 = CIRCLE('',#3911,3.2);
#3911 = AXIS2_PLACEMENT_2D('',#3912,#3913);
#3912 = CARTESIAN_POINT('',(20.15,32.15));
#3913 = DIRECTION('',(1.,0.));
#3914 = ( GEOMETRIC_REPRESENTATION_CONTEXT(2) 
PARAMETRIC_REPRESENTATION_CONTEXT() REPRESENTATION_CONTEXT('2D SPACE',''
  ) );
#3915 = ORIENTED_EDGE('',*,*,#3916,.T.);
#3916 = EDGE_CURVE('',#3891,#982,#3917,.T.);
#3917 = SURFACE_CURVE('',#3918,(#3922,#3929),.PCURVE_S1.);
#3918 = LINE('',#3919,#3920);
#3919 = CARTESIAN_POINT('',(23.35,32.15,1.4));
#3920 = VECTOR('',#3921,1.);
#3921 = DIRECTION('',(0.,0.,1.));
#3922 = PCURVE('',#1002,#3923);
#3923 = DEFINITIONAL_REPRESENTATION('',(#3924),#3928);
#3924 = LINE('',#3925,#3926);
#3925 = CARTESIAN_POINT('',(-0.,0.));
#3926 = VECTOR('',#3927,1.);
#3927 = DIRECTION('',(-0.,-1.));
#3928 = ( GEOMETRIC_REPRESENTATION_CONTEXT(2) 
PARAMETRIC_REPRESENTATION_CONTEXT() REPRESENTATION_CONTEXT('2D SPACE',''
  ) );
#3929 = PCURVE('',#1029,#3930);
#3930 = DEFINITIONAL_REPRESENTATION('',(#3931),#3935);
#3931 = LINE('',#3932,#3933);
#3932 = CARTESIAN_POINT('',(64.3,0.));
#3933 = VECTOR('',#3934,1.);
#3934 = DIRECTION('',(0.,-1.));
#3935 = ( GEOMETRIC_REPRESENTATION_CONTEXT(2) 
PARAMETRIC_REPRESENTATION_CONTEXT() REPRESENTATION_CONTEXT('2D SPACE',''
  ) );
#3936 = ORIENTED_EDGE('',*,*,#981,.F.);
#3937 = ORIENTED_EDGE('',*,*,#3669,.F.);
#3938 = ORIENTED_EDGE('',*,*,#3939,.F.);
#3939 = EDGE_CURVE('',#3940,#3670,#3942,.T.);
#3940 = VERTEX_POINT('',#3941);
#3941 = CARTESIAN_POINT('',(20.4,35.34021942819,3.2));
#3942 = SURFACE_CURVE('',#3943,(#3948,#3955),.PCURVE_S1.);
#3943 = CIRCLE('',#3944,3.2);
#3944 = AXIS2_PLACEMENT_3D('',#3945,#3946,#3947);
#3945 = CARTESIAN_POINT('',(20.15,32.15,3.2));
#3946 = DIRECTION('',(0.,0.,1.));
#3947 = DIRECTION('',(1.,0.,0.));
#3948 = PCURVE('',#1002,#3949);
#3949 = DEFINITIONAL_REPRESENTATION('',(#3950),#3954);
#3950 = LINE('',#3951,#3952);
#3951 = CARTESIAN_POINT('',(-0.,-1.8));
#3952 = VECTOR('',#3953,1.);
#3953 = DIRECTION('',(-1.,0.));
#3954 = ( GEOMETRIC_REPRESENTATION_CONTEXT(2) 
PARAMETRIC_REPRESENTATION_CONTEXT() REPRESENTATION_CONTEXT('2D SPACE',''
  ) );
#3955 = PCURVE('',#3708,#3956);
#3956 = DEFINITIONAL_REPRESENTATION('',(#3957),#3961);
#3957 = CIRCLE('',#3958,3.2);
#3958 = AXIS2_PLACEMENT_2D('',#3959,#3960);
#3959 = CARTESIAN_POINT('',(20.15,32.15));
#3960 = DIRECTION('',(1.,0.));
#3961 = ( GEOMETRIC_REPRESENTATION_CONTEXT(2) 
PARAMETRIC_REPRESENTATION_CONTEXT() REPRESENTATION_CONTEXT('2D SPACE',''
  ) );
#3962 = ORIENTED_EDGE('',*,*,#3963,.T.);
#3963 = EDGE_CURVE('',#3940,#3964,#3966,.T.);
#3964 = VERTEX_POINT('',#3965);
#3965 = CARTESIAN_POINT('',(20.4,35.34021942819,2.4));
#3966 = SURFACE_CURVE('',#3967,(#3971,#3978),.PCURVE_S1.);
#3967 = LINE('',#3968,#3969);
#3968 = CARTESIAN_POINT('',(20.4,35.34021942819,2.4));
#3969 = VECTOR('',#3970,1.);
#3970 = DIRECTION('',(-0.,-0.,-1.));
#3971 = PCURVE('',#1002,#3972);
#3972 = DEFINITIONAL_REPRESENTATION('',(#3973),#3977);
#3973 = LINE('',#3974,#3975);
#3974 = CARTESIAN_POINT('',(-1.49259163486,-1.));
#3975 = VECTOR('',#3976,1.);
#3976 = DIRECTION('',(-0.,1.));
#3977 = ( GEOMETRIC_REPRESENTATION_CONTEXT(2) 
PARAMETRIC_REPRESENTATION_CONTEXT() REPRESENTATION_CONTEXT('2D SPACE',''
  ) );
#3978 = PCURVE('',#3979,#3984);
#3979 = PLANE('',#3980);
#3980 = AXIS2_PLACEMENT_3D('',#3981,#3982,#3983);
#3981 = CARTESIAN_POINT('',(20.4,-14.5,1.9));
#3982 = DIRECTION('',(1.,0.,-0.));
#3983 = DIRECTION('',(0.,0.,1.));
#3984 = DEFINITIONAL_REPRESENTATION('',(#3985),#3988);
#3985 = B_SPLINE_CURVE_WITH_KNOTS('',1,(#3986,#3987),.UNSPECIFIED.,.F.,
  .F.,(2,2),(-0.8000006,5.999999999062E-07),.PIECEWISE_BEZIER_KNOTS.);
#3986 = CARTESIAN_POINT('',(1.3000006,-49.84021942819));
#3987 = CARTESIAN_POINT('',(0.4999994,-49.84021942819));
#3988 = ( GEOMETRIC_REPRESENTATION_CONTEXT(2) 
PARAMETRIC_REPRESENTATION_CONTEXT() REPRESENTATION_CONTEXT('2D SPACE',''
  ) );
#3989 = ORIENTED_EDGE('',*,*,#3990,.T.);
#3990 = EDGE_CURVE('',#3964,#3748,#3991,.T.);
#3991 = SURFACE_CURVE('',#3992,(#3997,#4004),.PCURVE_S1.);
#3992 = CIRCLE('',#3993,3.2);
#3993 = AXIS2_PLACEMENT_3D('',#3994,#3995,#3996);
#3994 = CARTESIAN_POINT('',(20.15,32.15,2.4));
#3995 = DIRECTION('',(0.,0.,1.));
#3996 = DIRECTION('',(1.,0.,0.));
#3997 = PCURVE('',#1002,#3998);
#3998 = DEFINITIONAL_REPRESENTATION('',(#3999),#4003);
#3999 = LINE('',#4000,#4001);
#4000 = CARTESIAN_POINT('',(-0.,-1.));
#4001 = VECTOR('',#4002,1.);
#4002 = DIRECTION('',(-1.,0.));
#4003 = ( GEOMETRIC_REPRESENTATION_CONTEXT(2) 
PARAMETRIC_REPRESENTATION_CONTEXT() REPRESENTATION_CONTEXT('2D SPACE',''
  ) );
#4004 = PCURVE('',#3763,#4005);
#4005 = DEFINITIONAL_REPRESENTATION('',(#4006),#4010);
#4006 = CIRCLE('',#4007,3.2);
#4007 = AXIS2_PLACEMENT_2D('',#4008,#4009);
#4008 = CARTESIAN_POINT('',(20.15,32.15));
#4009 = DIRECTION('',(1.,0.));
#4010 = ( GEOMETRIC_REPRESENTATION_CONTEXT(2) 
PARAMETRIC_REPRESENTATION_CONTEXT() REPRESENTATION_CONTEXT('2D SPACE',''
  ) );
#4011 = ORIENTED_EDGE('',*,*,#3775,.F.);
#4012 = ORIENTED_EDGE('',*,*,#4013,.T.);
#4013 = EDGE_CURVE('',#3776,#4014,#4016,.T.);
#4014 = VERTEX_POINT('',#4015);
#4015 = CARTESIAN_POINT('',(22.,34.761034277829,2.2));
#4016 = SURFACE_CURVE('',#4017,(#4022,#4029),.PCURVE_S1.);
#4017 = CIRCLE('',#4018,3.2);
#4018 = AXIS2_PLACEMENT_3D('',#4019,#4020,#4021);
#4019 = CARTESIAN_POINT('',(20.15,32.15,2.2));
#4020 = DIRECTION('',(0.,0.,-1.));
#4021 = DIRECTION('',(1.,0.,0.));
#4022 = PCURVE('',#1002,#4023);
#4023 = DEFINITIONAL_REPRESENTATION('',(#4024),#4028);
#4024 = LINE('',#4025,#4026);
#4025 = CARTESIAN_POINT('',(-6.28318530718,-0.8));
#4026 = VECTOR('',#4027,1.);
#4027 = DIRECTION('',(1.,-0.));
#4028 = ( GEOMETRIC_REPRESENTATION_CONTEXT(2) 
PARAMETRIC_REPRESENTATION_CONTEXT() REPRESENTATION_CONTEXT('2D SPACE',''
  ) );
#4029 = PCURVE('',#2889,#4030);
#4030 = DEFINITIONAL_REPRESENTATION('',(#4031),#4039);
#4031 = ( BOUNDED_CURVE() B_SPLINE_CURVE(2,(#4032,#4033,#4034,#4035,
#4036,#4037,#4038),.UNSPECIFIED.,.T.,.F.) B_SPLINE_CURVE_WITH_KNOTS((1,2
    ,2,2,2,1),(-2.094395102393,0.,2.094395102393,4.188790204786,
6.28318530718,8.377580409573),.UNSPECIFIED.) CURVE() 
GEOMETRIC_REPRESENTATION_ITEM() RATIONAL_B_SPLINE_CURVE((1.,0.5,1.,0.5,
1.,0.5,1.)) REPRESENTATION_ITEM('') );
#4032 = CARTESIAN_POINT('',(42.35,0.5));
#4033 = CARTESIAN_POINT('',(42.35,-5.04256258422));
#4034 = CARTESIAN_POINT('',(37.55,-2.27128129211));
#4035 = CARTESIAN_POINT('',(32.75,0.5));
#4036 = CARTESIAN_POINT('',(37.55,3.27128129211));
#4037 = CARTESIAN_POINT('',(42.35,6.04256258422));
#4038 = CARTESIAN_POINT('',(42.35,0.5));
#4039 = ( GEOMETRIC_REPRESENTATION_CONTEXT(2) 
PARAMETRIC_REPRESENTATION_CONTEXT() REPRESENTATION_CONTEXT('2D SPACE',''
  ) );
#4040 = ORIENTED_EDGE('',*,*,#4041,.T.);
#4041 = EDGE_CURVE('',#4014,#3893,#4042,.T.);
#4042 = SURFACE_CURVE('',#4043,(#4047,#4053),.PCURVE_S1.);
#4043 = LINE('',#4044,#4045);
#4044 = CARTESIAN_POINT('',(22.,34.761034277829,1.4));
#4045 = VECTOR('',#4046,1.);
#4046 = DIRECTION('',(-0.,-0.,-1.));
#4047 = PCURVE('',#1002,#4048);
#4048 = DEFINITIONAL_REPRESENTATION('',(#4049),#4052);
#4049 = B_SPLINE_CURVE_WITH_KNOTS('',1,(#4050,#4051),.UNSPECIFIED.,.F.,
  .F.,(2,2),(-1.42,5.999999999062E-07),.PIECEWISE_BEZIER_KNOTS.);
#4050 = CARTESIAN_POINT('',(-0.954367451873,-1.42));
#4051 = CARTESIAN_POINT('',(-0.954367451873,5.999999999062E-07));
#4052 = ( GEOMETRIC_REPRESENTATION_CONTEXT(2) 
PARAMETRIC_REPRESENTATION_CONTEXT() REPRESENTATION_CONTEXT('2D SPACE',''
  ) );
#4053 = PCURVE('',#2373,#4054);
#4054 = DEFINITIONAL_REPRESENTATION('',(#4055),#4058);
#4055 = B_SPLINE_CURVE_WITH_KNOTS('',1,(#4056,#4057),.UNSPECIFIED.,.F.,
  .F.,(2,2),(-1.42,5.999999999062E-07),.PIECEWISE_BEZIER_KNOTS.);
#4056 = CARTESIAN_POINT('',(6.82,-3.111034277829));
#4057 = CARTESIAN_POINT('',(5.3999994,-3.111034277829));
#4058 = ( GEOMETRIC_REPRESENTATION_CONTEXT(2) 
PARAMETRIC_REPRESENTATION_CONTEXT() REPRESENTATION_CONTEXT('2D SPACE',''
  ) );
#4059 = ADVANCED_FACE('',(#4060),#1061,.F.);
#4060 = FACE_BOUND('',#4061,.T.);
#4061 = EDGE_LOOP('',(#4062,#4086,#4087,#4088));
#4062 = ORIENTED_EDGE('',*,*,#4063,.F.);
#4063 = EDGE_CURVE('',#3842,#4064,#4066,.T.);
#4064 = VERTEX_POINT('',#4065);
#4065 = CARTESIAN_POINT('',(23.35,-32.15,3.2));
#4066 = SURFACE_CURVE('',#4067,(#4072,#4079),.PCURVE_S1.);
#4067 = CIRCLE('',#4068,3.2);
#4068 = AXIS2_PLACEMENT_3D('',#4069,#4070,#4071);
#4069 = CARTESIAN_POINT('',(20.15,-32.15,3.2));
#4070 = DIRECTION('',(0.,0.,1.));
#4071 = DIRECTION('',(1.,0.,0.));
#4072 = PCURVE('',#1061,#4073);
#4073 = DEFINITIONAL_REPRESENTATION('',(#4074),#4078);
#4074 = LINE('',#4075,#4076);
#4075 = CARTESIAN_POINT('',(-0.,-1.8));
#4076 = VECTOR('',#4077,1.);
#4077 = DIRECTION('',(-1.,0.));
#4078 = ( GEOMETRIC_REPRESENTATION_CONTEXT(2) 
PARAMETRIC_REPRESENTATION_CONTEXT() REPRESENTATION_CONTEXT('2D SPACE',''
  ) );
#4079 = PCURVE('',#3371,#4080);
#4080 = DEFINITIONAL_REPRESENTATION('',(#4081),#4085);
#4081 = CIRCLE('',#4082,3.2);
#4082 = AXIS2_PLACEMENT_2D('',#4083,#4084);
#4083 = CARTESIAN_POINT('',(20.15,-32.15));
#4084 = DIRECTION('',(1.,0.));
#4085 = ( GEOMETRIC_REPRESENTATION_CONTEXT(2) 
PARAMETRIC_REPRESENTATION_CONTEXT() REPRESENTATION_CONTEXT('2D SPACE',''
  ) );
#4086 = ORIENTED_EDGE('',*,*,#3866,.T.);
#4087 = ORIENTED_EDGE('',*,*,#1040,.F.);
#4088 = ORIENTED_EDGE('',*,*,#4089,.F.);
#4089 = EDGE_CURVE('',#4064,#1015,#4090,.T.);
#4090 = SURFACE_CURVE('',#4091,(#4095,#4102),.PCURVE_S1.);
#4091 = LINE('',#4092,#4093);
#4092 = CARTESIAN_POINT('',(23.35,-32.15,1.4));
#4093 = VECTOR('',#4094,1.);
#4094 = DIRECTION('',(0.,0.,1.));
#4095 = PCURVE('',#1061,#4096);
#4096 = DEFINITIONAL_REPRESENTATION('',(#4097),#4101);
#4097 = LINE('',#4098,#4099);
#4098 = CARTESIAN_POINT('',(-6.28318530718,0.));
#4099 = VECTOR('',#4100,1.);
#4100 = DIRECTION('',(-0.,-1.));
#4101 = ( GEOMETRIC_REPRESENTATION_CONTEXT(2) 
PARAMETRIC_REPRESENTATION_CONTEXT() REPRESENTATION_CONTEXT('2D SPACE',''
  ) );
#4102 = PCURVE('',#1029,#4103);
#4103 = DEFINITIONAL_REPRESENTATION('',(#4104),#4108);
#4104 = LINE('',#4105,#4106);
#4105 = CARTESIAN_POINT('',(0.,0.));
#4106 = VECTOR('',#4107,1.);
#4107 = DIRECTION('',(0.,-1.));
#4108 = ( GEOMETRIC_REPRESENTATION_CONTEXT(2) 
PARAMETRIC_REPRESENTATION_CONTEXT() REPRESENTATION_CONTEXT('2D SPACE',''
  ) );
#4109 = ADVANCED_FACE('',(#4110),#1029,.T.);
#4110 = FACE_BOUND('',#4111,.T.);
#4111 = EDGE_LOOP('',(#4112,#4135,#4163,#4191,#4218,#4239,#4240,#4241));
#4112 = ORIENTED_EDGE('',*,*,#4113,.F.);
#4113 = EDGE_CURVE('',#4114,#3891,#4116,.T.);
#4114 = VERTEX_POINT('',#4115);
#4115 = CARTESIAN_POINT('',(23.35,-32.15,1.4));
#4116 = SURFACE_CURVE('',#4117,(#4121,#4128),.PCURVE_S1.);
#4117 = LINE('',#4118,#4119);
#4118 = CARTESIAN_POINT('',(23.35,0.,1.4));
#4119 = VECTOR('',#4120,1.);
#4120 = DIRECTION('',(0.,1.,0.));
#4121 = PCURVE('',#1029,#4122);
#4122 = DEFINITIONAL_REPRESENTATION('',(#4123),#4127);
#4123 = LINE('',#4124,#4125);
#4124 = CARTESIAN_POINT('',(32.15,0.));
#4125 = VECTOR('',#4126,1.);
#4126 = DIRECTION('',(1.,0.));
#4127 = ( GEOMETRIC_REPRESENTATION_CONTEXT(2) 
PARAMETRIC_REPRESENTATION_CONTEXT() REPRESENTATION_CONTEXT('2D SPACE',''
  ) );
#4128 = PCURVE('',#3551,#4129);
#4129 = DEFINITIONAL_REPRESENTATION('',(#4130),#4134);
#4130 = LINE('',#4131,#4132);
#4131 = CARTESIAN_POINT('',(23.35,-6.2035193142E-16));
#4132 = VECTOR('',#4133,1.);
#4133 = DIRECTION('',(0.,1.));
#4134 = ( GEOMETRIC_REPRESENTATION_CONTEXT(2) 
PARAMETRIC_REPRESENTATION_CONTEXT() REPRESENTATION_CONTEXT('2D SPACE',''
  ) );
#4135 = ORIENTED_EDGE('',*,*,#4136,.T.);
#4136 = EDGE_CURVE('',#4114,#4137,#4139,.T.);
#4137 = VERTEX_POINT('',#4138);
#4138 = CARTESIAN_POINT('',(23.35,-32.15,2.4));
#4139 = SURFACE_CURVE('',#4140,(#4144,#4151),.PCURVE_S1.);
#4140 = LINE('',#4141,#4142);
#4141 = CARTESIAN_POINT('',(23.35,-32.15,1.4));
#4142 = VECTOR('',#4143,1.);
#4143 = DIRECTION('',(0.,0.,1.));
#4144 = PCURVE('',#1029,#4145);
#4145 = DEFINITIONAL_REPRESENTATION('',(#4146),#4150);
#4146 = LINE('',#4147,#4148);
#4147 = CARTESIAN_POINT('',(0.,0.));
#4148 = VECTOR('',#4149,1.);
#4149 = DIRECTION('',(0.,-1.));
#4150 = ( GEOMETRIC_REPRESENTATION_CONTEXT(2) 
PARAMETRIC_REPRESENTATION_CONTEXT() REPRESENTATION_CONTEXT('2D SPACE',''
  ) );
#4151 = PCURVE('',#4152,#4157);
#4152 = CYLINDRICAL_SURFACE('',#4153,3.2);
#4153 = AXIS2_PLACEMENT_3D('',#4154,#4155,#4156);
#4154 = CARTESIAN_POINT('',(20.15,-32.15,1.4));
#4155 = DIRECTION('',(-0.,-0.,-1.));
#4156 = DIRECTION('',(1.,0.,0.));
#4157 = DEFINITIONAL_REPRESENTATION('',(#4158),#4162);
#4158 = LINE('',#4159,#4160);
#4159 = CARTESIAN_POINT('',(-6.28318530718,0.));
#4160 = VECTOR('',#4161,1.);
#4161 = DIRECTION('',(-0.,-1.));
#4162 = ( GEOMETRIC_REPRESENTATION_CONTEXT(2) 
PARAMETRIC_REPRESENTATION_CONTEXT() REPRESENTATION_CONTEXT('2D SPACE',''
  ) );
#4163 = ORIENTED_EDGE('',*,*,#4164,.T.);
#4164 = EDGE_CURVE('',#4137,#4165,#4167,.T.);
#4165 = VERTEX_POINT('',#4166);
#4166 = CARTESIAN_POINT('',(23.35,-14.5,2.4));
#4167 = SURFACE_CURVE('',#4168,(#4172,#4179),.PCURVE_S1.);
#4168 = LINE('',#4169,#4170);
#4169 = CARTESIAN_POINT('',(23.35,0.,2.4));
#4170 = VECTOR('',#4171,1.);
#4171 = DIRECTION('',(0.,1.,0.));
#4172 = PCURVE('',#1029,#4173);
#4173 = DEFINITIONAL_REPRESENTATION('',(#4174),#4178);
#4174 = LINE('',#4175,#4176);
#4175 = CARTESIAN_POINT('',(32.15,-1.));
#4176 = VECTOR('',#4177,1.);
#4177 = DIRECTION('',(1.,0.));
#4178 = ( GEOMETRIC_REPRESENTATION_CONTEXT(2) 
PARAMETRIC_REPRESENTATION_CONTEXT() REPRESENTATION_CONTEXT('2D SPACE',''
  ) );
#4179 = PCURVE('',#4180,#4185);
#4180 = PLANE('',#4181);
#4181 = AXIS2_PLACEMENT_3D('',#4182,#4183,#4184);
#4182 = CARTESIAN_POINT('',(1.178668669698E-15,6.2035193142E-16,2.4));
#4183 = DIRECTION('',(0.,0.,1.));
#4184 = DIRECTION('',(1.,0.,-0.));
#4185 = DEFINITIONAL_REPRESENTATION('',(#4186),#4190);
#4186 = LINE('',#4187,#4188);
#4187 = CARTESIAN_POINT('',(23.35,-6.2035193142E-16));
#4188 = VECTOR('',#4189,1.);
#4189 = DIRECTION('',(0.,1.));
#4190 = ( GEOMETRIC_REPRESENTATION_CONTEXT(2) 
PARAMETRIC_REPRESENTATION_CONTEXT() REPRESENTATION_CONTEXT('2D SPACE',''
  ) );
#4191 = ORIENTED_EDGE('',*,*,#4192,.F.);
#4192 = EDGE_CURVE('',#4193,#4165,#4195,.T.);
#4193 = VERTEX_POINT('',#4194);
#4194 = CARTESIAN_POINT('',(23.35,-14.5,3.2));
#4195 = SURFACE_CURVE('',#4196,(#4200,#4207),.PCURVE_S1.);
#4196 = LINE('',#4197,#4198);
#4197 = CARTESIAN_POINT('',(23.35,-14.5,2.15));
#4198 = VECTOR('',#4199,1.);
#4199 = DIRECTION('',(0.,0.,-1.));
#4200 = PCURVE('',#1029,#4201);
#4201 = DEFINITIONAL_REPRESENTATION('',(#4202),#4206);
#4202 = LINE('',#4203,#4204);
#4203 = CARTESIAN_POINT('',(17.65,-0.75));
#4204 = VECTOR('',#4205,1.);
#4205 = DIRECTION('',(0.,1.));
#4206 = ( GEOMETRIC_REPRESENTATION_CONTEXT(2) 
PARAMETRIC_REPRESENTATION_CONTEXT() REPRESENTATION_CONTEXT('2D SPACE',''
  ) );
#4207 = PCURVE('',#4208,#4213);
#4208 = PLANE('',#4209);
#4209 = AXIS2_PLACEMENT_3D('',#4210,#4211,#4212);
#4210 = CARTESIAN_POINT('',(20.4,-14.5,1.9));
#4211 = DIRECTION('',(-0.,1.,0.));
#4212 = DIRECTION('',(0.,0.,1.));
#4213 = DEFINITIONAL_REPRESENTATION('',(#4214),#4217);
#4214 = B_SPLINE_CURVE_WITH_KNOTS('',1,(#4215,#4216),.UNSPECIFIED.,.F.,
  .F.,(2,2),(-1.05,-0.25),.PIECEWISE_BEZIER_KNOTS.);
#4215 = CARTESIAN_POINT('',(1.3,2.95));
#4216 = CARTESIAN_POINT('',(0.5,2.95));
#4217 = ( GEOMETRIC_REPRESENTATION_CONTEXT(2) 
PARAMETRIC_REPRESENTATION_CONTEXT() REPRESENTATION_CONTEXT('2D SPACE',''
  ) );
#4218 = ORIENTED_EDGE('',*,*,#4219,.F.);
#4219 = EDGE_CURVE('',#4064,#4193,#4220,.T.);
#4220 = SURFACE_CURVE('',#4221,(#4225,#4232),.PCURVE_S1.);
#4221 = LINE('',#4222,#4223);
#4222 = CARTESIAN_POINT('',(23.35,0.,3.2));
#4223 = VECTOR('',#4224,1.);
#4224 = DIRECTION('',(0.,1.,0.));
#4225 = PCURVE('',#1029,#4226);
#4226 = DEFINITIONAL_REPRESENTATION('',(#4227),#4231);
#4227 = LINE('',#4228,#4229);
#4228 = CARTESIAN_POINT('',(32.15,-1.8));
#4229 = VECTOR('',#4230,1.);
#4230 = DIRECTION('',(1.,0.));
#4231 = ( GEOMETRIC_REPRESENTATION_CONTEXT(2) 
PARAMETRIC_REPRESENTATION_CONTEXT() REPRESENTATION_CONTEXT('2D SPACE',''
  ) );
#4232 = PCURVE('',#3371,#4233);
#4233 = DEFINITIONAL_REPRESENTATION('',(#4234),#4238);
#4234 = LINE('',#4235,#4236);
#4235 = CARTESIAN_POINT('',(23.35,-6.2035193142E-16));
#4236 = VECTOR('',#4237,1.);
#4237 = DIRECTION('',(0.,1.));
#4238 = ( GEOMETRIC_REPRESENTATION_CONTEXT(2) 
PARAMETRIC_REPRESENTATION_CONTEXT() REPRESENTATION_CONTEXT('2D SPACE',''
  ) );
#4239 = ORIENTED_EDGE('',*,*,#4089,.T.);
#4240 = ORIENTED_EDGE('',*,*,#1014,.F.);
#4241 = ORIENTED_EDGE('',*,*,#3916,.F.);
#4242 = ADVANCED_FACE('',(#4243),#1149,.F.);
#4243 = FACE_BOUND('',#4244,.F.);
#4244 = EDGE_LOOP('',(#4245,#4246,#4269,#4296));
#4245 = ORIENTED_EDGE('',*,*,#1132,.F.);
#4246 = ORIENTED_EDGE('',*,*,#4247,.F.);
#4247 = EDGE_CURVE('',#4248,#1133,#4250,.T.);
#4248 = VERTEX_POINT('',#4249);
#4249 = CARTESIAN_POINT('',(-22.83553390593,35.685533905933,-1.2));
#4250 = SEAM_CURVE('',#4251,(#4255,#4262),.PCURVE_S1.);
#4251 = LINE('',#4252,#4253);
#4252 = CARTESIAN_POINT('',(-22.83553390593,35.685533905933,-1.2));
#4253 = VECTOR('',#4254,1.);
#4254 = DIRECTION('',(0.,0.,1.));
#4255 = PCURVE('',#1149,#4256);
#4256 = DEFINITIONAL_REPRESENTATION('',(#4257),#4261);
#4257 = LINE('',#4258,#4259);
#4258 = CARTESIAN_POINT('',(6.28318530718,-0.));
#4259 = VECTOR('',#4260,1.);
#4260 = DIRECTION('',(0.,1.));
#4261 = ( GEOMETRIC_REPRESENTATION_CONTEXT(2) 
PARAMETRIC_REPRESENTATION_CONTEXT() REPRESENTATION_CONTEXT('2D SPACE',''
  ) );
#4262 = PCURVE('',#1149,#4263);
#4263 = DEFINITIONAL_REPRESENTATION('',(#4264),#4268);
#4264 = LINE('',#4265,#4266);
#4265 = CARTESIAN_POINT('',(0.,-0.));
#4266 = VECTOR('',#4267,1.);
#4267 = DIRECTION('',(0.,1.));
#4268 = ( GEOMETRIC_REPRESENTATION_CONTEXT(2) 
PARAMETRIC_REPRESENTATION_CONTEXT() REPRESENTATION_CONTEXT('2D SPACE',''
  ) );
#4269 = ORIENTED_EDGE('',*,*,#4270,.T.);
#4270 = EDGE_CURVE('',#4248,#4248,#4271,.T.);
#4271 = SURFACE_CURVE('',#4272,(#4277,#4284),.PCURVE_S1.);
#4272 = CIRCLE('',#4273,0.85);
#4273 = AXIS2_PLACEMENT_3D('',#4274,#4275,#4276);
#4274 = CARTESIAN_POINT('',(-23.68553390593,35.685533905933,-1.2));
#4275 = DIRECTION('',(0.,0.,1.));
#4276 = DIRECTION('',(1.,0.,-0.));
#4277 = PCURVE('',#1149,#4278);
#4278 = DEFINITIONAL_REPRESENTATION('',(#4279),#4283);
#4279 = LINE('',#4280,#4281);
#4280 = CARTESIAN_POINT('',(0.,0.));
#4281 = VECTOR('',#4282,1.);
#4282 = DIRECTION('',(1.,0.));
#4283 = ( GEOMETRIC_REPRESENTATION_CONTEXT(2) 
PARAMETRIC_REPRESENTATION_CONTEXT() REPRESENTATION_CONTEXT('2D SPACE',''
  ) );
#4284 = PCURVE('',#4285,#4290);
#4285 = PLANE('',#4286);
#4286 = AXIS2_PLACEMENT_3D('',#4287,#4288,#4289);
#4287 = CARTESIAN_POINT('',(-23.68553390593,35.685533905933,-1.2));
#4288 = DIRECTION('',(0.,0.,1.));
#4289 = DIRECTION('',(1.,0.,-0.));
#4290 = DEFINITIONAL_REPRESENTATION('',(#4291),#4295);
#4291 = CIRCLE('',#4292,0.85);
#4292 = AXIS2_PLACEMENT_2D('',#4293,#4294);
#4293 = CARTESIAN_POINT('',(0.,0.));
#4294 = DIRECTION('',(1.,0.));
#4295 = ( GEOMETRIC_REPRESENTATION_CONTEXT(2) 
PARAMETRIC_REPRESENTATION_CONTEXT() REPRESENTATION_CONTEXT('2D SPACE',''
  ) );
#4296 = ORIENTED_EDGE('',*,*,#4247,.T.);
#4297 = ADVANCED_FACE('',(#4298),#1180,.F.);
#4298 = FACE_BOUND('',#4299,.F.);
#4299 = EDGE_LOOP('',(#4300,#4301,#4324,#4351));
#4300 = ORIENTED_EDGE('',*,*,#1163,.F.);
#4301 = ORIENTED_EDGE('',*,*,#4302,.F.);
#4302 = EDGE_CURVE('',#4303,#1164,#4305,.T.);
#4303 = VERTEX_POINT('',#4304);
#4304 = CARTESIAN_POINT('',(24.535533905933,35.685533905933,-1.2));
#4305 = SEAM_CURVE('',#4306,(#4310,#4317),.PCURVE_S1.);
#4306 = LINE('',#4307,#4308);
#4307 = CARTESIAN_POINT('',(24.535533905933,35.685533905933,-1.2));
#4308 = VECTOR('',#4309,1.);
#4309 = DIRECTION('',(0.,0.,1.));
#4310 = PCURVE('',#1180,#4311);
#4311 = DEFINITIONAL_REPRESENTATION('',(#4312),#4316);
#4312 = LINE('',#4313,#4314);
#4313 = CARTESIAN_POINT('',(6.28318530718,-0.));
#4314 = VECTOR('',#4315,1.);
#4315 = DIRECTION('',(0.,1.));
#4316 = ( GEOMETRIC_REPRESENTATION_CONTEXT(2) 
PARAMETRIC_REPRESENTATION_CONTEXT() REPRESENTATION_CONTEXT('2D SPACE',''
  ) );
#4317 = PCURVE('',#1180,#4318);
#4318 = DEFINITIONAL_REPRESENTATION('',(#4319),#4323);
#4319 = LINE('',#4320,#4321);
#4320 = CARTESIAN_POINT('',(0.,-0.));
#4321 = VECTOR('',#4322,1.);
#4322 = DIRECTION('',(0.,1.));
#4323 = ( GEOMETRIC_REPRESENTATION_CONTEXT(2) 
PARAMETRIC_REPRESENTATION_CONTEXT() REPRESENTATION_CONTEXT('2D SPACE',''
  ) );
#4324 = ORIENTED_EDGE('',*,*,#4325,.T.);
#4325 = EDGE_CURVE('',#4303,#4303,#4326,.T.);
#4326 = SURFACE_CURVE('',#4327,(#4332,#4339),.PCURVE_S1.);
#4327 = CIRCLE('',#4328,0.85);
#4328 = AXIS2_PLACEMENT_3D('',#4329,#4330,#4331);
#4329 = CARTESIAN_POINT('',(23.685533905933,35.685533905933,-1.2));
#4330 = DIRECTION('',(0.,0.,1.));
#4331 = DIRECTION('',(1.,0.,-0.));
#4332 = PCURVE('',#1180,#4333);
#4333 = DEFINITIONAL_REPRESENTATION('',(#4334),#4338);
#4334 = LINE('',#4335,#4336);
#4335 = CARTESIAN_POINT('',(0.,0.));
#4336 = VECTOR('',#4337,1.);
#4337 = DIRECTION('',(1.,0.));
#4338 = ( GEOMETRIC_REPRESENTATION_CONTEXT(2) 
PARAMETRIC_REPRESENTATION_CONTEXT() REPRESENTATION_CONTEXT('2D SPACE',''
  ) );
#4339 = PCURVE('',#4340,#4345);
#4340 = PLANE('',#4341);
#4341 = AXIS2_PLACEMENT_3D('',#4342,#4343,#4344);
#4342 = CARTESIAN_POINT('',(23.685533905933,35.685533905933,-1.2));
#4343 = DIRECTION('',(0.,0.,1.));
#4344 = DIRECTION('',(1.,0.,-0.));
#4345 = DEFINITIONAL_REPRESENTATION('',(#4346),#4350);
#4346 = CIRCLE('',#4347,0.85);
#4347 = AXIS2_PLACEMENT_2D('',#4348,#4349);
#4348 = CARTESIAN_POINT('',(0.,0.));
#4349 = DIRECTION('',(1.,0.));
#4350 = ( GEOMETRIC_REPRESENTATION_CONTEXT(2) 
PARAMETRIC_REPRESENTATION_CONTEXT() REPRESENTATION_CONTEXT('2D SPACE',''
  ) );
#4351 = ORIENTED_EDGE('',*,*,#4302,.T.);
#4352 = ADVANCED_FACE('',(#4353),#1262,.T.);
#4353 = FACE_BOUND('',#4354,.T.);
#4354 = EDGE_LOOP('',(#4355,#4376,#4377,#4378));
#4355 = ORIENTED_EDGE('',*,*,#4356,.F.);
#4356 = EDGE_CURVE('',#1350,#1219,#4357,.T.);
#4357 = SURFACE_CURVE('',#4358,(#4362,#4369),.PCURVE_S1.);
#4358 = LINE('',#4359,#4360);
#4359 = CARTESIAN_POINT('',(-27.75,-15.2,5.3));
#4360 = VECTOR('',#4361,1.);
#4361 = DIRECTION('',(-0.,1.,0.));
#4362 = PCURVE('',#1262,#4363);
#4363 = DEFINITIONAL_REPRESENTATION('',(#4364),#4368);
#4364 = LINE('',#4365,#4366);
#4365 = CARTESIAN_POINT('',(0.,0.));
#4366 = VECTOR('',#4367,1.);
#4367 = DIRECTION('',(0.,1.));
#4368 = ( GEOMETRIC_REPRESENTATION_CONTEXT(2) 
PARAMETRIC_REPRESENTATION_CONTEXT() REPRESENTATION_CONTEXT('2D SPACE',''
  ) );
#4369 = PCURVE('',#1234,#4370);
#4370 = DEFINITIONAL_REPRESENTATION('',(#4371),#4375);
#4371 = LINE('',#4372,#4373);
#4372 = CARTESIAN_POINT('',(6.8,0.));
#4373 = VECTOR('',#4374,1.);
#4374 = DIRECTION('',(0.,-1.));
#4375 = ( GEOMETRIC_REPRESENTATION_CONTEXT(2) 
PARAMETRIC_REPRESENTATION_CONTEXT() REPRESENTATION_CONTEXT('2D SPACE',''
  ) );
#4376 = ORIENTED_EDGE('',*,*,#1372,.T.);
#4377 = ORIENTED_EDGE('',*,*,#2649,.T.);
#4378 = ORIENTED_EDGE('',*,*,#1246,.F.);
#4379 = ADVANCED_FACE('',(#4380,#4386),#1234,.F.);
#4380 = FACE_BOUND('',#4381,.F.);
#4381 = EDGE_LOOP('',(#4382,#4383,#4384,#4385));
#4382 = ORIENTED_EDGE('',*,*,#1349,.F.);
#4383 = ORIENTED_EDGE('',*,*,#1299,.T.);
#4384 = ORIENTED_EDGE('',*,*,#1218,.T.);
#4385 = ORIENTED_EDGE('',*,*,#4356,.F.);
#4386 = FACE_BOUND('',#4387,.F.);
#4387 = EDGE_LOOP('',(#4388,#4416,#4442,#4468));
#4388 = ORIENTED_EDGE('',*,*,#4389,.T.);
#4389 = EDGE_CURVE('',#4390,#4392,#4394,.T.);
#4390 = VERTEX_POINT('',#4391);
#4391 = CARTESIAN_POINT('',(-27.75,13.5,0.2));
#4392 = VERTEX_POINT('',#4393);
#4393 = CARTESIAN_POINT('',(-27.75,-13.5,0.2));
#4394 = SURFACE_CURVE('',#4395,(#4399,#4405),.PCURVE_S1.);
#4395 = LINE('',#4396,#4397);
#4396 = CARTESIAN_POINT('',(-27.75,-14.35,0.2));
#4397 = VECTOR('',#4398,1.);
#4398 = DIRECTION('',(0.,-1.,0.));
#4399 = PCURVE('',#1234,#4400);
#4400 = DEFINITIONAL_REPRESENTATION('',(#4401),#4404);
#4401 = B_SPLINE_CURVE_WITH_KNOTS('',1,(#4402,#4403),.UNSPECIFIED.,.F.,
  .F.,(2,2),(-27.85,-0.85),.PIECEWISE_BEZIER_KNOTS.);
#4402 = CARTESIAN_POINT('',(1.7,-28.7));
#4403 = CARTESIAN_POINT('',(1.7,-1.7));
#4404 = ( GEOMETRIC_REPRESENTATION_CONTEXT(2) 
PARAMETRIC_REPRESENTATION_CONTEXT() REPRESENTATION_CONTEXT('2D SPACE',''
  ) );
#4405 = PCURVE('',#4406,#4411);
#4406 = PLANE('',#4407);
#4407 = AXIS2_PLACEMENT_3D('',#4408,#4409,#4410);
#4408 = CARTESIAN_POINT('',(-28.75,-13.5,0.2));
#4409 = DIRECTION('',(0.,0.,1.));
#4410 = DIRECTION('',(1.,0.,-0.));
#4411 = DEFINITIONAL_REPRESENTATION('',(#4412),#4415);
#4412 = B_SPLINE_CURVE_WITH_KNOTS('',1,(#4413,#4414),.UNSPECIFIED.,.F.,
  .F.,(2,2),(-27.85,-0.85),.PIECEWISE_BEZIER_KNOTS.);
#4413 = CARTESIAN_POINT('',(1.,27.));
#4414 = CARTESIAN_POINT('',(1.,0.));
#4415 = ( GEOMETRIC_REPRESENTATION_CONTEXT(2) 
PARAMETRIC_REPRESENTATION_CONTEXT() REPRESENTATION_CONTEXT('2D SPACE',''
  ) );
#4416 = ORIENTED_EDGE('',*,*,#4417,.T.);
#4417 = EDGE_CURVE('',#4392,#4418,#4420,.T.);
#4418 = VERTEX_POINT('',#4419);
#4419 = CARTESIAN_POINT('',(-27.75,-13.5,3.6));
#4420 = SURFACE_CURVE('',#4421,(#4425,#4431),.PCURVE_S1.);
#4421 = LINE('',#4422,#4423);
#4422 = CARTESIAN_POINT('',(-27.75,-13.5,-0.65));
#4423 = VECTOR('',#4424,1.);
#4424 = DIRECTION('',(0.,0.,1.));
#4425 = PCURVE('',#1234,#4426);
#4426 = DEFINITIONAL_REPRESENTATION('',(#4427),#4430);
#4427 = B_SPLINE_CURVE_WITH_KNOTS('',1,(#4428,#4429),.UNSPECIFIED.,.F.,
  .F.,(2,2),(0.85,4.25),.PIECEWISE_BEZIER_KNOTS.);
#4428 = CARTESIAN_POINT('',(1.7,-1.7));
#4429 = CARTESIAN_POINT('',(5.1,-1.7));
#4430 = ( GEOMETRIC_REPRESENTATION_CONTEXT(2) 
PARAMETRIC_REPRESENTATION_CONTEXT() REPRESENTATION_CONTEXT('2D SPACE',''
  ) );
#4431 = PCURVE('',#4432,#4437);
#4432 = PLANE('',#4433);
#4433 = AXIS2_PLACEMENT_3D('',#4434,#4435,#4436);
#4434 = CARTESIAN_POINT('',(-28.75,-13.5,0.2));
#4435 = DIRECTION('',(-0.,1.,0.));
#4436 = DIRECTION('',(0.,0.,1.));
#4437 = DEFINITIONAL_REPRESENTATION('',(#4438),#4441);
#4438 = B_SPLINE_CURVE_WITH_KNOTS('',1,(#4439,#4440),.UNSPECIFIED.,.F.,
  .F.,(2,2),(0.85,4.25),.PIECEWISE_BEZIER_KNOTS.);
#4439 = CARTESIAN_POINT('',(0.,1.));
#4440 = CARTESIAN_POINT('',(3.4,1.));
#4441 = ( GEOMETRIC_REPRESENTATION_CONTEXT(2) 
PARAMETRIC_REPRESENTATION_CONTEXT() REPRESENTATION_CONTEXT('2D SPACE',''
  ) );
#4442 = ORIENTED_EDGE('',*,*,#4443,.F.);
#4443 = EDGE_CURVE('',#4444,#4418,#4446,.T.);
#4444 = VERTEX_POINT('',#4445);
#4445 = CARTESIAN_POINT('',(-27.75,13.5,3.6));
#4446 = SURFACE_CURVE('',#4447,(#4451,#4457),.PCURVE_S1.);
#4447 = LINE('',#4448,#4449);
#4448 = CARTESIAN_POINT('',(-27.75,-14.35,3.6));
#4449 = VECTOR('',#4450,1.);
#4450 = DIRECTION('',(0.,-1.,0.));
#4451 = PCURVE('',#1234,#4452);
#4452 = DEFINITIONAL_REPRESENTATION('',(#4453),#4456);
#4453 = B_SPLINE_CURVE_WITH_KNOTS('',1,(#4454,#4455),.UNSPECIFIED.,.F.,
  .F.,(2,2),(-27.85,-0.85),.PIECEWISE_BEZIER_KNOTS.);
#4454 = CARTESIAN_POINT('',(5.1,-28.7));
#4455 = CARTESIAN_POINT('',(5.1,-1.7));
#4456 = ( GEOMETRIC_REPRESENTATION_CONTEXT(2) 
PARAMETRIC_REPRESENTATION_CONTEXT() REPRESENTATION_CONTEXT('2D SPACE',''
  ) );
#4457 = PCURVE('',#4458,#4463);
#4458 = PLANE('',#4459);
#4459 = AXIS2_PLACEMENT_3D('',#4460,#4461,#4462);
#4460 = CARTESIAN_POINT('',(-28.75,-13.5,3.6));
#4461 = DIRECTION('',(0.,0.,1.));
#4462 = DIRECTION('',(1.,0.,-0.));
#4463 = DEFINITIONAL_REPRESENTATION('',(#4464),#4467);
#4464 = B_SPLINE_CURVE_WITH_KNOTS('',1,(#4465,#4466),.UNSPECIFIED.,.F.,
  .F.,(2,2),(-27.85,-0.85),.PIECEWISE_BEZIER_KNOTS.);
#4465 = CARTESIAN_POINT('',(1.,27.));
#4466 = CARTESIAN_POINT('',(1.,0.));
#4467 = ( GEOMETRIC_REPRESENTATION_CONTEXT(2) 
PARAMETRIC_REPRESENTATION_CONTEXT() REPRESENTATION_CONTEXT('2D SPACE',''
  ) );
#4468 = ORIENTED_EDGE('',*,*,#4469,.F.);
#4469 = EDGE_CURVE('',#4390,#4444,#4470,.T.);
#4470 = SURFACE_CURVE('',#4471,(#4475,#4481),.PCURVE_S1.);
#4471 = LINE('',#4472,#4473);
#4472 = CARTESIAN_POINT('',(-27.75,13.5,-0.65));
#4473 = VECTOR('',#4474,1.);
#4474 = DIRECTION('',(0.,0.,1.));
#4475 = PCURVE('',#1234,#4476);
#4476 = DEFINITIONAL_REPRESENTATION('',(#4477),#4480);
#4477 = B_SPLINE_CURVE_WITH_KNOTS('',1,(#4478,#4479),.UNSPECIFIED.,.F.,
  .F.,(2,2),(0.85,4.25),.PIECEWISE_BEZIER_KNOTS.);
#4478 = CARTESIAN_POINT('',(1.7,-28.7));
#4479 = CARTESIAN_POINT('',(5.1,-28.7));
#4480 = ( GEOMETRIC_REPRESENTATION_CONTEXT(2) 
PARAMETRIC_REPRESENTATION_CONTEXT() REPRESENTATION_CONTEXT('2D SPACE',''
  ) );
#4481 = PCURVE('',#4482,#4487);
#4482 = PLANE('',#4483);
#4483 = AXIS2_PLACEMENT_3D('',#4484,#4485,#4486);
#4484 = CARTESIAN_POINT('',(-28.75,13.5,0.2));
#4485 = DIRECTION('',(-0.,1.,0.));
#4486 = DIRECTION('',(0.,0.,1.));
#4487 = DEFINITIONAL_REPRESENTATION('',(#4488),#4491);
#4488 = B_SPLINE_CURVE_WITH_KNOTS('',1,(#4489,#4490),.UNSPECIFIED.,.F.,
  .F.,(2,2),(0.85,4.25),.PIECEWISE_BEZIER_KNOTS.);
#4489 = CARTESIAN_POINT('',(0.,1.));
#4490 = CARTESIAN_POINT('',(3.4,1.));
#4491 = ( GEOMETRIC_REPRESENTATION_CONTEXT(2) 
PARAMETRIC_REPRESENTATION_CONTEXT() REPRESENTATION_CONTEXT('2D SPACE',''
  ) );
#4492 = ADVANCED_FACE('',(#4493),#2432,.T.);
#4493 = FACE_BOUND('',#4494,.T.);
#4494 = EDGE_LOOP('',(#4495,#4518,#4519,#4520,#4541,#4542));
#4495 = ORIENTED_EDGE('',*,*,#4496,.F.);
#4496 = EDGE_CURVE('',#2385,#4497,#4499,.T.);
#4497 = VERTEX_POINT('',#4498);
#4498 = CARTESIAN_POINT('',(-19.,31.65,1.4));
#4499 = SURFACE_CURVE('',#4500,(#4504,#4511),.PCURVE_S1.);
#4500 = LINE('',#4501,#4502);
#4501 = CARTESIAN_POINT('',(-19.,31.65,-4.));
#4502 = VECTOR('',#4503,1.);
#4503 = DIRECTION('',(0.,0.,1.));
#4504 = PCURVE('',#2432,#4505);
#4505 = DEFINITIONAL_REPRESENTATION('',(#4506),#4510);
#4506 = LINE('',#4507,#4508);
#4507 = CARTESIAN_POINT('',(0.,0.));
#4508 = VECTOR('',#4509,1.);
#4509 = DIRECTION('',(1.,0.));
#4510 = ( GEOMETRIC_REPRESENTATION_CONTEXT(2) 
PARAMETRIC_REPRESENTATION_CONTEXT() REPRESENTATION_CONTEXT('2D SPACE',''
  ) );
#4511 = PCURVE('',#2401,#4512);
#4512 = DEFINITIONAL_REPRESENTATION('',(#4513),#4517);
#4513 = LINE('',#4514,#4515);
#4514 = CARTESIAN_POINT('',(0.,0.));
#4515 = VECTOR('',#4516,1.);
#4516 = DIRECTION('',(1.,0.));
#4517 = ( GEOMETRIC_REPRESENTATION_CONTEXT(2) 
PARAMETRIC_REPRESENTATION_CONTEXT() REPRESENTATION_CONTEXT('2D SPACE',''
  ) );
#4518 = ORIENTED_EDGE('',*,*,#2417,.F.);
#4519 = ORIENTED_EDGE('',*,*,#2829,.F.);
#4520 = ORIENTED_EDGE('',*,*,#4521,.F.);
#4521 = EDGE_CURVE('',#3799,#2830,#4522,.T.);
#4522 = SURFACE_CURVE('',#4523,(#4527,#4534),.PCURVE_S1.);
#4523 = LINE('',#4524,#4525);
#4524 = CARTESIAN_POINT('',(-19.,31.65,2.2));
#4525 = VECTOR('',#4526,1.);
#4526 = DIRECTION('',(-0.,1.,0.));
#4527 = PCURVE('',#2432,#4528);
#4528 = DEFINITIONAL_REPRESENTATION('',(#4529),#4533);
#4529 = LINE('',#4530,#4531);
#4530 = CARTESIAN_POINT('',(6.2,0.));
#4531 = VECTOR('',#4532,1.);
#4532 = DIRECTION('',(0.,-1.));
#4533 = ( GEOMETRIC_REPRESENTATION_CONTEXT(2) 
PARAMETRIC_REPRESENTATION_CONTEXT() REPRESENTATION_CONTEXT('2D SPACE',''
  ) );
#4534 = PCURVE('',#2889,#4535);
#4535 = DEFINITIONAL_REPRESENTATION('',(#4536),#4540);
#4536 = LINE('',#4537,#4538);
#4537 = CARTESIAN_POINT('',(0.,0.));
#4538 = VECTOR('',#4539,1.);
#4539 = DIRECTION('',(0.,1.));
#4540 = ( GEOMETRIC_REPRESENTATION_CONTEXT(2) 
PARAMETRIC_REPRESENTATION_CONTEXT() REPRESENTATION_CONTEXT('2D SPACE',''
  ) );
#4541 = ORIENTED_EDGE('',*,*,#3819,.T.);
#4542 = ORIENTED_EDGE('',*,*,#4543,.F.);
#4543 = EDGE_CURVE('',#4497,#3536,#4544,.T.);
#4544 = SURFACE_CURVE('',#4545,(#4549,#4555),.PCURVE_S1.);
#4545 = LINE('',#4546,#4547);
#4546 = CARTESIAN_POINT('',(-19.,15.825,1.4));
#4547 = VECTOR('',#4548,1.);
#4548 = DIRECTION('',(-0.,1.,0.));
#4549 = PCURVE('',#2432,#4550);
#4550 = DEFINITIONAL_REPRESENTATION('',(#4551),#4554);
#4551 = B_SPLINE_CURVE_WITH_KNOTS('',1,(#4552,#4553),.UNSPECIFIED.,.F.,
  .F.,(2,2),(15.825,19.525),.PIECEWISE_BEZIER_KNOTS.);
#4552 = CARTESIAN_POINT('',(5.4,0.));
#4553 = CARTESIAN_POINT('',(5.4,-3.7));
#4554 = ( GEOMETRIC_REPRESENTATION_CONTEXT(2) 
PARAMETRIC_REPRESENTATION_CONTEXT() REPRESENTATION_CONTEXT('2D SPACE',''
  ) );
#4555 = PCURVE('',#3551,#4556);
#4556 = DEFINITIONAL_REPRESENTATION('',(#4557),#4560);
#4557 = B_SPLINE_CURVE_WITH_KNOTS('',1,(#4558,#4559),.UNSPECIFIED.,.F.,
  .F.,(2,2),(15.825,19.525),.PIECEWISE_BEZIER_KNOTS.);
#4558 = CARTESIAN_POINT('',(-19.,31.65));
#4559 = CARTESIAN_POINT('',(-19.,35.35));
#4560 = ( GEOMETRIC_REPRESENTATION_CONTEXT(2) 
PARAMETRIC_REPRESENTATION_CONTEXT() REPRESENTATION_CONTEXT('2D SPACE',''
  ) );
#4561 = ADVANCED_FACE('',(#4562),#2401,.T.);
#4562 = FACE_BOUND('',#4563,.T.);
#4563 = EDGE_LOOP('',(#4564,#4587,#4588,#4589));
#4564 = ORIENTED_EDGE('',*,*,#4565,.F.);
#4565 = EDGE_CURVE('',#2359,#4566,#4568,.T.);
#4566 = VERTEX_POINT('',#4567);
#4567 = CARTESIAN_POINT('',(22.,31.65,1.4));
#4568 = SURFACE_CURVE('',#4569,(#4573,#4580),.PCURVE_S1.);
#4569 = LINE('',#4570,#4571);
#4570 = CARTESIAN_POINT('',(22.,31.65,-4.));
#4571 = VECTOR('',#4572,1.);
#4572 = DIRECTION('',(0.,0.,1.));
#4573 = PCURVE('',#2401,#4574);
#4574 = DEFINITIONAL_REPRESENTATION('',(#4575),#4579);
#4575 = LINE('',#4576,#4577);
#4576 = CARTESIAN_POINT('',(0.,41.));
#4577 = VECTOR('',#4578,1.);
#4578 = DIRECTION('',(1.,0.));
#4579 = ( GEOMETRIC_REPRESENTATION_CONTEXT(2) 
PARAMETRIC_REPRESENTATION_CONTEXT() REPRESENTATION_CONTEXT('2D SPACE',''
  ) );
#4580 = PCURVE('',#2373,#4581);
#4581 = DEFINITIONAL_REPRESENTATION('',(#4582),#4586);
#4582 = LINE('',#4583,#4584);
#4583 = CARTESIAN_POINT('',(0.,0.));
#4584 = VECTOR('',#4585,1.);
#4585 = DIRECTION('',(1.,0.));
#4586 = ( GEOMETRIC_REPRESENTATION_CONTEXT(2) 
PARAMETRIC_REPRESENTATION_CONTEXT() REPRESENTATION_CONTEXT('2D SPACE',''
  ) );
#4587 = ORIENTED_EDGE('',*,*,#2384,.T.);
#4588 = ORIENTED_EDGE('',*,*,#4496,.T.);
#4589 = ORIENTED_EDGE('',*,*,#4590,.F.);
#4590 = EDGE_CURVE('',#4566,#4497,#4591,.T.);
#4591 = SURFACE_CURVE('',#4592,(#4596,#4602),.PCURVE_S1.);
#4592 = LINE('',#4593,#4594);
#4593 = CARTESIAN_POINT('',(-9.5,31.65,1.4));
#4594 = VECTOR('',#4595,1.);
#4595 = DIRECTION('',(-1.,-0.,0.));
#4596 = PCURVE('',#2401,#4597);
#4597 = DEFINITIONAL_REPRESENTATION('',(#4598),#4601);
#4598 = B_SPLINE_CURVE_WITH_KNOTS('',1,(#4599,#4600),.UNSPECIFIED.,.F.,
  .F.,(2,2),(-31.5,9.5),.PIECEWISE_BEZIER_KNOTS.);
#4599 = CARTESIAN_POINT('',(5.4,41.));
#4600 = CARTESIAN_POINT('',(5.4,0.));
#4601 = ( GEOMETRIC_REPRESENTATION_CONTEXT(2) 
PARAMETRIC_REPRESENTATION_CONTEXT() REPRESENTATION_CONTEXT('2D SPACE',''
  ) );
#4602 = PCURVE('',#3551,#4603);
#4603 = DEFINITIONAL_REPRESENTATION('',(#4604),#4607);
#4604 = B_SPLINE_CURVE_WITH_KNOTS('',1,(#4605,#4606),.UNSPECIFIED.,.F.,
  .F.,(2,2),(-31.5,9.5),.PIECEWISE_BEZIER_KNOTS.);
#4605 = CARTESIAN_POINT('',(22.,31.65));
#4606 = CARTESIAN_POINT('',(-19.,31.65));
#4607 = ( GEOMETRIC_REPRESENTATION_CONTEXT(2) 
PARAMETRIC_REPRESENTATION_CONTEXT() REPRESENTATION_CONTEXT('2D SPACE',''
  ) );
#4608 = ADVANCED_FACE('',(#4609),#2373,.F.);
#4609 = FACE_BOUND('',#4610,.F.);
#4610 = EDGE_LOOP('',(#4611,#4612,#4613,#4636,#4657,#4658));
#4611 = ORIENTED_EDGE('',*,*,#4565,.F.);
#4612 = ORIENTED_EDGE('',*,*,#2358,.F.);
#4613 = ORIENTED_EDGE('',*,*,#4614,.T.);
#4614 = EDGE_CURVE('',#2326,#4615,#4617,.T.);
#4615 = VERTEX_POINT('',#4616);
#4616 = CARTESIAN_POINT('',(22.,37.65,2.2));
#4617 = SURFACE_CURVE('',#4618,(#4622,#4629),.PCURVE_S1.);
#4618 = LINE('',#4619,#4620);
#4619 = CARTESIAN_POINT('',(22.,37.65,-4.));
#4620 = VECTOR('',#4621,1.);
#4621 = DIRECTION('',(0.,0.,1.));
#4622 = PCURVE('',#2373,#4623);
#4623 = DEFINITIONAL_REPRESENTATION('',(#4624),#4628);
#4624 = LINE('',#4625,#4626);
#4625 = CARTESIAN_POINT('',(0.,-6.));
#4626 = VECTOR('',#4627,1.);
#4627 = DIRECTION('',(1.,0.));
#4628 = ( GEOMETRIC_REPRESENTATION_CONTEXT(2) 
PARAMETRIC_REPRESENTATION_CONTEXT() REPRESENTATION_CONTEXT('2D SPACE',''
  ) );
#4629 = PCURVE('',#2342,#4630);
#4630 = DEFINITIONAL_REPRESENTATION('',(#4631),#4635);
#4631 = LINE('',#4632,#4633);
#4632 = CARTESIAN_POINT('',(0.,41.));
#4633 = VECTOR('',#4634,1.);
#4634 = DIRECTION('',(1.,0.));
#4635 = ( GEOMETRIC_REPRESENTATION_CONTEXT(2) 
PARAMETRIC_REPRESENTATION_CONTEXT() REPRESENTATION_CONTEXT('2D SPACE',''
  ) );
#4636 = ORIENTED_EDGE('',*,*,#4637,.F.);
#4637 = EDGE_CURVE('',#4014,#4615,#4638,.T.);
#4638 = SURFACE_CURVE('',#4639,(#4643,#4650),.PCURVE_S1.);
#4639 = LINE('',#4640,#4641);
#4640 = CARTESIAN_POINT('',(22.,31.65,2.2));
#4641 = VECTOR('',#4642,1.);
#4642 = DIRECTION('',(-0.,1.,0.));
#4643 = PCURVE('',#2373,#4644);
#4644 = DEFINITIONAL_REPRESENTATION('',(#4645),#4649);
#4645 = LINE('',#4646,#4647);
#4646 = CARTESIAN_POINT('',(6.2,0.));
#4647 = VECTOR('',#4648,1.);
#4648 = DIRECTION('',(0.,-1.));
#4649 = ( GEOMETRIC_REPRESENTATION_CONTEXT(2) 
PARAMETRIC_REPRESENTATION_CONTEXT() REPRESENTATION_CONTEXT('2D SPACE',''
  ) );
#4650 = PCURVE('',#2889,#4651);
#4651 = DEFINITIONAL_REPRESENTATION('',(#4652),#4656);
#4652 = LINE('',#4653,#4654);
#4653 = CARTESIAN_POINT('',(41.,0.));
#4654 = VECTOR('',#4655,1.);
#4655 = DIRECTION('',(0.,1.));
#4656 = ( GEOMETRIC_REPRESENTATION_CONTEXT(2) 
PARAMETRIC_REPRESENTATION_CONTEXT() REPRESENTATION_CONTEXT('2D SPACE',''
  ) );
#4657 = ORIENTED_EDGE('',*,*,#4041,.T.);
#4658 = ORIENTED_EDGE('',*,*,#4659,.F.);
#4659 = EDGE_CURVE('',#4566,#3893,#4660,.T.);
#4660 = SURFACE_CURVE('',#4661,(#4665,#4671),.PCURVE_S1.);
#4661 = LINE('',#4662,#4663);
#4662 = CARTESIAN_POINT('',(22.,15.825,1.4));
#4663 = VECTOR('',#4664,1.);
#4664 = DIRECTION('',(-0.,1.,0.));
#4665 = PCURVE('',#2373,#4666);
#4666 = DEFINITIONAL_REPRESENTATION('',(#4667),#4670);
#4667 = B_SPLINE_CURVE_WITH_KNOTS('',1,(#4668,#4669),.UNSPECIFIED.,.F.,
  .F.,(2,2),(15.825,19.525),.PIECEWISE_BEZIER_KNOTS.);
#4668 = CARTESIAN_POINT('',(5.4,0.));
#4669 = CARTESIAN_POINT('',(5.4,-3.7));
#4670 = ( GEOMETRIC_REPRESENTATION_CONTEXT(2) 
PARAMETRIC_REPRESENTATION_CONTEXT() REPRESENTATION_CONTEXT('2D SPACE',''
  ) );
#4671 = PCURVE('',#3551,#4672);
#4672 = DEFINITIONAL_REPRESENTATION('',(#4673),#4676);
#4673 = B_SPLINE_CURVE_WITH_KNOTS('',1,(#4674,#4675),.UNSPECIFIED.,.F.,
  .F.,(2,2),(15.825,19.525),.PIECEWISE_BEZIER_KNOTS.);
#4674 = CARTESIAN_POINT('',(22.,31.65));
#4675 = CARTESIAN_POINT('',(22.,35.35));
#4676 = ( GEOMETRIC_REPRESENTATION_CONTEXT(2) 
PARAMETRIC_REPRESENTATION_CONTEXT() REPRESENTATION_CONTEXT('2D SPACE',''
  ) );
#4677 = ADVANCED_FACE('',(#4678),#2342,.F.);
#4678 = FACE_BOUND('',#4679,.F.);
#4679 = EDGE_LOOP('',(#4680,#4681,#4682,#4683));
#4680 = ORIENTED_EDGE('',*,*,#4614,.F.);
#4681 = ORIENTED_EDGE('',*,*,#2325,.T.);
#4682 = ORIENTED_EDGE('',*,*,#3113,.T.);
#4683 = ORIENTED_EDGE('',*,*,#4684,.T.);
#4684 = EDGE_CURVE('',#3114,#4615,#4685,.T.);
#4685 = SURFACE_CURVE('',#4686,(#4690,#4697),.PCURVE_S1.);
#4686 = LINE('',#4687,#4688);
#4687 = CARTESIAN_POINT('',(-19.,37.65,2.2));
#4688 = VECTOR('',#4689,1.);
#4689 = DIRECTION('',(1.,0.,-0.));
#4690 = PCURVE('',#2342,#4691);
#4691 = DEFINITIONAL_REPRESENTATION('',(#4692),#4696);
#4692 = LINE('',#4693,#4694);
#4693 = CARTESIAN_POINT('',(6.2,0.));
#4694 = VECTOR('',#4695,1.);
#4695 = DIRECTION('',(0.,1.));
#4696 = ( GEOMETRIC_REPRESENTATION_CONTEXT(2) 
PARAMETRIC_REPRESENTATION_CONTEXT() REPRESENTATION_CONTEXT('2D SPACE',''
  ) );
#4697 = PCURVE('',#2889,#4698);
#4698 = DEFINITIONAL_REPRESENTATION('',(#4699),#4703);
#4699 = LINE('',#4700,#4701);
#4700 = CARTESIAN_POINT('',(0.,6.));
#4701 = VECTOR('',#4702,1.);
#4702 = DIRECTION('',(1.,0.));
#4703 = ( GEOMETRIC_REPRESENTATION_CONTEXT(2) 
PARAMETRIC_REPRESENTATION_CONTEXT() REPRESENTATION_CONTEXT('2D SPACE',''
  ) );
#4704 = ADVANCED_FACE('',(#4705),#2517,.T.);
#4705 = FACE_BOUND('',#4706,.T.);
#4706 = EDGE_LOOP('',(#4707,#4730,#4731,#4754));
#4707 = ORIENTED_EDGE('',*,*,#4708,.F.);
#4708 = EDGE_CURVE('',#2503,#4709,#4711,.T.);
#4709 = VERTEX_POINT('',#4710);
#4710 = CARTESIAN_POINT('',(-18.,15.,1.4));
#4711 = SURFACE_CURVE('',#4712,(#4716,#4723),.PCURVE_S1.);
#4712 = LINE('',#4713,#4714);
#4713 = CARTESIAN_POINT('',(-18.,15.,-2.723438300723));
#4714 = VECTOR('',#4715,1.);
#4715 = DIRECTION('',(0.,0.,1.));
#4716 = PCURVE('',#2517,#4717);
#4717 = DEFINITIONAL_REPRESENTATION('',(#4718),#4722);
#4718 = LINE('',#4719,#4720);
#4719 = CARTESIAN_POINT('',(0.,0.));
#4720 = VECTOR('',#4721,1.);
#4721 = DIRECTION('',(1.,0.));
#4722 = ( GEOMETRIC_REPRESENTATION_CONTEXT(2) 
PARAMETRIC_REPRESENTATION_CONTEXT() REPRESENTATION_CONTEXT('2D SPACE',''
  ) );
#4723 = PCURVE('',#2602,#4724);
#4724 = DEFINITIONAL_REPRESENTATION('',(#4725),#4729);
#4725 = LINE('',#4726,#4727);
#4726 = CARTESIAN_POINT('',(0.,0.));
#4727 = VECTOR('',#4728,1.);
#4728 = DIRECTION('',(1.,0.));
#4729 = ( GEOMETRIC_REPRESENTATION_CONTEXT(2) 
PARAMETRIC_REPRESENTATION_CONTEXT() REPRESENTATION_CONTEXT('2D SPACE',''
  ) );
#4730 = ORIENTED_EDGE('',*,*,#2500,.F.);
#4731 = ORIENTED_EDGE('',*,*,#4732,.T.);
#4732 = EDGE_CURVE('',#2501,#4733,#4735,.T.);
#4733 = VERTEX_POINT('',#4734);
#4734 = CARTESIAN_POINT('',(-18.,30.5,1.4));
#4735 = SURFACE_CURVE('',#4736,(#4740,#4747),.PCURVE_S1.);
#4736 = LINE('',#4737,#4738);
#4737 = CARTESIAN_POINT('',(-18.,30.5,-2.723438300723));
#4738 = VECTOR('',#4739,1.);
#4739 = DIRECTION('',(0.,0.,1.));
#4740 = PCURVE('',#2517,#4741);
#4741 = DEFINITIONAL_REPRESENTATION('',(#4742),#4746);
#4742 = LINE('',#4743,#4744);
#4743 = CARTESIAN_POINT('',(0.,-15.5));
#4744 = VECTOR('',#4745,1.);
#4745 = DIRECTION('',(1.,0.));
#4746 = ( GEOMETRIC_REPRESENTATION_CONTEXT(2) 
PARAMETRIC_REPRESENTATION_CONTEXT() REPRESENTATION_CONTEXT('2D SPACE',''
  ) );
#4747 = PCURVE('',#2545,#4748);
#4748 = DEFINITIONAL_REPRESENTATION('',(#4749),#4753);
#4749 = LINE('',#4750,#4751);
#4750 = CARTESIAN_POINT('',(0.,0.));
#4751 = VECTOR('',#4752,1.);
#4752 = DIRECTION('',(1.,0.));
#4753 = ( GEOMETRIC_REPRESENTATION_CONTEXT(2) 
PARAMETRIC_REPRESENTATION_CONTEXT() REPRESENTATION_CONTEXT('2D SPACE',''
  ) );
#4754 = ORIENTED_EDGE('',*,*,#4755,.F.);
#4755 = EDGE_CURVE('',#4709,#4733,#4756,.T.);
#4756 = SURFACE_CURVE('',#4757,(#4761,#4767),.PCURVE_S1.);
#4757 = LINE('',#4758,#4759);
#4758 = CARTESIAN_POINT('',(-18.,7.5,1.4));
#4759 = VECTOR('',#4760,1.);
#4760 = DIRECTION('',(-0.,1.,0.));
#4761 = PCURVE('',#2517,#4762);
#4762 = DEFINITIONAL_REPRESENTATION('',(#4763),#4766);
#4763 = B_SPLINE_CURVE_WITH_KNOTS('',1,(#4764,#4765),.UNSPECIFIED.,.F.,
  .F.,(2,2),(7.5,23.),.PIECEWISE_BEZIER_KNOTS.);
#4764 = CARTESIAN_POINT('',(4.123438300723,0.));
#4765 = CARTESIAN_POINT('',(4.123438300723,-15.5));
#4766 = ( GEOMETRIC_REPRESENTATION_CONTEXT(2) 
PARAMETRIC_REPRESENTATION_CONTEXT() REPRESENTATION_CONTEXT('2D SPACE',''
  ) );
#4767 = PCURVE('',#3551,#4768);
#4768 = DEFINITIONAL_REPRESENTATION('',(#4769),#4772);
#4769 = B_SPLINE_CURVE_WITH_KNOTS('',1,(#4770,#4771),.UNSPECIFIED.,.F.,
  .F.,(2,2),(7.5,23.),.PIECEWISE_BEZIER_KNOTS.);
#4770 = CARTESIAN_POINT('',(-18.,15.));
#4771 = CARTESIAN_POINT('',(-18.,30.5));
#4772 = ( GEOMETRIC_REPRESENTATION_CONTEXT(2) 
PARAMETRIC_REPRESENTATION_CONTEXT() REPRESENTATION_CONTEXT('2D SPACE',''
  ) );
#4773 = ADVANCED_FACE('',(#4774),#2545,.F.);
#4774 = FACE_BOUND('',#4775,.F.);
#4775 = EDGE_LOOP('',(#4776,#4799,#4800,#4801));
#4776 = ORIENTED_EDGE('',*,*,#4777,.F.);
#4777 = EDGE_CURVE('',#2529,#4778,#4780,.T.);
#4778 = VERTEX_POINT('',#4779);
#4779 = CARTESIAN_POINT('',(8.,30.5,1.4));
#4780 = SURFACE_CURVE('',#4781,(#4785,#4792),.PCURVE_S1.);
#4781 = LINE('',#4782,#4783);
#4782 = CARTESIAN_POINT('',(8.,30.5,-2.723438300723));
#4783 = VECTOR('',#4784,1.);
#4784 = DIRECTION('',(0.,0.,1.));
#4785 = PCURVE('',#2545,#4786);
#4786 = DEFINITIONAL_REPRESENTATION('',(#4787),#4791);
#4787 = LINE('',#4788,#4789);
#4788 = CARTESIAN_POINT('',(0.,26.));
#4789 = VECTOR('',#4790,1.);
#4790 = DIRECTION('',(1.,0.));
#4791 = ( GEOMETRIC_REPRESENTATION_CONTEXT(2) 
PARAMETRIC_REPRESENTATION_CONTEXT() REPRESENTATION_CONTEXT('2D SPACE',''
  ) );
#4792 = PCURVE('',#2576,#4793);
#4793 = DEFINITIONAL_REPRESENTATION('',(#4794),#4798);
#4794 = LINE('',#4795,#4796);
#4795 = CARTESIAN_POINT('',(0.,-15.5));
#4796 = VECTOR('',#4797,1.);
#4797 = DIRECTION('',(1.,0.));
#4798 = ( GEOMETRIC_REPRESENTATION_CONTEXT(2) 
PARAMETRIC_REPRESENTATION_CONTEXT() REPRESENTATION_CONTEXT('2D SPACE',''
  ) );
#4799 = ORIENTED_EDGE('',*,*,#2528,.T.);
#4800 = ORIENTED_EDGE('',*,*,#4732,.T.);
#4801 = ORIENTED_EDGE('',*,*,#4802,.F.);
#4802 = EDGE_CURVE('',#4778,#4733,#4803,.T.);
#4803 = SURFACE_CURVE('',#4804,(#4808,#4814),.PCURVE_S1.);
#4804 = LINE('',#4805,#4806);
#4805 = CARTESIAN_POINT('',(-9.,30.5,1.4));
#4806 = VECTOR('',#4807,1.);
#4807 = DIRECTION('',(-1.,-0.,0.));
#4808 = PCURVE('',#2545,#4809);
#4809 = DEFINITIONAL_REPRESENTATION('',(#4810),#4813);
#4810 = B_SPLINE_CURVE_WITH_KNOTS('',1,(#4811,#4812),.UNSPECIFIED.,.F.,
  .F.,(2,2),(-17.,9.),.PIECEWISE_BEZIER_KNOTS.);
#4811 = CARTESIAN_POINT('',(4.123438300723,26.));
#4812 = CARTESIAN_POINT('',(4.123438300723,0.));
#4813 = ( GEOMETRIC_REPRESENTATION_CONTEXT(2) 
PARAMETRIC_REPRESENTATION_CONTEXT() REPRESENTATION_CONTEXT('2D SPACE',''
  ) );
#4814 = PCURVE('',#3551,#4815);
#4815 = DEFINITIONAL_REPRESENTATION('',(#4816),#4819);
#4816 = B_SPLINE_CURVE_WITH_KNOTS('',1,(#4817,#4818),.UNSPECIFIED.,.F.,
  .F.,(2,2),(-17.,9.),.PIECEWISE_BEZIER_KNOTS.);
#4817 = CARTESIAN_POINT('',(8.,30.5));
#4818 = CARTESIAN_POINT('',(-18.,30.5));
#4819 = ( GEOMETRIC_REPRESENTATION_CONTEXT(2) 
PARAMETRIC_REPRESENTATION_CONTEXT() REPRESENTATION_CONTEXT('2D SPACE',''
  ) );
#4820 = ADVANCED_FACE('',(#4821),#2602,.T.);
#4821 = FACE_BOUND('',#4822,.T.);
#4822 = EDGE_LOOP('',(#4823,#4846,#4847,#4848));
#4823 = ORIENTED_EDGE('',*,*,#4824,.F.);
#4824 = EDGE_CURVE('',#2562,#4825,#4827,.T.);
#4825 = VERTEX_POINT('',#4826);
#4826 = CARTESIAN_POINT('',(8.,15.,1.4));
#4827 = SURFACE_CURVE('',#4828,(#4832,#4839),.PCURVE_S1.);
#4828 = LINE('',#4829,#4830);
#4829 = CARTESIAN_POINT('',(8.,15.,-2.723438300723));
#4830 = VECTOR('',#4831,1.);
#4831 = DIRECTION('',(0.,0.,1.));
#4832 = PCURVE('',#2602,#4833);
#4833 = DEFINITIONAL_REPRESENTATION('',(#4834),#4838);
#4834 = LINE('',#4835,#4836);
#4835 = CARTESIAN_POINT('',(0.,26.));
#4836 = VECTOR('',#4837,1.);
#4837 = DIRECTION('',(1.,0.));
#4838 = ( GEOMETRIC_REPRESENTATION_CONTEXT(2) 
PARAMETRIC_REPRESENTATION_CONTEXT() REPRESENTATION_CONTEXT('2D SPACE',''
  ) );
#4839 = PCURVE('',#2576,#4840);
#4840 = DEFINITIONAL_REPRESENTATION('',(#4841),#4845);
#4841 = LINE('',#4842,#4843);
#4842 = CARTESIAN_POINT('',(0.,0.));
#4843 = VECTOR('',#4844,1.);
#4844 = DIRECTION('',(1.,0.));
#4845 = ( GEOMETRIC_REPRESENTATION_CONTEXT(2) 
PARAMETRIC_REPRESENTATION_CONTEXT() REPRESENTATION_CONTEXT('2D SPACE',''
  ) );
#4846 = ORIENTED_EDGE('',*,*,#2587,.T.);
#4847 = ORIENTED_EDGE('',*,*,#4708,.T.);
#4848 = ORIENTED_EDGE('',*,*,#4849,.F.);
#4849 = EDGE_CURVE('',#4825,#4709,#4850,.T.);
#4850 = SURFACE_CURVE('',#4851,(#4855,#4861),.PCURVE_S1.);
#4851 = LINE('',#4852,#4853);
#4852 = CARTESIAN_POINT('',(-9.,15.,1.4));
#4853 = VECTOR('',#4854,1.);
#4854 = DIRECTION('',(-1.,-0.,0.));
#4855 = PCURVE('',#2602,#4856);
#4856 = DEFINITIONAL_REPRESENTATION('',(#4857),#4860);
#4857 = B_SPLINE_CURVE_WITH_KNOTS('',1,(#4858,#4859),.UNSPECIFIED.,.F.,
  .F.,(2,2),(-17.,9.),.PIECEWISE_BEZIER_KNOTS.);
#4858 = CARTESIAN_POINT('',(4.123438300723,26.));
#4859 = CARTESIAN_POINT('',(4.123438300723,0.));
#4860 = ( GEOMETRIC_REPRESENTATION_CONTEXT(2) 
PARAMETRIC_REPRESENTATION_CONTEXT() REPRESENTATION_CONTEXT('2D SPACE',''
  ) );
#4861 = PCURVE('',#3551,#4862);
#4862 = DEFINITIONAL_REPRESENTATION('',(#4863),#4866);
#4863 = B_SPLINE_CURVE_WITH_KNOTS('',1,(#4864,#4865),.UNSPECIFIED.,.F.,
  .F.,(2,2),(-17.,9.),.PIECEWISE_BEZIER_KNOTS.);
#4864 = CARTESIAN_POINT('',(8.,15.));
#4865 = CARTESIAN_POINT('',(-18.,15.));
#4866 = ( GEOMETRIC_REPRESENTATION_CONTEXT(2) 
PARAMETRIC_REPRESENTATION_CONTEXT() REPRESENTATION_CONTEXT('2D SPACE',''
  ) );
#4867 = ADVANCED_FACE('',(#4868),#2576,.F.);
#4868 = FACE_BOUND('',#4869,.F.);
#4869 = EDGE_LOOP('',(#4870,#4871,#4872,#4873));
#4870 = ORIENTED_EDGE('',*,*,#4824,.F.);
#4871 = ORIENTED_EDGE('',*,*,#2561,.F.);
#4872 = ORIENTED_EDGE('',*,*,#4777,.T.);
#4873 = ORIENTED_EDGE('',*,*,#4874,.F.);
#4874 = EDGE_CURVE('',#4825,#4778,#4875,.T.);
#4875 = SURFACE_CURVE('',#4876,(#4880,#4886),.PCURVE_S1.);
#4876 = LINE('',#4877,#4878);
#4877 = CARTESIAN_POINT('',(8.,7.5,1.4));
#4878 = VECTOR('',#4879,1.);
#4879 = DIRECTION('',(-0.,1.,0.));
#4880 = PCURVE('',#2576,#4881);
#4881 = DEFINITIONAL_REPRESENTATION('',(#4882),#4885);
#4882 = B_SPLINE_CURVE_WITH_KNOTS('',1,(#4883,#4884),.UNSPECIFIED.,.F.,
  .F.,(2,2),(7.5,23.),.PIECEWISE_BEZIER_KNOTS.);
#4883 = CARTESIAN_POINT('',(4.123438300723,0.));
#4884 = CARTESIAN_POINT('',(4.123438300723,-15.5));
#4885 = ( GEOMETRIC_REPRESENTATION_CONTEXT(2) 
PARAMETRIC_REPRESENTATION_CONTEXT() REPRESENTATION_CONTEXT('2D SPACE',''
  ) );
#4886 = PCURVE('',#3551,#4887);
#4887 = DEFINITIONAL_REPRESENTATION('',(#4888),#4891);
#4888 = B_SPLINE_CURVE_WITH_KNOTS('',1,(#4889,#4890),.UNSPECIFIED.,.F.,
  .F.,(2,2),(7.5,23.),.PIECEWISE_BEZIER_KNOTS.);
#4889 = CARTESIAN_POINT('',(8.,15.));
#4890 = CARTESIAN_POINT('',(8.,30.5));
#4891 = ( GEOMETRIC_REPRESENTATION_CONTEXT(2) 
PARAMETRIC_REPRESENTATION_CONTEXT() REPRESENTATION_CONTEXT('2D SPACE',''
  ) );
#4892 = ADVANCED_FACE('',(#4893),#2889,.F.);
#4893 = FACE_BOUND('',#4894,.F.);
#4894 = EDGE_LOOP('',(#4895,#4896,#4897,#4898,#4899,#4900,#4901,#4902));
#4895 = ORIENTED_EDGE('',*,*,#4521,.F.);
#4896 = ORIENTED_EDGE('',*,*,#3798,.T.);
#4897 = ORIENTED_EDGE('',*,*,#4013,.T.);
#4898 = ORIENTED_EDGE('',*,*,#4637,.T.);
#4899 = ORIENTED_EDGE('',*,*,#4684,.F.);
#4900 = ORIENTED_EDGE('',*,*,#3134,.T.);
#4901 = ORIENTED_EDGE('',*,*,#2951,.F.);
#4902 = ORIENTED_EDGE('',*,*,#2876,.F.);
#4903 = ADVANCED_FACE('',(#4904),#3076,.T.);
#4904 = FACE_BOUND('',#4905,.T.);
#4905 = EDGE_LOOP('',(#4906,#4929,#4930,#4931,#4954));
#4906 = ORIENTED_EDGE('',*,*,#4907,.F.);
#4907 = EDGE_CURVE('',#3035,#4908,#4910,.T.);
#4908 = VERTEX_POINT('',#4909);
#4909 = CARTESIAN_POINT('',(27.75,15.2,-1.5));
#4910 = SURFACE_CURVE('',#4911,(#4915,#4922),.PCURVE_S1.);
#4911 = LINE('',#4912,#4913);
#4912 = CARTESIAN_POINT('',(25.15,15.2,-1.5));
#4913 = VECTOR('',#4914,1.);
#4914 = DIRECTION('',(1.,0.,-0.));
#4915 = PCURVE('',#3076,#4916);
#4916 = DEFINITIONAL_REPRESENTATION('',(#4917),#4921);
#4917 = LINE('',#4918,#4919);
#4918 = CARTESIAN_POINT('',(0.,0.));
#4919 = VECTOR('',#4920,1.);
#4920 = DIRECTION('',(0.,1.));
#4921 = ( GEOMETRIC_REPRESENTATION_CONTEXT(2) 
PARAMETRIC_REPRESENTATION_CONTEXT() REPRESENTATION_CONTEXT('2D SPACE',''
  ) );
#4922 = PCURVE('',#3050,#4923);
#4923 = DEFINITIONAL_REPRESENTATION('',(#4924),#4928);
#4924 = LINE('',#4925,#4926);
#4925 = CARTESIAN_POINT('',(0.,30.4));
#4926 = VECTOR('',#4927,1.);
#4927 = DIRECTION('',(1.,0.));
#4928 = ( GEOMETRIC_REPRESENTATION_CONTEXT(2) 
PARAMETRIC_REPRESENTATION_CONTEXT() REPRESENTATION_CONTEXT('2D SPACE',''
  ) );
#4929 = ORIENTED_EDGE('',*,*,#3062,.T.);
#4930 = ORIENTED_EDGE('',*,*,#3184,.T.);
#4931 = ORIENTED_EDGE('',*,*,#4932,.T.);
#4932 = EDGE_CURVE('',#3185,#4933,#4935,.T.);
#4933 = VERTEX_POINT('',#4934);
#4934 = CARTESIAN_POINT('',(27.75,15.2,5.3));
#4935 = SURFACE_CURVE('',#4936,(#4940,#4947),.PCURVE_S1.);
#4936 = LINE('',#4937,#4938);
#4937 = CARTESIAN_POINT('',(25.15,15.2,5.3));
#4938 = VECTOR('',#4939,1.);
#4939 = DIRECTION('',(1.,0.,-0.));
#4940 = PCURVE('',#3076,#4941);
#4941 = DEFINITIONAL_REPRESENTATION('',(#4942),#4946);
#4942 = LINE('',#4943,#4944);
#4943 = CARTESIAN_POINT('',(6.8,0.));
#4944 = VECTOR('',#4945,1.);
#4945 = DIRECTION('',(0.,1.));
#4946 = ( GEOMETRIC_REPRESENTATION_CONTEXT(2) 
PARAMETRIC_REPRESENTATION_CONTEXT() REPRESENTATION_CONTEXT('2D SPACE',''
  ) );
#4947 = PCURVE('',#3221,#4948);
#4948 = DEFINITIONAL_REPRESENTATION('',(#4949),#4953);
#4949 = LINE('',#4950,#4951);
#4950 = CARTESIAN_POINT('',(0.,30.4));
#4951 = VECTOR('',#4952,1.);
#4952 = DIRECTION('',(1.,0.));
#4953 = ( GEOMETRIC_REPRESENTATION_CONTEXT(2) 
PARAMETRIC_REPRESENTATION_CONTEXT() REPRESENTATION_CONTEXT('2D SPACE',''
  ) );
#4954 = ORIENTED_EDGE('',*,*,#4955,.F.);
#4955 = EDGE_CURVE('',#4908,#4933,#4956,.T.);
#4956 = SURFACE_CURVE('',#4957,(#4961,#4968),.PCURVE_S1.);
#4957 = LINE('',#4958,#4959);
#4958 = CARTESIAN_POINT('',(27.75,15.2,-1.5));
#4959 = VECTOR('',#4960,1.);
#4960 = DIRECTION('',(0.,0.,1.));
#4961 = PCURVE('',#3076,#4962);
#4962 = DEFINITIONAL_REPRESENTATION('',(#4963),#4967);
#4963 = LINE('',#4964,#4965);
#4964 = CARTESIAN_POINT('',(0.,2.6));
#4965 = VECTOR('',#4966,1.);
#4966 = DIRECTION('',(1.,0.));
#4967 = ( GEOMETRIC_REPRESENTATION_CONTEXT(2) 
PARAMETRIC_REPRESENTATION_CONTEXT() REPRESENTATION_CONTEXT('2D SPACE',''
  ) );
#4968 = PCURVE('',#4969,#4974);
#4969 = PLANE('',#4970);
#4970 = AXIS2_PLACEMENT_3D('',#4971,#4972,#4973);
#4971 = CARTESIAN_POINT('',(27.75,-15.2,-1.5));
#4972 = DIRECTION('',(1.,0.,-0.));
#4973 = DIRECTION('',(0.,0.,1.));
#4974 = DEFINITIONAL_REPRESENTATION('',(#4975),#4979);
#4975 = LINE('',#4976,#4977);
#4976 = CARTESIAN_POINT('',(0.,-30.4));
#4977 = VECTOR('',#4978,1.);
#4978 = DIRECTION('',(1.,0.));
#4979 = ( GEOMETRIC_REPRESENTATION_CONTEXT(2) 
PARAMETRIC_REPRESENTATION_CONTEXT() REPRESENTATION_CONTEXT('2D SPACE',''
  ) );
#4980 = ADVANCED_FACE('',(#4981),#3050,.F.);
#4981 = FACE_BOUND('',#4982,.F.);
#4982 = EDGE_LOOP('',(#4983,#4984,#5007,#5028));
#4983 = ORIENTED_EDGE('',*,*,#3034,.F.);
#4984 = ORIENTED_EDGE('',*,*,#4985,.T.);
#4985 = EDGE_CURVE('',#3007,#4986,#4988,.T.);
#4986 = VERTEX_POINT('',#4987);
#4987 = CARTESIAN_POINT('',(27.75,-15.2,-1.5));
#4988 = SURFACE_CURVE('',#4989,(#4993,#5000),.PCURVE_S1.);
#4989 = LINE('',#4990,#4991);
#4990 = CARTESIAN_POINT('',(25.15,-15.2,-1.5));
#4991 = VECTOR('',#4992,1.);
#4992 = DIRECTION('',(1.,0.,-0.));
#4993 = PCURVE('',#3050,#4994);
#4994 = DEFINITIONAL_REPRESENTATION('',(#4995),#4999);
#4995 = LINE('',#4996,#4997);
#4996 = CARTESIAN_POINT('',(0.,0.));
#4997 = VECTOR('',#4998,1.);
#4998 = DIRECTION('',(1.,0.));
#4999 = ( GEOMETRIC_REPRESENTATION_CONTEXT(2) 
PARAMETRIC_REPRESENTATION_CONTEXT() REPRESENTATION_CONTEXT('2D SPACE',''
  ) );
#5000 = PCURVE('',#3022,#5001);
#5001 = DEFINITIONAL_REPRESENTATION('',(#5002),#5006);
#5002 = LINE('',#5003,#5004);
#5003 = CARTESIAN_POINT('',(0.,0.));
#5004 = VECTOR('',#5005,1.);
#5005 = DIRECTION('',(0.,1.));
#5006 = ( GEOMETRIC_REPRESENTATION_CONTEXT(2) 
PARAMETRIC_REPRESENTATION_CONTEXT() REPRESENTATION_CONTEXT('2D SPACE',''
  ) );
#5007 = ORIENTED_EDGE('',*,*,#5008,.T.);
#5008 = EDGE_CURVE('',#4986,#4908,#5009,.T.);
#5009 = SURFACE_CURVE('',#5010,(#5014,#5021),.PCURVE_S1.);
#5010 = LINE('',#5011,#5012);
#5011 = CARTESIAN_POINT('',(27.75,-15.2,-1.5));
#5012 = VECTOR('',#5013,1.);
#5013 = DIRECTION('',(-0.,1.,0.));
#5014 = PCURVE('',#3050,#5015);
#5015 = DEFINITIONAL_REPRESENTATION('',(#5016),#5020);
#5016 = LINE('',#5017,#5018);
#5017 = CARTESIAN_POINT('',(2.6,0.));
#5018 = VECTOR('',#5019,1.);
#5019 = DIRECTION('',(0.,1.));
#5020 = ( GEOMETRIC_REPRESENTATION_CONTEXT(2) 
PARAMETRIC_REPRESENTATION_CONTEXT() REPRESENTATION_CONTEXT('2D SPACE',''
  ) );
#5021 = PCURVE('',#4969,#5022);
#5022 = DEFINITIONAL_REPRESENTATION('',(#5023),#5027);
#5023 = LINE('',#5024,#5025);
#5024 = CARTESIAN_POINT('',(0.,0.));
#5025 = VECTOR('',#5026,1.);
#5026 = DIRECTION('',(0.,-1.));
#5027 = ( GEOMETRIC_REPRESENTATION_CONTEXT(2) 
PARAMETRIC_REPRESENTATION_CONTEXT() REPRESENTATION_CONTEXT('2D SPACE',''
  ) );
#5028 = ORIENTED_EDGE('',*,*,#4907,.F.);
#5029 = ADVANCED_FACE('',(#5030),#3022,.F.);
#5030 = FACE_BOUND('',#5031,.F.);
#5031 = EDGE_LOOP('',(#5032,#5033,#5034,#5035,#5058));
#5032 = ORIENTED_EDGE('',*,*,#4985,.F.);
#5033 = ORIENTED_EDGE('',*,*,#3006,.T.);
#5034 = ORIENTED_EDGE('',*,*,#3160,.T.);
#5035 = ORIENTED_EDGE('',*,*,#5036,.T.);
#5036 = EDGE_CURVE('',#3161,#5037,#5039,.T.);
#5037 = VERTEX_POINT('',#5038);
#5038 = CARTESIAN_POINT('',(27.75,-15.2,5.3));
#5039 = SURFACE_CURVE('',#5040,(#5044,#5051),.PCURVE_S1.);
#5040 = LINE('',#5041,#5042);
#5041 = CARTESIAN_POINT('',(25.15,-15.2,5.3));
#5042 = VECTOR('',#5043,1.);
#5043 = DIRECTION('',(1.,0.,-0.));
#5044 = PCURVE('',#3022,#5045);
#5045 = DEFINITIONAL_REPRESENTATION('',(#5046),#5050);
#5046 = LINE('',#5047,#5048);
#5047 = CARTESIAN_POINT('',(6.8,0.));
#5048 = VECTOR('',#5049,1.);
#5049 = DIRECTION('',(0.,1.));
#5050 = ( GEOMETRIC_REPRESENTATION_CONTEXT(2) 
PARAMETRIC_REPRESENTATION_CONTEXT() REPRESENTATION_CONTEXT('2D SPACE',''
  ) );
#5051 = PCURVE('',#3221,#5052);
#5052 = DEFINITIONAL_REPRESENTATION('',(#5053),#5057);
#5053 = LINE('',#5054,#5055);
#5054 = CARTESIAN_POINT('',(0.,0.));
#5055 = VECTOR('',#5056,1.);
#5056 = DIRECTION('',(1.,0.));
#5057 = ( GEOMETRIC_REPRESENTATION_CONTEXT(2) 
PARAMETRIC_REPRESENTATION_CONTEXT() REPRESENTATION_CONTEXT('2D SPACE',''
  ) );
#5058 = ORIENTED_EDGE('',*,*,#5059,.F.);
#5059 = EDGE_CURVE('',#4986,#5037,#5060,.T.);
#5060 = SURFACE_CURVE('',#5061,(#5065,#5072),.PCURVE_S1.);
#5061 = LINE('',#5062,#5063);
#5062 = CARTESIAN_POINT('',(27.75,-15.2,-1.5));
#5063 = VECTOR('',#5064,1.);
#5064 = DIRECTION('',(0.,0.,1.));
#5065 = PCURVE('',#3022,#5066);
#5066 = DEFINITIONAL_REPRESENTATION('',(#5067),#5071);
#5067 = LINE('',#5068,#5069);
#5068 = CARTESIAN_POINT('',(0.,2.6));
#5069 = VECTOR('',#5070,1.);
#5070 = DIRECTION('',(1.,0.));
#5071 = ( GEOMETRIC_REPRESENTATION_CONTEXT(2) 
PARAMETRIC_REPRESENTATION_CONTEXT() REPRESENTATION_CONTEXT('2D SPACE',''
  ) );
#5072 = PCURVE('',#4969,#5073);
#5073 = DEFINITIONAL_REPRESENTATION('',(#5074),#5078);
#5074 = LINE('',#5075,#5076);
#5075 = CARTESIAN_POINT('',(0.,0.));
#5076 = VECTOR('',#5077,1.);
#5077 = DIRECTION('',(1.,0.));
#5078 = ( GEOMETRIC_REPRESENTATION_CONTEXT(2) 
PARAMETRIC_REPRESENTATION_CONTEXT() REPRESENTATION_CONTEXT('2D SPACE',''
  ) );
#5079 = ADVANCED_FACE('',(#5080),#3221,.T.);
#5080 = FACE_BOUND('',#5081,.T.);
#5081 = EDGE_LOOP('',(#5082,#5083,#5084,#5105));
#5082 = ORIENTED_EDGE('',*,*,#3207,.F.);
#5083 = ORIENTED_EDGE('',*,*,#5036,.T.);
#5084 = ORIENTED_EDGE('',*,*,#5085,.T.);
#5085 = EDGE_CURVE('',#5037,#4933,#5086,.T.);
#5086 = SURFACE_CURVE('',#5087,(#5091,#5098),.PCURVE_S1.);
#5087 = LINE('',#5088,#5089);
#5088 = CARTESIAN_POINT('',(27.75,-15.2,5.3));
#5089 = VECTOR('',#5090,1.);
#5090 = DIRECTION('',(-0.,1.,0.));
#5091 = PCURVE('',#3221,#5092);
#5092 = DEFINITIONAL_REPRESENTATION('',(#5093),#5097);
#5093 = LINE('',#5094,#5095);
#5094 = CARTESIAN_POINT('',(2.6,0.));
#5095 = VECTOR('',#5096,1.);
#5096 = DIRECTION('',(0.,1.));
#5097 = ( GEOMETRIC_REPRESENTATION_CONTEXT(2) 
PARAMETRIC_REPRESENTATION_CONTEXT() REPRESENTATION_CONTEXT('2D SPACE',''
  ) );
#5098 = PCURVE('',#4969,#5099);
#5099 = DEFINITIONAL_REPRESENTATION('',(#5100),#5104);
#5100 = LINE('',#5101,#5102);
#5101 = CARTESIAN_POINT('',(6.8,0.));
#5102 = VECTOR('',#5103,1.);
#5103 = DIRECTION('',(0.,-1.));
#5104 = ( GEOMETRIC_REPRESENTATION_CONTEXT(2) 
PARAMETRIC_REPRESENTATION_CONTEXT() REPRESENTATION_CONTEXT('2D SPACE',''
  ) );
#5105 = ORIENTED_EDGE('',*,*,#4932,.F.);
#5106 = ADVANCED_FACE('',(#5107),#3282,.T.);
#5107 = FACE_BOUND('',#5108,.F.);
#5108 = EDGE_LOOP('',(#5109));
#5109 = ORIENTED_EDGE('',*,*,#3267,.F.);
#5110 = ADVANCED_FACE('',(#5111),#3337,.T.);
#5111 = FACE_BOUND('',#5112,.F.);
#5112 = EDGE_LOOP('',(#5113));
#5113 = ORIENTED_EDGE('',*,*,#3322,.F.);
#5114 = ADVANCED_FACE('',(#5115,#5454,#5485),#3371,.T.);
#5115 = FACE_BOUND('',#5116,.T.);
#5116 = EDGE_LOOP('',(#5117,#5118,#5119,#5120,#5121,#5122,#5144,#5172,
    #5205,#5233,#5262,#5290,#5319,#5343,#5371,#5404,#5432,#5452,#5453));
#5117 = ORIENTED_EDGE('',*,*,#3353,.F.);
#5118 = ORIENTED_EDGE('',*,*,#3479,.F.);
#5119 = ORIENTED_EDGE('',*,*,#3841,.T.);
#5120 = ORIENTED_EDGE('',*,*,#4063,.T.);
#5121 = ORIENTED_EDGE('',*,*,#4219,.T.);
#5122 = ORIENTED_EDGE('',*,*,#5123,.T.);
#5123 = EDGE_CURVE('',#4193,#5124,#5126,.T.);
#5124 = VERTEX_POINT('',#5125);
#5125 = CARTESIAN_POINT('',(21.65,-14.5,3.2));
#5126 = SURFACE_CURVE('',#5127,(#5131,#5138),.PCURVE_S1.);
#5127 = LINE('',#5128,#5129);
#5128 = CARTESIAN_POINT('',(10.2,-14.5,3.2));
#5129 = VECTOR('',#5130,1.);
#5130 = DIRECTION('',(-1.,-0.,0.));
#5131 = PCURVE('',#3371,#5132);
#5132 = DEFINITIONAL_REPRESENTATION('',(#5133),#5137);
#5133 = LINE('',#5134,#5135);
#5134 = CARTESIAN_POINT('',(10.2,-14.5));
#5135 = VECTOR('',#5136,1.);
#5136 = DIRECTION('',(-1.,0.));
#5137 = ( GEOMETRIC_REPRESENTATION_CONTEXT(2) 
PARAMETRIC_REPRESENTATION_CONTEXT() REPRESENTATION_CONTEXT('2D SPACE',''
  ) );
#5138 = PCURVE('',#4208,#5139);
#5139 = DEFINITIONAL_REPRESENTATION('',(#5140),#5143);
#5140 = B_SPLINE_CURVE_WITH_KNOTS('',1,(#5141,#5142),.UNSPECIFIED.,.F.,
  .F.,(2,2),(-13.15,-10.2),.PIECEWISE_BEZIER_KNOTS.);
#5141 = CARTESIAN_POINT('',(1.3,2.95));
#5142 = CARTESIAN_POINT('',(1.3,0.));
#5143 = ( GEOMETRIC_REPRESENTATION_CONTEXT(2) 
PARAMETRIC_REPRESENTATION_CONTEXT() REPRESENTATION_CONTEXT('2D SPACE',''
  ) );
#5144 = ORIENTED_EDGE('',*,*,#5145,.F.);
#5145 = EDGE_CURVE('',#5146,#5124,#5148,.T.);
#5146 = VERTEX_POINT('',#5147);
#5147 = CARTESIAN_POINT('',(21.65,-32.15,3.2));
#5148 = SURFACE_CURVE('',#5149,(#5153,#5160),.PCURVE_S1.);
#5149 = LINE('',#5150,#5151);
#5150 = CARTESIAN_POINT('',(21.65,0.,3.2));
#5151 = VECTOR('',#5152,1.);
#5152 = DIRECTION('',(0.,1.,0.));
#5153 = PCURVE('',#3371,#5154);
#5154 = DEFINITIONAL_REPRESENTATION('',(#5155),#5159);
#5155 = LINE('',#5156,#5157);
#5156 = CARTESIAN_POINT('',(21.65,-6.2035193142E-16));
#5157 = VECTOR('',#5158,1.);
#5158 = DIRECTION('',(0.,1.));
#5159 = ( GEOMETRIC_REPRESENTATION_CONTEXT(2) 
PARAMETRIC_REPRESENTATION_CONTEXT() REPRESENTATION_CONTEXT('2D SPACE',''
  ) );
#5160 = PCURVE('',#5161,#5166);
#5161 = PLANE('',#5162);
#5162 = AXIS2_PLACEMENT_3D('',#5163,#5164,#5165);
#5163 = CARTESIAN_POINT('',(21.65,-32.15,2.4));
#5164 = DIRECTION('',(-1.,0.,0.));
#5165 = DIRECTION('',(0.,1.,0.));
#5166 = DEFINITIONAL_REPRESENTATION('',(#5167),#5171);
#5167 = LINE('',#5168,#5169);
#5168 = CARTESIAN_POINT('',(32.15,-0.8));
#5169 = VECTOR('',#5170,1.);
#5170 = DIRECTION('',(1.,0.));
#5171 = ( GEOMETRIC_REPRESENTATION_CONTEXT(2) 
PARAMETRIC_REPRESENTATION_CONTEXT() REPRESENTATION_CONTEXT('2D SPACE',''
  ) );
#5172 = ORIENTED_EDGE('',*,*,#5173,.T.);
#5173 = EDGE_CURVE('',#5146,#5174,#5176,.T.);
#5174 = VERTEX_POINT('',#5175);
#5175 = CARTESIAN_POINT('',(20.15,-33.65,3.2));
#5176 = SURFACE_CURVE('',#5177,(#5182,#5193),.PCURVE_S1.);
#5177 = CIRCLE('',#5178,1.5);
#5178 = AXIS2_PLACEMENT_3D('',#5179,#5180,#5181);
#5179 = CARTESIAN_POINT('',(20.15,-32.15,3.2));
#5180 = DIRECTION('',(0.,0.,-1.));
#5181 = DIRECTION('',(-1.,0.,0.));
#5182 = PCURVE('',#3371,#5183);
#5183 = DEFINITIONAL_REPRESENTATION('',(#5184),#5192);
#5184 = ( BOUNDED_CURVE() B_SPLINE_CURVE(2,(#5185,#5186,#5187,#5188,
#5189,#5190,#5191),.UNSPECIFIED.,.T.,.F.) B_SPLINE_CURVE_WITH_KNOTS((1,2
    ,2,2,2,1),(-2.094395102393,0.,2.094395102393,4.188790204786,
6.28318530718,8.377580409573),.UNSPECIFIED.) CURVE() 
GEOMETRIC_REPRESENTATION_ITEM() RATIONAL_B_SPLINE_CURVE((1.,0.5,1.,0.5,
1.,0.5,1.)) REPRESENTATION_ITEM('') );
#5185 = CARTESIAN_POINT('',(18.65,-32.15));
#5186 = CARTESIAN_POINT('',(18.65,-29.55192378864));
#5187 = CARTESIAN_POINT('',(20.9,-30.85096189432));
#5188 = CARTESIAN_POINT('',(23.15,-32.15));
#5189 = CARTESIAN_POINT('',(20.9,-33.44903810567));
#5190 = CARTESIAN_POINT('',(18.65,-34.74807621135));
#5191 = CARTESIAN_POINT('',(18.65,-32.15));
#5192 = ( GEOMETRIC_REPRESENTATION_CONTEXT(2) 
PARAMETRIC_REPRESENTATION_CONTEXT() REPRESENTATION_CONTEXT('2D SPACE',''
  ) );
#5193 = PCURVE('',#5194,#5199);
#5194 = CYLINDRICAL_SURFACE('',#5195,1.5);
#5195 = AXIS2_PLACEMENT_3D('',#5196,#5197,#5198);
#5196 = CARTESIAN_POINT('',(20.15,-32.15,2.4));
#5197 = DIRECTION('',(0.,0.,-1.));
#5198 = DIRECTION('',(-1.,0.,0.));
#5199 = DEFINITIONAL_REPRESENTATION('',(#5200),#5204);
#5200 = LINE('',#5201,#5202);
#5201 = CARTESIAN_POINT('',(0.,-0.8));
#5202 = VECTOR('',#5203,1.);
#5203 = DIRECTION('',(1.,0.));
#5204 = ( GEOMETRIC_REPRESENTATION_CONTEXT(2) 
PARAMETRIC_REPRESENTATION_CONTEXT() REPRESENTATION_CONTEXT('2D SPACE',''
  ) );
#5205 = ORIENTED_EDGE('',*,*,#5206,.F.);
#5206 = EDGE_CURVE('',#5207,#5174,#5209,.T.);
#5207 = VERTEX_POINT('',#5208);
#5208 = CARTESIAN_POINT('',(-19.95567314356,-33.65,3.2));
#5209 = SURFACE_CURVE('',#5210,(#5214,#5221),.PCURVE_S1.);
#5210 = LINE('',#5211,#5212);
#5211 = CARTESIAN_POINT('',(0.,-33.65,3.2));
#5212 = VECTOR('',#5213,1.);
#5213 = DIRECTION('',(1.,0.,0.));
#5214 = PCURVE('',#3371,#5215);
#5215 = DEFINITIONAL_REPRESENTATION('',(#5216),#5220);
#5216 = LINE('',#5217,#5218);
#5217 = CARTESIAN_POINT('',(-1.178668669698E-15,-33.65));
#5218 = VECTOR('',#5219,1.);
#5219 = DIRECTION('',(1.,0.));
#5220 = ( GEOMETRIC_REPRESENTATION_CONTEXT(2) 
PARAMETRIC_REPRESENTATION_CONTEXT() REPRESENTATION_CONTEXT('2D SPACE',''
  ) );
#5221 = PCURVE('',#5222,#5227);
#5222 = PLANE('',#5223);
#5223 = AXIS2_PLACEMENT_3D('',#5224,#5225,#5226);
#5224 = CARTESIAN_POINT('',(-20.15,-33.65,2.4));
#5225 = DIRECTION('',(0.,1.,0.));
#5226 = DIRECTION('',(1.,0.,0.));
#5227 = DEFINITIONAL_REPRESENTATION('',(#5228),#5232);
#5228 = LINE('',#5229,#5230);
#5229 = CARTESIAN_POINT('',(20.15,-0.8));
#5230 = VECTOR('',#5231,1.);
#5231 = DIRECTION('',(1.,0.));
#5232 = ( GEOMETRIC_REPRESENTATION_CONTEXT(2) 
PARAMETRIC_REPRESENTATION_CONTEXT() REPRESENTATION_CONTEXT('2D SPACE',''
  ) );
#5233 = ORIENTED_EDGE('',*,*,#5234,.T.);
#5234 = EDGE_CURVE('',#5207,#5235,#5237,.T.);
#5235 = VERTEX_POINT('',#5236);
#5236 = CARTESIAN_POINT('',(-21.65,-29.43940556793,3.2));
#5237 = SURFACE_CURVE('',#5238,(#5243,#5250),.PCURVE_S1.);
#5238 = CIRCLE('',#5239,2.3);
#5239 = AXIS2_PLACEMENT_3D('',#5240,#5241,#5242);
#5240 = CARTESIAN_POINT('',(-21.15,-31.6844,3.2));
#5241 = DIRECTION('',(-0.,0.,1.));
#5242 = DIRECTION('',(0.519272546276,-0.854608695652,0.));
#5243 = PCURVE('',#3371,#5244);
#5244 = DEFINITIONAL_REPRESENTATION('',(#5245),#5249);
#5245 = CIRCLE('',#5246,2.3);
#5246 = AXIS2_PLACEMENT_2D('',#5247,#5248);
#5247 = CARTESIAN_POINT('',(-21.15,-31.6844));
#5248 = DIRECTION('',(0.519272546276,-0.854608695652));
#5249 = ( GEOMETRIC_REPRESENTATION_CONTEXT(2) 
PARAMETRIC_REPRESENTATION_CONTEXT() REPRESENTATION_CONTEXT('2D SPACE',''
  ) );
#5250 = PCURVE('',#5251,#5256);
#5251 = CYLINDRICAL_SURFACE('',#5252,2.3);
#5252 = AXIS2_PLACEMENT_3D('',#5253,#5254,#5255);
#5253 = CARTESIAN_POINT('',(-21.15,-31.6844,1.4));
#5254 = DIRECTION('',(0.,0.,1.));
#5255 = DIRECTION('',(1.,0.,-0.));
#5256 = DEFINITIONAL_REPRESENTATION('',(#5257),#5261);
#5257 = LINE('',#5258,#5259);
#5258 = CARTESIAN_POINT('',(5.258388498096,1.8));
#5259 = VECTOR('',#5260,1.);
#5260 = DIRECTION('',(1.,0.));
#5261 = ( GEOMETRIC_REPRESENTATION_CONTEXT(2) 
PARAMETRIC_REPRESENTATION_CONTEXT() REPRESENTATION_CONTEXT('2D SPACE',''
  ) );
#5262 = ORIENTED_EDGE('',*,*,#5263,.T.);
#5263 = EDGE_CURVE('',#5235,#5264,#5266,.T.);
#5264 = VERTEX_POINT('',#5265);
#5265 = CARTESIAN_POINT('',(-21.65,-28.61817345763,3.2));
#5266 = SURFACE_CURVE('',#5267,(#5271,#5278),.PCURVE_S1.);
#5267 = LINE('',#5268,#5269);
#5268 = CARTESIAN_POINT('',(-21.65,0.,3.2));
#5269 = VECTOR('',#5270,1.);
#5270 = DIRECTION('',(0.,1.,0.));
#5271 = PCURVE('',#3371,#5272);
#5272 = DEFINITIONAL_REPRESENTATION('',(#5273),#5277);
#5273 = LINE('',#5274,#5275);
#5274 = CARTESIAN_POINT('',(-21.65,-6.2035193142E-16));
#5275 = VECTOR('',#5276,1.);
#5276 = DIRECTION('',(0.,1.));
#5277 = ( GEOMETRIC_REPRESENTATION_CONTEXT(2) 
PARAMETRIC_REPRESENTATION_CONTEXT() REPRESENTATION_CONTEXT('2D SPACE',''
  ) );
#5278 = PCURVE('',#5279,#5284);
#5279 = PLANE('',#5280);
#5280 = AXIS2_PLACEMENT_3D('',#5281,#5282,#5283);
#5281 = CARTESIAN_POINT('',(-21.65,-32.15,2.4));
#5282 = DIRECTION('',(-1.,0.,0.));
#5283 = DIRECTION('',(0.,1.,0.));
#5284 = DEFINITIONAL_REPRESENTATION('',(#5285),#5289);
#5285 = LINE('',#5286,#5287);
#5286 = CARTESIAN_POINT('',(32.15,-0.8));
#5287 = VECTOR('',#5288,1.);
#5288 = DIRECTION('',(1.,0.));
#5289 = ( GEOMETRIC_REPRESENTATION_CONTEXT(2) 
PARAMETRIC_REPRESENTATION_CONTEXT() REPRESENTATION_CONTEXT('2D SPACE',''
  ) );
#5290 = ORIENTED_EDGE('',*,*,#5291,.T.);
#5291 = EDGE_CURVE('',#5264,#5292,#5294,.T.);
#5292 = VERTEX_POINT('',#5293);
#5293 = CARTESIAN_POINT('',(-18.1,-26.6875,3.2));
#5294 = SURFACE_CURVE('',#5295,(#5300,#5307),.PCURVE_S1.);
#5295 = CIRCLE('',#5296,2.3);
#5296 = AXIS2_PLACEMENT_3D('',#5297,#5298,#5299);
#5297 = CARTESIAN_POINT('',(-20.4,-26.6875,3.2));
#5298 = DIRECTION('',(0.,0.,1.));
#5299 = DIRECTION('',(1.,0.,-0.));
#5300 = PCURVE('',#3371,#5301);
#5301 = DEFINITIONAL_REPRESENTATION('',(#5302),#5306);
#5302 = CIRCLE('',#5303,2.3);
#5303 = AXIS2_PLACEMENT_2D('',#5304,#5305);
#5304 = CARTESIAN_POINT('',(-20.4,-26.6875));
#5305 = DIRECTION('',(1.,0.));
#5306 = ( GEOMETRIC_REPRESENTATION_CONTEXT(2) 
PARAMETRIC_REPRESENTATION_CONTEXT() REPRESENTATION_CONTEXT('2D SPACE',''
  ) );
#5307 = PCURVE('',#5308,#5313);
#5308 = CYLINDRICAL_SURFACE('',#5309,2.3);
#5309 = AXIS2_PLACEMENT_3D('',#5310,#5311,#5312);
#5310 = CARTESIAN_POINT('',(-20.4,-26.6875,1.4));
#5311 = DIRECTION('',(0.,0.,1.));
#5312 = DIRECTION('',(1.,0.,-0.));
#5313 = DEFINITIONAL_REPRESENTATION('',(#5314),#5318);
#5314 = LINE('',#5315,#5316);
#5315 = CARTESIAN_POINT('',(0.,1.8));
#5316 = VECTOR('',#5317,1.);
#5317 = DIRECTION('',(1.,0.));
#5318 = ( GEOMETRIC_REPRESENTATION_CONTEXT(2) 
PARAMETRIC_REPRESENTATION_CONTEXT() REPRESENTATION_CONTEXT('2D SPACE',''
  ) );
#5319 = ORIENTED_EDGE('',*,*,#5320,.T.);
#5320 = EDGE_CURVE('',#5292,#5321,#5323,.T.);
#5321 = VERTEX_POINT('',#5322);
#5322 = CARTESIAN_POINT('',(-21.65,-24.75682654236,3.2));
#5323 = SURFACE_CURVE('',#5324,(#5329,#5336),.PCURVE_S1.);
#5324 = CIRCLE('',#5325,2.3);
#5325 = AXIS2_PLACEMENT_3D('',#5326,#5327,#5328);
#5326 = CARTESIAN_POINT('',(-20.4,-26.6875,3.2));
#5327 = DIRECTION('',(0.,0.,1.));
#5328 = DIRECTION('',(1.,0.,-0.));
#5329 = PCURVE('',#3371,#5330);
#5330 = DEFINITIONAL_REPRESENTATION('',(#5331),#5335);
#5331 = CIRCLE('',#5332,2.3);
#5332 = AXIS2_PLACEMENT_2D('',#5333,#5334);
#5333 = CARTESIAN_POINT('',(-20.4,-26.6875));
#5334 = DIRECTION('',(1.,0.));
#5335 = ( GEOMETRIC_REPRESENTATION_CONTEXT(2) 
PARAMETRIC_REPRESENTATION_CONTEXT() REPRESENTATION_CONTEXT('2D SPACE',''
  ) );
#5336 = PCURVE('',#5308,#5337);
#5337 = DEFINITIONAL_REPRESENTATION('',(#5338),#5342);
#5338 = LINE('',#5339,#5340);
#5339 = CARTESIAN_POINT('',(0.,1.8));
#5340 = VECTOR('',#5341,1.);
#5341 = DIRECTION('',(1.,0.));
#5342 = ( GEOMETRIC_REPRESENTATION_CONTEXT(2) 
PARAMETRIC_REPRESENTATION_CONTEXT() REPRESENTATION_CONTEXT('2D SPACE',''
  ) );
#5343 = ORIENTED_EDGE('',*,*,#5344,.T.);
#5344 = EDGE_CURVE('',#5321,#5345,#5347,.T.);
#5345 = VERTEX_POINT('',#5346);
#5346 = CARTESIAN_POINT('',(-21.65,32.15,3.2));
#5347 = SURFACE_CURVE('',#5348,(#5352,#5359),.PCURVE_S1.);
#5348 = LINE('',#5349,#5350);
#5349 = CARTESIAN_POINT('',(-21.65,0.,3.2));
#5350 = VECTOR('',#5351,1.);
#5351 = DIRECTION('',(0.,1.,0.));
#5352 = PCURVE('',#3371,#5353);
#5353 = DEFINITIONAL_REPRESENTATION('',(#5354),#5358);
#5354 = LINE('',#5355,#5356);
#5355 = CARTESIAN_POINT('',(-21.65,-6.2035193142E-16));
#5356 = VECTOR('',#5357,1.);
#5357 = DIRECTION('',(0.,1.));
#5358 = ( GEOMETRIC_REPRESENTATION_CONTEXT(2) 
PARAMETRIC_REPRESENTATION_CONTEXT() REPRESENTATION_CONTEXT('2D SPACE',''
  ) );
#5359 = PCURVE('',#5360,#5365);
#5360 = PLANE('',#5361);
#5361 = AXIS2_PLACEMENT_3D('',#5362,#5363,#5364);
#5362 = CARTESIAN_POINT('',(-21.65,-32.15,2.4));
#5363 = DIRECTION('',(-1.,0.,0.));
#5364 = DIRECTION('',(0.,1.,0.));
#5365 = DEFINITIONAL_REPRESENTATION('',(#5366),#5370);
#5366 = LINE('',#5367,#5368);
#5367 = CARTESIAN_POINT('',(32.15,-0.8));
#5368 = VECTOR('',#5369,1.);
#5369 = DIRECTION('',(1.,0.));
#5370 = ( GEOMETRIC_REPRESENTATION_CONTEXT(2) 
PARAMETRIC_REPRESENTATION_CONTEXT() REPRESENTATION_CONTEXT('2D SPACE',''
  ) );
#5371 = ORIENTED_EDGE('',*,*,#5372,.T.);
#5372 = EDGE_CURVE('',#5345,#5373,#5375,.T.);
#5373 = VERTEX_POINT('',#5374);
#5374 = CARTESIAN_POINT('',(-20.15,33.65,3.2));
#5375 = SURFACE_CURVE('',#5376,(#5381,#5392),.PCURVE_S1.);
#5376 = CIRCLE('',#5377,1.5);
#5377 = AXIS2_PLACEMENT_3D('',#5378,#5379,#5380);
#5378 = CARTESIAN_POINT('',(-20.15,32.15,3.2));
#5379 = DIRECTION('',(0.,0.,-1.));
#5380 = DIRECTION('',(-1.,0.,0.));
#5381 = PCURVE('',#3371,#5382);
#5382 = DEFINITIONAL_REPRESENTATION('',(#5383),#5391);
#5383 = ( BOUNDED_CURVE() B_SPLINE_CURVE(2,(#5384,#5385,#5386,#5387,
#5388,#5389,#5390),.UNSPECIFIED.,.T.,.F.) B_SPLINE_CURVE_WITH_KNOTS((1,2
    ,2,2,2,1),(-2.094395102393,0.,2.094395102393,4.188790204786,
6.28318530718,8.377580409573),.UNSPECIFIED.) CURVE() 
GEOMETRIC_REPRESENTATION_ITEM() RATIONAL_B_SPLINE_CURVE((1.,0.5,1.,0.5,
1.,0.5,1.)) REPRESENTATION_ITEM('') );
#5384 = CARTESIAN_POINT('',(-21.65,32.15));
#5385 = CARTESIAN_POINT('',(-21.65,34.748076211353));
#5386 = CARTESIAN_POINT('',(-19.4,33.449038105677));
#5387 = CARTESIAN_POINT('',(-17.15,32.15));
#5388 = CARTESIAN_POINT('',(-19.4,30.850961894323));
#5389 = CARTESIAN_POINT('',(-21.65,29.551923788647));
#5390 = CARTESIAN_POINT('',(-21.65,32.15));
#5391 = ( GEOMETRIC_REPRESENTATION_CONTEXT(2) 
PARAMETRIC_REPRESENTATION_CONTEXT() REPRESENTATION_CONTEXT('2D SPACE',''
  ) );
#5392 = PCURVE('',#5393,#5398);
#5393 = CYLINDRICAL_SURFACE('',#5394,1.5);
#5394 = AXIS2_PLACEMENT_3D('',#5395,#5396,#5397);
#5395 = CARTESIAN_POINT('',(-20.15,32.15,2.4));
#5396 = DIRECTION('',(0.,0.,-1.));
#5397 = DIRECTION('',(-1.,0.,0.));
#5398 = DEFINITIONAL_REPRESENTATION('',(#5399),#5403);
#5399 = LINE('',#5400,#5401);
#5400 = CARTESIAN_POINT('',(0.,-0.8));
#5401 = VECTOR('',#5402,1.);
#5402 = DIRECTION('',(1.,0.));
#5403 = ( GEOMETRIC_REPRESENTATION_CONTEXT(2) 
PARAMETRIC_REPRESENTATION_CONTEXT() REPRESENTATION_CONTEXT('2D SPACE',''
  ) );
#5404 = ORIENTED_EDGE('',*,*,#5405,.T.);
#5405 = EDGE_CURVE('',#5373,#5406,#5408,.T.);
#5406 = VERTEX_POINT('',#5407);
#5407 = CARTESIAN_POINT('',(-19.,33.65,3.2));
#5408 = SURFACE_CURVE('',#5409,(#5413,#5420),.PCURVE_S1.);
#5409 = LINE('',#5410,#5411);
#5410 = CARTESIAN_POINT('',(0.,33.65,3.2));
#5411 = VECTOR('',#5412,1.);
#5412 = DIRECTION('',(1.,0.,0.));
#5413 = PCURVE('',#3371,#5414);
#5414 = DEFINITIONAL_REPRESENTATION('',(#5415),#5419);
#5415 = LINE('',#5416,#5417);
#5416 = CARTESIAN_POINT('',(-1.178668669698E-15,33.65));
#5417 = VECTOR('',#5418,1.);
#5418 = DIRECTION('',(1.,0.));
#5419 = ( GEOMETRIC_REPRESENTATION_CONTEXT(2) 
PARAMETRIC_REPRESENTATION_CONTEXT() REPRESENTATION_CONTEXT('2D SPACE',''
  ) );
#5420 = PCURVE('',#5421,#5426);
#5421 = PLANE('',#5422);
#5422 = AXIS2_PLACEMENT_3D('',#5423,#5424,#5425);
#5423 = CARTESIAN_POINT('',(-20.15,33.65,2.4));
#5424 = DIRECTION('',(0.,1.,0.));
#5425 = DIRECTION('',(1.,0.,0.));
#5426 = DEFINITIONAL_REPRESENTATION('',(#5427),#5431);
#5427 = LINE('',#5428,#5429);
#5428 = CARTESIAN_POINT('',(20.15,-0.8));
#5429 = VECTOR('',#5430,1.);
#5430 = DIRECTION('',(1.,0.));
#5431 = ( GEOMETRIC_REPRESENTATION_CONTEXT(2) 
PARAMETRIC_REPRESENTATION_CONTEXT() REPRESENTATION_CONTEXT('2D SPACE',''
  ) );
#5432 = ORIENTED_EDGE('',*,*,#5433,.T.);
#5433 = EDGE_CURVE('',#5406,#3620,#5434,.T.);
#5434 = SURFACE_CURVE('',#5435,(#5439,#5446),.PCURVE_S1.);
#5435 = LINE('',#5436,#5437);
#5436 = CARTESIAN_POINT('',(-19.,14.25,3.2));
#5437 = VECTOR('',#5438,1.);
#5438 = DIRECTION('',(-0.,1.,0.));
#5439 = PCURVE('',#3371,#5440);
#5440 = DEFINITIONAL_REPRESENTATION('',(#5441),#5445);
#5441 = LINE('',#5442,#5443);
#5442 = CARTESIAN_POINT('',(-19.,14.25));
#5443 = VECTOR('',#5444,1.);
#5444 = DIRECTION('',(0.,1.));
#5445 = ( GEOMETRIC_REPRESENTATION_CONTEXT(2) 
PARAMETRIC_REPRESENTATION_CONTEXT() REPRESENTATION_CONTEXT('2D SPACE',''
  ) );
#5446 = PCURVE('',#3635,#5447);
#5447 = DEFINITIONAL_REPRESENTATION('',(#5448),#5451);
#5448 = B_SPLINE_CURVE_WITH_KNOTS('',1,(#5449,#5450),.UNSPECIFIED.,.F.,
  .F.,(2,2),(14.25,21.1),.PIECEWISE_BEZIER_KNOTS.);
#5449 = CARTESIAN_POINT('',(1.3,0.));
#5450 = CARTESIAN_POINT('',(1.3,-6.85));
#5451 = ( GEOMETRIC_REPRESENTATION_CONTEXT(2) 
PARAMETRIC_REPRESENTATION_CONTEXT() REPRESENTATION_CONTEXT('2D SPACE',''
  ) );
#5452 = ORIENTED_EDGE('',*,*,#3646,.F.);
#5453 = ORIENTED_EDGE('',*,*,#3429,.T.);
#5454 = FACE_BOUND('',#5455,.T.);
#5455 = EDGE_LOOP('',(#5456));
#5456 = ORIENTED_EDGE('',*,*,#5457,.F.);
#5457 = EDGE_CURVE('',#5458,#5458,#5460,.T.);
#5458 = VERTEX_POINT('',#5459);
#5459 = CARTESIAN_POINT('',(-20.2,-31.6844,3.2));
#5460 = SURFACE_CURVE('',#5461,(#5466,#5473),.PCURVE_S1.);
#5461 = CIRCLE('',#5462,0.95);
#5462 = AXIS2_PLACEMENT_3D('',#5463,#5464,#5465);
#5463 = CARTESIAN_POINT('',(-21.15,-31.6844,3.2));
#5464 = DIRECTION('',(0.,0.,1.));
#5465 = DIRECTION('',(1.,0.,-0.));
#5466 = PCURVE('',#3371,#5467);
#5467 = DEFINITIONAL_REPRESENTATION('',(#5468),#5472);
#5468 = CIRCLE('',#5469,0.95);
#5469 = AXIS2_PLACEMENT_2D('',#5470,#5471);
#5470 = CARTESIAN_POINT('',(-21.15,-31.6844));
#5471 = DIRECTION('',(1.,0.));
#5472 = ( GEOMETRIC_REPRESENTATION_CONTEXT(2) 
PARAMETRIC_REPRESENTATION_CONTEXT() REPRESENTATION_CONTEXT('2D SPACE',''
  ) );
#5473 = PCURVE('',#5474,#5479);
#5474 = CYLINDRICAL_SURFACE('',#5475,0.95);
#5475 = AXIS2_PLACEMENT_3D('',#5476,#5477,#5478);
#5476 = CARTESIAN_POINT('',(-21.15,-31.6844,3.2));
#5477 = DIRECTION('',(0.,0.,1.));
#5478 = DIRECTION('',(1.,0.,-0.));
#5479 = DEFINITIONAL_REPRESENTATION('',(#5480),#5484);
#5480 = LINE('',#5481,#5482);
#5481 = CARTESIAN_POINT('',(0.,0.));
#5482 = VECTOR('',#5483,1.);
#5483 = DIRECTION('',(1.,0.));
#5484 = ( GEOMETRIC_REPRESENTATION_CONTEXT(2) 
PARAMETRIC_REPRESENTATION_CONTEXT() REPRESENTATION_CONTEXT('2D SPACE',''
  ) );
#5485 = FACE_BOUND('',#5486,.T.);
#5486 = EDGE_LOOP('',(#5487));
#5487 = ORIENTED_EDGE('',*,*,#5488,.F.);
#5488 = EDGE_CURVE('',#5489,#5489,#5491,.T.);
#5489 = VERTEX_POINT('',#5490);
#5490 = CARTESIAN_POINT('',(-19.45,-26.6875,3.2));
#5491 = SURFACE_CURVE('',#5492,(#5497,#5504),.PCURVE_S1.);
#5492 = CIRCLE('',#5493,0.95);
#5493 = AXIS2_PLACEMENT_3D('',#5494,#5495,#5496);
#5494 = CARTESIAN_POINT('',(-20.4,-26.6875,3.2));
#5495 = DIRECTION('',(0.,0.,1.));
#5496 = DIRECTION('',(1.,0.,-0.));
#5497 = PCURVE('',#3371,#5498);
#5498 = DEFINITIONAL_REPRESENTATION('',(#5499),#5503);
#5499 = CIRCLE('',#5500,0.95);
#5500 = AXIS2_PLACEMENT_2D('',#5501,#5502);
#5501 = CARTESIAN_POINT('',(-20.4,-26.6875));
#5502 = DIRECTION('',(1.,0.));
#5503 = ( GEOMETRIC_REPRESENTATION_CONTEXT(2) 
PARAMETRIC_REPRESENTATION_CONTEXT() REPRESENTATION_CONTEXT('2D SPACE',''
  ) );
#5504 = PCURVE('',#5505,#5510);
#5505 = CYLINDRICAL_SURFACE('',#5506,0.95);
#5506 = AXIS2_PLACEMENT_3D('',#5507,#5508,#5509);
#5507 = CARTESIAN_POINT('',(-20.4,-26.6875,3.2));
#5508 = DIRECTION('',(0.,0.,1.));
#5509 = DIRECTION('',(1.,0.,-0.));
#5510 = DEFINITIONAL_REPRESENTATION('',(#5511),#5515);
#5511 = LINE('',#5512,#5513);
#5512 = CARTESIAN_POINT('',(0.,0.));
#5513 = VECTOR('',#5514,1.);
#5514 = DIRECTION('',(1.,0.));
#5515 = ( GEOMETRIC_REPRESENTATION_CONTEXT(2) 
PARAMETRIC_REPRESENTATION_CONTEXT() REPRESENTATION_CONTEXT('2D SPACE',''
  ) );
#5516 = ADVANCED_FACE('',(#5517,#5684,#5710),#3551,.T.);
#5517 = FACE_BOUND('',#5518,.T.);
#5518 = EDGE_LOOP('',(#5519,#5549,#5577,#5606,#5634,#5656,#5657,#5658,
    #5659,#5660,#5661,#5662));
#5519 = ORIENTED_EDGE('',*,*,#5520,.F.);
#5520 = EDGE_CURVE('',#5521,#5523,#5525,.T.);
#5521 = VERTEX_POINT('',#5522);
#5522 = CARTESIAN_POINT('',(-23.35,-31.01357960675,1.4));
#5523 = VERTEX_POINT('',#5524);
#5524 = CARTESIAN_POINT('',(-23.35,32.15,1.4));
#5525 = SURFACE_CURVE('',#5526,(#5530,#5537),.PCURVE_S1.);
#5526 = LINE('',#5527,#5528);
#5527 = CARTESIAN_POINT('',(-23.35,0.,1.4));
#5528 = VECTOR('',#5529,1.);
#5529 = DIRECTION('',(0.,1.,0.));
#5530 = PCURVE('',#3551,#5531);
#5531 = DEFINITIONAL_REPRESENTATION('',(#5532),#5536);
#5532 = LINE('',#5533,#5534);
#5533 = CARTESIAN_POINT('',(-23.35,-6.2035193142E-16));
#5534 = VECTOR('',#5535,1.);
#5535 = DIRECTION('',(0.,1.));
#5536 = ( GEOMETRIC_REPRESENTATION_CONTEXT(2) 
PARAMETRIC_REPRESENTATION_CONTEXT() REPRESENTATION_CONTEXT('2D SPACE',''
  ) );
#5537 = PCURVE('',#5538,#5543);
#5538 = PLANE('',#5539);
#5539 = AXIS2_PLACEMENT_3D('',#5540,#5541,#5542);
#5540 = CARTESIAN_POINT('',(-23.35,-32.15,1.4));
#5541 = DIRECTION('',(-1.,0.,0.));
#5542 = DIRECTION('',(0.,1.,0.));
#5543 = DEFINITIONAL_REPRESENTATION('',(#5544),#5548);
#5544 = LINE('',#5545,#5546);
#5545 = CARTESIAN_POINT('',(32.15,0.));
#5546 = VECTOR('',#5547,1.);
#5547 = DIRECTION('',(1.,0.));
#5548 = ( GEOMETRIC_REPRESENTATION_CONTEXT(2) 
PARAMETRIC_REPRESENTATION_CONTEXT() REPRESENTATION_CONTEXT('2D SPACE',''
  ) );
#5549 = ORIENTED_EDGE('',*,*,#5550,.T.);
#5550 = EDGE_CURVE('',#5521,#5551,#5553,.T.);
#5551 = VERTEX_POINT('',#5552);
#5552 = CARTESIAN_POINT('',(-23.34155621411,-32.38231214372,1.4));
#5553 = SURFACE_CURVE('',#5554,(#5559,#5570),.PCURVE_S1.);
#5554 = CIRCLE('',#5555,2.3);
#5555 = AXIS2_PLACEMENT_3D('',#5556,#5557,#5558);
#5556 = CARTESIAN_POINT('',(-21.15,-31.6844,1.4));
#5557 = DIRECTION('',(0.,0.,-1.));
#5558 = DIRECTION('',(-0.95652173913,0.291661040543,0.));
#5559 = PCURVE('',#3551,#5560);
#5560 = DEFINITIONAL_REPRESENTATION('',(#5561),#5569);
#5561 = ( BOUNDED_CURVE() B_SPLINE_CURVE(2,(#5562,#5563,#5564,#5565,
#5566,#5567,#5568),.UNSPECIFIED.,.T.,.F.) B_SPLINE_CURVE_WITH_KNOTS((1,2
    ,2,2,2,1),(-2.094395102393,0.,2.094395102393,4.188790204786,
6.28318530718,8.377580409573),.UNSPECIFIED.) CURVE() 
GEOMETRIC_REPRESENTATION_ITEM() RATIONAL_B_SPLINE_CURVE((1.,0.5,1.,0.5,
1.,0.5,1.)) REPRESENTATION_ITEM('') );
#5562 = CARTESIAN_POINT('',(-23.35,-31.01357960675));
#5563 = CARTESIAN_POINT('',(-22.18810499613,-27.20306783009));
#5564 = CARTESIAN_POINT('',(-19.46905249806,-30.11455430829));
#5565 = CARTESIAN_POINT('',(-16.75,-33.0260407865));
#5566 = CARTESIAN_POINT('',(-20.63094750193,-33.92506608495));
#5567 = CARTESIAN_POINT('',(-24.51189500386,-34.8240913834));
#5568 = CARTESIAN_POINT('',(-23.35,-31.01357960675));
#5569 = ( GEOMETRIC_REPRESENTATION_CONTEXT(2) 
PARAMETRIC_REPRESENTATION_CONTEXT() REPRESENTATION_CONTEXT('2D SPACE',''
  ) );
#5570 = PCURVE('',#5251,#5571);
#5571 = DEFINITIONAL_REPRESENTATION('',(#5572),#5576);
#5572 = LINE('',#5573,#5574);
#5573 = CARTESIAN_POINT('',(9.128815039272,0.));
#5574 = VECTOR('',#5575,1.);
#5575 = DIRECTION('',(-1.,-0.));
#5576 = ( GEOMETRIC_REPRESENTATION_CONTEXT(2) 
PARAMETRIC_REPRESENTATION_CONTEXT() REPRESENTATION_CONTEXT('2D SPACE',''
  ) );
#5577 = ORIENTED_EDGE('',*,*,#5578,.T.);
#5578 = EDGE_CURVE('',#5551,#5579,#5581,.T.);
#5579 = VERTEX_POINT('',#5580);
#5580 = CARTESIAN_POINT('',(-20.15,-35.35,1.4));
#5581 = SURFACE_CURVE('',#5582,(#5587,#5594),.PCURVE_S1.);
#5582 = CIRCLE('',#5583,3.2);
#5583 = AXIS2_PLACEMENT_3D('',#5584,#5585,#5586);
#5584 = CARTESIAN_POINT('',(-20.15,-32.15,1.4));
#5585 = DIRECTION('',(0.,0.,1.));
#5586 = DIRECTION('',(1.,0.,0.));
#5587 = PCURVE('',#3551,#5588);
#5588 = DEFINITIONAL_REPRESENTATION('',(#5589),#5593);
#5589 = CIRCLE('',#5590,3.2);
#5590 = AXIS2_PLACEMENT_2D('',#5591,#5592);
#5591 = CARTESIAN_POINT('',(-20.15,-32.15));
#5592 = DIRECTION('',(1.,0.));
#5593 = ( GEOMETRIC_REPRESENTATION_CONTEXT(2) 
PARAMETRIC_REPRESENTATION_CONTEXT() REPRESENTATION_CONTEXT('2D SPACE',''
  ) );
#5594 = PCURVE('',#5595,#5600);
#5595 = CYLINDRICAL_SURFACE('',#5596,3.2);
#5596 = AXIS2_PLACEMENT_3D('',#5597,#5598,#5599);
#5597 = CARTESIAN_POINT('',(-20.15,-32.15,1.4));
#5598 = DIRECTION('',(-0.,-0.,-1.));
#5599 = DIRECTION('',(1.,0.,0.));
#5600 = DEFINITIONAL_REPRESENTATION('',(#5601),#5605);
#5601 = LINE('',#5602,#5603);
#5602 = CARTESIAN_POINT('',(-0.,0.));
#5603 = VECTOR('',#5604,1.);
#5604 = DIRECTION('',(-1.,0.));
#5605 = ( GEOMETRIC_REPRESENTATION_CONTEXT(2) 
PARAMETRIC_REPRESENTATION_CONTEXT() REPRESENTATION_CONTEXT('2D SPACE',''
  ) );
#5606 = ORIENTED_EDGE('',*,*,#5607,.T.);
#5607 = EDGE_CURVE('',#5579,#5608,#5610,.T.);
#5608 = VERTEX_POINT('',#5609);
#5609 = CARTESIAN_POINT('',(20.15,-35.35,1.4));
#5610 = SURFACE_CURVE('',#5611,(#5615,#5622),.PCURVE_S1.);
#5611 = LINE('',#5612,#5613);
#5612 = CARTESIAN_POINT('',(0.,-35.35,1.4));
#5613 = VECTOR('',#5614,1.);
#5614 = DIRECTION('',(1.,0.,0.));
#5615 = PCURVE('',#3551,#5616);
#5616 = DEFINITIONAL_REPRESENTATION('',(#5617),#5621);
#5617 = LINE('',#5618,#5619);
#5618 = CARTESIAN_POINT('',(-1.178668669698E-15,-35.35));
#5619 = VECTOR('',#5620,1.);
#5620 = DIRECTION('',(1.,0.));
#5621 = ( GEOMETRIC_REPRESENTATION_CONTEXT(2) 
PARAMETRIC_REPRESENTATION_CONTEXT() REPRESENTATION_CONTEXT('2D SPACE',''
  ) );
#5622 = PCURVE('',#5623,#5628);
#5623 = PLANE('',#5624);
#5624 = AXIS2_PLACEMENT_3D('',#5625,#5626,#5627);
#5625 = CARTESIAN_POINT('',(-20.15,-35.35,1.4));
#5626 = DIRECTION('',(0.,1.,0.));
#5627 = DIRECTION('',(1.,0.,0.));
#5628 = DEFINITIONAL_REPRESENTATION('',(#5629),#5633);
#5629 = LINE('',#5630,#5631);
#5630 = CARTESIAN_POINT('',(20.15,0.));
#5631 = VECTOR('',#5632,1.);
#5632 = DIRECTION('',(1.,0.));
#5633 = ( GEOMETRIC_REPRESENTATION_CONTEXT(2) 
PARAMETRIC_REPRESENTATION_CONTEXT() REPRESENTATION_CONTEXT('2D SPACE',''
  ) );
#5634 = ORIENTED_EDGE('',*,*,#5635,.T.);
#5635 = EDGE_CURVE('',#5608,#4114,#5636,.T.);
#5636 = SURFACE_CURVE('',#5637,(#5642,#5649),.PCURVE_S1.);
#5637 = CIRCLE('',#5638,3.2);
#5638 = AXIS2_PLACEMENT_3D('',#5639,#5640,#5641);
#5639 = CARTESIAN_POINT('',(20.15,-32.15,1.4));
#5640 = DIRECTION('',(0.,0.,1.));
#5641 = DIRECTION('',(1.,0.,0.));
#5642 = PCURVE('',#3551,#5643);
#5643 = DEFINITIONAL_REPRESENTATION('',(#5644),#5648);
#5644 = CIRCLE('',#5645,3.2);
#5645 = AXIS2_PLACEMENT_2D('',#5646,#5647);
#5646 = CARTESIAN_POINT('',(20.15,-32.15));
#5647 = DIRECTION('',(1.,0.));
#5648 = ( GEOMETRIC_REPRESENTATION_CONTEXT(2) 
PARAMETRIC_REPRESENTATION_CONTEXT() REPRESENTATION_CONTEXT('2D SPACE',''
  ) );
#5649 = PCURVE('',#4152,#5650);
#5650 = DEFINITIONAL_REPRESENTATION('',(#5651),#5655);
#5651 = LINE('',#5652,#5653);
#5652 = CARTESIAN_POINT('',(-0.,0.));
#5653 = VECTOR('',#5654,1.);
#5654 = DIRECTION('',(-1.,0.));
#5655 = ( GEOMETRIC_REPRESENTATION_CONTEXT(2) 
PARAMETRIC_REPRESENTATION_CONTEXT() REPRESENTATION_CONTEXT('2D SPACE',''
  ) );
#5656 = ORIENTED_EDGE('',*,*,#4113,.T.);
#5657 = ORIENTED_EDGE('',*,*,#3890,.T.);
#5658 = ORIENTED_EDGE('',*,*,#4659,.F.);
#5659 = ORIENTED_EDGE('',*,*,#4590,.T.);
#5660 = ORIENTED_EDGE('',*,*,#4543,.T.);
#5661 = ORIENTED_EDGE('',*,*,#3533,.F.);
#5662 = ORIENTED_EDGE('',*,*,#5663,.T.);
#5663 = EDGE_CURVE('',#3534,#5523,#5664,.T.);
#5664 = SURFACE_CURVE('',#5665,(#5670,#5677),.PCURVE_S1.);
#5665 = CIRCLE('',#5666,3.2);
#5666 = AXIS2_PLACEMENT_3D('',#5667,#5668,#5669);
#5667 = CARTESIAN_POINT('',(-20.15,32.15,1.4));
#5668 = DIRECTION('',(0.,0.,1.));
#5669 = DIRECTION('',(1.,0.,0.));
#5670 = PCURVE('',#3551,#5671);
#5671 = DEFINITIONAL_REPRESENTATION('',(#5672),#5676);
#5672 = CIRCLE('',#5673,3.2);
#5673 = AXIS2_PLACEMENT_2D('',#5674,#5675);
#5674 = CARTESIAN_POINT('',(-20.15,32.15));
#5675 = DIRECTION('',(1.,0.));
#5676 = ( GEOMETRIC_REPRESENTATION_CONTEXT(2) 
PARAMETRIC_REPRESENTATION_CONTEXT() REPRESENTATION_CONTEXT('2D SPACE',''
  ) );
#5677 = PCURVE('',#3579,#5678);
#5678 = DEFINITIONAL_REPRESENTATION('',(#5679),#5683);
#5679 = LINE('',#5680,#5681);
#5680 = CARTESIAN_POINT('',(-0.,0.));
#5681 = VECTOR('',#5682,1.);
#5682 = DIRECTION('',(-1.,0.));
#5683 = ( GEOMETRIC_REPRESENTATION_CONTEXT(2) 
PARAMETRIC_REPRESENTATION_CONTEXT() REPRESENTATION_CONTEXT('2D SPACE',''
  ) );
#5684 = FACE_BOUND('',#5685,.T.);
#5685 = EDGE_LOOP('',(#5686));
#5686 = ORIENTED_EDGE('',*,*,#5687,.F.);
#5687 = EDGE_CURVE('',#5688,#5688,#5690,.T.);
#5688 = VERTEX_POINT('',#5689);
#5689 = CARTESIAN_POINT('',(-18.1,-26.6875,1.4));
#5690 = SURFACE_CURVE('',#5691,(#5696,#5703),.PCURVE_S1.);
#5691 = CIRCLE('',#5692,2.3);
#5692 = AXIS2_PLACEMENT_3D('',#5693,#5694,#5695);
#5693 = CARTESIAN_POINT('',(-20.4,-26.6875,1.4));
#5694 = DIRECTION('',(0.,0.,1.));
#5695 = DIRECTION('',(1.,0.,-0.));
#5696 = PCURVE('',#3551,#5697);
#5697 = DEFINITIONAL_REPRESENTATION('',(#5698),#5702);
#5698 = CIRCLE('',#5699,2.3);
#5699 = AXIS2_PLACEMENT_2D('',#5700,#5701);
#5700 = CARTESIAN_POINT('',(-20.4,-26.6875));
#5701 = DIRECTION('',(1.,0.));
#5702 = ( GEOMETRIC_REPRESENTATION_CONTEXT(2) 
PARAMETRIC_REPRESENTATION_CONTEXT() REPRESENTATION_CONTEXT('2D SPACE',''
  ) );
#5703 = PCURVE('',#5308,#5704);
#5704 = DEFINITIONAL_REPRESENTATION('',(#5705),#5709);
#5705 = LINE('',#5706,#5707);
#5706 = CARTESIAN_POINT('',(0.,0.));
#5707 = VECTOR('',#5708,1.);
#5708 = DIRECTION('',(1.,0.));
#5709 = ( GEOMETRIC_REPRESENTATION_CONTEXT(2) 
PARAMETRIC_REPRESENTATION_CONTEXT() REPRESENTATION_CONTEXT('2D SPACE',''
  ) );
#5710 = FACE_BOUND('',#5711,.T.);
#5711 = EDGE_LOOP('',(#5712,#5713,#5714,#5715));
#5712 = ORIENTED_EDGE('',*,*,#4849,.T.);
#5713 = ORIENTED_EDGE('',*,*,#4755,.T.);
#5714 = ORIENTED_EDGE('',*,*,#4802,.F.);
#5715 = ORIENTED_EDGE('',*,*,#4874,.F.);
#5716 = ADVANCED_FACE('',(#5717),#3763,.F.);
#5717 = FACE_BOUND('',#5718,.F.);
#5718 = EDGE_LOOP('',(#5719,#5720,#5741,#5769,#5802,#5821));
#5719 = ORIENTED_EDGE('',*,*,#3747,.F.);
#5720 = ORIENTED_EDGE('',*,*,#5721,.F.);
#5721 = EDGE_CURVE('',#5722,#3721,#5724,.T.);
#5722 = VERTEX_POINT('',#5723);
#5723 = CARTESIAN_POINT('',(9.,33.65,2.4));
#5724 = SURFACE_CURVE('',#5725,(#5729,#5735),.PCURVE_S1.);
#5725 = LINE('',#5726,#5727);
#5726 = CARTESIAN_POINT('',(9.,14.25,2.4));
#5727 = VECTOR('',#5728,1.);
#5728 = DIRECTION('',(-0.,1.,0.));
#5729 = PCURVE('',#3763,#5730);
#5730 = DEFINITIONAL_REPRESENTATION('',(#5731),#5734);
#5731 = B_SPLINE_CURVE_WITH_KNOTS('',1,(#5732,#5733),.UNSPECIFIED.,.F.,
  .F.,(2,2),(14.25,21.1),.PIECEWISE_BEZIER_KNOTS.);
#5732 = CARTESIAN_POINT('',(9.,28.5));
#5733 = CARTESIAN_POINT('',(9.,35.35));
#5734 = ( GEOMETRIC_REPRESENTATION_CONTEXT(2) 
PARAMETRIC_REPRESENTATION_CONTEXT() REPRESENTATION_CONTEXT('2D SPACE',''
  ) );
#5735 = PCURVE('',#3736,#5736);
#5736 = DEFINITIONAL_REPRESENTATION('',(#5737),#5740);
#5737 = B_SPLINE_CURVE_WITH_KNOTS('',1,(#5738,#5739),.UNSPECIFIED.,.F.,
  .F.,(2,2),(14.25,21.1),.PIECEWISE_BEZIER_KNOTS.);
#5738 = CARTESIAN_POINT('',(0.5,0.));
#5739 = CARTESIAN_POINT('',(0.5,-6.85));
#5740 = ( GEOMETRIC_REPRESENTATION_CONTEXT(2) 
PARAMETRIC_REPRESENTATION_CONTEXT() REPRESENTATION_CONTEXT('2D SPACE',''
  ) );
#5741 = ORIENTED_EDGE('',*,*,#5742,.T.);
#5742 = EDGE_CURVE('',#5722,#5743,#5745,.T.);
#5743 = VERTEX_POINT('',#5744);
#5744 = CARTESIAN_POINT('',(20.15,33.65,2.4));
#5745 = SURFACE_CURVE('',#5746,(#5750,#5757),.PCURVE_S1.);
#5746 = LINE('',#5747,#5748);
#5747 = CARTESIAN_POINT('',(0.,33.65,2.4));
#5748 = VECTOR('',#5749,1.);
#5749 = DIRECTION('',(1.,0.,0.));
#5750 = PCURVE('',#3763,#5751);
#5751 = DEFINITIONAL_REPRESENTATION('',(#5752),#5756);
#5752 = LINE('',#5753,#5754);
#5753 = CARTESIAN_POINT('',(-1.178668669698E-15,33.65));
#5754 = VECTOR('',#5755,1.);
#5755 = DIRECTION('',(1.,0.));
#5756 = ( GEOMETRIC_REPRESENTATION_CONTEXT(2) 
PARAMETRIC_REPRESENTATION_CONTEXT() REPRESENTATION_CONTEXT('2D SPACE',''
  ) );
#5757 = PCURVE('',#5758,#5763);
#5758 = PLANE('',#5759);
#5759 = AXIS2_PLACEMENT_3D('',#5760,#5761,#5762);
#5760 = CARTESIAN_POINT('',(-20.15,33.65,2.4));
#5761 = DIRECTION('',(0.,1.,0.));
#5762 = DIRECTION('',(1.,0.,0.));
#5763 = DEFINITIONAL_REPRESENTATION('',(#5764),#5768);
#5764 = LINE('',#5765,#5766);
#5765 = CARTESIAN_POINT('',(20.15,0.));
#5766 = VECTOR('',#5767,1.);
#5767 = DIRECTION('',(1.,0.));
#5768 = ( GEOMETRIC_REPRESENTATION_CONTEXT(2) 
PARAMETRIC_REPRESENTATION_CONTEXT() REPRESENTATION_CONTEXT('2D SPACE',''
  ) );
#5769 = ORIENTED_EDGE('',*,*,#5770,.T.);
#5770 = EDGE_CURVE('',#5743,#5771,#5773,.T.);
#5771 = VERTEX_POINT('',#5772);
#5772 = CARTESIAN_POINT('',(20.4,33.629019945775,2.4));
#5773 = SURFACE_CURVE('',#5774,(#5779,#5790),.PCURVE_S1.);
#5774 = CIRCLE('',#5775,1.5);
#5775 = AXIS2_PLACEMENT_3D('',#5776,#5777,#5778);
#5776 = CARTESIAN_POINT('',(20.15,32.15,2.4));
#5777 = DIRECTION('',(0.,0.,-1.));
#5778 = DIRECTION('',(-1.,0.,0.));
#5779 = PCURVE('',#3763,#5780);
#5780 = DEFINITIONAL_REPRESENTATION('',(#5781),#5789);
#5781 = ( BOUNDED_CURVE() B_SPLINE_CURVE(2,(#5782,#5783,#5784,#5785,
#5786,#5787,#5788),.UNSPECIFIED.,.T.,.F.) B_SPLINE_CURVE_WITH_KNOTS((1,2
    ,2,2,2,1),(-2.094395102393,0.,2.094395102393,4.188790204786,
6.28318530718,8.377580409573),.UNSPECIFIED.) CURVE() 
GEOMETRIC_REPRESENTATION_ITEM() RATIONAL_B_SPLINE_CURVE((1.,0.5,1.,0.5,
1.,0.5,1.)) REPRESENTATION_ITEM('') );
#5782 = CARTESIAN_POINT('',(18.65,32.15));
#5783 = CARTESIAN_POINT('',(18.65,34.748076211353));
#5784 = CARTESIAN_POINT('',(20.9,33.449038105677));
#5785 = CARTESIAN_POINT('',(23.15,32.15));
#5786 = CARTESIAN_POINT('',(20.9,30.850961894323));
#5787 = CARTESIAN_POINT('',(18.65,29.551923788647));
#5788 = CARTESIAN_POINT('',(18.65,32.15));
#5789 = ( GEOMETRIC_REPRESENTATION_CONTEXT(2) 
PARAMETRIC_REPRESENTATION_CONTEXT() REPRESENTATION_CONTEXT('2D SPACE',''
  ) );
#5790 = PCURVE('',#5791,#5796);
#5791 = CYLINDRICAL_SURFACE('',#5792,1.5);
#5792 = AXIS2_PLACEMENT_3D('',#5793,#5794,#5795);
#5793 = CARTESIAN_POINT('',(20.15,32.15,2.4));
#5794 = DIRECTION('',(0.,0.,-1.));
#5795 = DIRECTION('',(-1.,0.,0.));
#5796 = DEFINITIONAL_REPRESENTATION('',(#5797),#5801);
#5797 = LINE('',#5798,#5799);
#5798 = CARTESIAN_POINT('',(0.,0.));
#5799 = VECTOR('',#5800,1.);
#5800 = DIRECTION('',(1.,0.));
#5801 = ( GEOMETRIC_REPRESENTATION_CONTEXT(2) 
PARAMETRIC_REPRESENTATION_CONTEXT() REPRESENTATION_CONTEXT('2D SPACE',''
  ) );
#5802 = ORIENTED_EDGE('',*,*,#5803,.T.);
#5803 = EDGE_CURVE('',#5771,#3964,#5804,.T.);
#5804 = SURFACE_CURVE('',#5805,(#5809,#5815),.PCURVE_S1.);
#5805 = LINE('',#5806,#5807);
#5806 = CARTESIAN_POINT('',(20.4,-7.25,2.4));
#5807 = VECTOR('',#5808,1.);
#5808 = DIRECTION('',(-0.,1.,0.));
#5809 = PCURVE('',#3763,#5810);
#5810 = DEFINITIONAL_REPRESENTATION('',(#5811),#5814);
#5811 = B_SPLINE_CURVE_WITH_KNOTS('',1,(#5812,#5813),.UNSPECIFIED.,.F.,
  .F.,(2,2),(-7.25,42.6),.PIECEWISE_BEZIER_KNOTS.);
#5812 = CARTESIAN_POINT('',(20.4,-14.5));
#5813 = CARTESIAN_POINT('',(20.4,35.35));
#5814 = ( GEOMETRIC_REPRESENTATION_CONTEXT(2) 
PARAMETRIC_REPRESENTATION_CONTEXT() REPRESENTATION_CONTEXT('2D SPACE',''
  ) );
#5815 = PCURVE('',#3979,#5816);
#5816 = DEFINITIONAL_REPRESENTATION('',(#5817),#5820);
#5817 = B_SPLINE_CURVE_WITH_KNOTS('',1,(#5818,#5819),.UNSPECIFIED.,.F.,
  .F.,(2,2),(-7.25,42.6),.PIECEWISE_BEZIER_KNOTS.);
#5818 = CARTESIAN_POINT('',(0.5,0.));
#5819 = CARTESIAN_POINT('',(0.5,-49.85));
#5820 = ( GEOMETRIC_REPRESENTATION_CONTEXT(2) 
PARAMETRIC_REPRESENTATION_CONTEXT() REPRESENTATION_CONTEXT('2D SPACE',''
  ) );
#5821 = ORIENTED_EDGE('',*,*,#3990,.T.);
#5822 = ADVANCED_FACE('',(#5823),#3736,.F.);
#5823 = FACE_BOUND('',#5824,.F.);
#5824 = EDGE_LOOP('',(#5825,#5846,#5847,#5848));
#5825 = ORIENTED_EDGE('',*,*,#5826,.T.);
#5826 = EDGE_CURVE('',#5827,#5722,#5829,.T.);
#5827 = VERTEX_POINT('',#5828);
#5828 = CARTESIAN_POINT('',(9.,33.65,3.2));
#5829 = SURFACE_CURVE('',#5830,(#5834,#5840),.PCURVE_S1.);
#5830 = LINE('',#5831,#5832);
#5831 = CARTESIAN_POINT('',(9.,33.65,2.15));
#5832 = VECTOR('',#5833,1.);
#5833 = DIRECTION('',(-0.,0.,-1.));
#5834 = PCURVE('',#3736,#5835);
#5835 = DEFINITIONAL_REPRESENTATION('',(#5836),#5839);
#5836 = B_SPLINE_CURVE_WITH_KNOTS('',1,(#5837,#5838),.UNSPECIFIED.,.F.,
  .F.,(2,2),(-1.05,-0.25),.PIECEWISE_BEZIER_KNOTS.);
#5837 = CARTESIAN_POINT('',(1.3,-5.15));
#5838 = CARTESIAN_POINT('',(0.5,-5.15));
#5839 = ( GEOMETRIC_REPRESENTATION_CONTEXT(2) 
PARAMETRIC_REPRESENTATION_CONTEXT() REPRESENTATION_CONTEXT('2D SPACE',''
  ) );
#5840 = PCURVE('',#5758,#5841);
#5841 = DEFINITIONAL_REPRESENTATION('',(#5842),#5845);
#5842 = B_SPLINE_CURVE_WITH_KNOTS('',1,(#5843,#5844),.UNSPECIFIED.,.F.,
  .F.,(2,2),(-1.05,-0.25),.PIECEWISE_BEZIER_KNOTS.);
#5843 = CARTESIAN_POINT('',(29.15,-0.8));
#5844 = CARTESIAN_POINT('',(29.15,0.));
#5845 = ( GEOMETRIC_REPRESENTATION_CONTEXT(2) 
PARAMETRIC_REPRESENTATION_CONTEXT() REPRESENTATION_CONTEXT('2D SPACE',''
  ) );
#5846 = ORIENTED_EDGE('',*,*,#5721,.T.);
#5847 = ORIENTED_EDGE('',*,*,#3720,.F.);
#5848 = ORIENTED_EDGE('',*,*,#5849,.F.);
#5849 = EDGE_CURVE('',#5827,#3693,#5850,.T.);
#5850 = SURFACE_CURVE('',#5851,(#5855,#5861),.PCURVE_S1.);
#5851 = LINE('',#5852,#5853);
#5852 = CARTESIAN_POINT('',(9.,14.25,3.2));
#5853 = VECTOR('',#5854,1.);
#5854 = DIRECTION('',(-0.,1.,0.));
#5855 = PCURVE('',#3736,#5856);
#5856 = DEFINITIONAL_REPRESENTATION('',(#5857),#5860);
#5857 = B_SPLINE_CURVE_WITH_KNOTS('',1,(#5858,#5859),.UNSPECIFIED.,.F.,
  .F.,(2,2),(14.25,21.1),.PIECEWISE_BEZIER_KNOTS.);
#5858 = CARTESIAN_POINT('',(1.3,0.));
#5859 = CARTESIAN_POINT('',(1.3,-6.85));
#5860 = ( GEOMETRIC_REPRESENTATION_CONTEXT(2) 
PARAMETRIC_REPRESENTATION_CONTEXT() REPRESENTATION_CONTEXT('2D SPACE',''
  ) );
#5861 = PCURVE('',#3708,#5862);
#5862 = DEFINITIONAL_REPRESENTATION('',(#5863),#5866);
#5863 = B_SPLINE_CURVE_WITH_KNOTS('',1,(#5864,#5865),.UNSPECIFIED.,.F.,
  .F.,(2,2),(14.25,21.1),.PIECEWISE_BEZIER_KNOTS.);
#5864 = CARTESIAN_POINT('',(9.,28.5));
#5865 = CARTESIAN_POINT('',(9.,35.35));
#5866 = ( GEOMETRIC_REPRESENTATION_CONTEXT(2) 
PARAMETRIC_REPRESENTATION_CONTEXT() REPRESENTATION_CONTEXT('2D SPACE',''
  ) );
#5867 = ADVANCED_FACE('',(#5868),#3708,.T.);
#5868 = FACE_BOUND('',#5869,.T.);
#5869 = EDGE_LOOP('',(#5870,#5871,#5872,#5895,#5923,#5942));
#5870 = ORIENTED_EDGE('',*,*,#3692,.F.);
#5871 = ORIENTED_EDGE('',*,*,#5849,.F.);
#5872 = ORIENTED_EDGE('',*,*,#5873,.T.);
#5873 = EDGE_CURVE('',#5827,#5874,#5876,.T.);
#5874 = VERTEX_POINT('',#5875);
#5875 = CARTESIAN_POINT('',(20.15,33.65,3.2));
#5876 = SURFACE_CURVE('',#5877,(#5881,#5888),.PCURVE_S1.);
#5877 = LINE('',#5878,#5879);
#5878 = CARTESIAN_POINT('',(0.,33.65,3.2));
#5879 = VECTOR('',#5880,1.);
#5880 = DIRECTION('',(1.,0.,0.));
#5881 = PCURVE('',#3708,#5882);
#5882 = DEFINITIONAL_REPRESENTATION('',(#5883),#5887);
#5883 = LINE('',#5884,#5885);
#5884 = CARTESIAN_POINT('',(-1.178668669698E-15,33.65));
#5885 = VECTOR('',#5886,1.);
#5886 = DIRECTION('',(1.,0.));
#5887 = ( GEOMETRIC_REPRESENTATION_CONTEXT(2) 
PARAMETRIC_REPRESENTATION_CONTEXT() REPRESENTATION_CONTEXT('2D SPACE',''
  ) );
#5888 = PCURVE('',#5758,#5889);
#5889 = DEFINITIONAL_REPRESENTATION('',(#5890),#5894);
#5890 = LINE('',#5891,#5892);
#5891 = CARTESIAN_POINT('',(20.15,-0.8));
#5892 = VECTOR('',#5893,1.);
#5893 = DIRECTION('',(1.,0.));
#5894 = ( GEOMETRIC_REPRESENTATION_CONTEXT(2) 
PARAMETRIC_REPRESENTATION_CONTEXT() REPRESENTATION_CONTEXT('2D SPACE',''
  ) );
#5895 = ORIENTED_EDGE('',*,*,#5896,.T.);
#5896 = EDGE_CURVE('',#5874,#5897,#5899,.T.);
#5897 = VERTEX_POINT('',#5898);
#5898 = CARTESIAN_POINT('',(20.4,33.629019945775,3.2));
#5899 = SURFACE_CURVE('',#5900,(#5905,#5916),.PCURVE_S1.);
#5900 = CIRCLE('',#5901,1.5);
#5901 = AXIS2_PLACEMENT_3D('',#5902,#5903,#5904);
#5902 = CARTESIAN_POINT('',(20.15,32.15,3.2));
#5903 = DIRECTION('',(0.,0.,-1.));
#5904 = DIRECTION('',(-1.,0.,0.));
#5905 = PCURVE('',#3708,#5906);
#5906 = DEFINITIONAL_REPRESENTATION('',(#5907),#5915);
#5907 = ( BOUNDED_CURVE() B_SPLINE_CURVE(2,(#5908,#5909,#5910,#5911,
#5912,#5913,#5914),.UNSPECIFIED.,.T.,.F.) B_SPLINE_CURVE_WITH_KNOTS((1,2
    ,2,2,2,1),(-2.094395102393,0.,2.094395102393,4.188790204786,
6.28318530718,8.377580409573),.UNSPECIFIED.) CURVE() 
GEOMETRIC_REPRESENTATION_ITEM() RATIONAL_B_SPLINE_CURVE((1.,0.5,1.,0.5,
1.,0.5,1.)) REPRESENTATION_ITEM('') );
#5908 = CARTESIAN_POINT('',(18.65,32.15));
#5909 = CARTESIAN_POINT('',(18.65,34.748076211353));
#5910 = CARTESIAN_POINT('',(20.9,33.449038105677));
#5911 = CARTESIAN_POINT('',(23.15,32.15));
#5912 = CARTESIAN_POINT('',(20.9,30.850961894323));
#5913 = CARTESIAN_POINT('',(18.65,29.551923788647));
#5914 = CARTESIAN_POINT('',(18.65,32.15));
#5915 = ( GEOMETRIC_REPRESENTATION_CONTEXT(2) 
PARAMETRIC_REPRESENTATION_CONTEXT() REPRESENTATION_CONTEXT('2D SPACE',''
  ) );
#5916 = PCURVE('',#5791,#5917);
#5917 = DEFINITIONAL_REPRESENTATION('',(#5918),#5922);
#5918 = LINE('',#5919,#5920);
#5919 = CARTESIAN_POINT('',(0.,-0.8));
#5920 = VECTOR('',#5921,1.);
#5921 = DIRECTION('',(1.,0.));
#5922 = ( GEOMETRIC_REPRESENTATION_CONTEXT(2) 
PARAMETRIC_REPRESENTATION_CONTEXT() REPRESENTATION_CONTEXT('2D SPACE',''
  ) );
#5923 = ORIENTED_EDGE('',*,*,#5924,.T.);
#5924 = EDGE_CURVE('',#5897,#3940,#5925,.T.);
#5925 = SURFACE_CURVE('',#5926,(#5930,#5936),.PCURVE_S1.);
#5926 = LINE('',#5927,#5928);
#5927 = CARTESIAN_POINT('',(20.4,-7.25,3.2));
#5928 = VECTOR('',#5929,1.);
#5929 = DIRECTION('',(-0.,1.,0.));
#5930 = PCURVE('',#3708,#5931);
#5931 = DEFINITIONAL_REPRESENTATION('',(#5932),#5935);
#5932 = B_SPLINE_CURVE_WITH_KNOTS('',1,(#5933,#5934),.UNSPECIFIED.,.F.,
  .F.,(2,2),(-7.25,42.6),.PIECEWISE_BEZIER_KNOTS.);
#5933 = CARTESIAN_POINT('',(20.4,-14.5));
#5934 = CARTESIAN_POINT('',(20.4,35.35));
#5935 = ( GEOMETRIC_REPRESENTATION_CONTEXT(2) 
PARAMETRIC_REPRESENTATION_CONTEXT() REPRESENTATION_CONTEXT('2D SPACE',''
  ) );
#5936 = PCURVE('',#3979,#5937);
#5937 = DEFINITIONAL_REPRESENTATION('',(#5938),#5941);
#5938 = B_SPLINE_CURVE_WITH_KNOTS('',1,(#5939,#5940),.UNSPECIFIED.,.F.,
  .F.,(2,2),(-7.25,42.6),.PIECEWISE_BEZIER_KNOTS.);
#5939 = CARTESIAN_POINT('',(1.3,0.));
#5940 = CARTESIAN_POINT('',(1.3,-49.85));
#5941 = ( GEOMETRIC_REPRESENTATION_CONTEXT(2) 
PARAMETRIC_REPRESENTATION_CONTEXT() REPRESENTATION_CONTEXT('2D SPACE',''
  ) );
#5942 = ORIENTED_EDGE('',*,*,#3939,.T.);
#5943 = ADVANCED_FACE('',(#5944),#3635,.T.);
#5944 = FACE_BOUND('',#5945,.T.);
#5945 = EDGE_LOOP('',(#5946,#5967,#5986,#5987));
#5946 = ORIENTED_EDGE('',*,*,#5947,.T.);
#5947 = EDGE_CURVE('',#5406,#5948,#5950,.T.);
#5948 = VERTEX_POINT('',#5949);
#5949 = CARTESIAN_POINT('',(-19.,33.65,2.4));
#5950 = SURFACE_CURVE('',#5951,(#5955,#5961),.PCURVE_S1.);
#5951 = LINE('',#5952,#5953);
#5952 = CARTESIAN_POINT('',(-19.,33.65,2.15));
#5953 = VECTOR('',#5954,1.);
#5954 = DIRECTION('',(-0.,0.,-1.));
#5955 = PCURVE('',#3635,#5956);
#5956 = DEFINITIONAL_REPRESENTATION('',(#5957),#5960);
#5957 = B_SPLINE_CURVE_WITH_KNOTS('',1,(#5958,#5959),.UNSPECIFIED.,.F.,
  .F.,(2,2),(-1.05,-0.25),.PIECEWISE_BEZIER_KNOTS.);
#5958 = CARTESIAN_POINT('',(1.3,-5.15));
#5959 = CARTESIAN_POINT('',(0.5,-5.15));
#5960 = ( GEOMETRIC_REPRESENTATION_CONTEXT(2) 
PARAMETRIC_REPRESENTATION_CONTEXT() REPRESENTATION_CONTEXT('2D SPACE',''
  ) );
#5961 = PCURVE('',#5421,#5962);
#5962 = DEFINITIONAL_REPRESENTATION('',(#5963),#5966);
#5963 = B_SPLINE_CURVE_WITH_KNOTS('',1,(#5964,#5965),.UNSPECIFIED.,.F.,
  .F.,(2,2),(-1.05,-0.25),.PIECEWISE_BEZIER_KNOTS.);
#5964 = CARTESIAN_POINT('',(1.15,-0.8));
#5965 = CARTESIAN_POINT('',(1.15,0.));
#5966 = ( GEOMETRIC_REPRESENTATION_CONTEXT(2) 
PARAMETRIC_REPRESENTATION_CONTEXT() REPRESENTATION_CONTEXT('2D SPACE',''
  ) );
#5967 = ORIENTED_EDGE('',*,*,#5968,.T.);
#5968 = EDGE_CURVE('',#5948,#3592,#5969,.T.);
#5969 = SURFACE_CURVE('',#5970,(#5974,#5980),.PCURVE_S1.);
#5970 = LINE('',#5971,#5972);
#5971 = CARTESIAN_POINT('',(-19.,14.25,2.4));
#5972 = VECTOR('',#5973,1.);
#5973 = DIRECTION('',(-0.,1.,0.));
#5974 = PCURVE('',#3635,#5975);
#5975 = DEFINITIONAL_REPRESENTATION('',(#5976),#5979);
#5976 = B_SPLINE_CURVE_WITH_KNOTS('',1,(#5977,#5978),.UNSPECIFIED.,.F.,
  .F.,(2,2),(14.25,21.1),.PIECEWISE_BEZIER_KNOTS.);
#5977 = CARTESIAN_POINT('',(0.5,0.));
#5978 = CARTESIAN_POINT('',(0.5,-6.85));
#5979 = ( GEOMETRIC_REPRESENTATION_CONTEXT(2) 
PARAMETRIC_REPRESENTATION_CONTEXT() REPRESENTATION_CONTEXT('2D SPACE',''
  ) );
#5980 = PCURVE('',#3607,#5981);
#5981 = DEFINITIONAL_REPRESENTATION('',(#5982),#5985);
#5982 = B_SPLINE_CURVE_WITH_KNOTS('',1,(#5983,#5984),.UNSPECIFIED.,.F.,
  .F.,(2,2),(14.25,21.1),.PIECEWISE_BEZIER_KNOTS.);
#5983 = CARTESIAN_POINT('',(-19.,28.5));
#5984 = CARTESIAN_POINT('',(-19.,35.35));
#5985 = ( GEOMETRIC_REPRESENTATION_CONTEXT(2) 
PARAMETRIC_REPRESENTATION_CONTEXT() REPRESENTATION_CONTEXT('2D SPACE',''
  ) );
#5986 = ORIENTED_EDGE('',*,*,#3619,.F.);
#5987 = ORIENTED_EDGE('',*,*,#5433,.F.);
#5988 = ADVANCED_FACE('',(#5989),#3607,.F.);
#5989 = FACE_BOUND('',#5990,.F.);
#5990 = EDGE_LOOP('',(#5991,#6016,#6039,#6062,#6086,#6109,#6137,#6158,
    #6159,#6160));
#5991 = ORIENTED_EDGE('',*,*,#5992,.F.);
#5992 = EDGE_CURVE('',#5993,#5995,#5997,.T.);
#5993 = VERTEX_POINT('',#5994);
#5994 = CARTESIAN_POINT('',(-23.35,-31.01357960675,2.4));
#5995 = VERTEX_POINT('',#5996);
#5996 = CARTESIAN_POINT('',(-23.35,32.15,2.4));
#5997 = SURFACE_CURVE('',#5998,(#6002,#6009),.PCURVE_S1.);
#5998 = LINE('',#5999,#6000);
#5999 = CARTESIAN_POINT('',(-23.35,0.,2.4));
#6000 = VECTOR('',#6001,1.);
#6001 = DIRECTION('',(0.,1.,0.));
#6002 = PCURVE('',#3607,#6003);
#6003 = DEFINITIONAL_REPRESENTATION('',(#6004),#6008);
#6004 = LINE('',#6005,#6006);
#6005 = CARTESIAN_POINT('',(-23.35,-6.2035193142E-16));
#6006 = VECTOR('',#6007,1.);
#6007 = DIRECTION('',(0.,1.));
#6008 = ( GEOMETRIC_REPRESENTATION_CONTEXT(2) 
PARAMETRIC_REPRESENTATION_CONTEXT() REPRESENTATION_CONTEXT('2D SPACE',''
  ) );
#6009 = PCURVE('',#5538,#6010);
#6010 = DEFINITIONAL_REPRESENTATION('',(#6011),#6015);
#6011 = LINE('',#6012,#6013);
#6012 = CARTESIAN_POINT('',(32.15,-1.));
#6013 = VECTOR('',#6014,1.);
#6014 = DIRECTION('',(1.,0.));
#6015 = ( GEOMETRIC_REPRESENTATION_CONTEXT(2) 
PARAMETRIC_REPRESENTATION_CONTEXT() REPRESENTATION_CONTEXT('2D SPACE',''
  ) );
#6016 = ORIENTED_EDGE('',*,*,#6017,.F.);
#6017 = EDGE_CURVE('',#6018,#5993,#6020,.T.);
#6018 = VERTEX_POINT('',#6019);
#6019 = CARTESIAN_POINT('',(-21.65,-29.43940556793,2.4));
#6020 = SURFACE_CURVE('',#6021,(#6026,#6033),.PCURVE_S1.);
#6021 = CIRCLE('',#6022,2.3);
#6022 = AXIS2_PLACEMENT_3D('',#6023,#6024,#6025);
#6023 = CARTESIAN_POINT('',(-21.15,-31.6844,2.4));
#6024 = DIRECTION('',(0.,0.,1.));
#6025 = DIRECTION('',(1.,0.,-0.));
#6026 = PCURVE('',#3607,#6027);
#6027 = DEFINITIONAL_REPRESENTATION('',(#6028),#6032);
#6028 = CIRCLE('',#6029,2.3);
#6029 = AXIS2_PLACEMENT_2D('',#6030,#6031);
#6030 = CARTESIAN_POINT('',(-21.15,-31.6844));
#6031 = DIRECTION('',(1.,0.));
#6032 = ( GEOMETRIC_REPRESENTATION_CONTEXT(2) 
PARAMETRIC_REPRESENTATION_CONTEXT() REPRESENTATION_CONTEXT('2D SPACE',''
  ) );
#6033 = PCURVE('',#5251,#6034);
#6034 = DEFINITIONAL_REPRESENTATION('',(#6035),#6038);
#6035 = B_SPLINE_CURVE_WITH_KNOTS('',1,(#6036,#6037),.UNSPECIFIED.,.F.,
  .F.,(2,2),(1.789937385792,2.845629732092),.PIECEWISE_BEZIER_KNOTS.);
#6036 = CARTESIAN_POINT('',(8.073122692972,1.));
#6037 = CARTESIAN_POINT('',(9.128815039272,1.));
#6038 = ( GEOMETRIC_REPRESENTATION_CONTEXT(2) 
PARAMETRIC_REPRESENTATION_CONTEXT() REPRESENTATION_CONTEXT('2D SPACE',''
  ) );
#6039 = ORIENTED_EDGE('',*,*,#6040,.T.);
#6040 = EDGE_CURVE('',#6018,#6041,#6043,.T.);
#6041 = VERTEX_POINT('',#6042);
#6042 = CARTESIAN_POINT('',(-21.65,-28.61817345763,2.4));
#6043 = SURFACE_CURVE('',#6044,(#6048,#6055),.PCURVE_S1.);
#6044 = LINE('',#6045,#6046);
#6045 = CARTESIAN_POINT('',(-21.65,0.,2.4));
#6046 = VECTOR('',#6047,1.);
#6047 = DIRECTION('',(0.,1.,0.));
#6048 = PCURVE('',#3607,#6049);
#6049 = DEFINITIONAL_REPRESENTATION('',(#6050),#6054);
#6050 = LINE('',#6051,#6052);
#6051 = CARTESIAN_POINT('',(-21.65,-6.2035193142E-16));
#6052 = VECTOR('',#6053,1.);
#6053 = DIRECTION('',(0.,1.));
#6054 = ( GEOMETRIC_REPRESENTATION_CONTEXT(2) 
PARAMETRIC_REPRESENTATION_CONTEXT() REPRESENTATION_CONTEXT('2D SPACE',''
  ) );
#6055 = PCURVE('',#5279,#6056);
#6056 = DEFINITIONAL_REPRESENTATION('',(#6057),#6061);
#6057 = LINE('',#6058,#6059);
#6058 = CARTESIAN_POINT('',(32.15,0.));
#6059 = VECTOR('',#6060,1.);
#6060 = DIRECTION('',(1.,0.));
#6061 = ( GEOMETRIC_REPRESENTATION_CONTEXT(2) 
PARAMETRIC_REPRESENTATION_CONTEXT() REPRESENTATION_CONTEXT('2D SPACE',''
  ) );
#6062 = ORIENTED_EDGE('',*,*,#6063,.F.);
#6063 = EDGE_CURVE('',#6064,#6041,#6066,.T.);
#6064 = VERTEX_POINT('',#6065);
#6065 = CARTESIAN_POINT('',(-21.65,-24.75682654236,2.4));
#6066 = SURFACE_CURVE('',#6067,(#6072,#6079),.PCURVE_S1.);
#6067 = CIRCLE('',#6068,2.3);
#6068 = AXIS2_PLACEMENT_3D('',#6069,#6070,#6071);
#6069 = CARTESIAN_POINT('',(-20.4,-26.6875,2.4));
#6070 = DIRECTION('',(0.,0.,1.));
#6071 = DIRECTION('',(1.,0.,-0.));
#6072 = PCURVE('',#3607,#6073);
#6073 = DEFINITIONAL_REPRESENTATION('',(#6074),#6078);
#6074 = CIRCLE('',#6075,2.3);
#6075 = AXIS2_PLACEMENT_2D('',#6076,#6077);
#6076 = CARTESIAN_POINT('',(-20.4,-26.6875));
#6077 = DIRECTION('',(1.,0.));
#6078 = ( GEOMETRIC_REPRESENTATION_CONTEXT(2) 
PARAMETRIC_REPRESENTATION_CONTEXT() REPRESENTATION_CONTEXT('2D SPACE',''
  ) );
#6079 = PCURVE('',#5308,#6080);
#6080 = DEFINITIONAL_REPRESENTATION('',(#6081),#6085);
#6081 = LINE('',#6082,#6083);
#6082 = CARTESIAN_POINT('',(0.,1.));
#6083 = VECTOR('',#6084,1.);
#6084 = DIRECTION('',(1.,0.));
#6085 = ( GEOMETRIC_REPRESENTATION_CONTEXT(2) 
PARAMETRIC_REPRESENTATION_CONTEXT() REPRESENTATION_CONTEXT('2D SPACE',''
  ) );
#6086 = ORIENTED_EDGE('',*,*,#6087,.T.);
#6087 = EDGE_CURVE('',#6064,#6088,#6090,.T.);
#6088 = VERTEX_POINT('',#6089);
#6089 = CARTESIAN_POINT('',(-21.65,32.15,2.4));
#6090 = SURFACE_CURVE('',#6091,(#6095,#6102),.PCURVE_S1.);
#6091 = LINE('',#6092,#6093);
#6092 = CARTESIAN_POINT('',(-21.65,0.,2.4));
#6093 = VECTOR('',#6094,1.);
#6094 = DIRECTION('',(0.,1.,0.));
#6095 = PCURVE('',#3607,#6096);
#6096 = DEFINITIONAL_REPRESENTATION('',(#6097),#6101);
#6097 = LINE('',#6098,#6099);
#6098 = CARTESIAN_POINT('',(-21.65,-6.2035193142E-16));
#6099 = VECTOR('',#6100,1.);
#6100 = DIRECTION('',(0.,1.));
#6101 = ( GEOMETRIC_REPRESENTATION_CONTEXT(2) 
PARAMETRIC_REPRESENTATION_CONTEXT() REPRESENTATION_CONTEXT('2D SPACE',''
  ) );
#6102 = PCURVE('',#5360,#6103);
#6103 = DEFINITIONAL_REPRESENTATION('',(#6104),#6108);
#6104 = LINE('',#6105,#6106);
#6105 = CARTESIAN_POINT('',(32.15,0.));
#6106 = VECTOR('',#6107,1.);
#6107 = DIRECTION('',(1.,0.));
#6108 = ( GEOMETRIC_REPRESENTATION_CONTEXT(2) 
PARAMETRIC_REPRESENTATION_CONTEXT() REPRESENTATION_CONTEXT('2D SPACE',''
  ) );
#6109 = ORIENTED_EDGE('',*,*,#6110,.T.);
#6110 = EDGE_CURVE('',#6088,#6111,#6113,.T.);
#6111 = VERTEX_POINT('',#6112);
#6112 = CARTESIAN_POINT('',(-20.15,33.65,2.4));
#6113 = SURFACE_CURVE('',#6114,(#6119,#6130),.PCURVE_S1.);
#6114 = CIRCLE('',#6115,1.5);
#6115 = AXIS2_PLACEMENT_3D('',#6116,#6117,#6118);
#6116 = CARTESIAN_POINT('',(-20.15,32.15,2.4));
#6117 = DIRECTION('',(0.,0.,-1.));
#6118 = DIRECTION('',(-1.,0.,0.));
#6119 = PCURVE('',#3607,#6120);
#6120 = DEFINITIONAL_REPRESENTATION('',(#6121),#6129);
#6121 = ( BOUNDED_CURVE() B_SPLINE_CURVE(2,(#6122,#6123,#6124,#6125,
#6126,#6127,#6128),.UNSPECIFIED.,.T.,.F.) B_SPLINE_CURVE_WITH_KNOTS((1,2
    ,2,2,2,1),(-2.094395102393,0.,2.094395102393,4.188790204786,
6.28318530718,8.377580409573),.UNSPECIFIED.) CURVE() 
GEOMETRIC_REPRESENTATION_ITEM() RATIONAL_B_SPLINE_CURVE((1.,0.5,1.,0.5,
1.,0.5,1.)) REPRESENTATION_ITEM('') );
#6122 = CARTESIAN_POINT('',(-21.65,32.15));
#6123 = CARTESIAN_POINT('',(-21.65,34.748076211353));
#6124 = CARTESIAN_POINT('',(-19.4,33.449038105677));
#6125 = CARTESIAN_POINT('',(-17.15,32.15));
#6126 = CARTESIAN_POINT('',(-19.4,30.850961894323));
#6127 = CARTESIAN_POINT('',(-21.65,29.551923788647));
#6128 = CARTESIAN_POINT('',(-21.65,32.15));
#6129 = ( GEOMETRIC_REPRESENTATION_CONTEXT(2) 
PARAMETRIC_REPRESENTATION_CONTEXT() REPRESENTATION_CONTEXT('2D SPACE',''
  ) );
#6130 = PCURVE('',#5393,#6131);
#6131 = DEFINITIONAL_REPRESENTATION('',(#6132),#6136);
#6132 = LINE('',#6133,#6134);
#6133 = CARTESIAN_POINT('',(0.,0.));
#6134 = VECTOR('',#6135,1.);
#6135 = DIRECTION('',(1.,0.));
#6136 = ( GEOMETRIC_REPRESENTATION_CONTEXT(2) 
PARAMETRIC_REPRESENTATION_CONTEXT() REPRESENTATION_CONTEXT('2D SPACE',''
  ) );
#6137 = ORIENTED_EDGE('',*,*,#6138,.T.);
#6138 = EDGE_CURVE('',#6111,#5948,#6139,.T.);
#6139 = SURFACE_CURVE('',#6140,(#6144,#6151),.PCURVE_S1.);
#6140 = LINE('',#6141,#6142);
#6141 = CARTESIAN_POINT('',(0.,33.65,2.4));
#6142 = VECTOR('',#6143,1.);
#6143 = DIRECTION('',(1.,0.,0.));
#6144 = PCURVE('',#3607,#6145);
#6145 = DEFINITIONAL_REPRESENTATION('',(#6146),#6150);
#6146 = LINE('',#6147,#6148);
#6147 = CARTESIAN_POINT('',(-1.178668669698E-15,33.65));
#6148 = VECTOR('',#6149,1.);
#6149 = DIRECTION('',(1.,0.));
#6150 = ( GEOMETRIC_REPRESENTATION_CONTEXT(2) 
PARAMETRIC_REPRESENTATION_CONTEXT() REPRESENTATION_CONTEXT('2D SPACE',''
  ) );
#6151 = PCURVE('',#5421,#6152);
#6152 = DEFINITIONAL_REPRESENTATION('',(#6153),#6157);
#6153 = LINE('',#6154,#6155);
#6154 = CARTESIAN_POINT('',(20.15,0.));
#6155 = VECTOR('',#6156,1.);
#6156 = DIRECTION('',(1.,0.));
#6157 = ( GEOMETRIC_REPRESENTATION_CONTEXT(2) 
PARAMETRIC_REPRESENTATION_CONTEXT() REPRESENTATION_CONTEXT('2D SPACE',''
  ) );
#6158 = ORIENTED_EDGE('',*,*,#5968,.T.);
#6159 = ORIENTED_EDGE('',*,*,#3591,.F.);
#6160 = ORIENTED_EDGE('',*,*,#6161,.T.);
#6161 = EDGE_CURVE('',#3564,#5995,#6162,.T.);
#6162 = SURFACE_CURVE('',#6163,(#6168,#6175),.PCURVE_S1.);
#6163 = CIRCLE('',#6164,3.2);
#6164 = AXIS2_PLACEMENT_3D('',#6165,#6166,#6167);
#6165 = CARTESIAN_POINT('',(-20.15,32.15,2.4));
#6166 = DIRECTION('',(0.,0.,1.));
#6167 = DIRECTION('',(1.,0.,0.));
#6168 = PCURVE('',#3607,#6169);
#6169 = DEFINITIONAL_REPRESENTATION('',(#6170),#6174);
#6170 = CIRCLE('',#6171,3.2);
#6171 = AXIS2_PLACEMENT_2D('',#6172,#6173);
#6172 = CARTESIAN_POINT('',(-20.15,32.15));
#6173 = DIRECTION('',(1.,0.));
#6174 = ( GEOMETRIC_REPRESENTATION_CONTEXT(2) 
PARAMETRIC_REPRESENTATION_CONTEXT() REPRESENTATION_CONTEXT('2D SPACE',''
  ) );
#6175 = PCURVE('',#3579,#6176);
#6176 = DEFINITIONAL_REPRESENTATION('',(#6177),#6181);
#6177 = LINE('',#6178,#6179);
#6178 = CARTESIAN_POINT('',(-0.,-1.));
#6179 = VECTOR('',#6180,1.);
#6180 = DIRECTION('',(-1.,0.));
#6181 = ( GEOMETRIC_REPRESENTATION_CONTEXT(2) 
PARAMETRIC_REPRESENTATION_CONTEXT() REPRESENTATION_CONTEXT('2D SPACE',''
  ) );
#6182 = ADVANCED_FACE('',(#6183),#3579,.F.);
#6183 = FACE_BOUND('',#6184,.T.);
#6184 = EDGE_LOOP('',(#6185,#6186,#6187,#6188));
#6185 = ORIENTED_EDGE('',*,*,#5663,.F.);
#6186 = ORIENTED_EDGE('',*,*,#3563,.T.);
#6187 = ORIENTED_EDGE('',*,*,#6161,.T.);
#6188 = ORIENTED_EDGE('',*,*,#6189,.F.);
#6189 = EDGE_CURVE('',#5523,#5995,#6190,.T.);
#6190 = SURFACE_CURVE('',#6191,(#6195,#6202),.PCURVE_S1.);
#6191 = LINE('',#6192,#6193);
#6192 = CARTESIAN_POINT('',(-23.35,32.15,1.4));
#6193 = VECTOR('',#6194,1.);
#6194 = DIRECTION('',(0.,0.,1.));
#6195 = PCURVE('',#3579,#6196);
#6196 = DEFINITIONAL_REPRESENTATION('',(#6197),#6201);
#6197 = LINE('',#6198,#6199);
#6198 = CARTESIAN_POINT('',(-3.14159265359,0.));
#6199 = VECTOR('',#6200,1.);
#6200 = DIRECTION('',(-0.,-1.));
#6201 = ( GEOMETRIC_REPRESENTATION_CONTEXT(2) 
PARAMETRIC_REPRESENTATION_CONTEXT() REPRESENTATION_CONTEXT('2D SPACE',''
  ) );
#6202 = PCURVE('',#5538,#6203);
#6203 = DEFINITIONAL_REPRESENTATION('',(#6204),#6208);
#6204 = LINE('',#6205,#6206);
#6205 = CARTESIAN_POINT('',(64.3,0.));
#6206 = VECTOR('',#6207,1.);
#6207 = DIRECTION('',(0.,-1.));
#6208 = ( GEOMETRIC_REPRESENTATION_CONTEXT(2) 
PARAMETRIC_REPRESENTATION_CONTEXT() REPRESENTATION_CONTEXT('2D SPACE',''
  ) );
#6209 = ADVANCED_FACE('',(#6210),#3979,.T.);
#6210 = FACE_BOUND('',#6211,.T.);
#6211 = EDGE_LOOP('',(#6212,#6231,#6232,#6233));
#6212 = ORIENTED_EDGE('',*,*,#6213,.T.);
#6213 = EDGE_CURVE('',#5897,#5771,#6214,.T.);
#6214 = SURFACE_CURVE('',#6215,(#6219,#6225),.PCURVE_S1.);
#6215 = LINE('',#6216,#6217);
#6216 = CARTESIAN_POINT('',(20.4,33.629019945775,2.4));
#6217 = VECTOR('',#6218,1.);
#6218 = DIRECTION('',(0.,0.,-1.));
#6219 = PCURVE('',#3979,#6220);
#6220 = DEFINITIONAL_REPRESENTATION('',(#6221),#6224);
#6221 = B_SPLINE_CURVE_WITH_KNOTS('',1,(#6222,#6223),.UNSPECIFIED.,.F.,
  .F.,(2,2),(-0.8000006,5.999999999062E-07),.PIECEWISE_BEZIER_KNOTS.);
#6222 = CARTESIAN_POINT('',(1.3000006,-48.12901994577));
#6223 = CARTESIAN_POINT('',(0.4999994,-48.12901994577));
#6224 = ( GEOMETRIC_REPRESENTATION_CONTEXT(2) 
PARAMETRIC_REPRESENTATION_CONTEXT() REPRESENTATION_CONTEXT('2D SPACE',''
  ) );
#6225 = PCURVE('',#5791,#6226);
#6226 = DEFINITIONAL_REPRESENTATION('',(#6227),#6230);
#6227 = B_SPLINE_CURVE_WITH_KNOTS('',1,(#6228,#6229),.UNSPECIFIED.,.F.,
  .F.,(2,2),(-0.8000006,5.999999999062E-07),.PIECEWISE_BEZIER_KNOTS.);
#6228 = CARTESIAN_POINT('',(1.738244406015,-0.8000006));
#6229 = CARTESIAN_POINT('',(1.738244406015,5.999999999062E-07));
#6230 = ( GEOMETRIC_REPRESENTATION_CONTEXT(2) 
PARAMETRIC_REPRESENTATION_CONTEXT() REPRESENTATION_CONTEXT('2D SPACE',''
  ) );
#6231 = ORIENTED_EDGE('',*,*,#5803,.T.);
#6232 = ORIENTED_EDGE('',*,*,#3963,.F.);
#6233 = ORIENTED_EDGE('',*,*,#5924,.F.);
#6234 = ADVANCED_FACE('',(#6235),#4208,.T.);
#6235 = FACE_BOUND('',#6236,.T.);
#6236 = EDGE_LOOP('',(#6237,#6238,#6259,#6278));
#6237 = ORIENTED_EDGE('',*,*,#4192,.T.);
#6238 = ORIENTED_EDGE('',*,*,#6239,.T.);
#6239 = EDGE_CURVE('',#4165,#6240,#6242,.T.);
#6240 = VERTEX_POINT('',#6241);
#6241 = CARTESIAN_POINT('',(21.65,-14.5,2.4));
#6242 = SURFACE_CURVE('',#6243,(#6247,#6253),.PCURVE_S1.);
#6243 = LINE('',#6244,#6245);
#6244 = CARTESIAN_POINT('',(10.2,-14.5,2.4));
#6245 = VECTOR('',#6246,1.);
#6246 = DIRECTION('',(-1.,-0.,0.));
#6247 = PCURVE('',#4208,#6248);
#6248 = DEFINITIONAL_REPRESENTATION('',(#6249),#6252);
#6249 = B_SPLINE_CURVE_WITH_KNOTS('',1,(#6250,#6251),.UNSPECIFIED.,.F.,
  .F.,(2,2),(-13.15,-10.2),.PIECEWISE_BEZIER_KNOTS.);
#6250 = CARTESIAN_POINT('',(0.5,2.95));
#6251 = CARTESIAN_POINT('',(0.5,0.));
#6252 = ( GEOMETRIC_REPRESENTATION_CONTEXT(2) 
PARAMETRIC_REPRESENTATION_CONTEXT() REPRESENTATION_CONTEXT('2D SPACE',''
  ) );
#6253 = PCURVE('',#4180,#6254);
#6254 = DEFINITIONAL_REPRESENTATION('',(#6255),#6258);
#6255 = B_SPLINE_CURVE_WITH_KNOTS('',1,(#6256,#6257),.UNSPECIFIED.,.F.,
  .F.,(2,2),(-13.15,-10.2),.PIECEWISE_BEZIER_KNOTS.);
#6256 = CARTESIAN_POINT('',(23.35,-14.5));
#6257 = CARTESIAN_POINT('',(20.4,-14.5));
#6258 = ( GEOMETRIC_REPRESENTATION_CONTEXT(2) 
PARAMETRIC_REPRESENTATION_CONTEXT() REPRESENTATION_CONTEXT('2D SPACE',''
  ) );
#6259 = ORIENTED_EDGE('',*,*,#6260,.F.);
#6260 = EDGE_CURVE('',#5124,#6240,#6261,.T.);
#6261 = SURFACE_CURVE('',#6262,(#6266,#6272),.PCURVE_S1.);
#6262 = LINE('',#6263,#6264);
#6263 = CARTESIAN_POINT('',(21.65,-14.5,2.15));
#6264 = VECTOR('',#6265,1.);
#6265 = DIRECTION('',(0.,0.,-1.));
#6266 = PCURVE('',#4208,#6267);
#6267 = DEFINITIONAL_REPRESENTATION('',(#6268),#6271);
#6268 = B_SPLINE_CURVE_WITH_KNOTS('',1,(#6269,#6270),.UNSPECIFIED.,.F.,
  .F.,(2,2),(-1.05,-0.25),.PIECEWISE_BEZIER_KNOTS.);
#6269 = CARTESIAN_POINT('',(1.3,1.25));
#6270 = CARTESIAN_POINT('',(0.5,1.25));
#6271 = ( GEOMETRIC_REPRESENTATION_CONTEXT(2) 
PARAMETRIC_REPRESENTATION_CONTEXT() REPRESENTATION_CONTEXT('2D SPACE',''
  ) );
#6272 = PCURVE('',#5161,#6273);
#6273 = DEFINITIONAL_REPRESENTATION('',(#6274),#6277);
#6274 = B_SPLINE_CURVE_WITH_KNOTS('',1,(#6275,#6276),.UNSPECIFIED.,.F.,
  .F.,(2,2),(-1.05,-0.25),.PIECEWISE_BEZIER_KNOTS.);
#6275 = CARTESIAN_POINT('',(17.65,-0.8));
#6276 = CARTESIAN_POINT('',(17.65,0.));
#6277 = ( GEOMETRIC_REPRESENTATION_CONTEXT(2) 
PARAMETRIC_REPRESENTATION_CONTEXT() REPRESENTATION_CONTEXT('2D SPACE',''
  ) );
#6278 = ORIENTED_EDGE('',*,*,#5123,.F.);
#6279 = ADVANCED_FACE('',(#6280),#4180,.F.);
#6280 = FACE_BOUND('',#6281,.F.);
#6281 = EDGE_LOOP('',(#6282,#6307,#6331,#6354,#6376,#6377,#6378,#6401,
    #6429));
#6282 = ORIENTED_EDGE('',*,*,#6283,.F.);
#6283 = EDGE_CURVE('',#6284,#6286,#6288,.T.);
#6284 = VERTEX_POINT('',#6285);
#6285 = CARTESIAN_POINT('',(-23.34155621411,-32.38231214372,2.4));
#6286 = VERTEX_POINT('',#6287);
#6287 = CARTESIAN_POINT('',(-19.95567314356,-33.65,2.4));
#6288 = SURFACE_CURVE('',#6289,(#6294,#6301),.PCURVE_S1.);
#6289 = CIRCLE('',#6290,2.3);
#6290 = AXIS2_PLACEMENT_3D('',#6291,#6292,#6293);
#6291 = CARTESIAN_POINT('',(-21.15,-31.6844,2.4));
#6292 = DIRECTION('',(0.,0.,1.));
#6293 = DIRECTION('',(1.,0.,-0.));
#6294 = PCURVE('',#4180,#6295);
#6295 = DEFINITIONAL_REPRESENTATION('',(#6296),#6300);
#6296 = CIRCLE('',#6297,2.3);
#6297 = AXIS2_PLACEMENT_2D('',#6298,#6299);
#6298 = CARTESIAN_POINT('',(-21.15,-31.6844));
#6299 = DIRECTION('',(1.,0.));
#6300 = ( GEOMETRIC_REPRESENTATION_CONTEXT(2) 
PARAMETRIC_REPRESENTATION_CONTEXT() REPRESENTATION_CONTEXT('2D SPACE',''
  ) );
#6301 = PCURVE('',#5251,#6302);
#6302 = DEFINITIONAL_REPRESENTATION('',(#6303),#6306);
#6303 = B_SPLINE_CURVE_WITH_KNOTS('',1,(#6304,#6305),.UNSPECIFIED.,.F.,
  .F.,(2,2),(3.44989352796,5.258388498096),.PIECEWISE_BEZIER_KNOTS.);
#6304 = CARTESIAN_POINT('',(3.44989352796,1.));
#6305 = CARTESIAN_POINT('',(5.258388498096,1.));
#6306 = ( GEOMETRIC_REPRESENTATION_CONTEXT(2) 
PARAMETRIC_REPRESENTATION_CONTEXT() REPRESENTATION_CONTEXT('2D SPACE',''
  ) );
#6307 = ORIENTED_EDGE('',*,*,#6308,.T.);
#6308 = EDGE_CURVE('',#6284,#6309,#6311,.T.);
#6309 = VERTEX_POINT('',#6310);
#6310 = CARTESIAN_POINT('',(-20.15,-35.35,2.4));
#6311 = SURFACE_CURVE('',#6312,(#6317,#6324),.PCURVE_S1.);
#6312 = CIRCLE('',#6313,3.2);
#6313 = AXIS2_PLACEMENT_3D('',#6314,#6315,#6316);
#6314 = CARTESIAN_POINT('',(-20.15,-32.15,2.4));
#6315 = DIRECTION('',(0.,0.,1.));
#6316 = DIRECTION('',(1.,0.,0.));
#6317 = PCURVE('',#4180,#6318);
#6318 = DEFINITIONAL_REPRESENTATION('',(#6319),#6323);
#6319 = CIRCLE('',#6320,3.2);
#6320 = AXIS2_PLACEMENT_2D('',#6321,#6322);
#6321 = CARTESIAN_POINT('',(-20.15,-32.15));
#6322 = DIRECTION('',(1.,0.));
#6323 = ( GEOMETRIC_REPRESENTATION_CONTEXT(2) 
PARAMETRIC_REPRESENTATION_CONTEXT() REPRESENTATION_CONTEXT('2D SPACE',''
  ) );
#6324 = PCURVE('',#5595,#6325);
#6325 = DEFINITIONAL_REPRESENTATION('',(#6326),#6330);
#6326 = LINE('',#6327,#6328);
#6327 = CARTESIAN_POINT('',(-0.,-1.));
#6328 = VECTOR('',#6329,1.);
#6329 = DIRECTION('',(-1.,0.));
#6330 = ( GEOMETRIC_REPRESENTATION_CONTEXT(2) 
PARAMETRIC_REPRESENTATION_CONTEXT() REPRESENTATION_CONTEXT('2D SPACE',''
  ) );
#6331 = ORIENTED_EDGE('',*,*,#6332,.T.);
#6332 = EDGE_CURVE('',#6309,#6333,#6335,.T.);
#6333 = VERTEX_POINT('',#6334);
#6334 = CARTESIAN_POINT('',(20.15,-35.35,2.4));
#6335 = SURFACE_CURVE('',#6336,(#6340,#6347),.PCURVE_S1.);
#6336 = LINE('',#6337,#6338);
#6337 = CARTESIAN_POINT('',(0.,-35.35,2.4));
#6338 = VECTOR('',#6339,1.);
#6339 = DIRECTION('',(1.,0.,0.));
#6340 = PCURVE('',#4180,#6341);
#6341 = DEFINITIONAL_REPRESENTATION('',(#6342),#6346);
#6342 = LINE('',#6343,#6344);
#6343 = CARTESIAN_POINT('',(-1.178668669698E-15,-35.35));
#6344 = VECTOR('',#6345,1.);
#6345 = DIRECTION('',(1.,0.));
#6346 = ( GEOMETRIC_REPRESENTATION_CONTEXT(2) 
PARAMETRIC_REPRESENTATION_CONTEXT() REPRESENTATION_CONTEXT('2D SPACE',''
  ) );
#6347 = PCURVE('',#5623,#6348);
#6348 = DEFINITIONAL_REPRESENTATION('',(#6349),#6353);
#6349 = LINE('',#6350,#6351);
#6350 = CARTESIAN_POINT('',(20.15,-1.));
#6351 = VECTOR('',#6352,1.);
#6352 = DIRECTION('',(1.,0.));
#6353 = ( GEOMETRIC_REPRESENTATION_CONTEXT(2) 
PARAMETRIC_REPRESENTATION_CONTEXT() REPRESENTATION_CONTEXT('2D SPACE',''
  ) );
#6354 = ORIENTED_EDGE('',*,*,#6355,.T.);
#6355 = EDGE_CURVE('',#6333,#4137,#6356,.T.);
#6356 = SURFACE_CURVE('',#6357,(#6362,#6369),.PCURVE_S1.);
#6357 = CIRCLE('',#6358,3.2);
#6358 = AXIS2_PLACEMENT_3D('',#6359,#6360,#6361);
#6359 = CARTESIAN_POINT('',(20.15,-32.15,2.4));
#6360 = DIRECTION('',(0.,0.,1.));
#6361 = DIRECTION('',(1.,0.,0.));
#6362 = PCURVE('',#4180,#6363);
#6363 = DEFINITIONAL_REPRESENTATION('',(#6364),#6368);
#6364 = CIRCLE('',#6365,3.2);
#6365 = AXIS2_PLACEMENT_2D('',#6366,#6367);
#6366 = CARTESIAN_POINT('',(20.15,-32.15));
#6367 = DIRECTION('',(1.,0.));
#6368 = ( GEOMETRIC_REPRESENTATION_CONTEXT(2) 
PARAMETRIC_REPRESENTATION_CONTEXT() REPRESENTATION_CONTEXT('2D SPACE',''
  ) );
#6369 = PCURVE('',#4152,#6370);
#6370 = DEFINITIONAL_REPRESENTATION('',(#6371),#6375);
#6371 = LINE('',#6372,#6373);
#6372 = CARTESIAN_POINT('',(-0.,-1.));
#6373 = VECTOR('',#6374,1.);
#6374 = DIRECTION('',(-1.,0.));
#6375 = ( GEOMETRIC_REPRESENTATION_CONTEXT(2) 
PARAMETRIC_REPRESENTATION_CONTEXT() REPRESENTATION_CONTEXT('2D SPACE',''
  ) );
#6376 = ORIENTED_EDGE('',*,*,#4164,.T.);
#6377 = ORIENTED_EDGE('',*,*,#6239,.T.);
#6378 = ORIENTED_EDGE('',*,*,#6379,.F.);
#6379 = EDGE_CURVE('',#6380,#6240,#6382,.T.);
#6380 = VERTEX_POINT('',#6381);
#6381 = CARTESIAN_POINT('',(21.65,-32.15,2.4));
#6382 = SURFACE_CURVE('',#6383,(#6387,#6394),.PCURVE_S1.);
#6383 = LINE('',#6384,#6385);
#6384 = CARTESIAN_POINT('',(21.65,0.,2.4));
#6385 = VECTOR('',#6386,1.);
#6386 = DIRECTION('',(0.,1.,0.));
#6387 = PCURVE('',#4180,#6388);
#6388 = DEFINITIONAL_REPRESENTATION('',(#6389),#6393);
#6389 = LINE('',#6390,#6391);
#6390 = CARTESIAN_POINT('',(21.65,-6.2035193142E-16));
#6391 = VECTOR('',#6392,1.);
#6392 = DIRECTION('',(0.,1.));
#6393 = ( GEOMETRIC_REPRESENTATION_CONTEXT(2) 
PARAMETRIC_REPRESENTATION_CONTEXT() REPRESENTATION_CONTEXT('2D SPACE',''
  ) );
#6394 = PCURVE('',#5161,#6395);
#6395 = DEFINITIONAL_REPRESENTATION('',(#6396),#6400);
#6396 = LINE('',#6397,#6398);
#6397 = CARTESIAN_POINT('',(32.15,0.));
#6398 = VECTOR('',#6399,1.);
#6399 = DIRECTION('',(1.,0.));
#6400 = ( GEOMETRIC_REPRESENTATION_CONTEXT(2) 
PARAMETRIC_REPRESENTATION_CONTEXT() REPRESENTATION_CONTEXT('2D SPACE',''
  ) );
#6401 = ORIENTED_EDGE('',*,*,#6402,.T.);
#6402 = EDGE_CURVE('',#6380,#6403,#6405,.T.);
#6403 = VERTEX_POINT('',#6404);
#6404 = CARTESIAN_POINT('',(20.15,-33.65,2.4));
#6405 = SURFACE_CURVE('',#6406,(#6411,#6422),.PCURVE_S1.);
#6406 = CIRCLE('',#6407,1.5);
#6407 = AXIS2_PLACEMENT_3D('',#6408,#6409,#6410);
#6408 = CARTESIAN_POINT('',(20.15,-32.15,2.4));
#6409 = DIRECTION('',(0.,0.,-1.));
#6410 = DIRECTION('',(-1.,0.,0.));
#6411 = PCURVE('',#4180,#6412);
#6412 = DEFINITIONAL_REPRESENTATION('',(#6413),#6421);
#6413 = ( BOUNDED_CURVE() B_SPLINE_CURVE(2,(#6414,#6415,#6416,#6417,
#6418,#6419,#6420),.UNSPECIFIED.,.T.,.F.) B_SPLINE_CURVE_WITH_KNOTS((1,2
    ,2,2,2,1),(-2.094395102393,0.,2.094395102393,4.188790204786,
6.28318530718,8.377580409573),.UNSPECIFIED.) CURVE() 
GEOMETRIC_REPRESENTATION_ITEM() RATIONAL_B_SPLINE_CURVE((1.,0.5,1.,0.5,
1.,0.5,1.)) REPRESENTATION_ITEM('') );
#6414 = CARTESIAN_POINT('',(18.65,-32.15));
#6415 = CARTESIAN_POINT('',(18.65,-29.55192378864));
#6416 = CARTESIAN_POINT('',(20.9,-30.85096189432));
#6417 = CARTESIAN_POINT('',(23.15,-32.15));
#6418 = CARTESIAN_POINT('',(20.9,-33.44903810567));
#6419 = CARTESIAN_POINT('',(18.65,-34.74807621135));
#6420 = CARTESIAN_POINT('',(18.65,-32.15));
#6421 = ( GEOMETRIC_REPRESENTATION_CONTEXT(2) 
PARAMETRIC_REPRESENTATION_CONTEXT() REPRESENTATION_CONTEXT('2D SPACE',''
  ) );
#6422 = PCURVE('',#5194,#6423);
#6423 = DEFINITIONAL_REPRESENTATION('',(#6424),#6428);
#6424 = LINE('',#6425,#6426);
#6425 = CARTESIAN_POINT('',(0.,0.));
#6426 = VECTOR('',#6427,1.);
#6427 = DIRECTION('',(1.,0.));
#6428 = ( GEOMETRIC_REPRESENTATION_CONTEXT(2) 
PARAMETRIC_REPRESENTATION_CONTEXT() REPRESENTATION_CONTEXT('2D SPACE',''
  ) );
#6429 = ORIENTED_EDGE('',*,*,#6430,.F.);
#6430 = EDGE_CURVE('',#6286,#6403,#6431,.T.);
#6431 = SURFACE_CURVE('',#6432,(#6436,#6443),.PCURVE_S1.);
#6432 = LINE('',#6433,#6434);
#6433 = CARTESIAN_POINT('',(0.,-33.65,2.4));
#6434 = VECTOR('',#6435,1.);
#6435 = DIRECTION('',(1.,0.,0.));
#6436 = PCURVE('',#4180,#6437);
#6437 = DEFINITIONAL_REPRESENTATION('',(#6438),#6442);
#6438 = LINE('',#6439,#6440);
#6439 = CARTESIAN_POINT('',(-1.178668669698E-15,-33.65));
#6440 = VECTOR('',#6441,1.);
#6441 = DIRECTION('',(1.,0.));
#6442 = ( GEOMETRIC_REPRESENTATION_CONTEXT(2) 
PARAMETRIC_REPRESENTATION_CONTEXT() REPRESENTATION_CONTEXT('2D SPACE',''
  ) );
#6443 = PCURVE('',#5222,#6444);
#6444 = DEFINITIONAL_REPRESENTATION('',(#6445),#6449);
#6445 = LINE('',#6446,#6447);
#6446 = CARTESIAN_POINT('',(20.15,0.));
#6447 = VECTOR('',#6448,1.);
#6448 = DIRECTION('',(1.,0.));
#6449 = ( GEOMETRIC_REPRESENTATION_CONTEXT(2) 
PARAMETRIC_REPRESENTATION_CONTEXT() REPRESENTATION_CONTEXT('2D SPACE',''
  ) );
#6450 = ADVANCED_FACE('',(#6451),#4152,.F.);
#6451 = FACE_BOUND('',#6452,.T.);
#6452 = EDGE_LOOP('',(#6453,#6454,#6475,#6476));
#6453 = ORIENTED_EDGE('',*,*,#5635,.F.);
#6454 = ORIENTED_EDGE('',*,*,#6455,.T.);
#6455 = EDGE_CURVE('',#5608,#6333,#6456,.T.);
#6456 = SURFACE_CURVE('',#6457,(#6461,#6468),.PCURVE_S1.);
#6457 = LINE('',#6458,#6459);
#6458 = CARTESIAN_POINT('',(20.15,-35.35,1.4));
#6459 = VECTOR('',#6460,1.);
#6460 = DIRECTION('',(0.,0.,1.));
#6461 = PCURVE('',#4152,#6462);
#6462 = DEFINITIONAL_REPRESENTATION('',(#6463),#6467);
#6463 = LINE('',#6464,#6465);
#6464 = CARTESIAN_POINT('',(-4.712388980385,0.));
#6465 = VECTOR('',#6466,1.);
#6466 = DIRECTION('',(-0.,-1.));
#6467 = ( GEOMETRIC_REPRESENTATION_CONTEXT(2) 
PARAMETRIC_REPRESENTATION_CONTEXT() REPRESENTATION_CONTEXT('2D SPACE',''
  ) );
#6468 = PCURVE('',#5623,#6469);
#6469 = DEFINITIONAL_REPRESENTATION('',(#6470),#6474);
#6470 = LINE('',#6471,#6472);
#6471 = CARTESIAN_POINT('',(40.3,0.));
#6472 = VECTOR('',#6473,1.);
#6473 = DIRECTION('',(0.,-1.));
#6474 = ( GEOMETRIC_REPRESENTATION_CONTEXT(2) 
PARAMETRIC_REPRESENTATION_CONTEXT() REPRESENTATION_CONTEXT('2D SPACE',''
  ) );
#6475 = ORIENTED_EDGE('',*,*,#6355,.T.);
#6476 = ORIENTED_EDGE('',*,*,#4136,.F.);
#6477 = ADVANCED_FACE('',(#6478),#4285,.T.);
#6478 = FACE_BOUND('',#6479,.F.);
#6479 = EDGE_LOOP('',(#6480));
#6480 = ORIENTED_EDGE('',*,*,#4270,.F.);
#6481 = ADVANCED_FACE('',(#6482),#4340,.T.);
#6482 = FACE_BOUND('',#6483,.F.);
#6483 = EDGE_LOOP('',(#6484));
#6484 = ORIENTED_EDGE('',*,*,#4325,.F.);
#6485 = ADVANCED_FACE('',(#6486),#4406,.T.);
#6486 = FACE_BOUND('',#6487,.T.);
#6487 = EDGE_LOOP('',(#6488,#6511,#6512,#6535));
#6488 = ORIENTED_EDGE('',*,*,#6489,.F.);
#6489 = EDGE_CURVE('',#4390,#6490,#6492,.T.);
#6490 = VERTEX_POINT('',#6491);
#6491 = CARTESIAN_POINT('',(-25.15,13.5,0.2));
#6492 = SURFACE_CURVE('',#6493,(#6497,#6504),.PCURVE_S1.);
#6493 = LINE('',#6494,#6495);
#6494 = CARTESIAN_POINT('',(-28.75,13.5,0.2));
#6495 = VECTOR('',#6496,1.);
#6496 = DIRECTION('',(1.,0.,-0.));
#6497 = PCURVE('',#4406,#6498);
#6498 = DEFINITIONAL_REPRESENTATION('',(#6499),#6503);
#6499 = LINE('',#6500,#6501);
#6500 = CARTESIAN_POINT('',(0.,27.));
#6501 = VECTOR('',#6502,1.);
#6502 = DIRECTION('',(1.,0.));
#6503 = ( GEOMETRIC_REPRESENTATION_CONTEXT(2) 
PARAMETRIC_REPRESENTATION_CONTEXT() REPRESENTATION_CONTEXT('2D SPACE',''
  ) );
#6504 = PCURVE('',#4482,#6505);
#6505 = DEFINITIONAL_REPRESENTATION('',(#6506),#6510);
#6506 = LINE('',#6507,#6508);
#6507 = CARTESIAN_POINT('',(0.,0.));
#6508 = VECTOR('',#6509,1.);
#6509 = DIRECTION('',(0.,1.));
#6510 = ( GEOMETRIC_REPRESENTATION_CONTEXT(2) 
PARAMETRIC_REPRESENTATION_CONTEXT() REPRESENTATION_CONTEXT('2D SPACE',''
  ) );
#6511 = ORIENTED_EDGE('',*,*,#4389,.T.);
#6512 = ORIENTED_EDGE('',*,*,#6513,.T.);
#6513 = EDGE_CURVE('',#4392,#6514,#6516,.T.);
#6514 = VERTEX_POINT('',#6515);
#6515 = CARTESIAN_POINT('',(-25.15,-13.5,0.2));
#6516 = SURFACE_CURVE('',#6517,(#6521,#6528),.PCURVE_S1.);
#6517 = LINE('',#6518,#6519);
#6518 = CARTESIAN_POINT('',(-28.75,-13.5,0.2));
#6519 = VECTOR('',#6520,1.);
#6520 = DIRECTION('',(1.,0.,-0.));
#6521 = PCURVE('',#4406,#6522);
#6522 = DEFINITIONAL_REPRESENTATION('',(#6523),#6527);
#6523 = LINE('',#6524,#6525);
#6524 = CARTESIAN_POINT('',(0.,0.));
#6525 = VECTOR('',#6526,1.);
#6526 = DIRECTION('',(1.,0.));
#6527 = ( GEOMETRIC_REPRESENTATION_CONTEXT(2) 
PARAMETRIC_REPRESENTATION_CONTEXT() REPRESENTATION_CONTEXT('2D SPACE',''
  ) );
#6528 = PCURVE('',#4432,#6529);
#6529 = DEFINITIONAL_REPRESENTATION('',(#6530),#6534);
#6530 = LINE('',#6531,#6532);
#6531 = CARTESIAN_POINT('',(0.,0.));
#6532 = VECTOR('',#6533,1.);
#6533 = DIRECTION('',(0.,1.));
#6534 = ( GEOMETRIC_REPRESENTATION_CONTEXT(2) 
PARAMETRIC_REPRESENTATION_CONTEXT() REPRESENTATION_CONTEXT('2D SPACE',''
  ) );
#6535 = ORIENTED_EDGE('',*,*,#6536,.T.);
#6536 = EDGE_CURVE('',#6514,#6490,#6537,.T.);
#6537 = SURFACE_CURVE('',#6538,(#6542,#6549),.PCURVE_S1.);
#6538 = LINE('',#6539,#6540);
#6539 = CARTESIAN_POINT('',(-25.15,-13.5,0.2));
#6540 = VECTOR('',#6541,1.);
#6541 = DIRECTION('',(-0.,1.,0.));
#6542 = PCURVE('',#4406,#6543);
#6543 = DEFINITIONAL_REPRESENTATION('',(#6544),#6548);
#6544 = LINE('',#6545,#6546);
#6545 = CARTESIAN_POINT('',(3.6,0.));
#6546 = VECTOR('',#6547,1.);
#6547 = DIRECTION('',(0.,1.));
#6548 = ( GEOMETRIC_REPRESENTATION_CONTEXT(2) 
PARAMETRIC_REPRESENTATION_CONTEXT() REPRESENTATION_CONTEXT('2D SPACE',''
  ) );
#6549 = PCURVE('',#6550,#6555);
#6550 = PLANE('',#6551);
#6551 = AXIS2_PLACEMENT_3D('',#6552,#6553,#6554);
#6552 = CARTESIAN_POINT('',(-25.15,-32.15,-2.723438300723));
#6553 = DIRECTION('',(-1.,0.,0.));
#6554 = DIRECTION('',(0.,1.,0.));
#6555 = DEFINITIONAL_REPRESENTATION('',(#6556),#6560);
#6556 = LINE('',#6557,#6558);
#6557 = CARTESIAN_POINT('',(18.65,-2.923438300723));
#6558 = VECTOR('',#6559,1.);
#6559 = DIRECTION('',(1.,0.));
#6560 = ( GEOMETRIC_REPRESENTATION_CONTEXT(2) 
PARAMETRIC_REPRESENTATION_CONTEXT() REPRESENTATION_CONTEXT('2D SPACE',''
  ) );
#6561 = ADVANCED_FACE('',(#6562),#4482,.F.);
#6562 = FACE_BOUND('',#6563,.F.);
#6563 = EDGE_LOOP('',(#6564,#6565,#6566,#6589));
#6564 = ORIENTED_EDGE('',*,*,#6489,.F.);
#6565 = ORIENTED_EDGE('',*,*,#4469,.T.);
#6566 = ORIENTED_EDGE('',*,*,#6567,.T.);
#6567 = EDGE_CURVE('',#4444,#6568,#6570,.T.);
#6568 = VERTEX_POINT('',#6569);
#6569 = CARTESIAN_POINT('',(-25.15,13.5,3.6));
#6570 = SURFACE_CURVE('',#6571,(#6575,#6582),.PCURVE_S1.);
#6571 = LINE('',#6572,#6573);
#6572 = CARTESIAN_POINT('',(-28.75,13.5,3.6));
#6573 = VECTOR('',#6574,1.);
#6574 = DIRECTION('',(1.,0.,-0.));
#6575 = PCURVE('',#4482,#6576);
#6576 = DEFINITIONAL_REPRESENTATION('',(#6577),#6581);
#6577 = LINE('',#6578,#6579);
#6578 = CARTESIAN_POINT('',(3.4,0.));
#6579 = VECTOR('',#6580,1.);
#6580 = DIRECTION('',(0.,1.));
#6581 = ( GEOMETRIC_REPRESENTATION_CONTEXT(2) 
PARAMETRIC_REPRESENTATION_CONTEXT() REPRESENTATION_CONTEXT('2D SPACE',''
  ) );
#6582 = PCURVE('',#4458,#6583);
#6583 = DEFINITIONAL_REPRESENTATION('',(#6584),#6588);
#6584 = LINE('',#6585,#6586);
#6585 = CARTESIAN_POINT('',(0.,27.));
#6586 = VECTOR('',#6587,1.);
#6587 = DIRECTION('',(1.,0.));
#6588 = ( GEOMETRIC_REPRESENTATION_CONTEXT(2) 
PARAMETRIC_REPRESENTATION_CONTEXT() REPRESENTATION_CONTEXT('2D SPACE',''
  ) );
#6589 = ORIENTED_EDGE('',*,*,#6590,.F.);
#6590 = EDGE_CURVE('',#6490,#6568,#6591,.T.);
#6591 = SURFACE_CURVE('',#6592,(#6596,#6603),.PCURVE_S1.);
#6592 = LINE('',#6593,#6594);
#6593 = CARTESIAN_POINT('',(-25.15,13.5,0.2));
#6594 = VECTOR('',#6595,1.);
#6595 = DIRECTION('',(0.,0.,1.));
#6596 = PCURVE('',#4482,#6597);
#6597 = DEFINITIONAL_REPRESENTATION('',(#6598),#6602);
#6598 = LINE('',#6599,#6600);
#6599 = CARTESIAN_POINT('',(0.,3.6));
#6600 = VECTOR('',#6601,1.);
#6601 = DIRECTION('',(1.,0.));
#6602 = ( GEOMETRIC_REPRESENTATION_CONTEXT(2) 
PARAMETRIC_REPRESENTATION_CONTEXT() REPRESENTATION_CONTEXT('2D SPACE',''
  ) );
#6603 = PCURVE('',#6550,#6604);
#6604 = DEFINITIONAL_REPRESENTATION('',(#6605),#6609);
#6605 = LINE('',#6606,#6607);
#6606 = CARTESIAN_POINT('',(45.65,-2.923438300723));
#6607 = VECTOR('',#6608,1.);
#6608 = DIRECTION('',(0.,-1.));
#6609 = ( GEOMETRIC_REPRESENTATION_CONTEXT(2) 
PARAMETRIC_REPRESENTATION_CONTEXT() REPRESENTATION_CONTEXT('2D SPACE',''
  ) );
#6610 = ADVANCED_FACE('',(#6611),#4458,.F.);
#6611 = FACE_BOUND('',#6612,.F.);
#6612 = EDGE_LOOP('',(#6613,#6614,#6615,#6638));
#6613 = ORIENTED_EDGE('',*,*,#6567,.F.);
#6614 = ORIENTED_EDGE('',*,*,#4443,.T.);
#6615 = ORIENTED_EDGE('',*,*,#6616,.T.);
#6616 = EDGE_CURVE('',#4418,#6617,#6619,.T.);
#6617 = VERTEX_POINT('',#6618);
#6618 = CARTESIAN_POINT('',(-25.15,-13.5,3.6));
#6619 = SURFACE_CURVE('',#6620,(#6624,#6631),.PCURVE_S1.);
#6620 = LINE('',#6621,#6622);
#6621 = CARTESIAN_POINT('',(-28.75,-13.5,3.6));
#6622 = VECTOR('',#6623,1.);
#6623 = DIRECTION('',(1.,0.,-0.));
#6624 = PCURVE('',#4458,#6625);
#6625 = DEFINITIONAL_REPRESENTATION('',(#6626),#6630);
#6626 = LINE('',#6627,#6628);
#6627 = CARTESIAN_POINT('',(0.,0.));
#6628 = VECTOR('',#6629,1.);
#6629 = DIRECTION('',(1.,0.));
#6630 = ( GEOMETRIC_REPRESENTATION_CONTEXT(2) 
PARAMETRIC_REPRESENTATION_CONTEXT() REPRESENTATION_CONTEXT('2D SPACE',''
  ) );
#6631 = PCURVE('',#4432,#6632);
#6632 = DEFINITIONAL_REPRESENTATION('',(#6633),#6637);
#6633 = LINE('',#6634,#6635);
#6634 = CARTESIAN_POINT('',(3.4,0.));
#6635 = VECTOR('',#6636,1.);
#6636 = DIRECTION('',(0.,1.));
#6637 = ( GEOMETRIC_REPRESENTATION_CONTEXT(2) 
PARAMETRIC_REPRESENTATION_CONTEXT() REPRESENTATION_CONTEXT('2D SPACE',''
  ) );
#6638 = ORIENTED_EDGE('',*,*,#6639,.T.);
#6639 = EDGE_CURVE('',#6617,#6568,#6640,.T.);
#6640 = SURFACE_CURVE('',#6641,(#6645,#6652),.PCURVE_S1.);
#6641 = LINE('',#6642,#6643);
#6642 = CARTESIAN_POINT('',(-25.15,-13.5,3.6));
#6643 = VECTOR('',#6644,1.);
#6644 = DIRECTION('',(-0.,1.,0.));
#6645 = PCURVE('',#4458,#6646);
#6646 = DEFINITIONAL_REPRESENTATION('',(#6647),#6651);
#6647 = LINE('',#6648,#6649);
#6648 = CARTESIAN_POINT('',(3.6,0.));
#6649 = VECTOR('',#6650,1.);
#6650 = DIRECTION('',(0.,1.));
#6651 = ( GEOMETRIC_REPRESENTATION_CONTEXT(2) 
PARAMETRIC_REPRESENTATION_CONTEXT() REPRESENTATION_CONTEXT('2D SPACE',''
  ) );
#6652 = PCURVE('',#6550,#6653);
#6653 = DEFINITIONAL_REPRESENTATION('',(#6654),#6658);
#6654 = LINE('',#6655,#6656);
#6655 = CARTESIAN_POINT('',(18.65,-6.323438300723));
#6656 = VECTOR('',#6657,1.);
#6657 = DIRECTION('',(1.,0.));
#6658 = ( GEOMETRIC_REPRESENTATION_CONTEXT(2) 
PARAMETRIC_REPRESENTATION_CONTEXT() REPRESENTATION_CONTEXT('2D SPACE',''
  ) );
#6659 = ADVANCED_FACE('',(#6660),#4432,.T.);
#6660 = FACE_BOUND('',#6661,.T.);
#6661 = EDGE_LOOP('',(#6662,#6663,#6664,#6665));
#6662 = ORIENTED_EDGE('',*,*,#6513,.F.);
#6663 = ORIENTED_EDGE('',*,*,#4417,.T.);
#6664 = ORIENTED_EDGE('',*,*,#6616,.T.);
#6665 = ORIENTED_EDGE('',*,*,#6666,.F.);
#6666 = EDGE_CURVE('',#6514,#6617,#6667,.T.);
#6667 = SURFACE_CURVE('',#6668,(#6672,#6679),.PCURVE_S1.);
#6668 = LINE('',#6669,#6670);
#6669 = CARTESIAN_POINT('',(-25.15,-13.5,0.2));
#6670 = VECTOR('',#6671,1.);
#6671 = DIRECTION('',(0.,0.,1.));
#6672 = PCURVE('',#4432,#6673);
#6673 = DEFINITIONAL_REPRESENTATION('',(#6674),#6678);
#6674 = LINE('',#6675,#6676);
#6675 = CARTESIAN_POINT('',(0.,3.6));
#6676 = VECTOR('',#6677,1.);
#6677 = DIRECTION('',(1.,0.));
#6678 = ( GEOMETRIC_REPRESENTATION_CONTEXT(2) 
PARAMETRIC_REPRESENTATION_CONTEXT() REPRESENTATION_CONTEXT('2D SPACE',''
  ) );
#6679 = PCURVE('',#6550,#6680);
#6680 = DEFINITIONAL_REPRESENTATION('',(#6681),#6685);
#6681 = LINE('',#6682,#6683);
#6682 = CARTESIAN_POINT('',(18.65,-2.923438300723));
#6683 = VECTOR('',#6684,1.);
#6684 = DIRECTION('',(0.,-1.));
#6685 = ( GEOMETRIC_REPRESENTATION_CONTEXT(2) 
PARAMETRIC_REPRESENTATION_CONTEXT() REPRESENTATION_CONTEXT('2D SPACE',''
  ) );
#6686 = ADVANCED_FACE('',(#6687,#6693),#4969,.T.);
#6687 = FACE_BOUND('',#6688,.T.);
#6688 = EDGE_LOOP('',(#6689,#6690,#6691,#6692));
#6689 = ORIENTED_EDGE('',*,*,#5059,.F.);
#6690 = ORIENTED_EDGE('',*,*,#5008,.T.);
#6691 = ORIENTED_EDGE('',*,*,#4955,.T.);
#6692 = ORIENTED_EDGE('',*,*,#5085,.F.);
#6693 = FACE_BOUND('',#6694,.T.);
#6694 = EDGE_LOOP('',(#6695,#6723,#6749,#6775));
#6695 = ORIENTED_EDGE('',*,*,#6696,.T.);
#6696 = EDGE_CURVE('',#6697,#6699,#6701,.T.);
#6697 = VERTEX_POINT('',#6698);
#6698 = CARTESIAN_POINT('',(27.75,13.5,0.2));
#6699 = VERTEX_POINT('',#6700);
#6700 = CARTESIAN_POINT('',(27.75,-13.5,0.2));
#6701 = SURFACE_CURVE('',#6702,(#6706,#6712),.PCURVE_S1.);
#6702 = LINE('',#6703,#6704);
#6703 = CARTESIAN_POINT('',(27.75,-14.35,0.2));
#6704 = VECTOR('',#6705,1.);
#6705 = DIRECTION('',(0.,-1.,0.));
#6706 = PCURVE('',#4969,#6707);
#6707 = DEFINITIONAL_REPRESENTATION('',(#6708),#6711);
#6708 = B_SPLINE_CURVE_WITH_KNOTS('',1,(#6709,#6710),.UNSPECIFIED.,.F.,
  .F.,(2,2),(-27.85,-0.85),.PIECEWISE_BEZIER_KNOTS.);
#6709 = CARTESIAN_POINT('',(1.7,-28.7));
#6710 = CARTESIAN_POINT('',(1.7,-1.7));
#6711 = ( GEOMETRIC_REPRESENTATION_CONTEXT(2) 
PARAMETRIC_REPRESENTATION_CONTEXT() REPRESENTATION_CONTEXT('2D SPACE',''
  ) );
#6712 = PCURVE('',#6713,#6718);
#6713 = PLANE('',#6714);
#6714 = AXIS2_PLACEMENT_3D('',#6715,#6716,#6717);
#6715 = CARTESIAN_POINT('',(25.15,-13.5,0.2));
#6716 = DIRECTION('',(0.,0.,1.));
#6717 = DIRECTION('',(1.,0.,-0.));
#6718 = DEFINITIONAL_REPRESENTATION('',(#6719),#6722);
#6719 = B_SPLINE_CURVE_WITH_KNOTS('',1,(#6720,#6721),.UNSPECIFIED.,.F.,
  .F.,(2,2),(-27.85,-0.85),.PIECEWISE_BEZIER_KNOTS.);
#6720 = CARTESIAN_POINT('',(2.6,27.));
#6721 = CARTESIAN_POINT('',(2.6,0.));
#6722 = ( GEOMETRIC_REPRESENTATION_CONTEXT(2) 
PARAMETRIC_REPRESENTATION_CONTEXT() REPRESENTATION_CONTEXT('2D SPACE',''
  ) );
#6723 = ORIENTED_EDGE('',*,*,#6724,.T.);
#6724 = EDGE_CURVE('',#6699,#6725,#6727,.T.);
#6725 = VERTEX_POINT('',#6726);
#6726 = CARTESIAN_POINT('',(27.75,-13.5,3.6));
#6727 = SURFACE_CURVE('',#6728,(#6732,#6738),.PCURVE_S1.);
#6728 = LINE('',#6729,#6730);
#6729 = CARTESIAN_POINT('',(27.75,-13.5,-0.65));
#6730 = VECTOR('',#6731,1.);
#6731 = DIRECTION('',(0.,0.,1.));
#6732 = PCURVE('',#4969,#6733);
#6733 = DEFINITIONAL_REPRESENTATION('',(#6734),#6737);
#6734 = B_SPLINE_CURVE_WITH_KNOTS('',1,(#6735,#6736),.UNSPECIFIED.,.F.,
  .F.,(2,2),(0.85,4.25),.PIECEWISE_BEZIER_KNOTS.);
#6735 = CARTESIAN_POINT('',(1.7,-1.7));
#6736 = CARTESIAN_POINT('',(5.1,-1.7));
#6737 = ( GEOMETRIC_REPRESENTATION_CONTEXT(2) 
PARAMETRIC_REPRESENTATION_CONTEXT() REPRESENTATION_CONTEXT('2D SPACE',''
  ) );
#6738 = PCURVE('',#6739,#6744);
#6739 = PLANE('',#6740);
#6740 = AXIS2_PLACEMENT_3D('',#6741,#6742,#6743);
#6741 = CARTESIAN_POINT('',(25.15,-13.5,0.2));
#6742 = DIRECTION('',(-0.,1.,0.));
#6743 = DIRECTION('',(0.,0.,1.));
#6744 = DEFINITIONAL_REPRESENTATION('',(#6745),#6748);
#6745 = B_SPLINE_CURVE_WITH_KNOTS('',1,(#6746,#6747),.UNSPECIFIED.,.F.,
  .F.,(2,2),(0.85,4.25),.PIECEWISE_BEZIER_KNOTS.);
#6746 = CARTESIAN_POINT('',(0.,2.6));
#6747 = CARTESIAN_POINT('',(3.4,2.6));
#6748 = ( GEOMETRIC_REPRESENTATION_CONTEXT(2) 
PARAMETRIC_REPRESENTATION_CONTEXT() REPRESENTATION_CONTEXT('2D SPACE',''
  ) );
#6749 = ORIENTED_EDGE('',*,*,#6750,.F.);
#6750 = EDGE_CURVE('',#6751,#6725,#6753,.T.);
#6751 = VERTEX_POINT('',#6752);
#6752 = CARTESIAN_POINT('',(27.75,13.5,3.6));
#6753 = SURFACE_CURVE('',#6754,(#6758,#6764),.PCURVE_S1.);
#6754 = LINE('',#6755,#6756);
#6755 = CARTESIAN_POINT('',(27.75,-14.35,3.6));
#6756 = VECTOR('',#6757,1.);
#6757 = DIRECTION('',(0.,-1.,0.));
#6758 = PCURVE('',#4969,#6759);
#6759 = DEFINITIONAL_REPRESENTATION('',(#6760),#6763);
#6760 = B_SPLINE_CURVE_WITH_KNOTS('',1,(#6761,#6762),.UNSPECIFIED.,.F.,
  .F.,(2,2),(-27.85,-0.85),.PIECEWISE_BEZIER_KNOTS.);
#6761 = CARTESIAN_POINT('',(5.1,-28.7));
#6762 = CARTESIAN_POINT('',(5.1,-1.7));
#6763 = ( GEOMETRIC_REPRESENTATION_CONTEXT(2) 
PARAMETRIC_REPRESENTATION_CONTEXT() REPRESENTATION_CONTEXT('2D SPACE',''
  ) );
#6764 = PCURVE('',#6765,#6770);
#6765 = PLANE('',#6766);
#6766 = AXIS2_PLACEMENT_3D('',#6767,#6768,#6769);
#6767 = CARTESIAN_POINT('',(25.15,-13.5,3.6));
#6768 = DIRECTION('',(0.,0.,1.));
#6769 = DIRECTION('',(1.,0.,-0.));
#6770 = DEFINITIONAL_REPRESENTATION('',(#6771),#6774);
#6771 = B_SPLINE_CURVE_WITH_KNOTS('',1,(#6772,#6773),.UNSPECIFIED.,.F.,
  .F.,(2,2),(-27.85,-0.85),.PIECEWISE_BEZIER_KNOTS.);
#6772 = CARTESIAN_POINT('',(2.6,27.));
#6773 = CARTESIAN_POINT('',(2.6,0.));
#6774 = ( GEOMETRIC_REPRESENTATION_CONTEXT(2) 
PARAMETRIC_REPRESENTATION_CONTEXT() REPRESENTATION_CONTEXT('2D SPACE',''
  ) );
#6775 = ORIENTED_EDGE('',*,*,#6776,.F.);
#6776 = EDGE_CURVE('',#6697,#6751,#6777,.T.);
#6777 = SURFACE_CURVE('',#6778,(#6782,#6788),.PCURVE_S1.);
#6778 = LINE('',#6779,#6780);
#6779 = CARTESIAN_POINT('',(27.75,13.5,-0.65));
#6780 = VECTOR('',#6781,1.);
#6781 = DIRECTION('',(0.,0.,1.));
#6782 = PCURVE('',#4969,#6783);
#6783 = DEFINITIONAL_REPRESENTATION('',(#6784),#6787);
#6784 = B_SPLINE_CURVE_WITH_KNOTS('',1,(#6785,#6786),.UNSPECIFIED.,.F.,
  .F.,(2,2),(0.85,4.25),.PIECEWISE_BEZIER_KNOTS.);
#6785 = CARTESIAN_POINT('',(1.7,-28.7));
#6786 = CARTESIAN_POINT('',(5.1,-28.7));
#6787 = ( GEOMETRIC_REPRESENTATION_CONTEXT(2) 
PARAMETRIC_REPRESENTATION_CONTEXT() REPRESENTATION_CONTEXT('2D SPACE',''
  ) );
#6788 = PCURVE('',#6789,#6794);
#6789 = PLANE('',#6790);
#6790 = AXIS2_PLACEMENT_3D('',#6791,#6792,#6793);
#6791 = CARTESIAN_POINT('',(25.15,13.5,0.2));
#6792 = DIRECTION('',(-0.,1.,0.));
#6793 = DIRECTION('',(0.,0.,1.));
#6794 = DEFINITIONAL_REPRESENTATION('',(#6795),#6798);
#6795 = B_SPLINE_CURVE_WITH_KNOTS('',1,(#6796,#6797),.UNSPECIFIED.,.F.,
  .F.,(2,2),(0.85,4.25),.PIECEWISE_BEZIER_KNOTS.);
#6796 = CARTESIAN_POINT('',(0.,2.6));
#6797 = CARTESIAN_POINT('',(3.4,2.6));
#6798 = ( GEOMETRIC_REPRESENTATION_CONTEXT(2) 
PARAMETRIC_REPRESENTATION_CONTEXT() REPRESENTATION_CONTEXT('2D SPACE',''
  ) );
#6799 = ADVANCED_FACE('',(#6800),#5421,.F.);
#6800 = FACE_BOUND('',#6801,.F.);
#6801 = EDGE_LOOP('',(#6802,#6803,#6824,#6825));
#6802 = ORIENTED_EDGE('',*,*,#6138,.F.);
#6803 = ORIENTED_EDGE('',*,*,#6804,.T.);
#6804 = EDGE_CURVE('',#6111,#5373,#6805,.T.);
#6805 = SURFACE_CURVE('',#6806,(#6810,#6817),.PCURVE_S1.);
#6806 = LINE('',#6807,#6808);
#6807 = CARTESIAN_POINT('',(-20.15,33.65,2.4));
#6808 = VECTOR('',#6809,1.);
#6809 = DIRECTION('',(0.,0.,1.));
#6810 = PCURVE('',#5421,#6811);
#6811 = DEFINITIONAL_REPRESENTATION('',(#6812),#6816);
#6812 = LINE('',#6813,#6814);
#6813 = CARTESIAN_POINT('',(0.,0.));
#6814 = VECTOR('',#6815,1.);
#6815 = DIRECTION('',(0.,-1.));
#6816 = ( GEOMETRIC_REPRESENTATION_CONTEXT(2) 
PARAMETRIC_REPRESENTATION_CONTEXT() REPRESENTATION_CONTEXT('2D SPACE',''
  ) );
#6817 = PCURVE('',#5393,#6818);
#6818 = DEFINITIONAL_REPRESENTATION('',(#6819),#6823);
#6819 = LINE('',#6820,#6821);
#6820 = CARTESIAN_POINT('',(1.570796326795,0.));
#6821 = VECTOR('',#6822,1.);
#6822 = DIRECTION('',(0.,-1.));
#6823 = ( GEOMETRIC_REPRESENTATION_CONTEXT(2) 
PARAMETRIC_REPRESENTATION_CONTEXT() REPRESENTATION_CONTEXT('2D SPACE',''
  ) );
#6824 = ORIENTED_EDGE('',*,*,#5405,.T.);
#6825 = ORIENTED_EDGE('',*,*,#5947,.T.);
#6826 = ADVANCED_FACE('',(#6827),#5393,.F.);
#6827 = FACE_BOUND('',#6828,.F.);
#6828 = EDGE_LOOP('',(#6829,#6850,#6851,#6852));
#6829 = ORIENTED_EDGE('',*,*,#6830,.T.);
#6830 = EDGE_CURVE('',#6088,#5345,#6831,.T.);
#6831 = SURFACE_CURVE('',#6832,(#6836,#6843),.PCURVE_S1.);
#6832 = LINE('',#6833,#6834);
#6833 = CARTESIAN_POINT('',(-21.65,32.15,2.4));
#6834 = VECTOR('',#6835,1.);
#6835 = DIRECTION('',(0.,0.,1.));
#6836 = PCURVE('',#5393,#6837);
#6837 = DEFINITIONAL_REPRESENTATION('',(#6838),#6842);
#6838 = LINE('',#6839,#6840);
#6839 = CARTESIAN_POINT('',(0.,0.));
#6840 = VECTOR('',#6841,1.);
#6841 = DIRECTION('',(0.,-1.));
#6842 = ( GEOMETRIC_REPRESENTATION_CONTEXT(2) 
PARAMETRIC_REPRESENTATION_CONTEXT() REPRESENTATION_CONTEXT('2D SPACE',''
  ) );
#6843 = PCURVE('',#5360,#6844);
#6844 = DEFINITIONAL_REPRESENTATION('',(#6845),#6849);
#6845 = LINE('',#6846,#6847);
#6846 = CARTESIAN_POINT('',(64.3,0.));
#6847 = VECTOR('',#6848,1.);
#6848 = DIRECTION('',(0.,-1.));
#6849 = ( GEOMETRIC_REPRESENTATION_CONTEXT(2) 
PARAMETRIC_REPRESENTATION_CONTEXT() REPRESENTATION_CONTEXT('2D SPACE',''
  ) );
#6850 = ORIENTED_EDGE('',*,*,#5372,.T.);
#6851 = ORIENTED_EDGE('',*,*,#6804,.F.);
#6852 = ORIENTED_EDGE('',*,*,#6110,.F.);
#6853 = ADVANCED_FACE('',(#6854),#5161,.T.);
#6854 = FACE_BOUND('',#6855,.T.);
#6855 = EDGE_LOOP('',(#6856,#6857,#6878,#6879));
#6856 = ORIENTED_EDGE('',*,*,#6379,.F.);
#6857 = ORIENTED_EDGE('',*,*,#6858,.T.);
#6858 = EDGE_CURVE('',#6380,#5146,#6859,.T.);
#6859 = SURFACE_CURVE('',#6860,(#6864,#6871),.PCURVE_S1.);
#6860 = LINE('',#6861,#6862);
#6861 = CARTESIAN_POINT('',(21.65,-32.15,2.4));
#6862 = VECTOR('',#6863,1.);
#6863 = DIRECTION('',(0.,0.,1.));
#6864 = PCURVE('',#5161,#6865);
#6865 = DEFINITIONAL_REPRESENTATION('',(#6866),#6870);
#6866 = LINE('',#6867,#6868);
#6867 = CARTESIAN_POINT('',(0.,0.));
#6868 = VECTOR('',#6869,1.);
#6869 = DIRECTION('',(0.,-1.));
#6870 = ( GEOMETRIC_REPRESENTATION_CONTEXT(2) 
PARAMETRIC_REPRESENTATION_CONTEXT() REPRESENTATION_CONTEXT('2D SPACE',''
  ) );
#6871 = PCURVE('',#5194,#6872);
#6872 = DEFINITIONAL_REPRESENTATION('',(#6873),#6877);
#6873 = LINE('',#6874,#6875);
#6874 = CARTESIAN_POINT('',(3.14159265359,0.));
#6875 = VECTOR('',#6876,1.);
#6876 = DIRECTION('',(0.,-1.));
#6877 = ( GEOMETRIC_REPRESENTATION_CONTEXT(2) 
PARAMETRIC_REPRESENTATION_CONTEXT() REPRESENTATION_CONTEXT('2D SPACE',''
  ) );
#6878 = ORIENTED_EDGE('',*,*,#5145,.T.);
#6879 = ORIENTED_EDGE('',*,*,#6260,.T.);
#6880 = ADVANCED_FACE('',(#6881),#5360,.F.);
#6881 = FACE_BOUND('',#6882,.F.);
#6882 = EDGE_LOOP('',(#6883,#6884,#6903,#6904));
#6883 = ORIENTED_EDGE('',*,*,#6087,.F.);
#6884 = ORIENTED_EDGE('',*,*,#6885,.T.);
#6885 = EDGE_CURVE('',#6064,#5321,#6886,.T.);
#6886 = SURFACE_CURVE('',#6887,(#6891,#6897),.PCURVE_S1.);
#6887 = LINE('',#6888,#6889);
#6888 = CARTESIAN_POINT('',(-21.65,-24.75682654236,1.4));
#6889 = VECTOR('',#6890,1.);
#6890 = DIRECTION('',(0.,0.,1.));
#6891 = PCURVE('',#5360,#6892);
#6892 = DEFINITIONAL_REPRESENTATION('',(#6893),#6896);
#6893 = B_SPLINE_CURVE_WITH_KNOTS('',1,(#6894,#6895),.UNSPECIFIED.,.F.,
  .F.,(2,2),(0.92,1.8000024),.PIECEWISE_BEZIER_KNOTS.);
#6894 = CARTESIAN_POINT('',(7.393173457631,8.E-02));
#6895 = CARTESIAN_POINT('',(7.393173457631,-0.8000024));
#6896 = ( GEOMETRIC_REPRESENTATION_CONTEXT(2) 
PARAMETRIC_REPRESENTATION_CONTEXT() REPRESENTATION_CONTEXT('2D SPACE',''
  ) );
#6897 = PCURVE('',#5308,#6898);
#6898 = DEFINITIONAL_REPRESENTATION('',(#6899),#6902);
#6899 = B_SPLINE_CURVE_WITH_KNOTS('',1,(#6900,#6901),.UNSPECIFIED.,.F.,
  .F.,(2,2),(0.92,1.8000024),.PIECEWISE_BEZIER_KNOTS.);
#6900 = CARTESIAN_POINT('',(2.145371536485,0.92));
#6901 = CARTESIAN_POINT('',(2.145371536485,1.8000024));
#6902 = ( GEOMETRIC_REPRESENTATION_CONTEXT(2) 
PARAMETRIC_REPRESENTATION_CONTEXT() REPRESENTATION_CONTEXT('2D SPACE',''
  ) );
#6903 = ORIENTED_EDGE('',*,*,#5344,.T.);
#6904 = ORIENTED_EDGE('',*,*,#6830,.F.);
#6905 = ADVANCED_FACE('',(#6906),#5194,.F.);
#6906 = FACE_BOUND('',#6907,.F.);
#6907 = EDGE_LOOP('',(#6908,#6909,#6910,#6931));
#6908 = ORIENTED_EDGE('',*,*,#6858,.T.);
#6909 = ORIENTED_EDGE('',*,*,#5173,.T.);
#6910 = ORIENTED_EDGE('',*,*,#6911,.F.);
#6911 = EDGE_CURVE('',#6403,#5174,#6912,.T.);
#6912 = SURFACE_CURVE('',#6913,(#6917,#6924),.PCURVE_S1.);
#6913 = LINE('',#6914,#6915);
#6914 = CARTESIAN_POINT('',(20.15,-33.65,2.4));
#6915 = VECTOR('',#6916,1.);
#6916 = DIRECTION('',(0.,0.,1.));
#6917 = PCURVE('',#5194,#6918);
#6918 = DEFINITIONAL_REPRESENTATION('',(#6919),#6923);
#6919 = LINE('',#6920,#6921);
#6920 = CARTESIAN_POINT('',(4.712388980385,0.));
#6921 = VECTOR('',#6922,1.);
#6922 = DIRECTION('',(0.,-1.));
#6923 = ( GEOMETRIC_REPRESENTATION_CONTEXT(2) 
PARAMETRIC_REPRESENTATION_CONTEXT() REPRESENTATION_CONTEXT('2D SPACE',''
  ) );
#6924 = PCURVE('',#5222,#6925);
#6925 = DEFINITIONAL_REPRESENTATION('',(#6926),#6930);
#6926 = LINE('',#6927,#6928);
#6927 = CARTESIAN_POINT('',(40.3,0.));
#6928 = VECTOR('',#6929,1.);
#6929 = DIRECTION('',(0.,-1.));
#6930 = ( GEOMETRIC_REPRESENTATION_CONTEXT(2) 
PARAMETRIC_REPRESENTATION_CONTEXT() REPRESENTATION_CONTEXT('2D SPACE',''
  ) );
#6931 = ORIENTED_EDGE('',*,*,#6402,.F.);
#6932 = ADVANCED_FACE('',(#6933),#5308,.T.);
#6933 = FACE_BOUND('',#6934,.T.);
#6934 = EDGE_LOOP('',(#6935,#6956,#6957,#6976,#6977,#6978,#6979,#6980));
#6935 = ORIENTED_EDGE('',*,*,#6936,.T.);
#6936 = EDGE_CURVE('',#5688,#5292,#6937,.T.);
#6937 = SEAM_CURVE('',#6938,(#6942,#6949),.PCURVE_S1.);
#6938 = LINE('',#6939,#6940);
#6939 = CARTESIAN_POINT('',(-18.1,-26.6875,1.4));
#6940 = VECTOR('',#6941,1.);
#6941 = DIRECTION('',(0.,0.,1.));
#6942 = PCURVE('',#5308,#6943);
#6943 = DEFINITIONAL_REPRESENTATION('',(#6944),#6948);
#6944 = LINE('',#6945,#6946);
#6945 = CARTESIAN_POINT('',(6.28318530718,-0.));
#6946 = VECTOR('',#6947,1.);
#6947 = DIRECTION('',(0.,1.));
#6948 = ( GEOMETRIC_REPRESENTATION_CONTEXT(2) 
PARAMETRIC_REPRESENTATION_CONTEXT() REPRESENTATION_CONTEXT('2D SPACE',''
  ) );
#6949 = PCURVE('',#5308,#6950);
#6950 = DEFINITIONAL_REPRESENTATION('',(#6951),#6955);
#6951 = LINE('',#6952,#6953);
#6952 = CARTESIAN_POINT('',(0.,-0.));
#6953 = VECTOR('',#6954,1.);
#6954 = DIRECTION('',(0.,1.));
#6955 = ( GEOMETRIC_REPRESENTATION_CONTEXT(2) 
PARAMETRIC_REPRESENTATION_CONTEXT() REPRESENTATION_CONTEXT('2D SPACE',''
  ) );
#6956 = ORIENTED_EDGE('',*,*,#5291,.F.);
#6957 = ORIENTED_EDGE('',*,*,#6958,.F.);
#6958 = EDGE_CURVE('',#6041,#5264,#6959,.T.);
#6959 = SURFACE_CURVE('',#6960,(#6964,#6970),.PCURVE_S1.);
#6960 = LINE('',#6961,#6962);
#6961 = CARTESIAN_POINT('',(-21.65,-28.61817345763,1.4));
#6962 = VECTOR('',#6963,1.);
#6963 = DIRECTION('',(0.,0.,1.));
#6964 = PCURVE('',#5308,#6965);
#6965 = DEFINITIONAL_REPRESENTATION('',(#6966),#6969);
#6966 = B_SPLINE_CURVE_WITH_KNOTS('',1,(#6967,#6968),.UNSPECIFIED.,.F.,
  .F.,(2,2),(0.92,1.8000024),.PIECEWISE_BEZIER_KNOTS.);
#6967 = CARTESIAN_POINT('',(4.137813770695,0.92));
#6968 = CARTESIAN_POINT('',(4.137813770695,1.8000024));
#6969 = ( GEOMETRIC_REPRESENTATION_CONTEXT(2) 
PARAMETRIC_REPRESENTATION_CONTEXT() REPRESENTATION_CONTEXT('2D SPACE',''
  ) );
#6970 = PCURVE('',#5279,#6971);
#6971 = DEFINITIONAL_REPRESENTATION('',(#6972),#6975);
#6972 = B_SPLINE_CURVE_WITH_KNOTS('',1,(#6973,#6974),.UNSPECIFIED.,.F.,
  .F.,(2,2),(0.92,1.8000024),.PIECEWISE_BEZIER_KNOTS.);
#6973 = CARTESIAN_POINT('',(3.531826542369,8.E-02));
#6974 = CARTESIAN_POINT('',(3.531826542369,-0.8000024));
#6975 = ( GEOMETRIC_REPRESENTATION_CONTEXT(2) 
PARAMETRIC_REPRESENTATION_CONTEXT() REPRESENTATION_CONTEXT('2D SPACE',''
  ) );
#6976 = ORIENTED_EDGE('',*,*,#6063,.F.);
#6977 = ORIENTED_EDGE('',*,*,#6885,.T.);
#6978 = ORIENTED_EDGE('',*,*,#5320,.F.);
#6979 = ORIENTED_EDGE('',*,*,#6936,.F.);
#6980 = ORIENTED_EDGE('',*,*,#5687,.T.);
#6981 = ADVANCED_FACE('',(#6982),#5222,.T.);
#6982 = FACE_BOUND('',#6983,.T.);
#6983 = EDGE_LOOP('',(#6984,#6985,#7004,#7005));
#6984 = ORIENTED_EDGE('',*,*,#6430,.F.);
#6985 = ORIENTED_EDGE('',*,*,#6986,.T.);
#6986 = EDGE_CURVE('',#6286,#5207,#6987,.T.);
#6987 = SURFACE_CURVE('',#6988,(#6992,#6998),.PCURVE_S1.);
#6988 = LINE('',#6989,#6990);
#6989 = CARTESIAN_POINT('',(-19.95567314356,-33.65,1.4));
#6990 = VECTOR('',#6991,1.);
#6991 = DIRECTION('',(0.,0.,1.));
#6992 = PCURVE('',#5222,#6993);
#6993 = DEFINITIONAL_REPRESENTATION('',(#6994),#6997);
#6994 = B_SPLINE_CURVE_WITH_KNOTS('',1,(#6995,#6996),.UNSPECIFIED.,.F.,
  .F.,(2,2),(0.92,1.8000024),.PIECEWISE_BEZIER_KNOTS.);
#6995 = CARTESIAN_POINT('',(0.194326856434,8.E-02));
#6996 = CARTESIAN_POINT('',(0.194326856434,-0.8000024));
#6997 = ( GEOMETRIC_REPRESENTATION_CONTEXT(2) 
PARAMETRIC_REPRESENTATION_CONTEXT() REPRESENTATION_CONTEXT('2D SPACE',''
  ) );
#6998 = PCURVE('',#5251,#6999);
#6999 = DEFINITIONAL_REPRESENTATION('',(#7000),#7003);
#7000 = B_SPLINE_CURVE_WITH_KNOTS('',1,(#7001,#7002),.UNSPECIFIED.,.F.,
  .F.,(2,2),(1.,1.8),.PIECEWISE_BEZIER_KNOTS.);
#7001 = CARTESIAN_POINT('',(5.258388498096,1.));
#7002 = CARTESIAN_POINT('',(5.258388498096,1.8));
#7003 = ( GEOMETRIC_REPRESENTATION_CONTEXT(2) 
PARAMETRIC_REPRESENTATION_CONTEXT() REPRESENTATION_CONTEXT('2D SPACE',''
  ) );
#7004 = ORIENTED_EDGE('',*,*,#5206,.T.);
#7005 = ORIENTED_EDGE('',*,*,#6911,.F.);
#7006 = ADVANCED_FACE('',(#7007),#5251,.T.);
#7007 = FACE_BOUND('',#7008,.T.);
#7008 = EDGE_LOOP('',(#7009,#7010,#7029,#7030,#7049,#7050,#7051,#7052));
#7009 = ORIENTED_EDGE('',*,*,#5550,.F.);
#7010 = ORIENTED_EDGE('',*,*,#7011,.T.);
#7011 = EDGE_CURVE('',#5521,#5993,#7012,.T.);
#7012 = SURFACE_CURVE('',#7013,(#7017,#7023),.PCURVE_S1.);
#7013 = LINE('',#7014,#7015);
#7014 = CARTESIAN_POINT('',(-23.35,-31.01357960675,1.4));
#7015 = VECTOR('',#7016,1.);
#7016 = DIRECTION('',(0.,0.,1.));
#7017 = PCURVE('',#5251,#7018);
#7018 = DEFINITIONAL_REPRESENTATION('',(#7019),#7022);
#7019 = B_SPLINE_CURVE_WITH_KNOTS('',1,(#7020,#7021),.UNSPECIFIED.,.F.,
  .F.,(2,2),(0.,1.),.PIECEWISE_BEZIER_KNOTS.);
#7020 = CARTESIAN_POINT('',(9.128815039272,0.));
#7021 = CARTESIAN_POINT('',(9.128815039272,1.));
#7022 = ( GEOMETRIC_REPRESENTATION_CONTEXT(2) 
PARAMETRIC_REPRESENTATION_CONTEXT() REPRESENTATION_CONTEXT('2D SPACE',''
  ) );
#7023 = PCURVE('',#5538,#7024);
#7024 = DEFINITIONAL_REPRESENTATION('',(#7025),#7028);
#7025 = B_SPLINE_CURVE_WITH_KNOTS('',1,(#7026,#7027),.UNSPECIFIED.,.F.,
  .F.,(2,2),(-2.400000000069E-06,1.1),.PIECEWISE_BEZIER_KNOTS.);
#7026 = CARTESIAN_POINT('',(1.13642039325,2.400000000069E-06));
#7027 = CARTESIAN_POINT('',(1.13642039325,-1.1));
#7028 = ( GEOMETRIC_REPRESENTATION_CONTEXT(2) 
PARAMETRIC_REPRESENTATION_CONTEXT() REPRESENTATION_CONTEXT('2D SPACE',''
  ) );
#7029 = ORIENTED_EDGE('',*,*,#6017,.F.);
#7030 = ORIENTED_EDGE('',*,*,#7031,.T.);
#7031 = EDGE_CURVE('',#6018,#5235,#7032,.T.);
#7032 = SURFACE_CURVE('',#7033,(#7037,#7043),.PCURVE_S1.);
#7033 = LINE('',#7034,#7035);
#7034 = CARTESIAN_POINT('',(-21.65,-29.43940556793,1.4));
#7035 = VECTOR('',#7036,1.);
#7036 = DIRECTION('',(0.,0.,1.));
#7037 = PCURVE('',#5251,#7038);
#7038 = DEFINITIONAL_REPRESENTATION('',(#7039),#7042);
#7039 = B_SPLINE_CURVE_WITH_KNOTS('',1,(#7040,#7041),.UNSPECIFIED.,.F.,
  .F.,(2,2),(1.,1.8),.PIECEWISE_BEZIER_KNOTS.);
#7040 = CARTESIAN_POINT('',(8.073122692972,1.));
#7041 = CARTESIAN_POINT('',(8.073122692972,1.8));
#7042 = ( GEOMETRIC_REPRESENTATION_CONTEXT(2) 
PARAMETRIC_REPRESENTATION_CONTEXT() REPRESENTATION_CONTEXT('2D SPACE',''
  ) );
#7043 = PCURVE('',#5279,#7044);
#7044 = DEFINITIONAL_REPRESENTATION('',(#7045),#7048);
#7045 = B_SPLINE_CURVE_WITH_KNOTS('',1,(#7046,#7047),.UNSPECIFIED.,.F.,
  .F.,(2,2),(0.92,1.8000024),.PIECEWISE_BEZIER_KNOTS.);
#7046 = CARTESIAN_POINT('',(2.710594432064,8.E-02));
#7047 = CARTESIAN_POINT('',(2.710594432064,-0.8000024));
#7048 = ( GEOMETRIC_REPRESENTATION_CONTEXT(2) 
PARAMETRIC_REPRESENTATION_CONTEXT() REPRESENTATION_CONTEXT('2D SPACE',''
  ) );
#7049 = ORIENTED_EDGE('',*,*,#5234,.F.);
#7050 = ORIENTED_EDGE('',*,*,#6986,.F.);
#7051 = ORIENTED_EDGE('',*,*,#6283,.F.);
#7052 = ORIENTED_EDGE('',*,*,#7053,.T.);
#7053 = EDGE_CURVE('',#6284,#5551,#7054,.T.);
#7054 = SURFACE_CURVE('',#7055,(#7059,#7065),.PCURVE_S1.);
#7055 = LINE('',#7056,#7057);
#7056 = CARTESIAN_POINT('',(-23.34155621411,-32.38231214372,1.4));
#7057 = VECTOR('',#7058,1.);
#7058 = DIRECTION('',(-0.,-0.,-1.));
#7059 = PCURVE('',#5251,#7060);
#7060 = DEFINITIONAL_REPRESENTATION('',(#7061),#7064);
#7061 = B_SPLINE_CURVE_WITH_KNOTS('',1,(#7062,#7063),.UNSPECIFIED.,.F.,
  .F.,(2,2),(-1.,0.),.PIECEWISE_BEZIER_KNOTS.);
#7062 = CARTESIAN_POINT('',(3.44989352796,1.));
#7063 = CARTESIAN_POINT('',(3.44989352796,0.));
#7064 = ( GEOMETRIC_REPRESENTATION_CONTEXT(2) 
PARAMETRIC_REPRESENTATION_CONTEXT() REPRESENTATION_CONTEXT('2D SPACE',''
  ) );
#7065 = PCURVE('',#5595,#7066);
#7066 = DEFINITIONAL_REPRESENTATION('',(#7067),#7070);
#7067 = B_SPLINE_CURVE_WITH_KNOTS('',1,(#7068,#7069),.UNSPECIFIED.,.F.,
  .F.,(2,2),(-1.0000024,2.400000000069E-06),.PIECEWISE_BEZIER_KNOTS.);
#7068 = CARTESIAN_POINT('',(-3.214254119948,-1.0000024));
#7069 = CARTESIAN_POINT('',(-3.214254119948,2.400000000069E-06));
#7070 = ( GEOMETRIC_REPRESENTATION_CONTEXT(2) 
PARAMETRIC_REPRESENTATION_CONTEXT() REPRESENTATION_CONTEXT('2D SPACE',''
  ) );
#7071 = ADVANCED_FACE('',(#7072),#5279,.F.);
#7072 = FACE_BOUND('',#7073,.F.);
#7073 = EDGE_LOOP('',(#7074,#7075,#7076,#7077));
#7074 = ORIENTED_EDGE('',*,*,#6040,.F.);
#7075 = ORIENTED_EDGE('',*,*,#7031,.T.);
#7076 = ORIENTED_EDGE('',*,*,#5263,.T.);
#7077 = ORIENTED_EDGE('',*,*,#6958,.F.);
#7078 = ADVANCED_FACE('',(#7079),#5474,.T.);
#7079 = FACE_BOUND('',#7080,.T.);
#7080 = EDGE_LOOP('',(#7081,#7110,#7131,#7132));
#7081 = ORIENTED_EDGE('',*,*,#7082,.F.);
#7082 = EDGE_CURVE('',#7083,#7083,#7085,.T.);
#7083 = VERTEX_POINT('',#7084);
#7084 = CARTESIAN_POINT('',(-20.2,-31.6844,4.9));
#7085 = SURFACE_CURVE('',#7086,(#7091,#7098),.PCURVE_S1.);
#7086 = CIRCLE('',#7087,0.95);
#7087 = AXIS2_PLACEMENT_3D('',#7088,#7089,#7090);
#7088 = CARTESIAN_POINT('',(-21.15,-31.6844,4.9));
#7089 = DIRECTION('',(0.,0.,1.));
#7090 = DIRECTION('',(1.,0.,-0.));
#7091 = PCURVE('',#5474,#7092);
#7092 = DEFINITIONAL_REPRESENTATION('',(#7093),#7097);
#7093 = LINE('',#7094,#7095);
#7094 = CARTESIAN_POINT('',(0.,1.7));
#7095 = VECTOR('',#7096,1.);
#7096 = DIRECTION('',(1.,0.));
#7097 = ( GEOMETRIC_REPRESENTATION_CONTEXT(2) 
PARAMETRIC_REPRESENTATION_CONTEXT() REPRESENTATION_CONTEXT('2D SPACE',''
  ) );
#7098 = PCURVE('',#7099,#7104);
#7099 = PLANE('',#7100);
#7100 = AXIS2_PLACEMENT_3D('',#7101,#7102,#7103);
#7101 = CARTESIAN_POINT('',(-21.15,-31.6844,4.9));
#7102 = DIRECTION('',(0.,0.,1.));
#7103 = DIRECTION('',(1.,0.,-0.));
#7104 = DEFINITIONAL_REPRESENTATION('',(#7105),#7109);
#7105 = CIRCLE('',#7106,0.95);
#7106 = AXIS2_PLACEMENT_2D('',#7107,#7108);
#7107 = CARTESIAN_POINT('',(0.,0.));
#7108 = DIRECTION('',(1.,0.));
#7109 = ( GEOMETRIC_REPRESENTATION_CONTEXT(2) 
PARAMETRIC_REPRESENTATION_CONTEXT() REPRESENTATION_CONTEXT('2D SPACE',''
  ) );
#7110 = ORIENTED_EDGE('',*,*,#7111,.F.);
#7111 = EDGE_CURVE('',#5458,#7083,#7112,.T.);
#7112 = SEAM_CURVE('',#7113,(#7117,#7124),.PCURVE_S1.);
#7113 = LINE('',#7114,#7115);
#7114 = CARTESIAN_POINT('',(-20.2,-31.6844,3.2));
#7115 = VECTOR('',#7116,1.);
#7116 = DIRECTION('',(0.,0.,1.));
#7117 = PCURVE('',#5474,#7118);
#7118 = DEFINITIONAL_REPRESENTATION('',(#7119),#7123);
#7119 = LINE('',#7120,#7121);
#7120 = CARTESIAN_POINT('',(6.28318530718,-0.));
#7121 = VECTOR('',#7122,1.);
#7122 = DIRECTION('',(0.,1.));
#7123 = ( GEOMETRIC_REPRESENTATION_CONTEXT(2) 
PARAMETRIC_REPRESENTATION_CONTEXT() REPRESENTATION_CONTEXT('2D SPACE',''
  ) );
#7124 = PCURVE('',#5474,#7125);
#7125 = DEFINITIONAL_REPRESENTATION('',(#7126),#7130);
#7126 = LINE('',#7127,#7128);
#7127 = CARTESIAN_POINT('',(0.,-0.));
#7128 = VECTOR('',#7129,1.);
#7129 = DIRECTION('',(0.,1.));
#7130 = ( GEOMETRIC_REPRESENTATION_CONTEXT(2) 
PARAMETRIC_REPRESENTATION_CONTEXT() REPRESENTATION_CONTEXT('2D SPACE',''
  ) );
#7131 = ORIENTED_EDGE('',*,*,#5457,.T.);
#7132 = ORIENTED_EDGE('',*,*,#7111,.T.);
#7133 = ADVANCED_FACE('',(#7134),#5505,.T.);
#7134 = FACE_BOUND('',#7135,.T.);
#7135 = EDGE_LOOP('',(#7136,#7165,#7186,#7187));
#7136 = ORIENTED_EDGE('',*,*,#7137,.F.);
#7137 = EDGE_CURVE('',#7138,#7138,#7140,.T.);
#7138 = VERTEX_POINT('',#7139);
#7139 = CARTESIAN_POINT('',(-19.45,-26.6875,4.9));
#7140 = SURFACE_CURVE('',#7141,(#7146,#7153),.PCURVE_S1.);
#7141 = CIRCLE('',#7142,0.95);
#7142 = AXIS2_PLACEMENT_3D('',#7143,#7144,#7145);
#7143 = CARTESIAN_POINT('',(-20.4,-26.6875,4.9));
#7144 = DIRECTION('',(0.,0.,1.));
#7145 = DIRECTION('',(1.,0.,-0.));
#7146 = PCURVE('',#5505,#7147);
#7147 = DEFINITIONAL_REPRESENTATION('',(#7148),#7152);
#7148 = LINE('',#7149,#7150);
#7149 = CARTESIAN_POINT('',(0.,1.7));
#7150 = VECTOR('',#7151,1.);
#7151 = DIRECTION('',(1.,0.));
#7152 = ( GEOMETRIC_REPRESENTATION_CONTEXT(2) 
PARAMETRIC_REPRESENTATION_CONTEXT() REPRESENTATION_CONTEXT('2D SPACE',''
  ) );
#7153 = PCURVE('',#7154,#7159);
#7154 = PLANE('',#7155);
#7155 = AXIS2_PLACEMENT_3D('',#7156,#7157,#7158);
#7156 = CARTESIAN_POINT('',(-20.4,-26.6875,4.9));
#7157 = DIRECTION('',(0.,0.,1.));
#7158 = DIRECTION('',(1.,0.,-0.));
#7159 = DEFINITIONAL_REPRESENTATION('',(#7160),#7164);
#7160 = CIRCLE('',#7161,0.95);
#7161 = AXIS2_PLACEMENT_2D('',#7162,#7163);
#7162 = CARTESIAN_POINT('',(0.,0.));
#7163 = DIRECTION('',(1.,0.));
#7164 = ( GEOMETRIC_REPRESENTATION_CONTEXT(2) 
PARAMETRIC_REPRESENTATION_CONTEXT() REPRESENTATION_CONTEXT('2D SPACE',''
  ) );
#7165 = ORIENTED_EDGE('',*,*,#7166,.F.);
#7166 = EDGE_CURVE('',#5489,#7138,#7167,.T.);
#7167 = SEAM_CURVE('',#7168,(#7172,#7179),.PCURVE_S1.);
#7168 = LINE('',#7169,#7170);
#7169 = CARTESIAN_POINT('',(-19.45,-26.6875,3.2));
#7170 = VECTOR('',#7171,1.);
#7171 = DIRECTION('',(0.,0.,1.));
#7172 = PCURVE('',#5505,#7173);
#7173 = DEFINITIONAL_REPRESENTATION('',(#7174),#7178);
#7174 = LINE('',#7175,#7176);
#7175 = CARTESIAN_POINT('',(6.28318530718,-0.));
#7176 = VECTOR('',#7177,1.);
#7177 = DIRECTION('',(0.,1.));
#7178 = ( GEOMETRIC_REPRESENTATION_CONTEXT(2) 
PARAMETRIC_REPRESENTATION_CONTEXT() REPRESENTATION_CONTEXT('2D SPACE',''
  ) );
#7179 = PCURVE('',#5505,#7180);
#7180 = DEFINITIONAL_REPRESENTATION('',(#7181),#7185);
#7181 = LINE('',#7182,#7183);
#7182 = CARTESIAN_POINT('',(0.,-0.));
#7183 = VECTOR('',#7184,1.);
#7184 = DIRECTION('',(0.,1.));
#7185 = ( GEOMETRIC_REPRESENTATION_CONTEXT(2) 
PARAMETRIC_REPRESENTATION_CONTEXT() REPRESENTATION_CONTEXT('2D SPACE',''
  ) );
#7186 = ORIENTED_EDGE('',*,*,#5488,.T.);
#7187 = ORIENTED_EDGE('',*,*,#7166,.T.);
#7188 = ADVANCED_FACE('',(#7189),#5538,.F.);
#7189 = FACE_BOUND('',#7190,.F.);
#7190 = EDGE_LOOP('',(#7191,#7192,#7193,#7194));
#7191 = ORIENTED_EDGE('',*,*,#5520,.F.);
#7192 = ORIENTED_EDGE('',*,*,#7011,.T.);
#7193 = ORIENTED_EDGE('',*,*,#5992,.T.);
#7194 = ORIENTED_EDGE('',*,*,#6189,.F.);
#7195 = ADVANCED_FACE('',(#7196),#5623,.T.);
#7196 = FACE_BOUND('',#7197,.T.);
#7197 = EDGE_LOOP('',(#7198,#7199,#7220,#7221));
#7198 = ORIENTED_EDGE('',*,*,#5607,.F.);
#7199 = ORIENTED_EDGE('',*,*,#7200,.T.);
#7200 = EDGE_CURVE('',#5579,#6309,#7201,.T.);
#7201 = SURFACE_CURVE('',#7202,(#7206,#7213),.PCURVE_S1.);
#7202 = LINE('',#7203,#7204);
#7203 = CARTESIAN_POINT('',(-20.15,-35.35,1.4));
#7204 = VECTOR('',#7205,1.);
#7205 = DIRECTION('',(0.,0.,1.));
#7206 = PCURVE('',#5623,#7207);
#7207 = DEFINITIONAL_REPRESENTATION('',(#7208),#7212);
#7208 = LINE('',#7209,#7210);
#7209 = CARTESIAN_POINT('',(0.,0.));
#7210 = VECTOR('',#7211,1.);
#7211 = DIRECTION('',(0.,-1.));
#7212 = ( GEOMETRIC_REPRESENTATION_CONTEXT(2) 
PARAMETRIC_REPRESENTATION_CONTEXT() REPRESENTATION_CONTEXT('2D SPACE',''
  ) );
#7213 = PCURVE('',#5595,#7214);
#7214 = DEFINITIONAL_REPRESENTATION('',(#7215),#7219);
#7215 = LINE('',#7216,#7217);
#7216 = CARTESIAN_POINT('',(-4.712388980385,0.));
#7217 = VECTOR('',#7218,1.);
#7218 = DIRECTION('',(-0.,-1.));
#7219 = ( GEOMETRIC_REPRESENTATION_CONTEXT(2) 
PARAMETRIC_REPRESENTATION_CONTEXT() REPRESENTATION_CONTEXT('2D SPACE',''
  ) );
#7220 = ORIENTED_EDGE('',*,*,#6332,.T.);
#7221 = ORIENTED_EDGE('',*,*,#6455,.F.);
#7222 = ADVANCED_FACE('',(#7223),#5595,.F.);
#7223 = FACE_BOUND('',#7224,.T.);
#7224 = EDGE_LOOP('',(#7225,#7226,#7227,#7228));
#7225 = ORIENTED_EDGE('',*,*,#5578,.F.);
#7226 = ORIENTED_EDGE('',*,*,#7053,.F.);
#7227 = ORIENTED_EDGE('',*,*,#6308,.T.);
#7228 = ORIENTED_EDGE('',*,*,#7200,.F.);
#7229 = ADVANCED_FACE('',(#7230),#5791,.F.);
#7230 = FACE_BOUND('',#7231,.F.);
#7231 = EDGE_LOOP('',(#7232,#7233,#7254,#7255));
#7232 = ORIENTED_EDGE('',*,*,#5770,.F.);
#7233 = ORIENTED_EDGE('',*,*,#7234,.T.);
#7234 = EDGE_CURVE('',#5743,#5874,#7235,.T.);
#7235 = SURFACE_CURVE('',#7236,(#7240,#7247),.PCURVE_S1.);
#7236 = LINE('',#7237,#7238);
#7237 = CARTESIAN_POINT('',(20.15,33.65,2.4));
#7238 = VECTOR('',#7239,1.);
#7239 = DIRECTION('',(0.,0.,1.));
#7240 = PCURVE('',#5791,#7241);
#7241 = DEFINITIONAL_REPRESENTATION('',(#7242),#7246);
#7242 = LINE('',#7243,#7244);
#7243 = CARTESIAN_POINT('',(1.570796326795,0.));
#7244 = VECTOR('',#7245,1.);
#7245 = DIRECTION('',(0.,-1.));
#7246 = ( GEOMETRIC_REPRESENTATION_CONTEXT(2) 
PARAMETRIC_REPRESENTATION_CONTEXT() REPRESENTATION_CONTEXT('2D SPACE',''
  ) );
#7247 = PCURVE('',#5758,#7248);
#7248 = DEFINITIONAL_REPRESENTATION('',(#7249),#7253);
#7249 = LINE('',#7250,#7251);
#7250 = CARTESIAN_POINT('',(40.3,0.));
#7251 = VECTOR('',#7252,1.);
#7252 = DIRECTION('',(0.,-1.));
#7253 = ( GEOMETRIC_REPRESENTATION_CONTEXT(2) 
PARAMETRIC_REPRESENTATION_CONTEXT() REPRESENTATION_CONTEXT('2D SPACE',''
  ) );
#7254 = ORIENTED_EDGE('',*,*,#5896,.T.);
#7255 = ORIENTED_EDGE('',*,*,#6213,.T.);
#7256 = ADVANCED_FACE('',(#7257),#5758,.F.);
#7257 = FACE_BOUND('',#7258,.F.);
#7258 = EDGE_LOOP('',(#7259,#7260,#7261,#7262));
#7259 = ORIENTED_EDGE('',*,*,#5742,.F.);
#7260 = ORIENTED_EDGE('',*,*,#5826,.F.);
#7261 = ORIENTED_EDGE('',*,*,#5873,.T.);
#7262 = ORIENTED_EDGE('',*,*,#7234,.F.);
#7263 = ADVANCED_FACE('',(#7264),#6550,.T.);
#7264 = FACE_BOUND('',#7265,.T.);
#7265 = EDGE_LOOP('',(#7266,#7267,#7268,#7269));
#7266 = ORIENTED_EDGE('',*,*,#6590,.F.);
#7267 = ORIENTED_EDGE('',*,*,#6536,.F.);
#7268 = ORIENTED_EDGE('',*,*,#6666,.T.);
#7269 = ORIENTED_EDGE('',*,*,#6639,.T.);
#7270 = ADVANCED_FACE('',(#7271),#6713,.T.);
#7271 = FACE_BOUND('',#7272,.T.);
#7272 = EDGE_LOOP('',(#7273,#7296,#7324,#7345));
#7273 = ORIENTED_EDGE('',*,*,#7274,.F.);
#7274 = EDGE_CURVE('',#7275,#6697,#7277,.T.);
#7275 = VERTEX_POINT('',#7276);
#7276 = CARTESIAN_POINT('',(25.15,13.5,0.2));
#7277 = SURFACE_CURVE('',#7278,(#7282,#7289),.PCURVE_S1.);
#7278 = LINE('',#7279,#7280);
#7279 = CARTESIAN_POINT('',(25.15,13.5,0.2));
#7280 = VECTOR('',#7281,1.);
#7281 = DIRECTION('',(1.,0.,-0.));
#7282 = PCURVE('',#6713,#7283);
#7283 = DEFINITIONAL_REPRESENTATION('',(#7284),#7288);
#7284 = LINE('',#7285,#7286);
#7285 = CARTESIAN_POINT('',(0.,27.));
#7286 = VECTOR('',#7287,1.);
#7287 = DIRECTION('',(1.,0.));
#7288 = ( GEOMETRIC_REPRESENTATION_CONTEXT(2) 
PARAMETRIC_REPRESENTATION_CONTEXT() REPRESENTATION_CONTEXT('2D SPACE',''
  ) );
#7289 = PCURVE('',#6789,#7290);
#7290 = DEFINITIONAL_REPRESENTATION('',(#7291),#7295);
#7291 = LINE('',#7292,#7293);
#7292 = CARTESIAN_POINT('',(0.,0.));
#7293 = VECTOR('',#7294,1.);
#7294 = DIRECTION('',(0.,1.));
#7295 = ( GEOMETRIC_REPRESENTATION_CONTEXT(2) 
PARAMETRIC_REPRESENTATION_CONTEXT() REPRESENTATION_CONTEXT('2D SPACE',''
  ) );
#7296 = ORIENTED_EDGE('',*,*,#7297,.F.);
#7297 = EDGE_CURVE('',#7298,#7275,#7300,.T.);
#7298 = VERTEX_POINT('',#7299);
#7299 = CARTESIAN_POINT('',(25.15,-13.5,0.2));
#7300 = SURFACE_CURVE('',#7301,(#7305,#7312),.PCURVE_S1.);
#7301 = LINE('',#7302,#7303);
#7302 = CARTESIAN_POINT('',(25.15,-13.5,0.2));
#7303 = VECTOR('',#7304,1.);
#7304 = DIRECTION('',(-0.,1.,0.));
#7305 = PCURVE('',#6713,#7306);
#7306 = DEFINITIONAL_REPRESENTATION('',(#7307),#7311);
#7307 = LINE('',#7308,#7309);
#7308 = CARTESIAN_POINT('',(0.,0.));
#7309 = VECTOR('',#7310,1.);
#7310 = DIRECTION('',(0.,1.));
#7311 = ( GEOMETRIC_REPRESENTATION_CONTEXT(2) 
PARAMETRIC_REPRESENTATION_CONTEXT() REPRESENTATION_CONTEXT('2D SPACE',''
  ) );
#7312 = PCURVE('',#7313,#7318);
#7313 = PLANE('',#7314);
#7314 = AXIS2_PLACEMENT_3D('',#7315,#7316,#7317);
#7315 = CARTESIAN_POINT('',(25.15,-32.15,-2.723438300723));
#7316 = DIRECTION('',(-1.,0.,0.));
#7317 = DIRECTION('',(0.,1.,0.));
#7318 = DEFINITIONAL_REPRESENTATION('',(#7319),#7323);
#7319 = LINE('',#7320,#7321);
#7320 = CARTESIAN_POINT('',(18.65,-2.923438300723));
#7321 = VECTOR('',#7322,1.);
#7322 = DIRECTION('',(1.,0.));
#7323 = ( GEOMETRIC_REPRESENTATION_CONTEXT(2) 
PARAMETRIC_REPRESENTATION_CONTEXT() REPRESENTATION_CONTEXT('2D SPACE',''
  ) );
#7324 = ORIENTED_EDGE('',*,*,#7325,.T.);
#7325 = EDGE_CURVE('',#7298,#6699,#7326,.T.);
#7326 = SURFACE_CURVE('',#7327,(#7331,#7338),.PCURVE_S1.);
#7327 = LINE('',#7328,#7329);
#7328 = CARTESIAN_POINT('',(25.15,-13.5,0.2));
#7329 = VECTOR('',#7330,1.);
#7330 = DIRECTION('',(1.,0.,-0.));
#7331 = PCURVE('',#6713,#7332);
#7332 = DEFINITIONAL_REPRESENTATION('',(#7333),#7337);
#7333 = LINE('',#7334,#7335);
#7334 = CARTESIAN_POINT('',(0.,0.));
#7335 = VECTOR('',#7336,1.);
#7336 = DIRECTION('',(1.,0.));
#7337 = ( GEOMETRIC_REPRESENTATION_CONTEXT(2) 
PARAMETRIC_REPRESENTATION_CONTEXT() REPRESENTATION_CONTEXT('2D SPACE',''
  ) );
#7338 = PCURVE('',#6739,#7339);
#7339 = DEFINITIONAL_REPRESENTATION('',(#7340),#7344);
#7340 = LINE('',#7341,#7342);
#7341 = CARTESIAN_POINT('',(0.,0.));
#7342 = VECTOR('',#7343,1.);
#7343 = DIRECTION('',(0.,1.));
#7344 = ( GEOMETRIC_REPRESENTATION_CONTEXT(2) 
PARAMETRIC_REPRESENTATION_CONTEXT() REPRESENTATION_CONTEXT('2D SPACE',''
  ) );
#7345 = ORIENTED_EDGE('',*,*,#6696,.F.);
#7346 = ADVANCED_FACE('',(#7347),#6789,.F.);
#7347 = FACE_BOUND('',#7348,.F.);
#7348 = EDGE_LOOP('',(#7349,#7350,#7373,#7394));
#7349 = ORIENTED_EDGE('',*,*,#7274,.F.);
#7350 = ORIENTED_EDGE('',*,*,#7351,.T.);
#7351 = EDGE_CURVE('',#7275,#7352,#7354,.T.);
#7352 = VERTEX_POINT('',#7353);
#7353 = CARTESIAN_POINT('',(25.15,13.5,3.6));
#7354 = SURFACE_CURVE('',#7355,(#7359,#7366),.PCURVE_S1.);
#7355 = LINE('',#7356,#7357);
#7356 = CARTESIAN_POINT('',(25.15,13.5,0.2));
#7357 = VECTOR('',#7358,1.);
#7358 = DIRECTION('',(0.,0.,1.));
#7359 = PCURVE('',#6789,#7360);
#7360 = DEFINITIONAL_REPRESENTATION('',(#7361),#7365);
#7361 = LINE('',#7362,#7363);
#7362 = CARTESIAN_POINT('',(0.,0.));
#7363 = VECTOR('',#7364,1.);
#7364 = DIRECTION('',(1.,0.));
#7365 = ( GEOMETRIC_REPRESENTATION_CONTEXT(2) 
PARAMETRIC_REPRESENTATION_CONTEXT() REPRESENTATION_CONTEXT('2D SPACE',''
  ) );
#7366 = PCURVE('',#7313,#7367);
#7367 = DEFINITIONAL_REPRESENTATION('',(#7368),#7372);
#7368 = LINE('',#7369,#7370);
#7369 = CARTESIAN_POINT('',(45.65,-2.923438300723));
#7370 = VECTOR('',#7371,1.);
#7371 = DIRECTION('',(0.,-1.));
#7372 = ( GEOMETRIC_REPRESENTATION_CONTEXT(2) 
PARAMETRIC_REPRESENTATION_CONTEXT() REPRESENTATION_CONTEXT('2D SPACE',''
  ) );
#7373 = ORIENTED_EDGE('',*,*,#7374,.T.);
#7374 = EDGE_CURVE('',#7352,#6751,#7375,.T.);
#7375 = SURFACE_CURVE('',#7376,(#7380,#7387),.PCURVE_S1.);
#7376 = LINE('',#7377,#7378);
#7377 = CARTESIAN_POINT('',(25.15,13.5,3.6));
#7378 = VECTOR('',#7379,1.);
#7379 = DIRECTION('',(1.,0.,-0.));
#7380 = PCURVE('',#6789,#7381);
#7381 = DEFINITIONAL_REPRESENTATION('',(#7382),#7386);
#7382 = LINE('',#7383,#7384);
#7383 = CARTESIAN_POINT('',(3.4,0.));
#7384 = VECTOR('',#7385,1.);
#7385 = DIRECTION('',(0.,1.));
#7386 = ( GEOMETRIC_REPRESENTATION_CONTEXT(2) 
PARAMETRIC_REPRESENTATION_CONTEXT() REPRESENTATION_CONTEXT('2D SPACE',''
  ) );
#7387 = PCURVE('',#6765,#7388);
#7388 = DEFINITIONAL_REPRESENTATION('',(#7389),#7393);
#7389 = LINE('',#7390,#7391);
#7390 = CARTESIAN_POINT('',(0.,27.));
#7391 = VECTOR('',#7392,1.);
#7392 = DIRECTION('',(1.,0.));
#7393 = ( GEOMETRIC_REPRESENTATION_CONTEXT(2) 
PARAMETRIC_REPRESENTATION_CONTEXT() REPRESENTATION_CONTEXT('2D SPACE',''
  ) );
#7394 = ORIENTED_EDGE('',*,*,#6776,.F.);
#7395 = ADVANCED_FACE('',(#7396),#6765,.F.);
#7396 = FACE_BOUND('',#7397,.F.);
#7397 = EDGE_LOOP('',(#7398,#7399,#7422,#7443));
#7398 = ORIENTED_EDGE('',*,*,#7374,.F.);
#7399 = ORIENTED_EDGE('',*,*,#7400,.F.);
#7400 = EDGE_CURVE('',#7401,#7352,#7403,.T.);
#7401 = VERTEX_POINT('',#7402);
#7402 = CARTESIAN_POINT('',(25.15,-13.5,3.6));
#7403 = SURFACE_CURVE('',#7404,(#7408,#7415),.PCURVE_S1.);
#7404 = LINE('',#7405,#7406);
#7405 = CARTESIAN_POINT('',(25.15,-13.5,3.6));
#7406 = VECTOR('',#7407,1.);
#7407 = DIRECTION('',(-0.,1.,0.));
#7408 = PCURVE('',#6765,#7409);
#7409 = DEFINITIONAL_REPRESENTATION('',(#7410),#7414);
#7410 = LINE('',#7411,#7412);
#7411 = CARTESIAN_POINT('',(0.,0.));
#7412 = VECTOR('',#7413,1.);
#7413 = DIRECTION('',(0.,1.));
#7414 = ( GEOMETRIC_REPRESENTATION_CONTEXT(2) 
PARAMETRIC_REPRESENTATION_CONTEXT() REPRESENTATION_CONTEXT('2D SPACE',''
  ) );
#7415 = PCURVE('',#7313,#7416);
#7416 = DEFINITIONAL_REPRESENTATION('',(#7417),#7421);
#7417 = LINE('',#7418,#7419);
#7418 = CARTESIAN_POINT('',(18.65,-6.323438300723));
#7419 = VECTOR('',#7420,1.);
#7420 = DIRECTION('',(1.,0.));
#7421 = ( GEOMETRIC_REPRESENTATION_CONTEXT(2) 
PARAMETRIC_REPRESENTATION_CONTEXT() REPRESENTATION_CONTEXT('2D SPACE',''
  ) );
#7422 = ORIENTED_EDGE('',*,*,#7423,.T.);
#7423 = EDGE_CURVE('',#7401,#6725,#7424,.T.);
#7424 = SURFACE_CURVE('',#7425,(#7429,#7436),.PCURVE_S1.);
#7425 = LINE('',#7426,#7427);
#7426 = CARTESIAN_POINT('',(25.15,-13.5,3.6));
#7427 = VECTOR('',#7428,1.);
#7428 = DIRECTION('',(1.,0.,-0.));
#7429 = PCURVE('',#6765,#7430);
#7430 = DEFINITIONAL_REPRESENTATION('',(#7431),#7435);
#7431 = LINE('',#7432,#7433);
#7432 = CARTESIAN_POINT('',(0.,0.));
#7433 = VECTOR('',#7434,1.);
#7434 = DIRECTION('',(1.,0.));
#7435 = ( GEOMETRIC_REPRESENTATION_CONTEXT(2) 
PARAMETRIC_REPRESENTATION_CONTEXT() REPRESENTATION_CONTEXT('2D SPACE',''
  ) );
#7436 = PCURVE('',#6739,#7437);
#7437 = DEFINITIONAL_REPRESENTATION('',(#7438),#7442);
#7438 = LINE('',#7439,#7440);
#7439 = CARTESIAN_POINT('',(3.4,0.));
#7440 = VECTOR('',#7441,1.);
#7441 = DIRECTION('',(0.,1.));
#7442 = ( GEOMETRIC_REPRESENTATION_CONTEXT(2) 
PARAMETRIC_REPRESENTATION_CONTEXT() REPRESENTATION_CONTEXT('2D SPACE',''
  ) );
#7443 = ORIENTED_EDGE('',*,*,#6750,.F.);
#7444 = ADVANCED_FACE('',(#7445),#6739,.T.);
#7445 = FACE_BOUND('',#7446,.T.);
#7446 = EDGE_LOOP('',(#7447,#7448,#7469,#7470));
#7447 = ORIENTED_EDGE('',*,*,#7325,.F.);
#7448 = ORIENTED_EDGE('',*,*,#7449,.T.);
#7449 = EDGE_CURVE('',#7298,#7401,#7450,.T.);
#7450 = SURFACE_CURVE('',#7451,(#7455,#7462),.PCURVE_S1.);
#7451 = LINE('',#7452,#7453);
#7452 = CARTESIAN_POINT('',(25.15,-13.5,0.2));
#7453 = VECTOR('',#7454,1.);
#7454 = DIRECTION('',(0.,0.,1.));
#7455 = PCURVE('',#6739,#7456);
#7456 = DEFINITIONAL_REPRESENTATION('',(#7457),#7461);
#7457 = LINE('',#7458,#7459);
#7458 = CARTESIAN_POINT('',(0.,0.));
#7459 = VECTOR('',#7460,1.);
#7460 = DIRECTION('',(1.,0.));
#7461 = ( GEOMETRIC_REPRESENTATION_CONTEXT(2) 
PARAMETRIC_REPRESENTATION_CONTEXT() REPRESENTATION_CONTEXT('2D SPACE',''
  ) );
#7462 = PCURVE('',#7313,#7463);
#7463 = DEFINITIONAL_REPRESENTATION('',(#7464),#7468);
#7464 = LINE('',#7465,#7466);
#7465 = CARTESIAN_POINT('',(18.65,-2.923438300723));
#7466 = VECTOR('',#7467,1.);
#7467 = DIRECTION('',(0.,-1.));
#7468 = ( GEOMETRIC_REPRESENTATION_CONTEXT(2) 
PARAMETRIC_REPRESENTATION_CONTEXT() REPRESENTATION_CONTEXT('2D SPACE',''
  ) );
#7469 = ORIENTED_EDGE('',*,*,#7423,.T.);
#7470 = ORIENTED_EDGE('',*,*,#6724,.F.);
#7471 = ADVANCED_FACE('',(#7472),#7099,.T.);
#7472 = FACE_BOUND('',#7473,.T.);
#7473 = EDGE_LOOP('',(#7474));
#7474 = ORIENTED_EDGE('',*,*,#7082,.T.);
#7475 = ADVANCED_FACE('',(#7476),#7154,.T.);
#7476 = FACE_BOUND('',#7477,.T.);
#7477 = EDGE_LOOP('',(#7478));
#7478 = ORIENTED_EDGE('',*,*,#7137,.T.);
#7479 = ADVANCED_FACE('',(#7480),#7313,.F.);
#7480 = FACE_BOUND('',#7481,.F.);
#7481 = EDGE_LOOP('',(#7482,#7483,#7484,#7485));
#7482 = ORIENTED_EDGE('',*,*,#7449,.T.);
#7483 = ORIENTED_EDGE('',*,*,#7400,.T.);
#7484 = ORIENTED_EDGE('',*,*,#7351,.F.);
#7485 = ORIENTED_EDGE('',*,*,#7297,.F.);
#7486 = MANIFOLD_SOLID_BREP('',#7487);
#7487 = CLOSED_SHELL('',(#7488,#7606,#7690,#7851,#8501,#8584,#9106,#9133
    ,#9188,#9237,#9290,#9297,#9344,#9371,#9398,#9425,#9452,#9479,#9506,
    #9513));
#7488 = ADVANCED_FACE('',(#7489),#7503,.T.);
#7489 = FACE_BOUND('',#7490,.T.);
#7490 = EDGE_LOOP('',(#7491,#7526,#7554,#7580));
#7491 = ORIENTED_EDGE('',*,*,#7492,.F.);
#7492 = EDGE_CURVE('',#7493,#7495,#7497,.T.);
#7493 = VERTEX_POINT('',#7494);
#7494 = CARTESIAN_POINT('',(-33.15,-32.15,-4.523438300723));
#7495 = VERTEX_POINT('',#7496);
#7496 = CARTESIAN_POINT('',(-33.15,32.15,-4.523438300723));
#7497 = SURFACE_CURVE('',#7498,(#7502,#7514),.PCURVE_S1.);
#7498 = LINE('',#7499,#7500);
#7499 = CARTESIAN_POINT('',(-33.15,0.,-4.523438300723));
#7500 = VECTOR('',#7501,1.);
#7501 = DIRECTION('',(0.,1.,0.));
#7502 = PCURVE('',#7503,#7508);
#7503 = PLANE('',#7504);
#7504 = AXIS2_PLACEMENT_3D('',#7505,#7506,#7507);
#7505 = CARTESIAN_POINT('',(-33.15,-32.15,-4.523438300723));
#7506 = DIRECTION('',(-1.,0.,0.));
#7507 = DIRECTION('',(0.,1.,0.));
#7508 = DEFINITIONAL_REPRESENTATION('',(#7509),#7513);
#7509 = LINE('',#7510,#7511);
#7510 = CARTESIAN_POINT('',(32.15,0.));
#7511 = VECTOR('',#7512,1.);
#7512 = DIRECTION('',(1.,0.));
#7513 = ( GEOMETRIC_REPRESENTATION_CONTEXT(2) 
PARAMETRIC_REPRESENTATION_CONTEXT() REPRESENTATION_CONTEXT('2D SPACE',''
  ) );
#7514 = PCURVE('',#7515,#7520);
#7515 = PLANE('',#7516);
#7516 = AXIS2_PLACEMENT_3D('',#7517,#7518,#7519);
#7517 = CARTESIAN_POINT('',(-4.803091413613E-15,-1.76440092745E-15,
    -4.523438300723));
#7518 = DIRECTION('',(0.,0.,1.));
#7519 = DIRECTION('',(1.,0.,-0.));
#7520 = DEFINITIONAL_REPRESENTATION('',(#7521),#7525);
#7521 = LINE('',#7522,#7523);
#7522 = CARTESIAN_POINT('',(-33.15,1.76440092745E-15));
#7523 = VECTOR('',#7524,1.);
#7524 = DIRECTION('',(0.,1.));
#7525 = ( GEOMETRIC_REPRESENTATION_CONTEXT(2) 
PARAMETRIC_REPRESENTATION_CONTEXT() REPRESENTATION_CONTEXT('2D SPACE',''
  ) );
#7526 = ORIENTED_EDGE('',*,*,#7527,.T.);
#7527 = EDGE_CURVE('',#7493,#7528,#7530,.T.);
#7528 = VERTEX_POINT('',#7529);
#7529 = CARTESIAN_POINT('',(-33.15,-32.15,-4.191267266193));
#7530 = SURFACE_CURVE('',#7531,(#7535,#7542),.PCURVE_S1.);
#7531 = LINE('',#7532,#7533);
#7532 = CARTESIAN_POINT('',(-33.15,-32.15,-4.523438300723));
#7533 = VECTOR('',#7534,1.);
#7534 = DIRECTION('',(0.,0.,1.));
#7535 = PCURVE('',#7503,#7536);
#7536 = DEFINITIONAL_REPRESENTATION('',(#7537),#7541);
#7537 = LINE('',#7538,#7539);
#7538 = CARTESIAN_POINT('',(0.,0.));
#7539 = VECTOR('',#7540,1.);
#7540 = DIRECTION('',(0.,-1.));
#7541 = ( GEOMETRIC_REPRESENTATION_CONTEXT(2) 
PARAMETRIC_REPRESENTATION_CONTEXT() REPRESENTATION_CONTEXT('2D SPACE',''
  ) );
#7542 = PCURVE('',#7543,#7548);
#7543 = CYLINDRICAL_SURFACE('',#7544,13.);
#7544 = AXIS2_PLACEMENT_3D('',#7545,#7546,#7547);
#7545 = CARTESIAN_POINT('',(-20.15,-32.15,-4.523438300723));
#7546 = DIRECTION('',(0.,0.,-1.));
#7547 = DIRECTION('',(-1.,0.,0.));
#7548 = DEFINITIONAL_REPRESENTATION('',(#7549),#7553);
#7549 = LINE('',#7550,#7551);
#7550 = CARTESIAN_POINT('',(6.28318530718,0.));
#7551 = VECTOR('',#7552,1.);
#7552 = DIRECTION('',(0.,-1.));
#7553 = ( GEOMETRIC_REPRESENTATION_CONTEXT(2) 
PARAMETRIC_REPRESENTATION_CONTEXT() REPRESENTATION_CONTEXT('2D SPACE',''
  ) );
#7554 = ORIENTED_EDGE('',*,*,#7555,.F.);
#7555 = EDGE_CURVE('',#7556,#7528,#7558,.T.);
#7556 = VERTEX_POINT('',#7557);
#7557 = CARTESIAN_POINT('',(-33.15,32.15,-4.191267266193));
#7558 = SURFACE_CURVE('',#7559,(#7563,#7569),.PCURVE_S1.);
#7559 = LINE('',#7560,#7561);
#7560 = CARTESIAN_POINT('',(-33.15,111.45,-4.191267266193));
#7561 = VECTOR('',#7562,1.);
#7562 = DIRECTION('',(0.,-1.,2.22044604925E-16));
#7563 = PCURVE('',#7503,#7564);
#7564 = DEFINITIONAL_REPRESENTATION('',(#7565),#7568);
#7565 = B_SPLINE_CURVE_WITH_KNOTS('',1,(#7566,#7567),.UNSPECIFIED.,.F.,
  .F.,(2,2),(72.87,150.03),.PIECEWISE_BEZIER_KNOTS.);
#7566 = CARTESIAN_POINT('',(70.73,-0.332171034531));
#7567 = CARTESIAN_POINT('',(-6.43,-0.332171034531));
#7568 = ( GEOMETRIC_REPRESENTATION_CONTEXT(2) 
PARAMETRIC_REPRESENTATION_CONTEXT() REPRESENTATION_CONTEXT('2D SPACE',''
  ) );
#7569 = PCURVE('',#7570,#7575);
#7570 = CYLINDRICAL_SURFACE('',#7571,150.7);
#7571 = AXIS2_PLACEMENT_3D('',#7572,#7573,#7574);
#7572 = CARTESIAN_POINT('',(0.,111.45,-151.2));
#7573 = DIRECTION('',(0.,-1.,2.22044604925E-16));
#7574 = DIRECTION('',(1.,0.,0.));
#7575 = DEFINITIONAL_REPRESENTATION('',(#7576),#7579);
#7576 = B_SPLINE_CURVE_WITH_KNOTS('',1,(#7577,#7578),.UNSPECIFIED.,.F.,
  .F.,(2,2),(72.87,150.03),.PIECEWISE_BEZIER_KNOTS.);
#7577 = CARTESIAN_POINT('',(1.79258358794,72.87));
#7578 = CARTESIAN_POINT('',(1.79258358794,150.03));
#7579 = ( GEOMETRIC_REPRESENTATION_CONTEXT(2) 
PARAMETRIC_REPRESENTATION_CONTEXT() REPRESENTATION_CONTEXT('2D SPACE',''
  ) );
#7580 = ORIENTED_EDGE('',*,*,#7581,.F.);
#7581 = EDGE_CURVE('',#7495,#7556,#7582,.T.);
#7582 = SURFACE_CURVE('',#7583,(#7587,#7594),.PCURVE_S1.);
#7583 = LINE('',#7584,#7585);
#7584 = CARTESIAN_POINT('',(-33.15,32.15,-4.523438300723));
#7585 = VECTOR('',#7586,1.);
#7586 = DIRECTION('',(0.,0.,1.));
#7587 = PCURVE('',#7503,#7588);
#7588 = DEFINITIONAL_REPRESENTATION('',(#7589),#7593);
#7589 = LINE('',#7590,#7591);
#7590 = CARTESIAN_POINT('',(64.3,0.));
#7591 = VECTOR('',#7592,1.);
#7592 = DIRECTION('',(0.,-1.));
#7593 = ( GEOMETRIC_REPRESENTATION_CONTEXT(2) 
PARAMETRIC_REPRESENTATION_CONTEXT() REPRESENTATION_CONTEXT('2D SPACE',''
  ) );
#7594 = PCURVE('',#7595,#7600);
#7595 = CYLINDRICAL_SURFACE('',#7596,13.);
#7596 = AXIS2_PLACEMENT_3D('',#7597,#7598,#7599);
#7597 = CARTESIAN_POINT('',(-20.15,32.15,-4.523438300723));
#7598 = DIRECTION('',(0.,0.,-1.));
#7599 = DIRECTION('',(-1.,0.,0.));
#7600 = DEFINITIONAL_REPRESENTATION('',(#7601),#7605);
#7601 = LINE('',#7602,#7603);
#7602 = CARTESIAN_POINT('',(0.,0.));
#7603 = VECTOR('',#7604,1.);
#7604 = DIRECTION('',(0.,-1.));
#7605 = ( GEOMETRIC_REPRESENTATION_CONTEXT(2) 
PARAMETRIC_REPRESENTATION_CONTEXT() REPRESENTATION_CONTEXT('2D SPACE',''
  ) );
#7606 = ADVANCED_FACE('',(#7607),#7515,.F.);
#7607 = FACE_BOUND('',#7608,.F.);
#7608 = EDGE_LOOP('',(#7609,#7610,#7638,#7664));
#7609 = ORIENTED_EDGE('',*,*,#7492,.F.);
#7610 = ORIENTED_EDGE('',*,*,#7611,.F.);
#7611 = EDGE_CURVE('',#7612,#7493,#7614,.T.);
#7612 = VERTEX_POINT('',#7613);
#7613 = CARTESIAN_POINT('',(-31.40041796024,-38.66368526409,
    -4.523438300723));
#7614 = SURFACE_CURVE('',#7615,(#7620,#7631),.PCURVE_S1.);
#7615 = CIRCLE('',#7616,13.);
#7616 = AXIS2_PLACEMENT_3D('',#7617,#7618,#7619);
#7617 = CARTESIAN_POINT('',(-20.15,-32.15,-4.523438300723));
#7618 = DIRECTION('',(0.,0.,-1.));
#7619 = DIRECTION('',(-1.,0.,0.));
#7620 = PCURVE('',#7515,#7621);
#7621 = DEFINITIONAL_REPRESENTATION('',(#7622),#7630);
#7622 = ( BOUNDED_CURVE() B_SPLINE_CURVE(2,(#7623,#7624,#7625,#7626,
#7627,#7628,#7629),.UNSPECIFIED.,.T.,.F.) B_SPLINE_CURVE_WITH_KNOTS((1,2
    ,2,2,2,1),(-2.094395102393,0.,2.094395102393,4.188790204786,
6.28318530718,8.377580409573),.UNSPECIFIED.) CURVE() 
GEOMETRIC_REPRESENTATION_ITEM() RATIONAL_B_SPLINE_CURVE((1.,0.5,1.,0.5,
1.,0.5,1.)) REPRESENTATION_ITEM('') );
#7623 = CARTESIAN_POINT('',(-33.15,-32.15));
#7624 = CARTESIAN_POINT('',(-33.15,-9.633339501605));
#7625 = CARTESIAN_POINT('',(-13.65,-20.8916697508));
#7626 = CARTESIAN_POINT('',(5.85,-32.15));
#7627 = CARTESIAN_POINT('',(-13.65,-43.40833024919));
#7628 = CARTESIAN_POINT('',(-33.15,-54.66666049839));
#7629 = CARTESIAN_POINT('',(-33.15,-32.15));
#7630 = ( GEOMETRIC_REPRESENTATION_CONTEXT(2) 
PARAMETRIC_REPRESENTATION_CONTEXT() REPRESENTATION_CONTEXT('2D SPACE',''
  ) );
#7631 = PCURVE('',#7543,#7632);
#7632 = DEFINITIONAL_REPRESENTATION('',(#7633),#7637);
#7633 = LINE('',#7634,#7635);
#7634 = CARTESIAN_POINT('',(0.,0.));
#7635 = VECTOR('',#7636,1.);
#7636 = DIRECTION('',(1.,0.));
#7637 = ( GEOMETRIC_REPRESENTATION_CONTEXT(2) 
PARAMETRIC_REPRESENTATION_CONTEXT() REPRESENTATION_CONTEXT('2D SPACE',''
  ) );
#7638 = ORIENTED_EDGE('',*,*,#7639,.F.);
#7639 = EDGE_CURVE('',#7640,#7612,#7642,.T.);
#7640 = VERTEX_POINT('',#7641);
#7641 = CARTESIAN_POINT('',(-31.40041796024,38.663685264098,
    -4.523438300723));
#7642 = SURFACE_CURVE('',#7643,(#7647,#7653),.PCURVE_S1.);
#7643 = LINE('',#7644,#7645);
#7644 = CARTESIAN_POINT('',(-31.40041796024,111.45,-4.523438300723));
#7645 = VECTOR('',#7646,1.);
#7646 = DIRECTION('',(0.,-1.,2.22044604925E-16));
#7647 = PCURVE('',#7515,#7648);
#7648 = DEFINITIONAL_REPRESENTATION('',(#7649),#7652);
#7649 = B_SPLINE_CURVE_WITH_KNOTS('',1,(#7650,#7651),.UNSPECIFIED.,.F.,
  .F.,(2,2),(57.27,165.63),.PIECEWISE_BEZIER_KNOTS.);
#7650 = CARTESIAN_POINT('',(-31.40041796024,54.18));
#7651 = CARTESIAN_POINT('',(-31.40041796024,-54.18));
#7652 = ( GEOMETRIC_REPRESENTATION_CONTEXT(2) 
PARAMETRIC_REPRESENTATION_CONTEXT() REPRESENTATION_CONTEXT('2D SPACE',''
  ) );
#7653 = PCURVE('',#7654,#7659);
#7654 = CYLINDRICAL_SURFACE('',#7655,150.);
#7655 = AXIS2_PLACEMENT_3D('',#7656,#7657,#7658);
#7656 = CARTESIAN_POINT('',(0.,111.45,-151.2));
#7657 = DIRECTION('',(0.,-1.,2.22044604925E-16));
#7658 = DIRECTION('',(1.,0.,0.));
#7659 = DEFINITIONAL_REPRESENTATION('',(#7660),#7663);
#7660 = B_SPLINE_CURVE_WITH_KNOTS('',1,(#7661,#7662),.UNSPECIFIED.,.F.,
  .F.,(2,2),(57.27,165.63),.PIECEWISE_BEZIER_KNOTS.);
#7661 = CARTESIAN_POINT('',(1.781692314507,57.27));
#7662 = CARTESIAN_POINT('',(1.781692314507,165.63));
#7663 = ( GEOMETRIC_REPRESENTATION_CONTEXT(2) 
PARAMETRIC_REPRESENTATION_CONTEXT() REPRESENTATION_CONTEXT('2D SPACE',''
  ) );
#7664 = ORIENTED_EDGE('',*,*,#7665,.F.);
#7665 = EDGE_CURVE('',#7495,#7640,#7666,.T.);
#7666 = SURFACE_CURVE('',#7667,(#7672,#7683),.PCURVE_S1.);
#7667 = CIRCLE('',#7668,13.);
#7668 = AXIS2_PLACEMENT_3D('',#7669,#7670,#7671);
#7669 = CARTESIAN_POINT('',(-20.15,32.15,-4.523438300723));
#7670 = DIRECTION('',(0.,0.,-1.));
#7671 = DIRECTION('',(-1.,0.,0.));
#7672 = PCURVE('',#7515,#7673);
#7673 = DEFINITIONAL_REPRESENTATION('',(#7674),#7682);
#7674 = ( BOUNDED_CURVE() B_SPLINE_CURVE(2,(#7675,#7676,#7677,#7678,
#7679,#7680,#7681),.UNSPECIFIED.,.T.,.F.) B_SPLINE_CURVE_WITH_KNOTS((1,2
    ,2,2,2,1),(-2.094395102393,0.,2.094395102393,4.188790204786,
6.28318530718,8.377580409573),.UNSPECIFIED.) CURVE() 
GEOMETRIC_REPRESENTATION_ITEM() RATIONAL_B_SPLINE_CURVE((1.,0.5,1.,0.5,
1.,0.5,1.)) REPRESENTATION_ITEM('') );
#7675 = CARTESIAN_POINT('',(-33.15,32.15));
#7676 = CARTESIAN_POINT('',(-33.15,54.666660498395));
#7677 = CARTESIAN_POINT('',(-13.65,43.408330249198));
#7678 = CARTESIAN_POINT('',(5.85,32.15));
#7679 = CARTESIAN_POINT('',(-13.65,20.891669750802));
#7680 = CARTESIAN_POINT('',(-33.15,9.633339501605));
#7681 = CARTESIAN_POINT('',(-33.15,32.15));
#7682 = ( GEOMETRIC_REPRESENTATION_CONTEXT(2) 
PARAMETRIC_REPRESENTATION_CONTEXT() REPRESENTATION_CONTEXT('2D SPACE',''
  ) );
#7683 = PCURVE('',#7595,#7684);
#7684 = DEFINITIONAL_REPRESENTATION('',(#7685),#7689);
#7685 = LINE('',#7686,#7687);
#7686 = CARTESIAN_POINT('',(0.,0.));
#7687 = VECTOR('',#7688,1.);
#7688 = DIRECTION('',(1.,0.));
#7689 = ( GEOMETRIC_REPRESENTATION_CONTEXT(2) 
PARAMETRIC_REPRESENTATION_CONTEXT() REPRESENTATION_CONTEXT('2D SPACE',''
  ) );
#7690 = ADVANCED_FACE('',(#7691),#7595,.T.);
#7691 = FACE_BOUND('',#7692,.T.);
#7692 = EDGE_LOOP('',(#7693,#7694,#7695,#7769,#7797));
#7693 = ORIENTED_EDGE('',*,*,#7665,.F.);
#7694 = ORIENTED_EDGE('',*,*,#7581,.T.);
#7695 = ORIENTED_EDGE('',*,*,#7696,.T.);
#7696 = EDGE_CURVE('',#7556,#7697,#7699,.T.);
#7697 = VERTEX_POINT('',#7698);
#7698 = CARTESIAN_POINT('',(-20.15,45.15,-1.853197222036));
#7699 = SURFACE_CURVE('',#7700,(#7721,#7745),.PCURVE_S1.);
#7700 = B_SPLINE_CURVE_WITH_KNOTS('',7,(#7701,#7702,#7703,#7704,#7705,
    #7706,#7707,#7708,#7709,#7710,#7711,#7712,#7713,#7714,#7715,#7716,
    #7717,#7718,#7719,#7720),.UNSPECIFIED.,.F.,.F.,(8,6,6,8),(0.,
    0.520380329134,0.81434880376,1.),.UNSPECIFIED.);
#7701 = CARTESIAN_POINT('',(-33.15,32.15,-4.191267266193));
#7702 = CARTESIAN_POINT('',(-33.15,33.469370425417,-4.191267266193));
#7703 = CARTESIAN_POINT('',(-32.99377936754,34.787247828916,
    -4.156040248359));
#7704 = CARTESIAN_POINT('',(-32.68197897406,36.092980750148,
    -4.085729114093));
#7705 = CARTESIAN_POINT('',(-32.21095491379,37.375183454844,
    -3.980616331181));
#7706 = CARTESIAN_POINT('',(-31.57397885834,38.618901387717,
    -3.841347969505));
#7707 = CARTESIAN_POINT('',(-30.76188197274,39.803828143326,
    -3.669561412696));
#7708 = CARTESIAN_POINT('',(-29.20217020376,41.517928996412,
    -3.35530739443));
#7709 = CARTESIAN_POINT('',(-28.57862238742,42.109873269559,
    -3.232278521756));
#7710 = CARTESIAN_POINT('',(-27.89374087841,42.667505765196,
    -3.100497806259));
#7711 = CARTESIAN_POINT('',(-27.1474569888,43.182703837526,
    -2.961125220895));
#7712 = CARTESIAN_POINT('',(-26.34054559893,43.646663663577,
    -2.815648954481));
#7713 = CARTESIAN_POINT('',(-25.47484339038,44.049779434066,
    -2.665848368579));
#7714 = CARTESIAN_POINT('',(-23.97179165248,44.59091135696,
    -2.417639054558));
#7715 = CARTESIAN_POINT('',(-23.36798281224,44.771824914639,
    -2.3206563997));
#7716 = CARTESIAN_POINT('',(-22.74558814244,44.920614796006,
    -2.223696825197));
#7717 = CARTESIAN_POINT('',(-22.10841598234,45.03446701892,
    -2.127676789263));
#7718 = CARTESIAN_POINT('',(-21.46056250797,45.111343881291,
    -2.033445495841));
#7719 = CARTESIAN_POINT('',(-20.80630683117,45.15,-1.941746708213));
#7720 = CARTESIAN_POINT('',(-20.15,45.15,-1.853197222036));
#7721 = PCURVE('',#7595,#7722);
#7722 = DEFINITIONAL_REPRESENTATION('',(#7723),#7744);
#7723 = B_SPLINE_CURVE_WITH_KNOTS('',7,(#7724,#7725,#7726,#7727,#7728,
    #7729,#7730,#7731,#7732,#7733,#7734,#7735,#7736,#7737,#7738,#7739,
    #7740,#7741,#7742,#7743),.UNSPECIFIED.,.F.,.F.,(8,6,6,8),(0.,
    0.520380329134,0.81434880376,1.),.UNSPECIFIED.);
#7724 = CARTESIAN_POINT('',(0.,-0.332171034531));
#7725 = CARTESIAN_POINT('',(0.101490032724,-0.332171034531));
#7726 = CARTESIAN_POINT('',(0.202865025916,-0.367398052364));
#7727 = CARTESIAN_POINT('',(0.305014373094,-0.43770918663));
#7728 = CARTESIAN_POINT('',(0.408748204706,-0.542821969542));
#7729 = CARTESIAN_POINT('',(0.514898643504,-0.682090331218));
#7730 = CARTESIAN_POINT('',(0.6243573452,-0.853876888027));
#7731 = CARTESIAN_POINT('',(0.802627178189,-1.168130906293));
#7732 = CARTESIAN_POINT('',(0.868586967476,-1.291159778967));
#7733 = CARTESIAN_POINT('',(0.936204679858,-1.422940494464));
#7734 = CARTESIAN_POINT('',(1.005556124849,-1.562313079828));
#7735 = CARTESIAN_POINT('',(1.076743359003,-1.707789346242));
#7736 = CARTESIAN_POINT('',(1.149902965144,-1.857589932144));
#7737 = CARTESIAN_POINT('',(1.272787147996,-2.105799246166));
#7738 = CARTESIAN_POINT('',(1.321202099392,-2.202781901023));
#7739 = CARTESIAN_POINT('',(1.370300959004,-2.299741475527));
#7740 = CARTESIAN_POINT('',(1.419938766214,-2.395761511461));
#7741 = CARTESIAN_POINT('',(1.469983829203,-2.489992804882));
#7742 = CARTESIAN_POINT('',(1.520311185936,-2.58169159251));
#7743 = CARTESIAN_POINT('',(1.570796326795,-2.670241078687));
#7744 = ( GEOMETRIC_REPRESENTATION_CONTEXT(2) 
PARAMETRIC_REPRESENTATION_CONTEXT() REPRESENTATION_CONTEXT('2D SPACE',''
  ) );
#7745 = PCURVE('',#7570,#7746);
#7746 = DEFINITIONAL_REPRESENTATION('',(#7747),#7768);
#7747 = B_SPLINE_CURVE_WITH_KNOTS('',7,(#7748,#7749,#7750,#7751,#7752,
    #7753,#7754,#7755,#7756,#7757,#7758,#7759,#7760,#7761,#7762,#7763,
    #7764,#7765,#7766,#7767),.UNSPECIFIED.,.F.,.F.,(8,6,6,8),(0.,
    0.520380329134,0.81434880376,1.),.UNSPECIFIED.);
#7748 = CARTESIAN_POINT('',(1.79258358794,79.3));
#7749 = CARTESIAN_POINT('',(1.79258358794,77.980629574583));
#7750 = CARTESIAN_POINT('',(1.79152092622,76.662752171084));
#7751 = CARTESIAN_POINT('',(1.789399958329,75.357019249852));
#7752 = CARTESIAN_POINT('',(1.786197514838,74.074816545156));
#7753 = CARTESIAN_POINT('',(1.781870968104,72.831098612283));
#7754 = CARTESIAN_POINT('',(1.77636314533,71.646171856674));
#7755 = CARTESIAN_POINT('',(1.765805380774,69.932071003588));
#7756 = CARTESIAN_POINT('',(1.76158796983,69.340126730441));
#7757 = CARTESIAN_POINT('',(1.756960021754,68.782494234804));
#7758 = CARTESIAN_POINT('',(1.75192243805,68.267296162474));
#7759 = CARTESIAN_POINT('',(1.746481891379,67.803336336423));
#7760 = CARTESIAN_POINT('',(1.740652154669,67.400220565934));
#7761 = CARTESIAN_POINT('',(1.73054327511,66.85908864304));
#7762 = CARTESIAN_POINT('',(1.726485266364,66.678175085361));
#7763 = CARTESIAN_POINT('',(1.722305503031,66.529385203994));
#7764 = CARTESIAN_POINT('',(1.718029777884,66.41553298108));
#7765 = CARTESIAN_POINT('',(1.71368567313,66.338656118709));
#7766 = CARTESIAN_POINT('',(1.709301852008,66.3));
#7767 = CARTESIAN_POINT('',(1.704907336565,66.3));
#7768 = ( GEOMETRIC_REPRESENTATION_CONTEXT(2) 
PARAMETRIC_REPRESENTATION_CONTEXT() REPRESENTATION_CONTEXT('2D SPACE',''
  ) );
#7769 = ORIENTED_EDGE('',*,*,#7770,.F.);
#7770 = EDGE_CURVE('',#7771,#7697,#7773,.T.);
#7771 = VERTEX_POINT('',#7772);
#7772 = CARTESIAN_POINT('',(-20.15,45.15,-2.5595697665));
#7773 = SURFACE_CURVE('',#7774,(#7778,#7785),.PCURVE_S1.);
#7774 = LINE('',#7775,#7776);
#7775 = CARTESIAN_POINT('',(-20.15,45.15,-4.523438300723));
#7776 = VECTOR('',#7777,1.);
#7777 = DIRECTION('',(0.,0.,1.));
#7778 = PCURVE('',#7595,#7779);
#7779 = DEFINITIONAL_REPRESENTATION('',(#7780),#7784);
#7780 = LINE('',#7781,#7782);
#7781 = CARTESIAN_POINT('',(1.570796326795,0.));
#7782 = VECTOR('',#7783,1.);
#7783 = DIRECTION('',(0.,-1.));
#7784 = ( GEOMETRIC_REPRESENTATION_CONTEXT(2) 
PARAMETRIC_REPRESENTATION_CONTEXT() REPRESENTATION_CONTEXT('2D SPACE',''
  ) );
#7785 = PCURVE('',#7786,#7791);
#7786 = PLANE('',#7787);
#7787 = AXIS2_PLACEMENT_3D('',#7788,#7789,#7790);
#7788 = CARTESIAN_POINT('',(-20.15,45.15,-4.523438300723));
#7789 = DIRECTION('',(0.,1.,0.));
#7790 = DIRECTION('',(1.,0.,0.));
#7791 = DEFINITIONAL_REPRESENTATION('',(#7792),#7796);
#7792 = LINE('',#7793,#7794);
#7793 = CARTESIAN_POINT('',(0.,0.));
#7794 = VECTOR('',#7795,1.);
#7795 = DIRECTION('',(0.,-1.));
#7796 = ( GEOMETRIC_REPRESENTATION_CONTEXT(2) 
PARAMETRIC_REPRESENTATION_CONTEXT() REPRESENTATION_CONTEXT('2D SPACE',''
  ) );
#7797 = ORIENTED_EDGE('',*,*,#7798,.F.);
#7798 = EDGE_CURVE('',#7640,#7771,#7799,.T.);
#7799 = SURFACE_CURVE('',#7800,(#7815,#7833),.PCURVE_S1.);
#7800 = B_SPLINE_CURVE_WITH_KNOTS('',7,(#7801,#7802,#7803,#7804,#7805,
    #7806,#7807,#7808,#7809,#7810,#7811,#7812,#7813,#7814),
  .UNSPECIFIED.,.F.,.F.,(8,6,8),(0.,0.558419018454,1.),.UNSPECIFIED.);
#7801 = CARTESIAN_POINT('',(-31.40042076295,38.663680423272,
    -4.523438900724));
#7802 = CARTESIAN_POINT('',(-30.93159469907,39.473436220375,
    -4.423072928411));
#7803 = CARTESIAN_POINT('',(-30.38544315768,40.259937968288,
    -4.307981616055));
#7804 = CARTESIAN_POINT('',(-29.75941798077,41.016346876497,
    -4.178699471271));
#7805 = CARTESIAN_POINT('',(-29.05094746966,41.734253452595,
    -4.036078253085));
#7806 = CARTESIAN_POINT('',(-28.25774281698,42.40339753651,
    -3.881389492706));
#7807 = CARTESIAN_POINT('',(-27.37831016551,43.011191905713,
    -3.716474900301));
#7808 = CARTESIAN_POINT('',(-25.64929956543,43.961723526801,
    -3.407188896139));
#7809 = CARTESIAN_POINT('',(-24.82769313926,44.335664543207,
    -3.264972931872));
#7810 = CARTESIAN_POINT('',(-23.95485351378,44.650758602405,
    -3.119629277326));
#7811 = CARTESIAN_POINT('',(-23.03966949449,44.896420799437,
    -2.973912898286));
#7812 = CARTESIAN_POINT('',(-22.09263967669,45.06462193312,
    -2.830522349601));
#7813 = CARTESIAN_POINT('',(-21.12537539236,45.15,-2.691793644789));
#7814 = CARTESIAN_POINT('',(-20.15,45.15,-2.5595697665));
#7815 = PCURVE('',#7595,#7816);
#7816 = DEFINITIONAL_REPRESENTATION('',(#7817),#7832);
#7817 = B_SPLINE_CURVE_WITH_KNOTS('',7,(#7818,#7819,#7820,#7821,#7822,
    #7823,#7824,#7825,#7826,#7827,#7828,#7829,#7830,#7831),
  .UNSPECIFIED.,.F.,.F.,(8,6,8),(0.,0.558419018454,1.),.UNSPECIFIED.);
#7818 = CARTESIAN_POINT('',(0.524814340298,5.999999999062E-07));
#7819 = CARTESIAN_POINT('',(0.596789941404,-0.100365372313));
#7820 = CARTESIAN_POINT('',(0.670197785102,-0.215456684666));
#7821 = CARTESIAN_POINT('',(0.745290112861,-0.344738829456));
#7822 = CARTESIAN_POINT('',(0.8223234152,-0.487360047636));
#7823 = CARTESIAN_POINT('',(0.901583219117,-0.642048808018));
#7824 = CARTESIAN_POINT('',(0.983387857777,-0.806963400422));
#7825 = CARTESIAN_POINT('',(1.135162137741,-1.116249404585));
#7826 = CARTESIAN_POINT('',(1.204402661045,-1.258465368851));
#7827 = CARTESIAN_POINT('',(1.275407597244,-1.403809023397));
#7828 = CARTESIAN_POINT('',(1.347824146142,-1.549525402437));
#7829 = CARTESIAN_POINT('',(1.421362518457,-1.692915951122));
#7830 = CARTESIAN_POINT('',(1.495767450459,-1.831644655934));
#7831 = CARTESIAN_POINT('',(1.570796326795,-1.963868534223));
#7832 = ( GEOMETRIC_REPRESENTATION_CONTEXT(2) 
PARAMETRIC_REPRESENTATION_CONTEXT() REPRESENTATION_CONTEXT('2D SPACE',''
  ) );
#7833 = PCURVE('',#7654,#7834);
#7834 = DEFINITIONAL_REPRESENTATION('',(#7835),#7850);
#7835 = B_SPLINE_CURVE_WITH_KNOTS('',7,(#7836,#7837,#7838,#7839,#7840,
    #7841,#7842,#7843,#7844,#7845,#7846,#7847,#7848,#7849),
  .UNSPECIFIED.,.F.,.F.,(8,6,8),(0.,0.558419018454,1.),.UNSPECIFIED.);
#7836 = CARTESIAN_POINT('',(1.781692333615,72.786319576728));
#7837 = CARTESIAN_POINT('',(1.778496007901,71.976563779625));
#7838 = CARTESIAN_POINT('',(1.77477505023,71.190062031712));
#7839 = CARTESIAN_POINT('',(1.770513542522,70.433653123503));
#7840 = CARTESIAN_POINT('',(1.765695774285,69.715746547405));
#7841 = CARTESIAN_POINT('',(1.7603083226,69.04660246349));
#7842 = CARTESIAN_POINT('',(1.75434345286,68.438808094287));
#7843 = CARTESIAN_POINT('',(1.742633750354,67.488276473199));
#7844 = CARTESIAN_POINT('',(1.737075011168,67.114335456793));
#7845 = CARTESIAN_POINT('',(1.73117615604,66.799241397595));
#7846 = CARTESIAN_POINT('',(1.724998376465,66.553579200563));
#7847 = CARTESIAN_POINT('',(1.71861319381,66.38537806688));
#7848 = CARTESIAN_POINT('',(1.712098973133,66.3));
#7849 = CARTESIAN_POINT('',(1.705536994061,66.3));
#7850 = ( GEOMETRIC_REPRESENTATION_CONTEXT(2) 
PARAMETRIC_REPRESENTATION_CONTEXT() REPRESENTATION_CONTEXT('2D SPACE',''
  ) );
#7851 = ADVANCED_FACE('',(#7852,#8137),#7570,.T.);
#7852 = FACE_BOUND('',#7853,.T.);
#7853 = EDGE_LOOP('',(#7854,#7855,#7856,#7912,#7945,#8006,#8032,#8111));
#7854 = ORIENTED_EDGE('',*,*,#7696,.F.);
#7855 = ORIENTED_EDGE('',*,*,#7555,.T.);
#7856 = ORIENTED_EDGE('',*,*,#7857,.F.);
#7857 = EDGE_CURVE('',#7858,#7528,#7860,.T.);
#7858 = VERTEX_POINT('',#7859);
#7859 = CARTESIAN_POINT('',(-20.15,-45.15,-1.853197222036));
#7860 = SURFACE_CURVE('',#7861,(#7876,#7894),.PCURVE_S1.);
#7861 = B_SPLINE_CURVE_WITH_KNOTS('',7,(#7862,#7863,#7864,#7865,#7866,
    #7867,#7868,#7869,#7870,#7871,#7872,#7873,#7874,#7875),
  .UNSPECIFIED.,.F.,.F.,(8,6,8),(0.,0.446782546639,1.),.UNSPECIFIED.);
#7862 = CARTESIAN_POINT('',(-20.15,-45.15,-1.853197222036));
#7863 = CARTESIAN_POINT('',(-21.75433514383,-45.15,-2.069655509372));
#7864 = CARTESIAN_POINT('',(-23.31362774075,-44.91900946569,
    -2.300509639196));
#7865 = CARTESIAN_POINT('',(-24.78901997315,-44.48037769336,
    -2.53856997789));
#7866 = CARTESIAN_POINT('',(-26.14872442593,-43.86416641076,
    -2.774711800753));
#7867 = CARTESIAN_POINT('',(-27.3686044324,-43.10684641581,
    -2.999144771637));
#7868 = CARTESIAN_POINT('',(-28.43427998594,-42.2504963249,
    -3.203922762431));
#7869 = CARTESIAN_POINT('',(-30.46683066705,-40.21794564379,
    -3.607397128609));
#7870 = CARTESIAN_POINT('',(-31.38144282111,-38.98239535441,
    -3.799326629545));
#7871 = CARTESIAN_POINT('',(-32.09719515701,-37.67547332668,
    -3.955247442822));
#7872 = CARTESIAN_POINT('',(-32.62551252326,-36.32254643758,
    -4.072995330647));
#7873 = CARTESIAN_POINT('',(-32.97488524125,-34.94187431768,
    -4.151779869416));
#7874 = CARTESIAN_POINT('',(-33.15,-33.54687841336,-4.191267266193));
#7875 = CARTESIAN_POINT('',(-33.15,-32.15,-4.191267266193));
#7876 = PCURVE('',#7570,#7877);
#7877 = DEFINITIONAL_REPRESENTATION('',(#7878),#7893);
#7878 = B_SPLINE_CURVE_WITH_KNOTS('',7,(#7879,#7880,#7881,#7882,#7883,
    #7884,#7885,#7886,#7887,#7888,#7889,#7890,#7891,#7892),
  .UNSPECIFIED.,.F.,.F.,(8,6,8),(0.,0.446782546639,1.),.UNSPECIFIED.);
#7879 = CARTESIAN_POINT('',(1.704907336565,156.6));
#7880 = CARTESIAN_POINT('',(1.715649683331,156.6));
#7881 = CARTESIAN_POINT('',(1.726108599618,156.3690094657));
#7882 = CARTESIAN_POINT('',(1.736024184563,155.93037769336));
#7883 = CARTESIAN_POINT('',(1.745180898311,155.31416641076));
#7884 = CARTESIAN_POINT('',(1.753411091781,154.55684641581));
#7885 = CARTESIAN_POINT('',(1.760611832021,153.7004963249));
#7886 = CARTESIAN_POINT('',(1.774362395337,151.66794564379));
#7887 = CARTESIAN_POINT('',(1.780563310058,150.43239535441));
#7888 = CARTESIAN_POINT('',(1.785424099689,149.12547332668));
#7889 = CARTESIAN_POINT('',(1.789015854291,147.77254643758));
#7890 = CARTESIAN_POINT('',(1.791392402683,146.39187431768));
#7891 = CARTESIAN_POINT('',(1.79258358794,144.99687841336));
#7892 = CARTESIAN_POINT('',(1.79258358794,143.6));
#7893 = ( GEOMETRIC_REPRESENTATION_CONTEXT(2) 
PARAMETRIC_REPRESENTATION_CONTEXT() REPRESENTATION_CONTEXT('2D SPACE',''
  ) );
#7894 = PCURVE('',#7543,#7895);
#7895 = DEFINITIONAL_REPRESENTATION('',(#7896),#7911);
#7896 = B_SPLINE_CURVE_WITH_KNOTS('',7,(#7897,#7898,#7899,#7900,#7901,
    #7902,#7903,#7904,#7905,#7906,#7907,#7908,#7909,#7910),
  .UNSPECIFIED.,.F.,.F.,(8,6,8),(0.,0.446782546639,1.),.UNSPECIFIED.);
#7897 = CARTESIAN_POINT('',(4.712388980385,-2.670241078687));
#7898 = CARTESIAN_POINT('',(4.835799376064,-2.453782791352));
#7899 = CARTESIAN_POINT('',(4.95574495359,-2.222928661527));
#7900 = CARTESIAN_POINT('',(5.072306577302,-1.984868322833));
#7901 = CARTESIAN_POINT('',(5.185333745408,-1.74872649997));
#7902 = CARTESIAN_POINT('',(5.294453515129,-1.524293529087));
#7903 = CARTESIAN_POINT('',(5.398997998445,-1.319515538292));
#7904 = CARTESIAN_POINT('',(5.620110363017,-0.916041172114));
#7905 = CARTESIAN_POINT('',(5.737064228931,-0.724111671178));
#7906 = CARTESIAN_POINT('',(5.850070075546,-0.568190857901));
#7907 = CARTESIAN_POINT('',(5.960192713246,-0.450442970076));
#7908 = CARTESIAN_POINT('',(6.068426029238,-0.371658431307));
#7909 = CARTESIAN_POINT('',(6.175733121536,-0.332171034531));
#7910 = CARTESIAN_POINT('',(6.28318530718,-0.332171034531));
#7911 = ( GEOMETRIC_REPRESENTATION_CONTEXT(2) 
PARAMETRIC_REPRESENTATION_CONTEXT() REPRESENTATION_CONTEXT('2D SPACE',''
  ) );
#7912 = ORIENTED_EDGE('',*,*,#7913,.F.);
#7913 = EDGE_CURVE('',#7914,#7858,#7916,.T.);
#7914 = VERTEX_POINT('',#7915);
#7915 = CARTESIAN_POINT('',(20.15,-45.15,-1.853197222036));
#7916 = SURFACE_CURVE('',#7917,(#7922,#7929),.PCURVE_S1.);
#7917 = CIRCLE('',#7918,150.7);
#7918 = AXIS2_PLACEMENT_3D('',#7919,#7920,#7921);
#7919 = CARTESIAN_POINT('',(0.,-45.15,-151.2));
#7920 = DIRECTION('',(0.,-1.,2.22044604925E-16));
#7921 = DIRECTION('',(1.,0.,0.));
#7922 = PCURVE('',#7570,#7923);
#7923 = DEFINITIONAL_REPRESENTATION('',(#7924),#7928);
#7924 = LINE('',#7925,#7926);
#7925 = CARTESIAN_POINT('',(0.,156.6));
#7926 = VECTOR('',#7927,1.);
#7927 = DIRECTION('',(1.,0.));
#7928 = ( GEOMETRIC_REPRESENTATION_CONTEXT(2) 
PARAMETRIC_REPRESENTATION_CONTEXT() REPRESENTATION_CONTEXT('2D SPACE',''
  ) );
#7929 = PCURVE('',#7930,#7935);
#7930 = PLANE('',#7931);
#7931 = AXIS2_PLACEMENT_3D('',#7932,#7933,#7934);
#7932 = CARTESIAN_POINT('',(-20.15,-45.15,-4.523438300723));
#7933 = DIRECTION('',(0.,1.,0.));
#7934 = DIRECTION('',(1.,0.,0.));
#7935 = DEFINITIONAL_REPRESENTATION('',(#7936),#7944);
#7936 = ( BOUNDED_CURVE() B_SPLINE_CURVE(2,(#7937,#7938,#7939,#7940,
#7941,#7942,#7943),.UNSPECIFIED.,.T.,.F.) B_SPLINE_CURVE_WITH_KNOTS((1,2
    ,2,2,2,1),(-2.094395102393,0.,2.094395102393,4.188790204786,
6.28318530718,8.377580409573),.UNSPECIFIED.) CURVE() 
GEOMETRIC_REPRESENTATION_ITEM() RATIONAL_B_SPLINE_CURVE((1.,0.5,1.,0.5,
1.,0.5,1.)) REPRESENTATION_ITEM('') );
#7937 = CARTESIAN_POINT('',(170.85,146.67656169927));
#7938 = CARTESIAN_POINT('',(170.85,-114.3434950013));
#7939 = CARTESIAN_POINT('',(-55.2,16.166533348962));
#7940 = CARTESIAN_POINT('',(-281.25,146.67656169927));
#7941 = CARTESIAN_POINT('',(-55.2,277.18659004959));
#7942 = CARTESIAN_POINT('',(170.85,407.6966183999));
#7943 = CARTESIAN_POINT('',(170.85,146.67656169927));
#7944 = ( GEOMETRIC_REPRESENTATION_CONTEXT(2) 
PARAMETRIC_REPRESENTATION_CONTEXT() REPRESENTATION_CONTEXT('2D SPACE',''
  ) );
#7945 = ORIENTED_EDGE('',*,*,#7946,.F.);
#7946 = EDGE_CURVE('',#7947,#7914,#7949,.T.);
#7947 = VERTEX_POINT('',#7948);
#7948 = CARTESIAN_POINT('',(33.15,-32.15,-4.191267266193));
#7949 = SURFACE_CURVE('',#7950,(#7965,#7983),.PCURVE_S1.);
#7950 = B_SPLINE_CURVE_WITH_KNOTS('',7,(#7951,#7952,#7953,#7954,#7955,
    #7956,#7957,#7958,#7959,#7960,#7961,#7962,#7963,#7964),
  .UNSPECIFIED.,.F.,.F.,(8,6,8),(0.,0.533185528107,1.),.UNSPECIFIED.);
#7951 = CARTESIAN_POINT('',(33.15,-32.15,-4.191267266193));
#7952 = CARTESIAN_POINT('',(33.15,-33.49528516937,-4.191267266193));
#7953 = CARTESIAN_POINT('',(32.987582179601,-34.83900051816,
    -4.154642837954));
#7954 = CARTESIAN_POINT('',(32.663433737534,-36.1698851754,
    -4.08154704668));
#7955 = CARTESIAN_POINT('',(32.173587424057,-37.47587305967,
    -3.972279441382));
#7956 = CARTESIAN_POINT('',(31.510763572132,-38.74095712459,
    -3.82753420023));
#7957 = CARTESIAN_POINT('',(30.66508477543,-39.94323006091,
    -3.649112507309));
#7958 = CARTESIAN_POINT('',(28.717371335723,-42.01733421014,
    -3.25858422704));
#7959 = CARTESIAN_POINT('',(27.638019306323,-42.93545130157,
    -3.048957489634));
#7960 = CARTESIAN_POINT('',(26.390101509564,-43.75167913415,
    -2.816859629101));
#7961 = CARTESIAN_POINT('',(24.987670826365,-44.41927661803,
    -2.570805606145));
#7962 = CARTESIAN_POINT('',(23.455937771186,-44.89699823603,
    -2.321661119818));
#7963 = CARTESIAN_POINT('',(21.829035440841,-45.15,-2.079734138151));
#7964 = CARTESIAN_POINT('',(20.15,-45.15,-1.853197222036));
#7965 = PCURVE('',#7570,#7966);
#7966 = DEFINITIONAL_REPRESENTATION('',(#7967),#7982);
#7967 = B_SPLINE_CURVE_WITH_KNOTS('',7,(#7968,#7969,#7970,#7971,#7972,
    #7973,#7974,#7975,#7976,#7977,#7978,#7979,#7980,#7981),
  .UNSPECIFIED.,.F.,.F.,(8,6,8),(0.,0.533185528107,1.),.UNSPECIFIED.);
#7968 = CARTESIAN_POINT('',(1.34900906565,143.6));
#7969 = CARTESIAN_POINT('',(1.34900906565,144.94528516937));
#7970 = CARTESIAN_POINT('',(1.350113882552,146.28900051816));
#7971 = CARTESIAN_POINT('',(1.35231884614,147.6198851754));
#7972 = CARTESIAN_POINT('',(1.355649193583,148.92587305967));
#7973 = CARTESIAN_POINT('',(1.360151052967,150.19095712459));
#7974 = CARTESIAN_POINT('',(1.365885970089,151.39323006091));
#7975 = CARTESIAN_POINT('',(1.379067650865,153.46733421014));
#7976 = CARTESIAN_POINT('',(1.386363600257,154.38545130157));
#7977 = CARTESIAN_POINT('',(1.394785978022,155.20167913415));
#7978 = CARTESIAN_POINT('',(1.404233221971,155.86927661803));
#7979 = CARTESIAN_POINT('',(1.414529439765,156.34699823603));
#7980 = CARTESIAN_POINT('',(1.425442790171,156.6));
#7981 = CARTESIAN_POINT('',(1.436685317025,156.6));
#7982 = ( GEOMETRIC_REPRESENTATION_CONTEXT(2) 
PARAMETRIC_REPRESENTATION_CONTEXT() REPRESENTATION_CONTEXT('2D SPACE',''
  ) );
#7983 = PCURVE('',#7984,#7989);
#7984 = CYLINDRICAL_SURFACE('',#7985,13.);
#7985 = AXIS2_PLACEMENT_3D('',#7986,#7987,#7988);
#7986 = CARTESIAN_POINT('',(20.15,-32.15,-4.523438300723));
#7987 = DIRECTION('',(0.,0.,-1.));
#7988 = DIRECTION('',(-1.,0.,0.));
#7989 = DEFINITIONAL_REPRESENTATION('',(#7990),#8005);
#7990 = B_SPLINE_CURVE_WITH_KNOTS('',7,(#7991,#7992,#7993,#7994,#7995,
    #7996,#7997,#7998,#7999,#8000,#8001,#8002,#8003,#8004),
  .UNSPECIFIED.,.F.,.F.,(8,6,8),(0.,0.533185528107,1.),.UNSPECIFIED.);
#7991 = CARTESIAN_POINT('',(3.14159265359,-0.332171034531));
#7992 = CARTESIAN_POINT('',(3.245076128157,-0.332171034531));
#7993 = CARTESIAN_POINT('',(3.348438644757,-0.368795462769));
#7994 = CARTESIAN_POINT('',(3.45262541691,-0.441891254043));
#7995 = CARTESIAN_POINT('',(3.558494822869,-0.551158859341));
#7996 = CARTESIAN_POINT('',(3.666930203074,-0.695904100494));
#7997 = CARTESIAN_POINT('',(3.778878688072,-0.874325793415));
#7998 = CARTESIAN_POINT('',(3.997744722928,-1.264854073683));
#7999 = CARTESIAN_POINT('',(4.106063674739,-1.474480811089));
#8000 = CARTESIAN_POINT('',(4.219287113522,-1.706578671622));
#8001 = CARTESIAN_POINT('',(4.336741735728,-1.952632694579));
#8002 = CARTESIAN_POINT('',(4.45808602494,-2.201777180905));
#8003 = CARTESIAN_POINT('',(4.583232408012,-2.443704162572));
#8004 = CARTESIAN_POINT('',(4.712388980385,-2.670241078687));
#8005 = ( GEOMETRIC_REPRESENTATION_CONTEXT(2) 
PARAMETRIC_REPRESENTATION_CONTEXT() REPRESENTATION_CONTEXT('2D SPACE',''
  ) );
#8006 = ORIENTED_EDGE('',*,*,#8007,.F.);
#8007 = EDGE_CURVE('',#8008,#7947,#8010,.T.);
#8008 = VERTEX_POINT('',#8009);
#8009 = CARTESIAN_POINT('',(33.15,32.15,-4.191267266193));
#8010 = SURFACE_CURVE('',#8011,(#8015,#8021),.PCURVE_S1.);
#8011 = LINE('',#8012,#8013);
#8012 = CARTESIAN_POINT('',(33.15,111.45,-4.191267266193));
#8013 = VECTOR('',#8014,1.);
#8014 = DIRECTION('',(0.,-1.,2.22044604925E-16));
#8015 = PCURVE('',#7570,#8016);
#8016 = DEFINITIONAL_REPRESENTATION('',(#8017),#8020);
#8017 = B_SPLINE_CURVE_WITH_KNOTS('',1,(#8018,#8019),.UNSPECIFIED.,.F.,
  .F.,(2,2),(72.87,150.03),.PIECEWISE_BEZIER_KNOTS.);
#8018 = CARTESIAN_POINT('',(1.34900906565,72.87));
#8019 = CARTESIAN_POINT('',(1.34900906565,150.03));
#8020 = ( GEOMETRIC_REPRESENTATION_CONTEXT(2) 
PARAMETRIC_REPRESENTATION_CONTEXT() REPRESENTATION_CONTEXT('2D SPACE',''
  ) );
#8021 = PCURVE('',#8022,#8027);
#8022 = PLANE('',#8023);
#8023 = AXIS2_PLACEMENT_3D('',#8024,#8025,#8026);
#8024 = CARTESIAN_POINT('',(33.15,-32.15,-4.523438300723));
#8025 = DIRECTION('',(-1.,0.,0.));
#8026 = DIRECTION('',(0.,1.,0.));
#8027 = DEFINITIONAL_REPRESENTATION('',(#8028),#8031);
#8028 = B_SPLINE_CURVE_WITH_KNOTS('',1,(#8029,#8030),.UNSPECIFIED.,.F.,
  .F.,(2,2),(72.87,150.03),.PIECEWISE_BEZIER_KNOTS.);
#8029 = CARTESIAN_POINT('',(70.73,-0.332171034531));
#8030 = CARTESIAN_POINT('',(-6.43,-0.332171034531));
#8031 = ( GEOMETRIC_REPRESENTATION_CONTEXT(2) 
PARAMETRIC_REPRESENTATION_CONTEXT() REPRESENTATION_CONTEXT('2D SPACE',''
  ) );
#8032 = ORIENTED_EDGE('',*,*,#8033,.F.);
#8033 = EDGE_CURVE('',#8034,#8008,#8036,.T.);
#8034 = VERTEX_POINT('',#8035);
#8035 = CARTESIAN_POINT('',(20.15,45.15,-1.853197222036));
#8036 = SURFACE_CURVE('',#8037,(#8058,#8082),.PCURVE_S1.);
#8037 = B_SPLINE_CURVE_WITH_KNOTS('',7,(#8038,#8039,#8040,#8041,#8042,
    #8043,#8044,#8045,#8046,#8047,#8048,#8049,#8050,#8051,#8052,#8053,
    #8054,#8055,#8056,#8057),.UNSPECIFIED.,.F.,.F.,(8,6,6,8),(0.,
    0.185513472222,0.531205150424,1.),.UNSPECIFIED.);
#8038 = CARTESIAN_POINT('',(20.15,45.15,-1.853197222036));
#8039 = CARTESIAN_POINT('',(20.806276801899,45.15,-1.941742656637));
#8040 = CARTESIAN_POINT('',(21.460527005476,45.111347415935,
    -2.033440392306));
#8041 = CARTESIAN_POINT('',(22.108389916338,45.03447241197,
    -2.127672794266));
#8042 = CARTESIAN_POINT('',(22.745577557035,44.920618625902,
    -2.223695066239));
#8043 = CARTESIAN_POINT('',(23.367985876288,44.771824851878,
    -2.320656828506));
#8044 = CARTESIAN_POINT('',(23.971799919879,44.590908380513,
    -2.41764041981));
#8045 = CARTESIAN_POINT('',(25.637724541873,43.991138611208,
    -2.692746058032));
#8046 = CARTESIAN_POINT('',(26.643971406115,43.502230084086,
    -2.868388387074));
#8047 = CARTESIAN_POINT('',(27.567739611896,42.932153458978,
    -3.037481808909));
#8048 = CARTESIAN_POINT('',(28.407054623036,42.296029214859,
    -3.197295128315));
#8049 = CARTESIAN_POINT('',(29.161680742555,41.607212532357,
    -3.345693748443));
#8050 = CARTESIAN_POINT('',(29.832644202263,40.877604158983,
    -3.481126950688));
#8051 = CARTESIAN_POINT('',(31.22126514957,39.087404820821,
    -3.767342351227));
#8052 = CARTESIAN_POINT('',(31.874682310856,37.996033056141,
    -3.907285258137));
#8053 = CARTESIAN_POINT('',(32.389081766682,36.863204079733,
    -4.020404841625));
#8054 = CARTESIAN_POINT('',(32.770531905892,35.702562441757,
    -4.105698184998));
#8055 = CARTESIAN_POINT('',(33.023401416732,34.524580751894,
    -4.162719750449));
#8056 = CARTESIAN_POINT('',(33.15,33.3377155142,-4.191267266193));
#8057 = CARTESIAN_POINT('',(33.15,32.15,-4.191267266193));
#8058 = PCURVE('',#7570,#8059);
#8059 = DEFINITIONAL_REPRESENTATION('',(#8060),#8081);
#8060 = B_SPLINE_CURVE_WITH_KNOTS('',7,(#8061,#8062,#8063,#8064,#8065,
    #8066,#8067,#8068,#8069,#8070,#8071,#8072,#8073,#8074,#8075,#8076,
    #8077,#8078,#8079,#8080),.UNSPECIFIED.,.F.,.F.,(8,6,6,8),(0.,
    0.185513472222,0.531205150424,1.),.UNSPECIFIED.);
#8061 = CARTESIAN_POINT('',(1.436685317025,66.3));
#8062 = CARTESIAN_POINT('',(1.432291002653,66.3));
#8063 = CARTESIAN_POINT('',(1.427907218457,66.338652584065));
#8064 = CARTESIAN_POINT('',(1.423563050683,66.41552758803));
#8065 = CARTESIAN_POINT('',(1.419287221758,66.529381374098));
#8066 = CARTESIAN_POINT('',(1.415107366702,66.678175148122));
#8067 = CARTESIAN_POINT('',(1.411049322877,66.859091619487));
#8068 = CARTESIAN_POINT('',(1.399845030347,67.458861388792));
#8069 = CARTESIAN_POINT('',(1.393067204107,67.947769915914));
#8070 = CARTESIAN_POINT('',(1.386835814739,68.517846541021));
#8071 = CARTESIAN_POINT('',(1.381166513867,69.153970785142));
#8072 = CARTESIAN_POINT('',(1.376063243042,69.842787467643));
#8073 = CARTESIAN_POINT('',(1.371521174043,70.572395841017));
#8074 = CARTESIAN_POINT('',(1.362113006996,72.362595179179));
#8075 = CARTESIAN_POINT('',(1.3576789319,73.453966943859));
#8076 = CARTESIAN_POINT('',(1.354184017238,74.586795920268));
#8077 = CARTESIAN_POINT('',(1.351590328725,75.747437558243));
#8078 = CARTESIAN_POINT('',(1.349870229153,76.925419248106));
#8079 = CARTESIAN_POINT('',(1.34900906565,78.1122844858));
#8080 = CARTESIAN_POINT('',(1.34900906565,79.3));
#8081 = ( GEOMETRIC_REPRESENTATION_CONTEXT(2) 
PARAMETRIC_REPRESENTATION_CONTEXT() REPRESENTATION_CONTEXT('2D SPACE',''
  ) );
#8082 = PCURVE('',#8083,#8088);
#8083 = CYLINDRICAL_SURFACE('',#8084,13.);
#8084 = AXIS2_PLACEMENT_3D('',#8085,#8086,#8087);
#8085 = CARTESIAN_POINT('',(20.15,32.15,-4.523438300723));
#8086 = DIRECTION('',(0.,0.,-1.));
#8087 = DIRECTION('',(-1.,0.,0.));
#8088 = DEFINITIONAL_REPRESENTATION('',(#8089),#8110);
#8089 = B_SPLINE_CURVE_WITH_KNOTS('',7,(#8090,#8091,#8092,#8093,#8094,
    #8095,#8096,#8097,#8098,#8099,#8100,#8101,#8102,#8103,#8104,#8105,
    #8106,#8107,#8108,#8109),.UNSPECIFIED.,.F.,.F.,(8,6,6,8),(0.,
    0.185513472222,0.531205150424,1.),.UNSPECIFIED.);
#8090 = CARTESIAN_POINT('',(1.570796326795,-2.670241078687));
#8091 = CARTESIAN_POINT('',(1.62127915771,-2.581695644086));
#8092 = CARTESIAN_POINT('',(1.671606093452,-2.489997908417));
#8093 = CARTESIAN_POINT('',(1.721651853443,-2.395765506457));
#8094 = CARTESIAN_POINT('',(1.771290836108,-2.299743234484));
#8095 = CARTESIAN_POINT('',(1.820390777641,-2.202781472217));
#8096 = CARTESIAN_POINT('',(1.868806181507,-2.105797880913));
#8097 = CARTESIAN_POINT('',(2.005006274095,-1.830692242691));
#8098 = CARTESIAN_POINT('',(2.090573244302,-1.655049913649));
#8099 = CARTESIAN_POINT('',(2.17342284809,-1.485956491814));
#8100 = CARTESIAN_POINT('',(2.253802448556,-1.326143172408));
#8101 = CARTESIAN_POINT('',(2.331908920743,-1.17774455228));
#8102 = CARTESIAN_POINT('',(2.407889023823,-1.042311350035));
#8103 = CARTESIAN_POINT('',(2.582168297181,-0.756095949496));
#8104 = CARTESIAN_POINT('',(2.679309691492,-0.616153042586));
#8105 = CARTESIAN_POINT('',(2.774064581907,-0.503033459098));
#8106 = CARTESIAN_POINT('',(2.867072753715,-0.417740115725));
#8107 = CARTESIAN_POINT('',(2.958932660843,-0.360718550274));
#8108 = CARTESIAN_POINT('',(3.050229921728,-0.332171034531));
#8109 = CARTESIAN_POINT('',(3.14159265359,-0.332171034531));
#8110 = ( GEOMETRIC_REPRESENTATION_CONTEXT(2) 
PARAMETRIC_REPRESENTATION_CONTEXT() REPRESENTATION_CONTEXT('2D SPACE',''
  ) );
#8111 = ORIENTED_EDGE('',*,*,#8112,.T.);
#8112 = EDGE_CURVE('',#8034,#7697,#8113,.T.);
#8113 = SURFACE_CURVE('',#8114,(#8119,#8126),.PCURVE_S1.);
#8114 = CIRCLE('',#8115,150.7);
#8115 = AXIS2_PLACEMENT_3D('',#8116,#8117,#8118);
#8116 = CARTESIAN_POINT('',(0.,45.15,-151.2));
#8117 = DIRECTION('',(0.,-1.,2.22044604925E-16));
#8118 = DIRECTION('',(1.,0.,0.));
#8119 = PCURVE('',#7570,#8120);
#8120 = DEFINITIONAL_REPRESENTATION('',(#8121),#8125);
#8121 = LINE('',#8122,#8123);
#8122 = CARTESIAN_POINT('',(0.,66.3));
#8123 = VECTOR('',#8124,1.);
#8124 = DIRECTION('',(1.,0.));
#8125 = ( GEOMETRIC_REPRESENTATION_CONTEXT(2) 
PARAMETRIC_REPRESENTATION_CONTEXT() REPRESENTATION_CONTEXT('2D SPACE',''
  ) );
#8126 = PCURVE('',#7786,#8127);
#8127 = DEFINITIONAL_REPRESENTATION('',(#8128),#8136);
#8128 = ( BOUNDED_CURVE() B_SPLINE_CURVE(2,(#8129,#8130,#8131,#8132,
#8133,#8134,#8135),.UNSPECIFIED.,.T.,.F.) B_SPLINE_CURVE_WITH_KNOTS((1,2
    ,2,2,2,1),(-2.094395102393,0.,2.094395102393,4.188790204786,
6.28318530718,8.377580409573),.UNSPECIFIED.) CURVE() 
GEOMETRIC_REPRESENTATION_ITEM() RATIONAL_B_SPLINE_CURVE((1.,0.5,1.,0.5,
1.,0.5,1.)) REPRESENTATION_ITEM('') );
#8129 = CARTESIAN_POINT('',(170.85,146.67656169927));
#8130 = CARTESIAN_POINT('',(170.85,-114.3434950013));
#8131 = CARTESIAN_POINT('',(-55.2,16.166533348962));
#8132 = CARTESIAN_POINT('',(-281.25,146.67656169927));
#8133 = CARTESIAN_POINT('',(-55.2,277.18659004959));
#8134 = CARTESIAN_POINT('',(170.85,407.6966183999));
#8135 = CARTESIAN_POINT('',(170.85,146.67656169927));
#8136 = ( GEOMETRIC_REPRESENTATION_CONTEXT(2) 
PARAMETRIC_REPRESENTATION_CONTEXT() REPRESENTATION_CONTEXT('2D SPACE',''
  ) );
#8137 = FACE_BOUND('',#8138,.T.);
#8138 = EDGE_LOOP('',(#8139,#8202,#8228,#8289,#8322,#8383,#8409,#8470));
#8139 = ORIENTED_EDGE('',*,*,#8140,.F.);
#8140 = EDGE_CURVE('',#8141,#8143,#8145,.T.);
#8141 = VERTEX_POINT('',#8142);
#8142 = CARTESIAN_POINT('',(-25.45,-32.15,-2.664524439446));
#8143 = VERTEX_POINT('',#8144);
#8144 = CARTESIAN_POINT('',(-20.15,-37.45,-1.853197222036));
#8145 = SURFACE_CURVE('',#8146,(#8161,#8179),.PCURVE_S1.);
#8146 = B_SPLINE_CURVE_WITH_KNOTS('',7,(#8147,#8148,#8149,#8150,#8151,
    #8152,#8153,#8154,#8155,#8156,#8157,#8158,#8159,#8160),
  .UNSPECIFIED.,.F.,.F.,(8,6,8),(0.,0.512659374826,1.),.UNSPECIFIED.);
#8147 = CARTESIAN_POINT('',(-25.45,-32.15,-2.664524439446));
#8148 = CARTESIAN_POINT('',(-25.45,-32.67673600762,-2.664524439446));
#8149 = CARTESIAN_POINT('',(-25.38892577182,-33.20297462574,
    -2.6540600388));
#8150 = CARTESIAN_POINT('',(-25.26698621517,-33.72471658501,
    -2.633166825154));
#8151 = CARTESIAN_POINT('',(-25.08273131601,-34.23766828595,
    -2.601759870603));
#8152 = CARTESIAN_POINT('',(-24.8334959576,-34.73616465181,
    -2.559703842795));
#8153 = CARTESIAN_POINT('',(-24.51568844807,-35.21247154291,
    -2.506936273123));
#8154 = CARTESIAN_POINT('',(-23.75475477907,-36.07558136793,
    -2.383526582953));
#8155 = CARTESIAN_POINT('',(-23.30863135283,-36.47694235093,
    -2.312280317089));
#8156 = CARTESIAN_POINT('',(-22.78736302759,-36.83512157705,
    -2.23076100837));
#8157 = CARTESIAN_POINT('',(-22.19719508421,-37.1286593953,
    -2.141028513526));
#8158 = CARTESIAN_POINT('',(-21.54973008444,-37.33880480387,
    -2.046067961887));
#8159 = CARTESIAN_POINT('',(-20.86073424041,-37.45,-1.949090101415));
#8160 = CARTESIAN_POINT('',(-20.15,-37.45,-1.853197222036));
#8161 = PCURVE('',#7570,#8162);
#8162 = DEFINITIONAL_REPRESENTATION('',(#8163),#8178);
#8163 = B_SPLINE_CURVE_WITH_KNOTS('',7,(#8164,#8165,#8166,#8167,#8168,
    #8169,#8170,#8171,#8172,#8173,#8174,#8175,#8176,#8177),
  .UNSPECIFIED.,.F.,.F.,(8,6,8),(0.,0.512659374826,1.),.UNSPECIFIED.);
#8164 = CARTESIAN_POINT('',(1.740488109423,143.6));
#8165 = CARTESIAN_POINT('',(1.740488109423,144.12673600762));
#8166 = CARTESIAN_POINT('',(1.740076933431,144.65297462574));
#8167 = CARTESIAN_POINT('',(1.739255987518,145.17471658501));
#8168 = CARTESIAN_POINT('',(1.73801569323,145.68766828595));
#8169 = CARTESIAN_POINT('',(1.736338466908,146.18616465181));
#8170 = CARTESIAN_POINT('',(1.734200735491,146.66247154291));
#8171 = CARTESIAN_POINT('',(1.729085432737,147.52558136793));
#8172 = CARTESIAN_POINT('',(1.726087587302,147.92694235093));
#8173 = CARTESIAN_POINT('',(1.72258659475,148.28512157705));
#8174 = CARTESIAN_POINT('',(1.718625482668,148.5786593953));
#8175 = CARTESIAN_POINT('',(1.714283248856,148.78880480387));
#8176 = CARTESIAN_POINT('',(1.709666288395,148.9));
#8177 = CARTESIAN_POINT('',(1.704907336565,148.9));
#8178 = ( GEOMETRIC_REPRESENTATION_CONTEXT(2) 
PARAMETRIC_REPRESENTATION_CONTEXT() REPRESENTATION_CONTEXT('2D SPACE',''
  ) );
#8179 = PCURVE('',#8180,#8185);
#8180 = CYLINDRICAL_SURFACE('',#8181,5.3);
#8181 = AXIS2_PLACEMENT_3D('',#8182,#8183,#8184);
#8182 = CARTESIAN_POINT('',(-20.15,-32.15,-4.523438300723));
#8183 = DIRECTION('',(-0.,-0.,-1.));
#8184 = DIRECTION('',(1.,0.,0.));
#8185 = DEFINITIONAL_REPRESENTATION('',(#8186),#8201);
#8186 = B_SPLINE_CURVE_WITH_KNOTS('',7,(#8187,#8188,#8189,#8190,#8191,
    #8192,#8193,#8194,#8195,#8196,#8197,#8198,#8199,#8200),
  .UNSPECIFIED.,.F.,.F.,(8,6,8),(0.,0.512659374826,1.),.UNSPECIFIED.);
#8187 = CARTESIAN_POINT('',(-3.14159265359,-1.858913861277));
#8188 = CARTESIAN_POINT('',(-3.240976805972,-1.858913861277));
#8189 = CARTESIAN_POINT('',(-3.340266968479,-1.869378261923));
#8190 = CARTESIAN_POINT('',(-3.440312889938,-1.890271475569));
#8191 = CARTESIAN_POINT('',(-3.54189099443,-1.92167843012));
#8192 = CARTESIAN_POINT('',(-3.645792573825,-1.963734457929));
#8193 = CARTESIAN_POINT('',(-3.752859385378,-2.0165020276));
#8194 = CARTESIAN_POINT('',(-3.969961781243,-2.139911717771));
#8195 = CARTESIAN_POINT('',(-4.082432058915,-2.211157983635));
#8196 = CARTESIAN_POINT('',(-4.200100899438,-2.292677292353));
#8197 = CARTESIAN_POINT('',(-4.322187195294,-2.382409787197));
#8198 = CARTESIAN_POINT('',(-4.448288929261,-2.477370338836));
#8199 = CARTESIAN_POINT('',(-4.578288180307,-2.574348199309));
#8200 = CARTESIAN_POINT('',(-4.712388980385,-2.670241078687));
#8201 = ( GEOMETRIC_REPRESENTATION_CONTEXT(2) 
PARAMETRIC_REPRESENTATION_CONTEXT() REPRESENTATION_CONTEXT('2D SPACE',''
  ) );
#8202 = ORIENTED_EDGE('',*,*,#8203,.F.);
#8203 = EDGE_CURVE('',#8204,#8141,#8206,.T.);
#8204 = VERTEX_POINT('',#8205);
#8205 = CARTESIAN_POINT('',(-25.45,32.15,-2.664524439446));
#8206 = SURFACE_CURVE('',#8207,(#8211,#8217),.PCURVE_S1.);
#8207 = LINE('',#8208,#8209);
#8208 = CARTESIAN_POINT('',(-25.45,111.45,-2.664524439446));
#8209 = VECTOR('',#8210,1.);
#8210 = DIRECTION('',(0.,-1.,2.22044604925E-16));
#8211 = PCURVE('',#7570,#8212);
#8212 = DEFINITIONAL_REPRESENTATION('',(#8213),#8216);
#8213 = B_SPLINE_CURVE_WITH_KNOTS('',1,(#8214,#8215),.UNSPECIFIED.,.F.,
  .F.,(2,2),(72.87,150.03),.PIECEWISE_BEZIER_KNOTS.);
#8214 = CARTESIAN_POINT('',(1.740488109423,72.87));
#8215 = CARTESIAN_POINT('',(1.740488109423,150.03));
#8216 = ( GEOMETRIC_REPRESENTATION_CONTEXT(2) 
PARAMETRIC_REPRESENTATION_CONTEXT() REPRESENTATION_CONTEXT('2D SPACE',''
  ) );
#8217 = PCURVE('',#8218,#8223);
#8218 = PLANE('',#8219);
#8219 = AXIS2_PLACEMENT_3D('',#8220,#8221,#8222);
#8220 = CARTESIAN_POINT('',(-25.45,-32.15,-4.523438300723));
#8221 = DIRECTION('',(-1.,0.,0.));
#8222 = DIRECTION('',(0.,1.,0.));
#8223 = DEFINITIONAL_REPRESENTATION('',(#8224),#8227);
#8224 = B_SPLINE_CURVE_WITH_KNOTS('',1,(#8225,#8226),.UNSPECIFIED.,.F.,
  .F.,(2,2),(72.87,150.03),.PIECEWISE_BEZIER_KNOTS.);
#8225 = CARTESIAN_POINT('',(70.73,-1.858913861277));
#8226 = CARTESIAN_POINT('',(-6.43,-1.858913861277));
#8227 = ( GEOMETRIC_REPRESENTATION_CONTEXT(2) 
PARAMETRIC_REPRESENTATION_CONTEXT() REPRESENTATION_CONTEXT('2D SPACE',''
  ) );
#8228 = ORIENTED_EDGE('',*,*,#8229,.F.);
#8229 = EDGE_CURVE('',#8230,#8204,#8232,.T.);
#8230 = VERTEX_POINT('',#8231);
#8231 = CARTESIAN_POINT('',(-20.15,37.45,-1.853197222036));
#8232 = SURFACE_CURVE('',#8233,(#8248,#8266),.PCURVE_S1.);
#8233 = B_SPLINE_CURVE_WITH_KNOTS('',7,(#8234,#8235,#8236,#8237,#8238,
    #8239,#8240,#8241,#8242,#8243,#8244,#8245,#8246,#8247),
  .UNSPECIFIED.,.F.,.F.,(8,6,8),(0.,0.447192977707,1.),.UNSPECIFIED.);
#8234 = CARTESIAN_POINT('',(-20.15,37.45,-1.853197222036));
#8235 = CARTESIAN_POINT('',(-20.79996856461,37.45,-1.940891543799));
#8236 = CARTESIAN_POINT('',(-21.43384779275,37.357006681332,
    -2.029775327174));
#8237 = CARTESIAN_POINT('',(-22.03546056063,37.179301237185,
    -2.117374693204));
#8238 = CARTESIAN_POINT('',(-22.59110147411,36.928491015871,
    -2.201057771818));
#8239 = CARTESIAN_POINT('',(-23.09023110214,36.619249601287,
    -2.278310288955));
#8240 = CARTESIAN_POINT('',(-23.52632754452,36.269004336053,
    -2.347242680959));
#8241 = CARTESIAN_POINT('',(-24.35670372276,35.438628157813,
    -2.48060941834));
#8242 = CARTESIAN_POINT('',(-24.72979925879,34.934339523491,
    -2.542227212214));
#8243 = CARTESIAN_POINT('',(-25.02149566073,34.401184642112,
    -2.59132685192));
#8244 = CARTESIAN_POINT('',(-25.23660261335,33.849614736117,
    -2.627960741373));
#8245 = CARTESIAN_POINT('',(-25.37875984966,33.287063429019,
    -2.652318257221));
#8246 = CARTESIAN_POINT('',(-25.45,32.718886959436,-2.664524439446));
#8247 = CARTESIAN_POINT('',(-25.45,32.15,-2.664524439446));
#8248 = PCURVE('',#7570,#8249);
#8249 = DEFINITIONAL_REPRESENTATION('',(#8250),#8265);
#8250 = B_SPLINE_CURVE_WITH_KNOTS('',7,(#8251,#8252,#8253,#8254,#8255,
    #8256,#8257,#8258,#8259,#8260,#8261,#8262,#8263,#8264),
  .UNSPECIFIED.,.F.,.F.,(8,6,8),(0.,0.447192977707,1.),.UNSPECIFIED.);
#8251 = CARTESIAN_POINT('',(1.704907336565,74.));
#8252 = CARTESIAN_POINT('',(1.709259412086,74.));
#8253 = CARTESIAN_POINT('',(1.713506737763,74.092993318668));
#8254 = CARTESIAN_POINT('',(1.717540869629,74.270698762814));
#8255 = CARTESIAN_POINT('',(1.721269453617,74.521508984129));
#8256 = CARTESIAN_POINT('',(1.724620935613,74.830750398713));
#8257 = CARTESIAN_POINT('',(1.727550659692,75.180995663947));
#8258 = CARTESIAN_POINT('',(1.733131402921,76.011371842187));
#8259 = CARTESIAN_POINT('',(1.735640664912,76.515660476509));
#8260 = CARTESIAN_POINT('',(1.737603496687,77.048815357888));
#8261 = CARTESIAN_POINT('',(1.739051432787,77.600385263884));
#8262 = CARTESIAN_POINT('',(1.740008492446,78.162936570981));
#8263 = CARTESIAN_POINT('',(1.740488109423,78.731113040564));
#8264 = CARTESIAN_POINT('',(1.740488109423,79.3));
#8265 = ( GEOMETRIC_REPRESENTATION_CONTEXT(2) 
PARAMETRIC_REPRESENTATION_CONTEXT() REPRESENTATION_CONTEXT('2D SPACE',''
  ) );
#8266 = PCURVE('',#8267,#8272);
#8267 = CYLINDRICAL_SURFACE('',#8268,5.3);
#8268 = AXIS2_PLACEMENT_3D('',#8269,#8270,#8271);
#8269 = CARTESIAN_POINT('',(-20.15,32.15,-4.523438300723));
#8270 = DIRECTION('',(-0.,-0.,-1.));
#8271 = DIRECTION('',(1.,0.,0.));
#8272 = DEFINITIONAL_REPRESENTATION('',(#8273),#8288);
#8273 = B_SPLINE_CURVE_WITH_KNOTS('',7,(#8274,#8275,#8276,#8277,#8278,
    #8279,#8280,#8281,#8282,#8283,#8284,#8285,#8286,#8287),
  .UNSPECIFIED.,.F.,.F.,(8,6,8),(0.,0.447192977707,1.),.UNSPECIFIED.);
#8274 = CARTESIAN_POINT('',(-1.570796326795,-2.670241078687));
#8275 = CARTESIAN_POINT('',(-1.693431905024,-2.582546756924));
#8276 = CARTESIAN_POINT('',(-1.813031656664,-2.493662973549));
#8277 = CARTESIAN_POINT('',(-1.92955642277,-2.406063607519));
#8278 = CARTESIAN_POINT('',(-2.042759984135,-2.322380528905));
#8279 = CARTESIAN_POINT('',(-2.152198314023,-2.245128011768));
#8280 = CARTESIAN_POINT('',(-2.257109245755,-2.176195619764));
#8281 = CARTESIAN_POINT('',(-2.478680802951,-2.042828882384));
#8282 = CARTESIAN_POINT('',(-2.595738665695,-1.981211088509));
#8283 = CARTESIAN_POINT('',(-2.70878616195,-1.932111448803));
#8284 = CARTESIAN_POINT('',(-2.81888963178,-1.89547755935));
#8285 = CARTESIAN_POINT('',(-2.927052672561,-1.871120043502));
#8286 = CARTESIAN_POINT('',(-3.034255491432,-1.858913861277));
#8287 = CARTESIAN_POINT('',(-3.14159265359,-1.858913861277));
#8288 = ( GEOMETRIC_REPRESENTATION_CONTEXT(2) 
PARAMETRIC_REPRESENTATION_CONTEXT() REPRESENTATION_CONTEXT('2D SPACE',''
  ) );
#8289 = ORIENTED_EDGE('',*,*,#8290,.F.);
#8290 = EDGE_CURVE('',#8291,#8230,#8293,.T.);
#8291 = VERTEX_POINT('',#8292);
#8292 = CARTESIAN_POINT('',(20.15,37.45,-1.853197222036));
#8293 = SURFACE_CURVE('',#8294,(#8299,#8306),.PCURVE_S1.);
#8294 = CIRCLE('',#8295,150.7);
#8295 = AXIS2_PLACEMENT_3D('',#8296,#8297,#8298);
#8296 = CARTESIAN_POINT('',(0.,37.45,-151.2));
#8297 = DIRECTION('',(0.,-1.,2.22044604925E-16));
#8298 = DIRECTION('',(1.,0.,0.));
#8299 = PCURVE('',#7570,#8300);
#8300 = DEFINITIONAL_REPRESENTATION('',(#8301),#8305);
#8301 = LINE('',#8302,#8303);
#8302 = CARTESIAN_POINT('',(0.,74.));
#8303 = VECTOR('',#8304,1.);
#8304 = DIRECTION('',(1.,0.));
#8305 = ( GEOMETRIC_REPRESENTATION_CONTEXT(2) 
PARAMETRIC_REPRESENTATION_CONTEXT() REPRESENTATION_CONTEXT('2D SPACE',''
  ) );
#8306 = PCURVE('',#8307,#8312);
#8307 = PLANE('',#8308);
#8308 = AXIS2_PLACEMENT_3D('',#8309,#8310,#8311);
#8309 = CARTESIAN_POINT('',(-20.15,37.45,-4.523438300723));
#8310 = DIRECTION('',(0.,1.,0.));
#8311 = DIRECTION('',(1.,0.,0.));
#8312 = DEFINITIONAL_REPRESENTATION('',(#8313),#8321);
#8313 = ( BOUNDED_CURVE() B_SPLINE_CURVE(2,(#8314,#8315,#8316,#8317,
#8318,#8319,#8320),.UNSPECIFIED.,.T.,.F.) B_SPLINE_CURVE_WITH_KNOTS((1,2
    ,2,2,2,1),(-2.094395102393,0.,2.094395102393,4.188790204786,
6.28318530718,8.377580409573),.UNSPECIFIED.) CURVE() 
GEOMETRIC_REPRESENTATION_ITEM() RATIONAL_B_SPLINE_CURVE((1.,0.5,1.,0.5,
1.,0.5,1.)) REPRESENTATION_ITEM('') );
#8314 = CARTESIAN_POINT('',(170.85,146.67656169927));
#8315 = CARTESIAN_POINT('',(170.85,-114.3434950013));
#8316 = CARTESIAN_POINT('',(-55.2,16.166533348962));
#8317 = CARTESIAN_POINT('',(-281.25,146.67656169927));
#8318 = CARTESIAN_POINT('',(-55.2,277.18659004959));
#8319 = CARTESIAN_POINT('',(170.85,407.6966183999));
#8320 = CARTESIAN_POINT('',(170.85,146.67656169927));
#8321 = ( GEOMETRIC_REPRESENTATION_CONTEXT(2) 
PARAMETRIC_REPRESENTATION_CONTEXT() REPRESENTATION_CONTEXT('2D SPACE',''
  ) );
#8322 = ORIENTED_EDGE('',*,*,#8323,.F.);
#8323 = EDGE_CURVE('',#8324,#8291,#8326,.T.);
#8324 = VERTEX_POINT('',#8325);
#8325 = CARTESIAN_POINT('',(25.45,32.15,-2.664524439446));
#8326 = SURFACE_CURVE('',#8327,(#8342,#8360),.PCURVE_S1.);
#8327 = B_SPLINE_CURVE_WITH_KNOTS('',7,(#8328,#8329,#8330,#8331,#8332,
    #8333,#8334,#8335,#8336,#8337,#8338,#8339,#8340,#8341),
  .UNSPECIFIED.,.F.,.F.,(8,6,8),(0.,0.512659373544,1.),.UNSPECIFIED.);
#8328 = CARTESIAN_POINT('',(25.45,32.15,-2.664524439446));
#8329 = CARTESIAN_POINT('',(25.45,32.676736007627,-2.664524439446));
#8330 = CARTESIAN_POINT('',(25.388925771826,33.202974625745,
    -2.6540600388));
#8331 = CARTESIAN_POINT('',(25.266986215171,33.724716585011,
    -2.633166825154));
#8332 = CARTESIAN_POINT('',(25.082731316011,34.237668285951,
    -2.601759870603));
#8333 = CARTESIAN_POINT('',(24.8334959576,34.736164651814,
    -2.559703842794));
#8334 = CARTESIAN_POINT('',(24.515688448072,35.212471542911,
    -2.506936273123));
#8335 = CARTESIAN_POINT('',(23.754754777175,36.075581370095,
    -2.383526582644));
#8336 = CARTESIAN_POINT('',(23.308631362535,36.476942344051,
    -2.312280318571));
#8337 = CARTESIAN_POINT('',(22.787363007134,36.835121586942,
    -2.230761005349));
#8338 = CARTESIAN_POINT('',(22.19719510707,37.128659388079,
    -2.141028516806));
#8339 = CARTESIAN_POINT('',(21.549730070635,37.338804806151,
    -2.046067959961));
#8340 = CARTESIAN_POINT('',(20.86073424421,37.45,-1.949090101927));
#8341 = CARTESIAN_POINT('',(20.15,37.45,-1.853197222036));
#8342 = PCURVE('',#7570,#8343);
#8343 = DEFINITIONAL_REPRESENTATION('',(#8344),#8359);
#8344 = B_SPLINE_CURVE_WITH_KNOTS('',7,(#8345,#8346,#8347,#8348,#8349,
    #8350,#8351,#8352,#8353,#8354,#8355,#8356,#8357,#8358),
  .UNSPECIFIED.,.F.,.F.,(8,6,8),(0.,0.512659373544,1.),.UNSPECIFIED.);
#8345 = CARTESIAN_POINT('',(1.401104544167,79.3));
#8346 = CARTESIAN_POINT('',(1.401104544167,78.773263992373));
#8347 = CARTESIAN_POINT('',(1.401515720158,78.247025374255));
#8348 = CARTESIAN_POINT('',(1.402336666071,77.725283414988));
#8349 = CARTESIAN_POINT('',(1.40357696036,77.212331714049));
#8350 = CARTESIAN_POINT('',(1.405254186682,76.713835348186));
#8351 = CARTESIAN_POINT('',(1.407391918098,76.237528457089));
#8352 = CARTESIAN_POINT('',(1.412507220866,75.374418629905));
#8353 = CARTESIAN_POINT('',(1.415505066223,74.973057655949));
#8354 = CARTESIAN_POINT('',(1.419006058977,74.614878413057));
#8355 = CARTESIAN_POINT('',(1.422967170769,74.321340611921));
#8356 = CARTESIAN_POINT('',(1.427309404826,74.111195193849));
#8357 = CARTESIAN_POINT('',(1.43192636517,74.));
#8358 = CARTESIAN_POINT('',(1.436685317025,74.));
#8359 = ( GEOMETRIC_REPRESENTATION_CONTEXT(2) 
PARAMETRIC_REPRESENTATION_CONTEXT() REPRESENTATION_CONTEXT('2D SPACE',''
  ) );
#8360 = PCURVE('',#8361,#8366);
#8361 = CYLINDRICAL_SURFACE('',#8362,5.3);
#8362 = AXIS2_PLACEMENT_3D('',#8363,#8364,#8365);
#8363 = CARTESIAN_POINT('',(20.15,32.15,-4.523438300723));
#8364 = DIRECTION('',(-0.,-0.,-1.));
#8365 = DIRECTION('',(1.,0.,0.));
#8366 = DEFINITIONAL_REPRESENTATION('',(#8367),#8382);
#8367 = B_SPLINE_CURVE_WITH_KNOTS('',7,(#8368,#8369,#8370,#8371,#8372,
    #8373,#8374,#8375,#8376,#8377,#8378,#8379,#8380,#8381),
  .UNSPECIFIED.,.F.,.F.,(8,6,8),(0.,0.512659373544,1.),.UNSPECIFIED.);
#8368 = CARTESIAN_POINT('',(0.,-1.858913861277));
#8369 = CARTESIAN_POINT('',(-9.938415238249E-02,-1.858913861277));
#8370 = CARTESIAN_POINT('',(-0.19867431489,-1.869378261923));
#8371 = CARTESIAN_POINT('',(-0.298720236348,-1.890271475569));
#8372 = CARTESIAN_POINT('',(-0.40029834084,-1.92167843012));
#8373 = CARTESIAN_POINT('',(-0.504199920235,-1.963734457929));
#8374 = CARTESIAN_POINT('',(-0.611266731788,-2.0165020276));
#8375 = CARTESIAN_POINT('',(-0.828369128196,-2.139911718079));
#8376 = CARTESIAN_POINT('',(-0.940839402949,-2.211157982152));
#8377 = CARTESIAN_POINT('',(-1.058508250439,-2.292677295374));
#8378 = CARTESIAN_POINT('',(-1.180594536893,-2.382409783917));
#8379 = CARTESIAN_POINT('',(-1.306696278424,-2.477370340762));
#8380 = CARTESIAN_POINT('',(-1.436695526001,-2.574348198796));
#8381 = CARTESIAN_POINT('',(-1.570796326795,-2.670241078687));
#8382 = ( GEOMETRIC_REPRESENTATION_CONTEXT(2) 
PARAMETRIC_REPRESENTATION_CONTEXT() REPRESENTATION_CONTEXT('2D SPACE',''
  ) );
#8383 = ORIENTED_EDGE('',*,*,#8384,.T.);
#8384 = EDGE_CURVE('',#8324,#8385,#8387,.T.);
#8385 = VERTEX_POINT('',#8386);
#8386 = CARTESIAN_POINT('',(25.45,-32.15,-2.664524439446));
#8387 = SURFACE_CURVE('',#8388,(#8392,#8398),.PCURVE_S1.);
#8388 = LINE('',#8389,#8390);
#8389 = CARTESIAN_POINT('',(25.45,111.45,-2.664524439446));
#8390 = VECTOR('',#8391,1.);
#8391 = DIRECTION('',(0.,-1.,2.22044604925E-16));
#8392 = PCURVE('',#7570,#8393);
#8393 = DEFINITIONAL_REPRESENTATION('',(#8394),#8397);
#8394 = B_SPLINE_CURVE_WITH_KNOTS('',1,(#8395,#8396),.UNSPECIFIED.,.F.,
  .F.,(2,2),(72.87,150.03),.PIECEWISE_BEZIER_KNOTS.);
#8395 = CARTESIAN_POINT('',(1.401104544167,72.87));
#8396 = CARTESIAN_POINT('',(1.401104544167,150.03));
#8397 = ( GEOMETRIC_REPRESENTATION_CONTEXT(2) 
PARAMETRIC_REPRESENTATION_CONTEXT() REPRESENTATION_CONTEXT('2D SPACE',''
  ) );
#8398 = PCURVE('',#8399,#8404);
#8399 = PLANE('',#8400);
#8400 = AXIS2_PLACEMENT_3D('',#8401,#8402,#8403);
#8401 = CARTESIAN_POINT('',(25.45,-32.15,-4.523438300723));
#8402 = DIRECTION('',(-1.,0.,0.));
#8403 = DIRECTION('',(0.,1.,0.));
#8404 = DEFINITIONAL_REPRESENTATION('',(#8405),#8408);
#8405 = B_SPLINE_CURVE_WITH_KNOTS('',1,(#8406,#8407),.UNSPECIFIED.,.F.,
  .F.,(2,2),(72.87,150.03),.PIECEWISE_BEZIER_KNOTS.);
#8406 = CARTESIAN_POINT('',(70.73,-1.858913861277));
#8407 = CARTESIAN_POINT('',(-6.43,-1.858913861277));
#8408 = ( GEOMETRIC_REPRESENTATION_CONTEXT(2) 
PARAMETRIC_REPRESENTATION_CONTEXT() REPRESENTATION_CONTEXT('2D SPACE',''
  ) );
#8409 = ORIENTED_EDGE('',*,*,#8410,.F.);
#8410 = EDGE_CURVE('',#8411,#8385,#8413,.T.);
#8411 = VERTEX_POINT('',#8412);
#8412 = CARTESIAN_POINT('',(20.15,-37.45,-1.853197222036));
#8413 = SURFACE_CURVE('',#8414,(#8429,#8447),.PCURVE_S1.);
#8414 = B_SPLINE_CURVE_WITH_KNOTS('',7,(#8415,#8416,#8417,#8418,#8419,
    #8420,#8421,#8422,#8423,#8424,#8425,#8426,#8427,#8428),
  .UNSPECIFIED.,.F.,.F.,(8,6,8),(0.,0.447192980781,1.),.UNSPECIFIED.);
#8415 = CARTESIAN_POINT('',(20.15,-37.45,-1.853197222036));
#8416 = CARTESIAN_POINT('',(20.799968564617,-37.45,-1.940891543799));
#8417 = CARTESIAN_POINT('',(21.433847792758,-37.35700668133,
    -2.029775327174));
#8418 = CARTESIAN_POINT('',(22.035460560638,-37.17930123718,
    -2.117374693204));
#8419 = CARTESIAN_POINT('',(22.591101474116,-36.92849101587,
    -2.201057771818));
#8420 = CARTESIAN_POINT('',(23.090231102145,-36.61924960128,
    -2.278310288955));
#8421 = CARTESIAN_POINT('',(23.526327544525,-36.26900433605,
    -2.347242680959));
#8422 = CARTESIAN_POINT('',(24.356703717057,-35.43862816352,
    -2.480609417423));
#8423 = CARTESIAN_POINT('',(24.729799276128,-34.93433949965,
    -2.542227215012));
#8424 = CARTESIAN_POINT('',(25.021495636862,-34.40118468692,
    -2.591326848052));
#8425 = CARTESIAN_POINT('',(25.236602630213,-33.84961468996,
    -2.627960744114));
#8426 = CARTESIAN_POINT('',(25.378759844479,-33.28706345521,
    -2.652318256376));
#8427 = CARTESIAN_POINT('',(25.45,-32.71888695259,-2.664524439446));
#8428 = CARTESIAN_POINT('',(25.45,-32.15,-2.664524439446));
#8429 = PCURVE('',#7570,#8430);
#8430 = DEFINITIONAL_REPRESENTATION('',(#8431),#8446);
#8431 = B_SPLINE_CURVE_WITH_KNOTS('',7,(#8432,#8433,#8434,#8435,#8436,
    #8437,#8438,#8439,#8440,#8441,#8442,#8443,#8444,#8445),
  .UNSPECIFIED.,.F.,.F.,(8,6,8),(0.,0.447192980781,1.),.UNSPECIFIED.);
#8432 = CARTESIAN_POINT('',(1.436685317025,148.9));
#8433 = CARTESIAN_POINT('',(1.432333241504,148.9));
#8434 = CARTESIAN_POINT('',(1.428085915827,148.80700668133));
#8435 = CARTESIAN_POINT('',(1.424051783961,148.62930123718));
#8436 = CARTESIAN_POINT('',(1.420323199973,148.37849101587));
#8437 = CARTESIAN_POINT('',(1.416971717977,148.06924960128));
#8438 = CARTESIAN_POINT('',(1.414041993898,147.71900433605));
#8439 = CARTESIAN_POINT('',(1.408461250708,146.88862816352));
#8440 = CARTESIAN_POINT('',(1.405951988561,146.38433949965));
#8441 = CARTESIAN_POINT('',(1.403989157063,145.85118468692));
#8442 = CARTESIAN_POINT('',(1.402541220689,145.29961468996));
#8443 = CARTESIAN_POINT('',(1.401584161179,144.73706345521));
#8444 = CARTESIAN_POINT('',(1.401104544167,144.16888695259));
#8445 = CARTESIAN_POINT('',(1.401104544167,143.6));
#8446 = ( GEOMETRIC_REPRESENTATION_CONTEXT(2) 
PARAMETRIC_REPRESENTATION_CONTEXT() REPRESENTATION_CONTEXT('2D SPACE',''
  ) );
#8447 = PCURVE('',#8448,#8453);
#8448 = CYLINDRICAL_SURFACE('',#8449,5.3);
#8449 = AXIS2_PLACEMENT_3D('',#8450,#8451,#8452);
#8450 = CARTESIAN_POINT('',(20.15,-32.15,-4.523438300723));
#8451 = DIRECTION('',(-0.,-0.,-1.));
#8452 = DIRECTION('',(1.,0.,0.));
#8453 = DEFINITIONAL_REPRESENTATION('',(#8454),#8469);
#8454 = B_SPLINE_CURVE_WITH_KNOTS('',7,(#8455,#8456,#8457,#8458,#8459,
    #8460,#8461,#8462,#8463,#8464,#8465,#8466,#8467,#8468),
  .UNSPECIFIED.,.F.,.F.,(8,6,8),(0.,0.447192980781,1.),.UNSPECIFIED.);
#8455 = CARTESIAN_POINT('',(-4.712388980385,-2.670241078687));
#8456 = CARTESIAN_POINT('',(-4.835024558614,-2.582546756924));
#8457 = CARTESIAN_POINT('',(-4.954624310253,-2.493662973549));
#8458 = CARTESIAN_POINT('',(-5.07114907636,-2.406063607519));
#8459 = CARTESIAN_POINT('',(-5.184352637724,-2.322380528906));
#8460 = CARTESIAN_POINT('',(-5.293790967613,-2.245128011768));
#8461 = CARTESIAN_POINT('',(-5.398701899345,-2.176195619764));
#8462 = CARTESIAN_POINT('',(-5.620273455017,-2.0428288833));
#8463 = CARTESIAN_POINT('',(-5.737331325067,-1.981211085711));
#8464 = CARTESIAN_POINT('',(-5.850378805397,-1.932111452672));
#8465 = CARTESIAN_POINT('',(-5.960482295223,-1.895477556609));
#8466 = CARTESIAN_POINT('',(-6.068645320868,-1.871120044347));
#8467 = CARTESIAN_POINT('',(-6.175848146314,-1.858913861277));
#8468 = CARTESIAN_POINT('',(-6.28318530718,-1.858913861277));
#8469 = ( GEOMETRIC_REPRESENTATION_CONTEXT(2) 
PARAMETRIC_REPRESENTATION_CONTEXT() REPRESENTATION_CONTEXT('2D SPACE',''
  ) );
#8470 = ORIENTED_EDGE('',*,*,#8471,.T.);
#8471 = EDGE_CURVE('',#8411,#8143,#8472,.T.);
#8472 = SURFACE_CURVE('',#8473,(#8478,#8485),.PCURVE_S1.);
#8473 = CIRCLE('',#8474,150.7);
#8474 = AXIS2_PLACEMENT_3D('',#8475,#8476,#8477);
#8475 = CARTESIAN_POINT('',(0.,-37.45,-151.2));
#8476 = DIRECTION('',(0.,-1.,2.22044604925E-16));
#8477 = DIRECTION('',(1.,0.,0.));
#8478 = PCURVE('',#7570,#8479);
#8479 = DEFINITIONAL_REPRESENTATION('',(#8480),#8484);
#8480 = LINE('',#8481,#8482);
#8481 = CARTESIAN_POINT('',(0.,148.9));
#8482 = VECTOR('',#8483,1.);
#8483 = DIRECTION('',(1.,0.));
#8484 = ( GEOMETRIC_REPRESENTATION_CONTEXT(2) 
PARAMETRIC_REPRESENTATION_CONTEXT() REPRESENTATION_CONTEXT('2D SPACE',''
  ) );
#8485 = PCURVE('',#8486,#8491);
#8486 = PLANE('',#8487);
#8487 = AXIS2_PLACEMENT_3D('',#8488,#8489,#8490);
#8488 = CARTESIAN_POINT('',(-20.15,-37.45,-4.523438300723));
#8489 = DIRECTION('',(0.,1.,0.));
#8490 = DIRECTION('',(1.,0.,0.));
#8491 = DEFINITIONAL_REPRESENTATION('',(#8492),#8500);
#8492 = ( BOUNDED_CURVE() B_SPLINE_CURVE(2,(#8493,#8494,#8495,#8496,
#8497,#8498,#8499),.UNSPECIFIED.,.T.,.F.) B_SPLINE_CURVE_WITH_KNOTS((1,2
    ,2,2,2,1),(-2.094395102393,0.,2.094395102393,4.188790204786,
6.28318530718,8.377580409573),.UNSPECIFIED.) CURVE() 
GEOMETRIC_REPRESENTATION_ITEM() RATIONAL_B_SPLINE_CURVE((1.,0.5,1.,0.5,
1.,0.5,1.)) REPRESENTATION_ITEM('') );
#8493 = CARTESIAN_POINT('',(170.85,146.67656169927));
#8494 = CARTESIAN_POINT('',(170.85,-114.3434950013));
#8495 = CARTESIAN_POINT('',(-55.2,16.166533348962));
#8496 = CARTESIAN_POINT('',(-281.25,146.67656169927));
#8497 = CARTESIAN_POINT('',(-55.2,277.18659004959));
#8498 = CARTESIAN_POINT('',(170.85,407.6966183999));
#8499 = CARTESIAN_POINT('',(170.85,146.67656169927));
#8500 = ( GEOMETRIC_REPRESENTATION_CONTEXT(2) 
PARAMETRIC_REPRESENTATION_CONTEXT() REPRESENTATION_CONTEXT('2D SPACE',''
  ) );
#8501 = ADVANCED_FACE('',(#8502),#7543,.T.);
#8502 = FACE_BOUND('',#8503,.T.);
#8503 = EDGE_LOOP('',(#8504,#8560,#8581,#8582,#8583));
#8504 = ORIENTED_EDGE('',*,*,#8505,.F.);
#8505 = EDGE_CURVE('',#8506,#7612,#8508,.T.);
#8506 = VERTEX_POINT('',#8507);
#8507 = CARTESIAN_POINT('',(-20.15,-45.15,-2.5595697665));
#8508 = SURFACE_CURVE('',#8509,(#8524,#8542),.PCURVE_S1.);
#8509 = B_SPLINE_CURVE_WITH_KNOTS('',7,(#8510,#8511,#8512,#8513,#8514,
    #8515,#8516,#8517,#8518,#8519,#8520,#8521,#8522,#8523),
  .UNSPECIFIED.,.F.,.F.,(8,6,8),(0.,0.269504811263,1.),.UNSPECIFIED.);
#8510 = CARTESIAN_POINT('',(-20.15,-45.15,-2.5595697665));
#8511 = CARTESIAN_POINT('',(-20.74453977775,-45.15,-2.640166791838));
#8512 = CARTESIAN_POINT('',(-21.33760752528,-45.1182776107,
    -2.723389643536));
#8513 = CARTESIAN_POINT('',(-21.92586960251,-45.05511582351,
    -2.808767788686));
#8514 = CARTESIAN_POINT('',(-22.50603657862,-44.96137536307,
    -2.895741522486));
#8515 = CARTESIAN_POINT('',(-23.07493512193,-44.83848386073,
    -2.983675109293));
#8516 = CARTESIAN_POINT('',(-23.62957639101,-44.68842601111,
    -3.071880169058));
#8517 = CARTESIAN_POINT('',(-25.62451122479,-44.04023239091,
    -3.397548344238));
#8518 = CARTESIAN_POINT('',(-26.94703363562,-43.38896702954,
    -3.630629717009));
#8519 = CARTESIAN_POINT('',(-28.12465607371,-42.60134653348,
    -3.851630713619));
#8520 = CARTESIAN_POINT('',(-29.15558945369,-41.71022194378,
    -4.054664951147));
#8521 = CARTESIAN_POINT('',(-30.04188706427,-40.74272930105,
    -4.235723403996));
#8522 = CARTESIAN_POINT('',(-30.78819775889,-39.72111123793,
    -4.392374606714));
#8523 = CARTESIAN_POINT('',(-31.40042076295,-38.66368042327,
    -4.523438900724));
#8524 = PCURVE('',#7543,#8525);
#8525 = DEFINITIONAL_REPRESENTATION('',(#8526),#8541);
#8526 = B_SPLINE_CURVE_WITH_KNOTS('',7,(#8527,#8528,#8529,#8530,#8531,
    #8532,#8533,#8534,#8535,#8536,#8537,#8538,#8539,#8540),
  .UNSPECIFIED.,.F.,.F.,(8,6,8),(0.,0.269504811263,1.),.UNSPECIFIED.);
#8527 = CARTESIAN_POINT('',(4.712388980385,-1.963868534223));
#8528 = CARTESIAN_POINT('',(4.758122809443,-1.883271508885));
#8529 = CARTESIAN_POINT('',(4.803743403803,-1.800048657187));
#8530 = CARTESIAN_POINT('',(4.84915057783,-1.714670512037));
#8531 = CARTESIAN_POINT('',(4.894244026582,-1.627696778237));
#8532 = CARTESIAN_POINT('',(4.938919129075,-1.53976319143));
#8533 = CARTESIAN_POINT('',(4.98306263655,-1.451558131666));
#8534 = CARTESIAN_POINT('',(5.14441637636,-1.125889956485));
#8535 = CARTESIAN_POINT('',(5.256651012548,-0.892808583716));
#8536 = CARTESIAN_POINT('',(5.364198452016,-0.671807587101));
#8537 = CARTESIAN_POINT('',(5.467682345005,-0.468773349581));
#8538 = CARTESIAN_POINT('',(5.567606574465,-0.287714896724));
#8539 = CARTESIAN_POINT('',(5.664380632035,-0.13106369401));
#8540 = CARTESIAN_POINT('',(5.758370966881,5.999999999062E-07));
#8541 = ( GEOMETRIC_REPRESENTATION_CONTEXT(2) 
PARAMETRIC_REPRESENTATION_CONTEXT() REPRESENTATION_CONTEXT('2D SPACE',''
  ) );
#8542 = PCURVE('',#7654,#8543);
#8543 = DEFINITIONAL_REPRESENTATION('',(#8544),#8559);
#8544 = B_SPLINE_CURVE_WITH_KNOTS('',7,(#8545,#8546,#8547,#8548,#8549,
    #8550,#8551,#8552,#8553,#8554,#8555,#8556,#8557,#8558),
  .UNSPECIFIED.,.F.,.F.,(8,6,8),(0.,0.269504811263,1.),.UNSPECIFIED.);
#8545 = CARTESIAN_POINT('',(1.705536994061,156.6));
#8546 = CARTESIAN_POINT('',(1.709536846435,156.6));
#8547 = CARTESIAN_POINT('',(1.713529325838,156.5682776107));
#8548 = CARTESIAN_POINT('',(1.717492092334,156.50511582351));
#8549 = CARTESIAN_POINT('',(1.721403017276,156.41137536307));
#8550 = CARTESIAN_POINT('',(1.725240653161,156.28848386073));
#8551 = CARTESIAN_POINT('',(1.728984695832,156.13842601111));
#8552 = CARTESIAN_POINT('',(1.742460311261,155.49023239091));
#8553 = CARTESIAN_POINT('',(1.75141229297,154.83896702954));
#8554 = CARTESIAN_POINT('',(1.759399484073,154.05134653348));
#8555 = CARTESIAN_POINT('',(1.76640404869,153.16022194378));
#8556 = CARTESIAN_POINT('',(1.772434579751,152.19272930105));
#8557 = CARTESIAN_POINT('',(1.777518367444,151.17111123793));
#8558 = CARTESIAN_POINT('',(1.781692333615,150.11368042327));
#8559 = ( GEOMETRIC_REPRESENTATION_CONTEXT(2) 
PARAMETRIC_REPRESENTATION_CONTEXT() REPRESENTATION_CONTEXT('2D SPACE',''
  ) );
#8560 = ORIENTED_EDGE('',*,*,#8561,.T.);
#8561 = EDGE_CURVE('',#8506,#7858,#8562,.T.);
#8562 = SURFACE_CURVE('',#8563,(#8567,#8574),.PCURVE_S1.);
#8563 = LINE('',#8564,#8565);
#8564 = CARTESIAN_POINT('',(-20.15,-45.15,-4.523438300723));
#8565 = VECTOR('',#8566,1.);
#8566 = DIRECTION('',(0.,0.,1.));
#8567 = PCURVE('',#7543,#8568);
#8568 = DEFINITIONAL_REPRESENTATION('',(#8569),#8573);
#8569 = LINE('',#8570,#8571);
#8570 = CARTESIAN_POINT('',(4.712388980385,0.));
#8571 = VECTOR('',#8572,1.);
#8572 = DIRECTION('',(0.,-1.));
#8573 = ( GEOMETRIC_REPRESENTATION_CONTEXT(2) 
PARAMETRIC_REPRESENTATION_CONTEXT() REPRESENTATION_CONTEXT('2D SPACE',''
  ) );
#8574 = PCURVE('',#7930,#8575);
#8575 = DEFINITIONAL_REPRESENTATION('',(#8576),#8580);
#8576 = LINE('',#8577,#8578);
#8577 = CARTESIAN_POINT('',(0.,0.));
#8578 = VECTOR('',#8579,1.);
#8579 = DIRECTION('',(0.,-1.));
#8580 = ( GEOMETRIC_REPRESENTATION_CONTEXT(2) 
PARAMETRIC_REPRESENTATION_CONTEXT() REPRESENTATION_CONTEXT('2D SPACE',''
  ) );
#8581 = ORIENTED_EDGE('',*,*,#7857,.T.);
#8582 = ORIENTED_EDGE('',*,*,#7527,.F.);
#8583 = ORIENTED_EDGE('',*,*,#7611,.F.);
#8584 = ADVANCED_FACE('',(#8585,#8782),#7654,.F.);
#8585 = FACE_BOUND('',#8586,.F.);
#8586 = EDGE_LOOP('',(#8587,#8588,#8616,#8672,#8698,#8754,#8780,#8781));
#8587 = ORIENTED_EDGE('',*,*,#8505,.F.);
#8588 = ORIENTED_EDGE('',*,*,#8589,.F.);
#8589 = EDGE_CURVE('',#8590,#8506,#8592,.T.);
#8590 = VERTEX_POINT('',#8591);
#8591 = CARTESIAN_POINT('',(20.15,-45.15,-2.5595697665));
#8592 = SURFACE_CURVE('',#8593,(#8598,#8605),.PCURVE_S1.);
#8593 = CIRCLE('',#8594,150.);
#8594 = AXIS2_PLACEMENT_3D('',#8595,#8596,#8597);
#8595 = CARTESIAN_POINT('',(0.,-45.15,-151.2));
#8596 = DIRECTION('',(0.,-1.,2.22044604925E-16));
#8597 = DIRECTION('',(1.,0.,0.));
#8598 = PCURVE('',#7654,#8599);
#8599 = DEFINITIONAL_REPRESENTATION('',(#8600),#8604);
#8600 = LINE('',#8601,#8602);
#8601 = CARTESIAN_POINT('',(0.,156.6));
#8602 = VECTOR('',#8603,1.);
#8603 = DIRECTION('',(1.,0.));
#8604 = ( GEOMETRIC_REPRESENTATION_CONTEXT(2) 
PARAMETRIC_REPRESENTATION_CONTEXT() REPRESENTATION_CONTEXT('2D SPACE',''
  ) );
#8605 = PCURVE('',#7930,#8606);
#8606 = DEFINITIONAL_REPRESENTATION('',(#8607),#8615);
#8607 = ( BOUNDED_CURVE() B_SPLINE_CURVE(2,(#8608,#8609,#8610,#8611,
#8612,#8613,#8614),.UNSPECIFIED.,.T.,.F.) B_SPLINE_CURVE_WITH_KNOTS((1,2
    ,2,2,2,1),(-2.094395102393,0.,2.094395102393,4.188790204786,
6.28318530718,8.377580409573),.UNSPECIFIED.) CURVE() 
GEOMETRIC_REPRESENTATION_ITEM() RATIONAL_B_SPLINE_CURVE((1.,0.5,1.,0.5,
1.,0.5,1.)) REPRESENTATION_ITEM('') );
#8608 = CARTESIAN_POINT('',(170.15,146.67656169927));
#8609 = CARTESIAN_POINT('',(170.15,-113.131059436));
#8610 = CARTESIAN_POINT('',(-54.85,16.772751131611));
#8611 = CARTESIAN_POINT('',(-279.85,146.67656169927));
#8612 = CARTESIAN_POINT('',(-54.85,276.58037226694));
#8613 = CARTESIAN_POINT('',(170.15,406.4841828346));
#8614 = CARTESIAN_POINT('',(170.15,146.67656169927));
#8615 = ( GEOMETRIC_REPRESENTATION_CONTEXT(2) 
PARAMETRIC_REPRESENTATION_CONTEXT() REPRESENTATION_CONTEXT('2D SPACE',''
  ) );
#8616 = ORIENTED_EDGE('',*,*,#8617,.F.);
#8617 = EDGE_CURVE('',#8618,#8590,#8620,.T.);
#8618 = VERTEX_POINT('',#8619);
#8619 = CARTESIAN_POINT('',(31.400417960248,-38.66368526409,
    -4.523438300723));
#8620 = SURFACE_CURVE('',#8621,(#8636,#8654),.PCURVE_S1.);
#8621 = B_SPLINE_CURVE_WITH_KNOTS('',7,(#8622,#8623,#8624,#8625,#8626,
    #8627,#8628,#8629,#8630,#8631,#8632,#8633,#8634,#8635),
  .UNSPECIFIED.,.F.,.F.,(8,6,8),(0.,0.558419019462,1.),.UNSPECIFIED.);
#8622 = CARTESIAN_POINT('',(31.400420762953,-38.66368042327,
    -4.523438900724));
#8623 = CARTESIAN_POINT('',(30.931594699079,-39.47343622037,
    -4.423072928411));
#8624 = CARTESIAN_POINT('',(30.385443157682,-40.25993796828,
    -4.307981616055));
#8625 = CARTESIAN_POINT('',(29.759417980778,-41.01634687649,
    -4.178699471271));
#8626 = CARTESIAN_POINT('',(29.050947469667,-41.73425345259,
    -4.036078253085));
#8627 = CARTESIAN_POINT('',(28.257742816988,-42.40339753651,
    -3.881389492706));
#8628 = CARTESIAN_POINT('',(27.378310165519,-43.01119190571,
    -3.716474900301));
#8629 = CARTESIAN_POINT('',(25.649299568553,-43.96172352508,
    -3.407188896697));
#8630 = CARTESIAN_POINT('',(24.827693131844,-44.33566454804,
    -3.264972930482));
#8631 = CARTESIAN_POINT('',(23.954853517307,-44.65075859681,
    -3.119629278248));
#8632 = CARTESIAN_POINT('',(23.039669501694,-44.8964208024,
    -2.97391289903));
#8633 = CARTESIAN_POINT('',(22.092639666524,-45.06462193253,
    -2.830522348267));
#8634 = CARTESIAN_POINT('',(21.125375396536,-45.15,-2.691793645355));
#8635 = CARTESIAN_POINT('',(20.15,-45.15,-2.5595697665));
#8636 = PCURVE('',#7654,#8637);
#8637 = DEFINITIONAL_REPRESENTATION('',(#8638),#8653);
#8638 = B_SPLINE_CURVE_WITH_KNOTS('',7,(#8639,#8640,#8641,#8642,#8643,
    #8644,#8645,#8646,#8647,#8648,#8649,#8650,#8651,#8652),
  .UNSPECIFIED.,.F.,.F.,(8,6,8),(0.,0.558419019462,1.),.UNSPECIFIED.);
#8639 = CARTESIAN_POINT('',(1.359900319975,150.11368042327));
#8640 = CARTESIAN_POINT('',(1.363096645689,150.92343622037));
#8641 = CARTESIAN_POINT('',(1.36681760336,151.70993796828));
#8642 = CARTESIAN_POINT('',(1.371079111068,152.46634687649));
#8643 = CARTESIAN_POINT('',(1.375896879305,153.18425345259));
#8644 = CARTESIAN_POINT('',(1.38128433099,153.85339753651));
#8645 = CARTESIAN_POINT('',(1.38724920073,154.46119190571));
#8646 = CARTESIAN_POINT('',(1.398958903215,155.41172352508));
#8647 = CARTESIAN_POINT('',(1.404517642472,155.78566454804));
#8648 = CARTESIAN_POINT('',(1.410416497525,156.10075859681));
#8649 = CARTESIAN_POINT('',(1.416594277077,156.3464208024));
#8650 = CARTESIAN_POINT('',(1.422979459848,156.51462193253));
#8651 = CARTESIAN_POINT('',(1.429493680429,156.6));
#8652 = CARTESIAN_POINT('',(1.436055659529,156.6));
#8653 = ( GEOMETRIC_REPRESENTATION_CONTEXT(2) 
PARAMETRIC_REPRESENTATION_CONTEXT() REPRESENTATION_CONTEXT('2D SPACE',''
  ) );
#8654 = PCURVE('',#7984,#8655);
#8655 = DEFINITIONAL_REPRESENTATION('',(#8656),#8671);
#8656 = B_SPLINE_CURVE_WITH_KNOTS('',7,(#8657,#8658,#8659,#8660,#8661,
    #8662,#8663,#8664,#8665,#8666,#8667,#8668,#8669,#8670),
  .UNSPECIFIED.,.F.,.F.,(8,6,8),(0.,0.558419019462,1.),.UNSPECIFIED.);
#8657 = CARTESIAN_POINT('',(3.666406993888,5.999999999062E-07));
#8658 = CARTESIAN_POINT('',(3.738382594994,-0.100365372313));
#8659 = CARTESIAN_POINT('',(3.811790438692,-0.215456684666));
#8660 = CARTESIAN_POINT('',(3.88688276645,-0.344738829456));
#8661 = CARTESIAN_POINT('',(3.96391606879,-0.487360047636));
#8662 = CARTESIAN_POINT('',(4.043175872707,-0.642048808018));
#8663 = CARTESIAN_POINT('',(4.124980511366,-0.806963400422));
#8664 = CARTESIAN_POINT('',(4.276754791056,-1.116249404026));
#8665 = CARTESIAN_POINT('',(4.345995315297,-1.258465370242));
#8666 = CARTESIAN_POINT('',(4.417000250457,-1.403809022475));
#8667 = CARTESIAN_POINT('',(4.489416799238,-1.549525401693));
#8668 = CARTESIAN_POINT('',(4.562955172814,-1.692915952457));
#8669 = CARTESIAN_POINT('',(4.637360103728,-1.831644655368));
#8670 = CARTESIAN_POINT('',(4.712388980385,-1.963868534223));
#8671 = ( GEOMETRIC_REPRESENTATION_CONTEXT(2) 
PARAMETRIC_REPRESENTATION_CONTEXT() REPRESENTATION_CONTEXT('2D SPACE',''
  ) );
#8672 = ORIENTED_EDGE('',*,*,#8673,.F.);
#8673 = EDGE_CURVE('',#8674,#8618,#8676,.T.);
#8674 = VERTEX_POINT('',#8675);
#8675 = CARTESIAN_POINT('',(31.400417960248,38.663685264098,
    -4.523438300723));
#8676 = SURFACE_CURVE('',#8677,(#8681,#8687),.PCURVE_S1.);
#8677 = LINE('',#8678,#8679);
#8678 = CARTESIAN_POINT('',(31.400417960248,111.45,-4.523438300723));
#8679 = VECTOR('',#8680,1.);
#8680 = DIRECTION('',(0.,-1.,2.22044604925E-16));
#8681 = PCURVE('',#7654,#8682);
#8682 = DEFINITIONAL_REPRESENTATION('',(#8683),#8686);
#8683 = B_SPLINE_CURVE_WITH_KNOTS('',1,(#8684,#8685),.UNSPECIFIED.,.F.,
  .F.,(2,2),(57.27,165.63),.PIECEWISE_BEZIER_KNOTS.);
#8684 = CARTESIAN_POINT('',(1.359900339083,57.27));
#8685 = CARTESIAN_POINT('',(1.359900339083,165.63));
#8686 = ( GEOMETRIC_REPRESENTATION_CONTEXT(2) 
PARAMETRIC_REPRESENTATION_CONTEXT() REPRESENTATION_CONTEXT('2D SPACE',''
  ) );
#8687 = PCURVE('',#8688,#8693);
#8688 = PLANE('',#8689);
#8689 = AXIS2_PLACEMENT_3D('',#8690,#8691,#8692);
#8690 = CARTESIAN_POINT('',(-4.803091413613E-15,-1.76440092745E-15,
    -4.523438300723));
#8691 = DIRECTION('',(0.,0.,1.));
#8692 = DIRECTION('',(1.,0.,-0.));
#8693 = DEFINITIONAL_REPRESENTATION('',(#8694),#8697);
#8694 = B_SPLINE_CURVE_WITH_KNOTS('',1,(#8695,#8696),.UNSPECIFIED.,.F.,
  .F.,(2,2),(57.27,165.63),.PIECEWISE_BEZIER_KNOTS.);
#8695 = CARTESIAN_POINT('',(31.400417960248,54.18));
#8696 = CARTESIAN_POINT('',(31.400417960248,-54.18));
#8697 = ( GEOMETRIC_REPRESENTATION_CONTEXT(2) 
PARAMETRIC_REPRESENTATION_CONTEXT() REPRESENTATION_CONTEXT('2D SPACE',''
  ) );
#8698 = ORIENTED_EDGE('',*,*,#8699,.F.);
#8699 = EDGE_CURVE('',#8700,#8674,#8702,.T.);
#8700 = VERTEX_POINT('',#8701);
#8701 = CARTESIAN_POINT('',(20.15,45.15,-2.5595697665));
#8702 = SURFACE_CURVE('',#8703,(#8718,#8736),.PCURVE_S1.);
#8703 = B_SPLINE_CURVE_WITH_KNOTS('',7,(#8704,#8705,#8706,#8707,#8708,
    #8709,#8710,#8711,#8712,#8713,#8714,#8715,#8716,#8717),
  .UNSPECIFIED.,.F.,.F.,(8,6,8),(0.,0.269504812631,1.),.UNSPECIFIED.);
#8704 = CARTESIAN_POINT('',(20.15,45.15,-2.5595697665));
#8705 = CARTESIAN_POINT('',(20.74453977773,45.15,-2.640166791834));
#8706 = CARTESIAN_POINT('',(21.337607525308,45.118277610711,
    -2.723389643539));
#8707 = CARTESIAN_POINT('',(21.925869602537,45.055115823511,
    -2.808767788689));
#8708 = CARTESIAN_POINT('',(22.506036578605,44.961375363078,
    -2.895741522483));
#8709 = CARTESIAN_POINT('',(23.074935121912,44.838483860745,
    -2.983675109289));
#8710 = CARTESIAN_POINT('',(23.629576391038,44.688426011102,
    -3.071880169061));
#8711 = CARTESIAN_POINT('',(25.624511214607,44.040232394224,
    -3.397548342575));
#8712 = CARTESIAN_POINT('',(26.947033666924,43.388967014637,
    -3.630629722324));
#8713 = CARTESIAN_POINT('',(28.124656024668,42.601346565488,
    -3.851630704919));
#8714 = CARTESIAN_POINT('',(29.155589497383,41.710221906565,
    -4.054664959248));
#8715 = CARTESIAN_POINT('',(30.041887044392,40.74272932321,
    -4.235723400124));
#8716 = CARTESIAN_POINT('',(30.788197761952,39.721111232651,
    -4.392374607369));
#8717 = CARTESIAN_POINT('',(31.400420762953,38.663680423272,
    -4.523438900724));
#8718 = PCURVE('',#7654,#8719);
#8719 = DEFINITIONAL_REPRESENTATION('',(#8720),#8735);
#8720 = B_SPLINE_CURVE_WITH_KNOTS('',7,(#8721,#8722,#8723,#8724,#8725,
    #8726,#8727,#8728,#8729,#8730,#8731,#8732,#8733,#8734),
  .UNSPECIFIED.,.F.,.F.,(8,6,8),(0.,0.269504812631,1.),.UNSPECIFIED.);
#8721 = CARTESIAN_POINT('',(1.436055659529,66.3));
#8722 = CARTESIAN_POINT('',(1.432055807155,66.3));
#8723 = CARTESIAN_POINT('',(1.428063327752,66.331722389289));
#8724 = CARTESIAN_POINT('',(1.424100561255,66.394884176489));
#8725 = CARTESIAN_POINT('',(1.420189636313,66.488624636922));
#8726 = CARTESIAN_POINT('',(1.416352000429,66.611516139255));
#8727 = CARTESIAN_POINT('',(1.412607957757,66.761573988898));
#8728 = CARTESIAN_POINT('',(1.399132342398,67.409767605776));
#8729 = CARTESIAN_POINT('',(1.390180360408,68.061032985363));
#8730 = CARTESIAN_POINT('',(1.382193169849,68.848653434512));
#8731 = CARTESIAN_POINT('',(1.375188604604,69.739778093435));
#8732 = CARTESIAN_POINT('',(1.369158073973,70.707270676791));
#8733 = CARTESIAN_POINT('',(1.364074286125,71.728888767349));
#8734 = CARTESIAN_POINT('',(1.359900319975,72.786319576728));
#8735 = ( GEOMETRIC_REPRESENTATION_CONTEXT(2) 
PARAMETRIC_REPRESENTATION_CONTEXT() REPRESENTATION_CONTEXT('2D SPACE',''
  ) );
#8736 = PCURVE('',#8083,#8737);
#8737 = DEFINITIONAL_REPRESENTATION('',(#8738),#8753);
#8738 = B_SPLINE_CURVE_WITH_KNOTS('',7,(#8739,#8740,#8741,#8742,#8743,
    #8744,#8745,#8746,#8747,#8748,#8749,#8750,#8751,#8752),
  .UNSPECIFIED.,.F.,.F.,(8,6,8),(0.,0.269504812631,1.),.UNSPECIFIED.);
#8739 = CARTESIAN_POINT('',(1.570796326795,-1.963868534223));
#8740 = CARTESIAN_POINT('',(1.616530155851,-1.883271508889));
#8741 = CARTESIAN_POINT('',(1.662150750215,-1.800048657184));
#8742 = CARTESIAN_POINT('',(1.707557924242,-1.714670512034));
#8743 = CARTESIAN_POINT('',(1.752651372991,-1.62769677824));
#8744 = CARTESIAN_POINT('',(1.797326475483,-1.539763191434));
#8745 = CARTESIAN_POINT('',(1.841469982962,-1.451558131662));
#8746 = CARTESIAN_POINT('',(2.002823721946,-1.125889958148));
#8747 = CARTESIAN_POINT('',(2.115058361714,-0.8928085784));
#8748 = CARTESIAN_POINT('',(2.222605793693,-0.671807595801));
#8749 = CARTESIAN_POINT('',(2.326089696061,-0.46877334148));
#8750 = CARTESIAN_POINT('',(2.426013918489,-0.287714900596));
#8751 = CARTESIAN_POINT('',(2.522787978916,-0.131063693355));
#8752 = CARTESIAN_POINT('',(2.616778313291,5.999999999062E-07));
#8753 = ( GEOMETRIC_REPRESENTATION_CONTEXT(2) 
PARAMETRIC_REPRESENTATION_CONTEXT() REPRESENTATION_CONTEXT('2D SPACE',''
  ) );
#8754 = ORIENTED_EDGE('',*,*,#8755,.T.);
#8755 = EDGE_CURVE('',#8700,#7771,#8756,.T.);
#8756 = SURFACE_CURVE('',#8757,(#8762,#8769),.PCURVE_S1.);
#8757 = CIRCLE('',#8758,150.);
#8758 = AXIS2_PLACEMENT_3D('',#8759,#8760,#8761);
#8759 = CARTESIAN_POINT('',(0.,45.15,-151.2));
#8760 = DIRECTION('',(0.,-1.,2.22044604925E-16));
#8761 = DIRECTION('',(1.,0.,0.));
#8762 = PCURVE('',#7654,#8763);
#8763 = DEFINITIONAL_REPRESENTATION('',(#8764),#8768);
#8764 = LINE('',#8765,#8766);
#8765 = CARTESIAN_POINT('',(0.,66.3));
#8766 = VECTOR('',#8767,1.);
#8767 = DIRECTION('',(1.,0.));
#8768 = ( GEOMETRIC_REPRESENTATION_CONTEXT(2) 
PARAMETRIC_REPRESENTATION_CONTEXT() REPRESENTATION_CONTEXT('2D SPACE',''
  ) );
#8769 = PCURVE('',#7786,#8770);
#8770 = DEFINITIONAL_REPRESENTATION('',(#8771),#8779);
#8771 = ( BOUNDED_CURVE() B_SPLINE_CURVE(2,(#8772,#8773,#8774,#8775,
#8776,#8777,#8778),.UNSPECIFIED.,.T.,.F.) B_SPLINE_CURVE_WITH_KNOTS((1,2
    ,2,2,2,1),(-2.094395102393,0.,2.094395102393,4.188790204786,
6.28318530718,8.377580409573),.UNSPECIFIED.) CURVE() 
GEOMETRIC_REPRESENTATION_ITEM() RATIONAL_B_SPLINE_CURVE((1.,0.5,1.,0.5,
1.,0.5,1.)) REPRESENTATION_ITEM('') );
#8772 = CARTESIAN_POINT('',(170.15,146.67656169927));
#8773 = CARTESIAN_POINT('',(170.15,-113.131059436));
#8774 = CARTESIAN_POINT('',(-54.85,16.772751131611));
#8775 = CARTESIAN_POINT('',(-279.85,146.67656169927));
#8776 = CARTESIAN_POINT('',(-54.85,276.58037226694));
#8777 = CARTESIAN_POINT('',(170.15,406.4841828346));
#8778 = CARTESIAN_POINT('',(170.15,146.67656169927));
#8779 = ( GEOMETRIC_REPRESENTATION_CONTEXT(2) 
PARAMETRIC_REPRESENTATION_CONTEXT() REPRESENTATION_CONTEXT('2D SPACE',''
  ) );
#8780 = ORIENTED_EDGE('',*,*,#7798,.F.);
#8781 = ORIENTED_EDGE('',*,*,#7639,.T.);
#8782 = FACE_BOUND('',#8783,.F.);
#8783 = EDGE_LOOP('',(#8784,#8842,#8863,#8919,#8947,#9003,#9024,#9080));
#8784 = ORIENTED_EDGE('',*,*,#8785,.F.);
#8785 = EDGE_CURVE('',#8786,#8788,#8790,.T.);
#8786 = VERTEX_POINT('',#8787);
#8787 = CARTESIAN_POINT('',(-25.45,-32.15,-3.374773803657));
#8788 = VERTEX_POINT('',#8789);
#8789 = CARTESIAN_POINT('',(-20.15,-37.45,-2.5595697665));
#8790 = SURFACE_CURVE('',#8791,(#8806,#8824),.PCURVE_S1.);
#8791 = B_SPLINE_CURVE_WITH_KNOTS('',7,(#8792,#8793,#8794,#8795,#8796,
    #8797,#8798,#8799,#8800,#8801,#8802,#8803,#8804,#8805),
  .UNSPECIFIED.,.F.,.F.,(8,6,8),(0.,0.512629356472,1.),.UNSPECIFIED.);
#8792 = CARTESIAN_POINT('',(-25.45,-32.15,-3.374773803657));
#8793 = CARTESIAN_POINT('',(-25.45,-32.676747059,-3.374773803657));
#8794 = CARTESIAN_POINT('',(-25.38892321272,-33.20299833203,
    -3.364258684553));
#8795 = CARTESIAN_POINT('',(-25.26697784554,-33.72475055439,
    -3.343264085975));
#8796 = CARTESIAN_POINT('',(-25.08271578716,-34.23770612262,
    -3.311705057756));
#8797 = CARTESIAN_POINT('',(-24.83347570888,-34.73619775964,
    -3.269446396215));
#8798 = CARTESIAN_POINT('',(-24.5156713802,-35.2124909026,
    -3.216426377397));
#8799 = CARTESIAN_POINT('',(-23.75472644749,-36.0756135038,
    -3.092423682601));
#8800 = CARTESIAN_POINT('',(-23.3085806852,-36.47698382704,
    -3.020832929948));
#8801 = CARTESIAN_POINT('',(-22.78729963112,-36.83515785488,
    -2.938922110381));
#8802 = CARTESIAN_POINT('',(-22.1971308373,-37.12868296048,
    -2.848761422244));
#8803 = CARTESIAN_POINT('',(-21.5496770622,-37.3388144135,
    -2.753350222185));
#8804 = CARTESIAN_POINT('',(-20.86070352998,-37.45,-2.655914187104));
#8805 = CARTESIAN_POINT('',(-20.15,-37.45,-2.5595697665));
#8806 = PCURVE('',#7654,#8807);
#8807 = DEFINITIONAL_REPRESENTATION('',(#8808),#8823);
#8808 = B_SPLINE_CURVE_WITH_KNOTS('',7,(#8809,#8810,#8811,#8812,#8813,
    #8814,#8815,#8816,#8817,#8818,#8819,#8820,#8821,#8822),
  .UNSPECIFIED.,.F.,.F.,(8,6,8),(0.,0.512629356472,1.),.UNSPECIFIED.);
#8809 = CARTESIAN_POINT('',(1.741287748805,143.6));
#8810 = CARTESIAN_POINT('',(1.741287748805,144.126747059));
#8811 = CARTESIAN_POINT('',(1.740874579944,144.65299833203));
#8812 = CARTESIAN_POINT('',(1.740049650359,145.17475055439));
#8813 = CARTESIAN_POINT('',(1.73880335024,145.68770612262));
#8814 = CARTESIAN_POINT('',(1.73711804059,146.18619775964));
#8815 = CARTESIAN_POINT('',(1.734970077848,146.6624909026));
#8816 = CARTESIAN_POINT('',(1.729830195191,147.5256135038));
#8817 = CARTESIAN_POINT('',(1.726817849844,147.92698382704));
#8818 = CARTESIAN_POINT('',(1.72330003157,148.28515785488));
#8819 = CARTESIAN_POINT('',(1.719319999315,148.57868296048));
#8820 = CARTESIAN_POINT('',(1.714957139883,148.7888144135));
#8821 = CARTESIAN_POINT('',(1.710318354885,148.9));
#8822 = CARTESIAN_POINT('',(1.705536994061,148.9));
#8823 = ( GEOMETRIC_REPRESENTATION_CONTEXT(2) 
PARAMETRIC_REPRESENTATION_CONTEXT() REPRESENTATION_CONTEXT('2D SPACE',''
  ) );
#8824 = PCURVE('',#8180,#8825);
#8825 = DEFINITIONAL_REPRESENTATION('',(#8826),#8841);
#8826 = B_SPLINE_CURVE_WITH_KNOTS('',7,(#8827,#8828,#8829,#8830,#8831,
    #8832,#8833,#8834,#8835,#8836,#8837,#8838,#8839,#8840),
  .UNSPECIFIED.,.F.,.F.,(8,6,8),(0.,0.512629356472,1.),.UNSPECIFIED.);
#8827 = CARTESIAN_POINT('',(-3.14159265359,-1.148664497066));
#8828 = CARTESIAN_POINT('',(-3.240978891138,-1.148664497066));
#8829 = CARTESIAN_POINT('',(-3.340271441346,-1.15917961617));
#8830 = CARTESIAN_POINT('',(-3.440319400139,-1.180174214749));
#8831 = CARTESIAN_POINT('',(-3.54189858114,-1.211733242968));
#8832 = CARTESIAN_POINT('',(-3.6457997865,-1.253991904508));
#8833 = CARTESIAN_POINT('',(-3.75286425502,-1.307011923327));
#8834 = CARTESIAN_POINT('',(-3.969969864542,-1.431014618122));
#8835 = CARTESIAN_POINT('',(-4.082444250766,-1.502605370776));
#8836 = CARTESIAN_POINT('',(-4.200114389424,-1.584516190342));
#8837 = CARTESIAN_POINT('',(-4.322199828698,-1.674676878479));
#8838 = CARTESIAN_POINT('',(-4.448298933245,-1.770088078539));
#8839 = CARTESIAN_POINT('',(-4.578293974727,-1.867524113619));
#8840 = CARTESIAN_POINT('',(-4.712388980385,-1.963868534223));
#8841 = ( GEOMETRIC_REPRESENTATION_CONTEXT(2) 
PARAMETRIC_REPRESENTATION_CONTEXT() REPRESENTATION_CONTEXT('2D SPACE',''
  ) );
#8842 = ORIENTED_EDGE('',*,*,#8843,.F.);
#8843 = EDGE_CURVE('',#8844,#8786,#8846,.T.);
#8844 = VERTEX_POINT('',#8845);
#8845 = CARTESIAN_POINT('',(-25.45,32.15,-3.374773803657));
#8846 = SURFACE_CURVE('',#8847,(#8851,#8857),.PCURVE_S1.);
#8847 = LINE('',#8848,#8849);
#8848 = CARTESIAN_POINT('',(-25.45,111.45,-3.374773803657));
#8849 = VECTOR('',#8850,1.);
#8850 = DIRECTION('',(0.,-1.,2.22044604925E-16));
#8851 = PCURVE('',#7654,#8852);
#8852 = DEFINITIONAL_REPRESENTATION('',(#8853),#8856);
#8853 = B_SPLINE_CURVE_WITH_KNOTS('',1,(#8854,#8855),.UNSPECIFIED.,.F.,
  .F.,(2,2),(72.87,150.03),.PIECEWISE_BEZIER_KNOTS.);
#8854 = CARTESIAN_POINT('',(1.741287748805,72.87));
#8855 = CARTESIAN_POINT('',(1.741287748805,150.03));
#8856 = ( GEOMETRIC_REPRESENTATION_CONTEXT(2) 
PARAMETRIC_REPRESENTATION_CONTEXT() REPRESENTATION_CONTEXT('2D SPACE',''
  ) );
#8857 = PCURVE('',#8218,#8858);
#8858 = DEFINITIONAL_REPRESENTATION('',(#8859),#8862);
#8859 = B_SPLINE_CURVE_WITH_KNOTS('',1,(#8860,#8861),.UNSPECIFIED.,.F.,
  .F.,(2,2),(72.87,150.03),.PIECEWISE_BEZIER_KNOTS.);
#8860 = CARTESIAN_POINT('',(70.73,-1.148664497066));
#8861 = CARTESIAN_POINT('',(-6.43,-1.148664497066));
#8862 = ( GEOMETRIC_REPRESENTATION_CONTEXT(2) 
PARAMETRIC_REPRESENTATION_CONTEXT() REPRESENTATION_CONTEXT('2D SPACE',''
  ) );
#8863 = ORIENTED_EDGE('',*,*,#8864,.F.);
#8864 = EDGE_CURVE('',#8865,#8844,#8867,.T.);
#8865 = VERTEX_POINT('',#8866);
#8866 = CARTESIAN_POINT('',(-20.15,37.45,-2.5595697665));
#8867 = SURFACE_CURVE('',#8868,(#8883,#8901),.PCURVE_S1.);
#8868 = B_SPLINE_CURVE_WITH_KNOTS('',7,(#8869,#8870,#8871,#8872,#8873,
    #8874,#8875,#8876,#8877,#8878,#8879,#8880,#8881,#8882),
  .UNSPECIFIED.,.F.,.F.,(8,6,8),(0.,0.447222545299,1.),.UNSPECIFIED.);
#8869 = CARTESIAN_POINT('',(-20.15,37.45,-2.5595697665));
#8870 = CARTESIAN_POINT('',(-20.79994551745,37.45,-2.647677706958));
#8871 = CARTESIAN_POINT('',(-21.43380665499,37.357013275601,
    -2.736981769203));
#8872 = CARTESIAN_POINT('',(-22.03540887377,37.179318176651,
    -2.824996799693));
#8873 = CARTESIAN_POINT('',(-22.59104858644,36.928518133124,
    -2.909078795617));
#8874 = CARTESIAN_POINT('',(-23.09018717257,36.619281685694,
    -2.986701672274));
#8875 = CARTESIAN_POINT('',(-23.52630193363,36.269029946942,
    -3.055966639893));
#8876 = CARTESIAN_POINT('',(-24.35668047907,35.438651401503,
    -3.189972307485));
#8877 = CARTESIAN_POINT('',(-24.72977156961,34.934380497631,
    -3.251884642998));
#8878 = CARTESIAN_POINT('',(-25.02147438786,34.401232212062,
    -3.301220947036));
#8879 = CARTESIAN_POINT('',(-25.23659121752,33.849657619606,
    -3.338032467791));
#8880 = CARTESIAN_POINT('',(-25.37875641148,33.287093297727,
    -3.362508382958));
#8881 = CARTESIAN_POINT('',(-25.45,32.718900687675,-3.374773803657));
#8882 = CARTESIAN_POINT('',(-25.45,32.15,-3.374773803657));
#8883 = PCURVE('',#7654,#8884);
#8884 = DEFINITIONAL_REPRESENTATION('',(#8885),#8900);
#8885 = B_SPLINE_CURVE_WITH_KNOTS('',7,(#8886,#8887,#8888,#8889,#8890,
    #8891,#8892,#8893,#8894,#8895,#8896,#8897,#8898,#8899),
  .UNSPECIFIED.,.F.,.F.,(8,6,8),(0.,0.447222545299,1.),.UNSPECIFIED.);
#8886 = CARTESIAN_POINT('',(1.705536994061,74.));
#8887 = CARTESIAN_POINT('',(1.709909596565,74.));
#8888 = CARTESIAN_POINT('',(1.714177013102,74.092986724399));
#8889 = CARTESIAN_POINT('',(1.718230300698,74.270681823349));
#8890 = CARTESIAN_POINT('',(1.721976673195,74.521481866876));
#8891 = CARTESIAN_POINT('',(1.725344232706,74.830718314306));
#8892 = CARTESIAN_POINT('',(1.72828809633,75.180970053058));
#8893 = CARTESIAN_POINT('',(1.733895575652,76.011348598497));
#8894 = CARTESIAN_POINT('',(1.736416838767,76.515619502369));
#8895 = CARTESIAN_POINT('',(1.738389135027,77.048767787938));
#8896 = CARTESIAN_POINT('',(1.73984409234,77.600342380394));
#8897 = CARTESIAN_POINT('',(1.740805804176,78.162906702273));
#8898 = CARTESIAN_POINT('',(1.741287748805,78.731099312325));
#8899 = CARTESIAN_POINT('',(1.741287748805,79.3));
#8900 = ( GEOMETRIC_REPRESENTATION_CONTEXT(2) 
PARAMETRIC_REPRESENTATION_CONTEXT() REPRESENTATION_CONTEXT('2D SPACE',''
  ) );
#8901 = PCURVE('',#8267,#8902);
#8902 = DEFINITIONAL_REPRESENTATION('',(#8903),#8918);
#8903 = B_SPLINE_CURVE_WITH_KNOTS('',7,(#8904,#8905,#8906,#8907,#8908,
    #8909,#8910,#8911,#8912,#8913,#8914,#8915,#8916,#8917),
  .UNSPECIFIED.,.F.,.F.,(8,6,8),(0.,0.447222545299,1.),.UNSPECIFIED.);
#8904 = CARTESIAN_POINT('',(-1.570796326795,-1.963868534223));
#8905 = CARTESIAN_POINT('',(-1.693427556503,-1.875760593766));
#8906 = CARTESIAN_POINT('',(-1.813023895094,-1.78645653152));
#8907 = CARTESIAN_POINT('',(-1.929546349006,-1.69844150103));
#8908 = CARTESIAN_POINT('',(-2.042748980015,-1.614359505106));
#8909 = CARTESIAN_POINT('',(-2.152188172792,-1.536736628449));
#8910 = CARTESIAN_POINT('',(-2.257102411931,-1.46747166083));
#8911 = CARTESIAN_POINT('',(-2.478674600773,-1.333465993238));
#8912 = CARTESIAN_POINT('',(-2.595729504424,-1.271553657726));
#8913 = CARTESIAN_POINT('',(-2.708776523587,-1.222217353687));
#8914 = CARTESIAN_POINT('',(-2.818881395443,-1.185405832932));
#8915 = CARTESIAN_POINT('',(-2.927047036657,-1.160929917766));
#8916 = CARTESIAN_POINT('',(-3.034252901198,-1.148664497066));
#8917 = CARTESIAN_POINT('',(-3.14159265359,-1.148664497066));
#8918 = ( GEOMETRIC_REPRESENTATION_CONTEXT(2) 
PARAMETRIC_REPRESENTATION_CONTEXT() REPRESENTATION_CONTEXT('2D SPACE',''
  ) );
#8919 = ORIENTED_EDGE('',*,*,#8920,.F.);
#8920 = EDGE_CURVE('',#8921,#8865,#8923,.T.);
#8921 = VERTEX_POINT('',#8922);
#8922 = CARTESIAN_POINT('',(20.15,37.45,-2.5595697665));
#8923 = SURFACE_CURVE('',#8924,(#8929,#8936),.PCURVE_S1.);
#8924 = CIRCLE('',#8925,150.);
#8925 = AXIS2_PLACEMENT_3D('',#8926,#8927,#8928);
#8926 = CARTESIAN_POINT('',(0.,37.45,-151.2));
#8927 = DIRECTION('',(0.,-1.,2.22044604925E-16));
#8928 = DIRECTION('',(1.,0.,0.));
#8929 = PCURVE('',#7654,#8930);
#8930 = DEFINITIONAL_REPRESENTATION('',(#8931),#8935);
#8931 = LINE('',#8932,#8933);
#8932 = CARTESIAN_POINT('',(0.,74.));
#8933 = VECTOR('',#8934,1.);
#8934 = DIRECTION('',(1.,0.));
#8935 = ( GEOMETRIC_REPRESENTATION_CONTEXT(2) 
PARAMETRIC_REPRESENTATION_CONTEXT() REPRESENTATION_CONTEXT('2D SPACE',''
  ) );
#8936 = PCURVE('',#8307,#8937);
#8937 = DEFINITIONAL_REPRESENTATION('',(#8938),#8946);
#8938 = ( BOUNDED_CURVE() B_SPLINE_CURVE(2,(#8939,#8940,#8941,#8942,
#8943,#8944,#8945),.UNSPECIFIED.,.T.,.F.) B_SPLINE_CURVE_WITH_KNOTS((1,2
    ,2,2,2,1),(-2.094395102393,0.,2.094395102393,4.188790204786,
6.28318530718,8.377580409573),.UNSPECIFIED.) CURVE() 
GEOMETRIC_REPRESENTATION_ITEM() RATIONAL_B_SPLINE_CURVE((1.,0.5,1.,0.5,
1.,0.5,1.)) REPRESENTATION_ITEM('') );
#8939 = CARTESIAN_POINT('',(170.15,146.67656169927));
#8940 = CARTESIAN_POINT('',(170.15,-113.131059436));
#8941 = CARTESIAN_POINT('',(-54.85,16.772751131611));
#8942 = CARTESIAN_POINT('',(-279.85,146.67656169927));
#8943 = CARTESIAN_POINT('',(-54.85,276.58037226694));
#8944 = CARTESIAN_POINT('',(170.15,406.4841828346));
#8945 = CARTESIAN_POINT('',(170.15,146.67656169927));
#8946 = ( GEOMETRIC_REPRESENTATION_CONTEXT(2) 
PARAMETRIC_REPRESENTATION_CONTEXT() REPRESENTATION_CONTEXT('2D SPACE',''
  ) );
#8947 = ORIENTED_EDGE('',*,*,#8948,.F.);
#8948 = EDGE_CURVE('',#8949,#8921,#8951,.T.);
#8949 = VERTEX_POINT('',#8950);
#8950 = CARTESIAN_POINT('',(25.45,32.15,-3.374773803657));
#8951 = SURFACE_CURVE('',#8952,(#8967,#8985),.PCURVE_S1.);
#8952 = B_SPLINE_CURVE_WITH_KNOTS('',7,(#8953,#8954,#8955,#8956,#8957,
    #8958,#8959,#8960,#8961,#8962,#8963,#8964,#8965,#8966),
  .UNSPECIFIED.,.F.,.F.,(8,6,8),(0.,0.512629353267,1.),.UNSPECIFIED.);
#8953 = CARTESIAN_POINT('',(25.45,32.15,-3.374773803657));
#8954 = CARTESIAN_POINT('',(25.45,32.676747055048,-3.374773803657));
#8955 = CARTESIAN_POINT('',(25.388923210013,33.2029983472,
    -3.364258684105));
#8956 = CARTESIAN_POINT('',(25.266977854373,33.724750527594,
    -3.343264087429));
#8957 = CARTESIAN_POINT('',(25.082715774656,34.237706148777,
    -3.311705055702));
#8958 = CARTESIAN_POINT('',(24.833475717982,34.736197745622,
    -3.269446397704));
#8959 = CARTESIAN_POINT('',(24.515671377201,35.212490906014,
    -3.216426376907));
#8960 = CARTESIAN_POINT('',(23.754726445598,36.075613505962,
    -3.092423682291));
#8961 = CARTESIAN_POINT('',(23.308580694893,36.476983820167,
    -3.020832931436));
#8962 = CARTESIAN_POINT('',(22.787299610682,36.835157864767,
    -2.938922107348));
#8963 = CARTESIAN_POINT('',(22.197130860139,37.128682953265,
    -2.848761425536));
#8964 = CARTESIAN_POINT('',(21.549677048408,37.338814415777,
    -2.753350220251));
#8965 = CARTESIAN_POINT('',(20.860703533778,37.45,-2.655914187618));
#8966 = CARTESIAN_POINT('',(20.15,37.45,-2.5595697665));
#8967 = PCURVE('',#7654,#8968);
#8968 = DEFINITIONAL_REPRESENTATION('',(#8969),#8984);
#8969 = B_SPLINE_CURVE_WITH_KNOTS('',7,(#8970,#8971,#8972,#8973,#8974,
    #8975,#8976,#8977,#8978,#8979,#8980,#8981,#8982,#8983),
  .UNSPECIFIED.,.F.,.F.,(8,6,8),(0.,0.512629353267,1.),.UNSPECIFIED.);
#8970 = CARTESIAN_POINT('',(1.400304904785,79.3));
#8971 = CARTESIAN_POINT('',(1.400304904785,78.773252944952));
#8972 = CARTESIAN_POINT('',(1.400718073665,78.2470016528));
#8973 = CARTESIAN_POINT('',(1.401543003171,77.725249472406));
#8974 = CARTESIAN_POINT('',(1.402789303435,77.212293851223));
#8975 = CARTESIAN_POINT('',(1.404474612939,76.713802254378));
#8976 = CARTESIAN_POINT('',(1.406622575762,76.237509093986));
#8977 = CARTESIAN_POINT('',(1.411762458412,75.374386494038));
#8978 = CARTESIAN_POINT('',(1.41477480368,74.973016179833));
#8979 = CARTESIAN_POINT('',(1.418292622158,74.614842135233));
#8980 = CARTESIAN_POINT('',(1.422272654121,74.321317046735));
#8981 = CARTESIAN_POINT('',(1.4266355138,74.111185584223));
#8982 = CARTESIAN_POINT('',(1.431274298679,74.));
#8983 = CARTESIAN_POINT('',(1.436055659529,74.));
#8984 = ( GEOMETRIC_REPRESENTATION_CONTEXT(2) 
PARAMETRIC_REPRESENTATION_CONTEXT() REPRESENTATION_CONTEXT('2D SPACE',''
  ) );
#8985 = PCURVE('',#8361,#8986);
#8986 = DEFINITIONAL_REPRESENTATION('',(#8987),#9002);
#8987 = B_SPLINE_CURVE_WITH_KNOTS('',7,(#8988,#8989,#8990,#8991,#8992,
    #8993,#8994,#8995,#8996,#8997,#8998,#8999,#9000,#9001),
  .UNSPECIFIED.,.F.,.F.,(8,6,8),(0.,0.512629353267,1.),.UNSPECIFIED.);
#8988 = CARTESIAN_POINT('',(0.,-1.148664497066));
#8989 = CARTESIAN_POINT('',(-9.938623680158E-02,-1.148664497066));
#8990 = CARTESIAN_POINT('',(-0.19867879078,-1.159179616618));
#8991 = CARTESIAN_POINT('',(-0.298726740945,-1.180174213295));
#8992 = CARTESIAN_POINT('',(-0.400305933293,-1.211733245022));
#8993 = CARTESIAN_POINT('',(-0.504207129648,-1.253991903019));
#8994 = CARTESIAN_POINT('',(-0.611271602287,-1.307011923816));
#8995 = CARTESIAN_POINT('',(-0.828377211494,-1.431014618432));
#8996 = CARTESIAN_POINT('',(-0.940851594803,-1.502605369287));
#8997 = CARTESIAN_POINT('',(-1.058521740422,-1.584516193375));
#8998 = CARTESIAN_POINT('',(-1.180607170302,-1.674676875187));
#8999 = CARTESIAN_POINT('',(-1.306706282406,-1.770088080472));
#9000 = CARTESIAN_POINT('',(-1.436701320422,-1.867524113105));
#9001 = CARTESIAN_POINT('',(-1.570796326795,-1.963868534223));
#9002 = ( GEOMETRIC_REPRESENTATION_CONTEXT(2) 
PARAMETRIC_REPRESENTATION_CONTEXT() REPRESENTATION_CONTEXT('2D SPACE',''
  ) );
#9003 = ORIENTED_EDGE('',*,*,#9004,.T.);
#9004 = EDGE_CURVE('',#8949,#9005,#9007,.T.);
#9005 = VERTEX_POINT('',#9006);
#9006 = CARTESIAN_POINT('',(25.45,-32.15,-3.374773803657));
#9007 = SURFACE_CURVE('',#9008,(#9012,#9018),.PCURVE_S1.);
#9008 = LINE('',#9009,#9010);
#9009 = CARTESIAN_POINT('',(25.45,111.45,-3.374773803657));
#9010 = VECTOR('',#9011,1.);
#9011 = DIRECTION('',(0.,-1.,2.22044604925E-16));
#9012 = PCURVE('',#7654,#9013);
#9013 = DEFINITIONAL_REPRESENTATION('',(#9014),#9017);
#9014 = B_SPLINE_CURVE_WITH_KNOTS('',1,(#9015,#9016),.UNSPECIFIED.,.F.,
  .F.,(2,2),(72.87,150.03),.PIECEWISE_BEZIER_KNOTS.);
#9015 = CARTESIAN_POINT('',(1.400304904785,72.87));
#9016 = CARTESIAN_POINT('',(1.400304904785,150.03));
#9017 = ( GEOMETRIC_REPRESENTATION_CONTEXT(2) 
PARAMETRIC_REPRESENTATION_CONTEXT() REPRESENTATION_CONTEXT('2D SPACE',''
  ) );
#9018 = PCURVE('',#8399,#9019);
#9019 = DEFINITIONAL_REPRESENTATION('',(#9020),#9023);
#9020 = B_SPLINE_CURVE_WITH_KNOTS('',1,(#9021,#9022),.UNSPECIFIED.,.F.,
  .F.,(2,2),(72.87,150.03),.PIECEWISE_BEZIER_KNOTS.);
#9021 = CARTESIAN_POINT('',(70.73,-1.148664497066));
#9022 = CARTESIAN_POINT('',(-6.43,-1.148664497066));
#9023 = ( GEOMETRIC_REPRESENTATION_CONTEXT(2) 
PARAMETRIC_REPRESENTATION_CONTEXT() REPRESENTATION_CONTEXT('2D SPACE',''
  ) );
#9024 = ORIENTED_EDGE('',*,*,#9025,.F.);
#9025 = EDGE_CURVE('',#9026,#9005,#9028,.T.);
#9026 = VERTEX_POINT('',#9027);
#9027 = CARTESIAN_POINT('',(20.15,-37.45,-2.5595697665));
#9028 = SURFACE_CURVE('',#9029,(#9044,#9062),.PCURVE_S1.);
#9029 = B_SPLINE_CURVE_WITH_KNOTS('',7,(#9030,#9031,#9032,#9033,#9034,
    #9035,#9036,#9037,#9038,#9039,#9040,#9041,#9042,#9043),
  .UNSPECIFIED.,.F.,.F.,(8,6,8),(0.,0.4472225453,1.),.UNSPECIFIED.);
#9030 = CARTESIAN_POINT('',(20.15,-37.45,-2.5595697665));
#9031 = CARTESIAN_POINT('',(20.799945517453,-37.45,-2.647677706958));
#9032 = CARTESIAN_POINT('',(21.433806654993,-37.3570132756,
    -2.736981769203));
#9033 = CARTESIAN_POINT('',(22.035408873772,-37.17931817665,
    -2.824996799692));
#9034 = CARTESIAN_POINT('',(22.59104858645,-36.92851813312,
    -2.909078795617));
#9035 = CARTESIAN_POINT('',(23.090187172579,-36.61928168569,
    -2.986701672275));
#9036 = CARTESIAN_POINT('',(23.526301933634,-36.26902994694,
    -3.055966639893));
#9037 = CARTESIAN_POINT('',(24.356680479075,-35.4386514015,
    -3.189972307486));
#9038 = CARTESIAN_POINT('',(24.729771569609,-34.93438049763,
    -3.251884642998));
#9039 = CARTESIAN_POINT('',(25.021474387865,-34.40123221206,
    -3.301220947036));
#9040 = CARTESIAN_POINT('',(25.236591217529,-33.8496576196,
    -3.338032467791));
#9041 = CARTESIAN_POINT('',(25.378756411482,-33.28709329772,
    -3.362508382957));
#9042 = CARTESIAN_POINT('',(25.45,-32.71890068767,-3.374773803657));
#9043 = CARTESIAN_POINT('',(25.45,-32.15,-3.374773803657));
#9044 = PCURVE('',#7654,#9045);
#9045 = DEFINITIONAL_REPRESENTATION('',(#9046),#9061);
#9046 = B_SPLINE_CURVE_WITH_KNOTS('',7,(#9047,#9048,#9049,#9050,#9051,
    #9052,#9053,#9054,#9055,#9056,#9057,#9058,#9059,#9060),
  .UNSPECIFIED.,.F.,.F.,(8,6,8),(0.,0.4472225453,1.),.UNSPECIFIED.);
#9047 = CARTESIAN_POINT('',(1.436055659529,148.9));
#9048 = CARTESIAN_POINT('',(1.431683057024,148.9));
#9049 = CARTESIAN_POINT('',(1.427415640488,148.8070132756));
#9050 = CARTESIAN_POINT('',(1.423362352892,148.62931817665));
#9051 = CARTESIAN_POINT('',(1.419615980395,148.37851813312));
#9052 = CARTESIAN_POINT('',(1.416248420884,148.06928168569));
#9053 = CARTESIAN_POINT('',(1.41330455726,147.71902994694));
#9054 = CARTESIAN_POINT('',(1.407697077938,146.8886514015));
#9055 = CARTESIAN_POINT('',(1.405175814823,146.38438049763));
#9056 = CARTESIAN_POINT('',(1.403203518563,145.85123221206));
#9057 = CARTESIAN_POINT('',(1.40174856125,145.2996576196));
#9058 = CARTESIAN_POINT('',(1.400786849413,144.73709329772));
#9059 = CARTESIAN_POINT('',(1.400304904785,144.16890068767));
#9060 = CARTESIAN_POINT('',(1.400304904785,143.6));
#9061 = ( GEOMETRIC_REPRESENTATION_CONTEXT(2) 
PARAMETRIC_REPRESENTATION_CONTEXT() REPRESENTATION_CONTEXT('2D SPACE',''
  ) );
#9062 = PCURVE('',#8448,#9063);
#9063 = DEFINITIONAL_REPRESENTATION('',(#9064),#9079);
#9064 = B_SPLINE_CURVE_WITH_KNOTS('',7,(#9065,#9066,#9067,#9068,#9069,
    #9070,#9071,#9072,#9073,#9074,#9075,#9076,#9077,#9078),
  .UNSPECIFIED.,.F.,.F.,(8,6,8),(0.,0.4472225453,1.),.UNSPECIFIED.);
#9065 = CARTESIAN_POINT('',(-4.712388980385,-1.963868534223));
#9066 = CARTESIAN_POINT('',(-4.835020210093,-1.875760593765));
#9067 = CARTESIAN_POINT('',(-4.954616548684,-1.786456531521));
#9068 = CARTESIAN_POINT('',(-5.071139002595,-1.698441501031));
#9069 = CARTESIAN_POINT('',(-5.184341633605,-1.614359505106));
#9070 = CARTESIAN_POINT('',(-5.293780826383,-1.536736628448));
#9071 = CARTESIAN_POINT('',(-5.39869506552,-1.46747166083));
#9072 = CARTESIAN_POINT('',(-5.620267254363,-1.333465993238));
#9073 = CARTESIAN_POINT('',(-5.737322158014,-1.271553657726));
#9074 = CARTESIAN_POINT('',(-5.850369177177,-1.222217353687));
#9075 = CARTESIAN_POINT('',(-5.960474049032,-1.185405832932));
#9076 = CARTESIAN_POINT('',(-6.068639690247,-1.160929917766));
#9077 = CARTESIAN_POINT('',(-6.175845554788,-1.148664497066));
#9078 = CARTESIAN_POINT('',(-6.28318530718,-1.148664497066));
#9079 = ( GEOMETRIC_REPRESENTATION_CONTEXT(2) 
PARAMETRIC_REPRESENTATION_CONTEXT() REPRESENTATION_CONTEXT('2D SPACE',''
  ) );
#9080 = ORIENTED_EDGE('',*,*,#9081,.T.);
#9081 = EDGE_CURVE('',#9026,#8788,#9082,.T.);
#9082 = SURFACE_CURVE('',#9083,(#9088,#9095),.PCURVE_S1.);
#9083 = CIRCLE('',#9084,150.);
#9084 = AXIS2_PLACEMENT_3D('',#9085,#9086,#9087);
#9085 = CARTESIAN_POINT('',(0.,-37.45,-151.2));
#9086 = DIRECTION('',(0.,-1.,2.22044604925E-16));
#9087 = DIRECTION('',(1.,0.,0.));
#9088 = PCURVE('',#7654,#9089);
#9089 = DEFINITIONAL_REPRESENTATION('',(#9090),#9094);
#9090 = LINE('',#9091,#9092);
#9091 = CARTESIAN_POINT('',(0.,148.9));
#9092 = VECTOR('',#9093,1.);
#9093 = DIRECTION('',(1.,0.));
#9094 = ( GEOMETRIC_REPRESENTATION_CONTEXT(2) 
PARAMETRIC_REPRESENTATION_CONTEXT() REPRESENTATION_CONTEXT('2D SPACE',''
  ) );
#9095 = PCURVE('',#8486,#9096);
#9096 = DEFINITIONAL_REPRESENTATION('',(#9097),#9105);
#9097 = ( BOUNDED_CURVE() B_SPLINE_CURVE(2,(#9098,#9099,#9100,#9101,
#9102,#9103,#9104),.UNSPECIFIED.,.T.,.F.) B_SPLINE_CURVE_WITH_KNOTS((1,2
    ,2,2,2,1),(-2.094395102393,0.,2.094395102393,4.188790204786,
6.28318530718,8.377580409573),.UNSPECIFIED.) CURVE() 
GEOMETRIC_REPRESENTATION_ITEM() RATIONAL_B_SPLINE_CURVE((1.,0.5,1.,0.5,
1.,0.5,1.)) REPRESENTATION_ITEM('') );
#9098 = CARTESIAN_POINT('',(170.15,146.67656169927));
#9099 = CARTESIAN_POINT('',(170.15,-113.131059436));
#9100 = CARTESIAN_POINT('',(-54.85,16.772751131611));
#9101 = CARTESIAN_POINT('',(-279.85,146.67656169927));
#9102 = CARTESIAN_POINT('',(-54.85,276.58037226694));
#9103 = CARTESIAN_POINT('',(170.15,406.4841828346));
#9104 = CARTESIAN_POINT('',(170.15,146.67656169927));
#9105 = ( GEOMETRIC_REPRESENTATION_CONTEXT(2) 
PARAMETRIC_REPRESENTATION_CONTEXT() REPRESENTATION_CONTEXT('2D SPACE',''
  ) );
#9106 = ADVANCED_FACE('',(#9107),#7786,.T.);
#9107 = FACE_BOUND('',#9108,.T.);
#9108 = EDGE_LOOP('',(#9109,#9110,#9111,#9112));
#9109 = ORIENTED_EDGE('',*,*,#8755,.T.);
#9110 = ORIENTED_EDGE('',*,*,#7770,.T.);
#9111 = ORIENTED_EDGE('',*,*,#8112,.F.);
#9112 = ORIENTED_EDGE('',*,*,#9113,.F.);
#9113 = EDGE_CURVE('',#8700,#8034,#9114,.T.);
#9114 = SURFACE_CURVE('',#9115,(#9119,#9126),.PCURVE_S1.);
#9115 = LINE('',#9116,#9117);
#9116 = CARTESIAN_POINT('',(20.15,45.15,-4.523438300723));
#9117 = VECTOR('',#9118,1.);
#9118 = DIRECTION('',(0.,0.,1.));
#9119 = PCURVE('',#7786,#9120);
#9120 = DEFINITIONAL_REPRESENTATION('',(#9121),#9125);
#9121 = LINE('',#9122,#9123);
#9122 = CARTESIAN_POINT('',(40.3,0.));
#9123 = VECTOR('',#9124,1.);
#9124 = DIRECTION('',(0.,-1.));
#9125 = ( GEOMETRIC_REPRESENTATION_CONTEXT(2) 
PARAMETRIC_REPRESENTATION_CONTEXT() REPRESENTATION_CONTEXT('2D SPACE',''
  ) );
#9126 = PCURVE('',#8083,#9127);
#9127 = DEFINITIONAL_REPRESENTATION('',(#9128),#9132);
#9128 = LINE('',#9129,#9130);
#9129 = CARTESIAN_POINT('',(1.570796326795,0.));
#9130 = VECTOR('',#9131,1.);
#9131 = DIRECTION('',(0.,-1.));
#9132 = ( GEOMETRIC_REPRESENTATION_CONTEXT(2) 
PARAMETRIC_REPRESENTATION_CONTEXT() REPRESENTATION_CONTEXT('2D SPACE',''
  ) );
#9133 = ADVANCED_FACE('',(#9134),#8083,.T.);
#9134 = FACE_BOUND('',#9135,.T.);
#9135 = EDGE_LOOP('',(#9136,#9137,#9138,#9139,#9162));
#9136 = ORIENTED_EDGE('',*,*,#8699,.F.);
#9137 = ORIENTED_EDGE('',*,*,#9113,.T.);
#9138 = ORIENTED_EDGE('',*,*,#8033,.T.);
#9139 = ORIENTED_EDGE('',*,*,#9140,.F.);
#9140 = EDGE_CURVE('',#9141,#8008,#9143,.T.);
#9141 = VERTEX_POINT('',#9142);
#9142 = CARTESIAN_POINT('',(33.15,32.15,-4.523438300723));
#9143 = SURFACE_CURVE('',#9144,(#9148,#9155),.PCURVE_S1.);
#9144 = LINE('',#9145,#9146);
#9145 = CARTESIAN_POINT('',(33.15,32.15,-4.523438300723));
#9146 = VECTOR('',#9147,1.);
#9147 = DIRECTION('',(0.,0.,1.));
#9148 = PCURVE('',#8083,#9149);
#9149 = DEFINITIONAL_REPRESENTATION('',(#9150),#9154);
#9150 = LINE('',#9151,#9152);
#9151 = CARTESIAN_POINT('',(3.14159265359,0.));
#9152 = VECTOR('',#9153,1.);
#9153 = DIRECTION('',(0.,-1.));
#9154 = ( GEOMETRIC_REPRESENTATION_CONTEXT(2) 
PARAMETRIC_REPRESENTATION_CONTEXT() REPRESENTATION_CONTEXT('2D SPACE',''
  ) );
#9155 = PCURVE('',#8022,#9156);
#9156 = DEFINITIONAL_REPRESENTATION('',(#9157),#9161);
#9157 = LINE('',#9158,#9159);
#9158 = CARTESIAN_POINT('',(64.3,0.));
#9159 = VECTOR('',#9160,1.);
#9160 = DIRECTION('',(0.,-1.));
#9161 = ( GEOMETRIC_REPRESENTATION_CONTEXT(2) 
PARAMETRIC_REPRESENTATION_CONTEXT() REPRESENTATION_CONTEXT('2D SPACE',''
  ) );
#9162 = ORIENTED_EDGE('',*,*,#9163,.F.);
#9163 = EDGE_CURVE('',#8674,#9141,#9164,.T.);
#9164 = SURFACE_CURVE('',#9165,(#9170,#9177),.PCURVE_S1.);
#9165 = CIRCLE('',#9166,13.);
#9166 = AXIS2_PLACEMENT_3D('',#9167,#9168,#9169);
#9167 = CARTESIAN_POINT('',(20.15,32.15,-4.523438300723));
#9168 = DIRECTION('',(0.,0.,-1.));
#9169 = DIRECTION('',(-1.,0.,0.));
#9170 = PCURVE('',#8083,#9171);
#9171 = DEFINITIONAL_REPRESENTATION('',(#9172),#9176);
#9172 = LINE('',#9173,#9174);
#9173 = CARTESIAN_POINT('',(0.,0.));
#9174 = VECTOR('',#9175,1.);
#9175 = DIRECTION('',(1.,0.));
#9176 = ( GEOMETRIC_REPRESENTATION_CONTEXT(2) 
PARAMETRIC_REPRESENTATION_CONTEXT() REPRESENTATION_CONTEXT('2D SPACE',''
  ) );
#9177 = PCURVE('',#8688,#9178);
#9178 = DEFINITIONAL_REPRESENTATION('',(#9179),#9187);
#9179 = ( BOUNDED_CURVE() B_SPLINE_CURVE(2,(#9180,#9181,#9182,#9183,
#9184,#9185,#9186),.UNSPECIFIED.,.T.,.F.) B_SPLINE_CURVE_WITH_KNOTS((1,2
    ,2,2,2,1),(-2.094395102393,0.,2.094395102393,4.188790204786,
6.28318530718,8.377580409573),.UNSPECIFIED.) CURVE() 
GEOMETRIC_REPRESENTATION_ITEM() RATIONAL_B_SPLINE_CURVE((1.,0.5,1.,0.5,
1.,0.5,1.)) REPRESENTATION_ITEM('') );
#9180 = CARTESIAN_POINT('',(7.15,32.15));
#9181 = CARTESIAN_POINT('',(7.15,54.666660498395));
#9182 = CARTESIAN_POINT('',(26.65,43.408330249198));
#9183 = CARTESIAN_POINT('',(46.15,32.15));
#9184 = CARTESIAN_POINT('',(26.65,20.891669750802));
#9185 = CARTESIAN_POINT('',(7.15,9.633339501605));
#9186 = CARTESIAN_POINT('',(7.15,32.15));
#9187 = ( GEOMETRIC_REPRESENTATION_CONTEXT(2) 
PARAMETRIC_REPRESENTATION_CONTEXT() REPRESENTATION_CONTEXT('2D SPACE',''
  ) );
#9188 = ADVANCED_FACE('',(#9189),#8022,.F.);
#9189 = FACE_BOUND('',#9190,.F.);
#9190 = EDGE_LOOP('',(#9191,#9214,#9235,#9236));
#9191 = ORIENTED_EDGE('',*,*,#9192,.F.);
#9192 = EDGE_CURVE('',#9193,#9141,#9195,.T.);
#9193 = VERTEX_POINT('',#9194);
#9194 = CARTESIAN_POINT('',(33.15,-32.15,-4.523438300723));
#9195 = SURFACE_CURVE('',#9196,(#9200,#9207),.PCURVE_S1.);
#9196 = LINE('',#9197,#9198);
#9197 = CARTESIAN_POINT('',(33.15,0.,-4.523438300723));
#9198 = VECTOR('',#9199,1.);
#9199 = DIRECTION('',(0.,1.,0.));
#9200 = PCURVE('',#8022,#9201);
#9201 = DEFINITIONAL_REPRESENTATION('',(#9202),#9206);
#9202 = LINE('',#9203,#9204);
#9203 = CARTESIAN_POINT('',(32.15,0.));
#9204 = VECTOR('',#9205,1.);
#9205 = DIRECTION('',(1.,0.));
#9206 = ( GEOMETRIC_REPRESENTATION_CONTEXT(2) 
PARAMETRIC_REPRESENTATION_CONTEXT() REPRESENTATION_CONTEXT('2D SPACE',''
  ) );
#9207 = PCURVE('',#8688,#9208);
#9208 = DEFINITIONAL_REPRESENTATION('',(#9209),#9213);
#9209 = LINE('',#9210,#9211);
#9210 = CARTESIAN_POINT('',(33.15,1.76440092745E-15));
#9211 = VECTOR('',#9212,1.);
#9212 = DIRECTION('',(0.,1.));
#9213 = ( GEOMETRIC_REPRESENTATION_CONTEXT(2) 
PARAMETRIC_REPRESENTATION_CONTEXT() REPRESENTATION_CONTEXT('2D SPACE',''
  ) );
#9214 = ORIENTED_EDGE('',*,*,#9215,.T.);
#9215 = EDGE_CURVE('',#9193,#7947,#9216,.T.);
#9216 = SURFACE_CURVE('',#9217,(#9221,#9228),.PCURVE_S1.);
#9217 = LINE('',#9218,#9219);
#9218 = CARTESIAN_POINT('',(33.15,-32.15,-4.523438300723));
#9219 = VECTOR('',#9220,1.);
#9220 = DIRECTION('',(0.,0.,1.));
#9221 = PCURVE('',#8022,#9222);
#9222 = DEFINITIONAL_REPRESENTATION('',(#9223),#9227);
#9223 = LINE('',#9224,#9225);
#9224 = CARTESIAN_POINT('',(0.,0.));
#9225 = VECTOR('',#9226,1.);
#9226 = DIRECTION('',(0.,-1.));
#9227 = ( GEOMETRIC_REPRESENTATION_CONTEXT(2) 
PARAMETRIC_REPRESENTATION_CONTEXT() REPRESENTATION_CONTEXT('2D SPACE',''
  ) );
#9228 = PCURVE('',#7984,#9229);
#9229 = DEFINITIONAL_REPRESENTATION('',(#9230),#9234);
#9230 = LINE('',#9231,#9232);
#9231 = CARTESIAN_POINT('',(3.14159265359,0.));
#9232 = VECTOR('',#9233,1.);
#9233 = DIRECTION('',(0.,-1.));
#9234 = ( GEOMETRIC_REPRESENTATION_CONTEXT(2) 
PARAMETRIC_REPRESENTATION_CONTEXT() REPRESENTATION_CONTEXT('2D SPACE',''
  ) );
#9235 = ORIENTED_EDGE('',*,*,#8007,.F.);
#9236 = ORIENTED_EDGE('',*,*,#9140,.F.);
#9237 = ADVANCED_FACE('',(#9238),#7984,.T.);
#9238 = FACE_BOUND('',#9239,.T.);
#9239 = EDGE_LOOP('',(#9240,#9266,#9267,#9268,#9289));
#9240 = ORIENTED_EDGE('',*,*,#9241,.F.);
#9241 = EDGE_CURVE('',#9193,#8618,#9242,.T.);
#9242 = SURFACE_CURVE('',#9243,(#9248,#9255),.PCURVE_S1.);
#9243 = CIRCLE('',#9244,13.);
#9244 = AXIS2_PLACEMENT_3D('',#9245,#9246,#9247);
#9245 = CARTESIAN_POINT('',(20.15,-32.15,-4.523438300723));
#9246 = DIRECTION('',(0.,0.,-1.));
#9247 = DIRECTION('',(-1.,0.,0.));
#9248 = PCURVE('',#7984,#9249);
#9249 = DEFINITIONAL_REPRESENTATION('',(#9250),#9254);
#9250 = LINE('',#9251,#9252);
#9251 = CARTESIAN_POINT('',(0.,0.));
#9252 = VECTOR('',#9253,1.);
#9253 = DIRECTION('',(1.,0.));
#9254 = ( GEOMETRIC_REPRESENTATION_CONTEXT(2) 
PARAMETRIC_REPRESENTATION_CONTEXT() REPRESENTATION_CONTEXT('2D SPACE',''
  ) );
#9255 = PCURVE('',#8688,#9256);
#9256 = DEFINITIONAL_REPRESENTATION('',(#9257),#9265);
#9257 = ( BOUNDED_CURVE() B_SPLINE_CURVE(2,(#9258,#9259,#9260,#9261,
#9262,#9263,#9264),.UNSPECIFIED.,.T.,.F.) B_SPLINE_CURVE_WITH_KNOTS((1,2
    ,2,2,2,1),(-2.094395102393,0.,2.094395102393,4.188790204786,
6.28318530718,8.377580409573),.UNSPECIFIED.) CURVE() 
GEOMETRIC_REPRESENTATION_ITEM() RATIONAL_B_SPLINE_CURVE((1.,0.5,1.,0.5,
1.,0.5,1.)) REPRESENTATION_ITEM('') );
#9258 = CARTESIAN_POINT('',(7.15,-32.15));
#9259 = CARTESIAN_POINT('',(7.15,-9.633339501605));
#9260 = CARTESIAN_POINT('',(26.65,-20.8916697508));
#9261 = CARTESIAN_POINT('',(46.15,-32.15));
#9262 = CARTESIAN_POINT('',(26.65,-43.40833024919));
#9263 = CARTESIAN_POINT('',(7.15,-54.66666049839));
#9264 = CARTESIAN_POINT('',(7.15,-32.15));
#9265 = ( GEOMETRIC_REPRESENTATION_CONTEXT(2) 
PARAMETRIC_REPRESENTATION_CONTEXT() REPRESENTATION_CONTEXT('2D SPACE',''
  ) );
#9266 = ORIENTED_EDGE('',*,*,#9215,.T.);
#9267 = ORIENTED_EDGE('',*,*,#7946,.T.);
#9268 = ORIENTED_EDGE('',*,*,#9269,.F.);
#9269 = EDGE_CURVE('',#8590,#7914,#9270,.T.);
#9270 = SURFACE_CURVE('',#9271,(#9275,#9282),.PCURVE_S1.);
#9271 = LINE('',#9272,#9273);
#9272 = CARTESIAN_POINT('',(20.15,-45.15,-4.523438300723));
#9273 = VECTOR('',#9274,1.);
#9274 = DIRECTION('',(0.,0.,1.));
#9275 = PCURVE('',#7984,#9276);
#9276 = DEFINITIONAL_REPRESENTATION('',(#9277),#9281);
#9277 = LINE('',#9278,#9279);
#9278 = CARTESIAN_POINT('',(4.712388980385,0.));
#9279 = VECTOR('',#9280,1.);
#9280 = DIRECTION('',(0.,-1.));
#9281 = ( GEOMETRIC_REPRESENTATION_CONTEXT(2) 
PARAMETRIC_REPRESENTATION_CONTEXT() REPRESENTATION_CONTEXT('2D SPACE',''
  ) );
#9282 = PCURVE('',#7930,#9283);
#9283 = DEFINITIONAL_REPRESENTATION('',(#9284),#9288);
#9284 = LINE('',#9285,#9286);
#9285 = CARTESIAN_POINT('',(40.3,0.));
#9286 = VECTOR('',#9287,1.);
#9287 = DIRECTION('',(0.,-1.));
#9288 = ( GEOMETRIC_REPRESENTATION_CONTEXT(2) 
PARAMETRIC_REPRESENTATION_CONTEXT() REPRESENTATION_CONTEXT('2D SPACE',''
  ) );
#9289 = ORIENTED_EDGE('',*,*,#8617,.F.);
#9290 = ADVANCED_FACE('',(#9291),#7930,.F.);
#9291 = FACE_BOUND('',#9292,.F.);
#9292 = EDGE_LOOP('',(#9293,#9294,#9295,#9296));
#9293 = ORIENTED_EDGE('',*,*,#8589,.T.);
#9294 = ORIENTED_EDGE('',*,*,#8561,.T.);
#9295 = ORIENTED_EDGE('',*,*,#7913,.F.);
#9296 = ORIENTED_EDGE('',*,*,#9269,.F.);
#9297 = ADVANCED_FACE('',(#9298),#8180,.F.);
#9298 = FACE_BOUND('',#9299,.T.);
#9299 = EDGE_LOOP('',(#9300,#9301,#9322,#9323));
#9300 = ORIENTED_EDGE('',*,*,#8785,.F.);
#9301 = ORIENTED_EDGE('',*,*,#9302,.T.);
#9302 = EDGE_CURVE('',#8786,#8141,#9303,.T.);
#9303 = SURFACE_CURVE('',#9304,(#9308,#9315),.PCURVE_S1.);
#9304 = LINE('',#9305,#9306);
#9305 = CARTESIAN_POINT('',(-25.45,-32.15,-4.523438300723));
#9306 = VECTOR('',#9307,1.);
#9307 = DIRECTION('',(0.,0.,1.));
#9308 = PCURVE('',#8180,#9309);
#9309 = DEFINITIONAL_REPRESENTATION('',(#9310),#9314);
#9310 = LINE('',#9311,#9312);
#9311 = CARTESIAN_POINT('',(-3.14159265359,0.));
#9312 = VECTOR('',#9313,1.);
#9313 = DIRECTION('',(-0.,-1.));
#9314 = ( GEOMETRIC_REPRESENTATION_CONTEXT(2) 
PARAMETRIC_REPRESENTATION_CONTEXT() REPRESENTATION_CONTEXT('2D SPACE',''
  ) );
#9315 = PCURVE('',#8218,#9316);
#9316 = DEFINITIONAL_REPRESENTATION('',(#9317),#9321);
#9317 = LINE('',#9318,#9319);
#9318 = CARTESIAN_POINT('',(0.,0.));
#9319 = VECTOR('',#9320,1.);
#9320 = DIRECTION('',(0.,-1.));
#9321 = ( GEOMETRIC_REPRESENTATION_CONTEXT(2) 
PARAMETRIC_REPRESENTATION_CONTEXT() REPRESENTATION_CONTEXT('2D SPACE',''
  ) );
#9322 = ORIENTED_EDGE('',*,*,#8140,.T.);
#9323 = ORIENTED_EDGE('',*,*,#9324,.F.);
#9324 = EDGE_CURVE('',#8788,#8143,#9325,.T.);
#9325 = SURFACE_CURVE('',#9326,(#9330,#9337),.PCURVE_S1.);
#9326 = LINE('',#9327,#9328);
#9327 = CARTESIAN_POINT('',(-20.15,-37.45,-4.523438300723));
#9328 = VECTOR('',#9329,1.);
#9329 = DIRECTION('',(0.,0.,1.));
#9330 = PCURVE('',#8180,#9331);
#9331 = DEFINITIONAL_REPRESENTATION('',(#9332),#9336);
#9332 = LINE('',#9333,#9334);
#9333 = CARTESIAN_POINT('',(-4.712388980385,0.));
#9334 = VECTOR('',#9335,1.);
#9335 = DIRECTION('',(-0.,-1.));
#9336 = ( GEOMETRIC_REPRESENTATION_CONTEXT(2) 
PARAMETRIC_REPRESENTATION_CONTEXT() REPRESENTATION_CONTEXT('2D SPACE',''
  ) );
#9337 = PCURVE('',#8486,#9338);
#9338 = DEFINITIONAL_REPRESENTATION('',(#9339),#9343);
#9339 = LINE('',#9340,#9341);
#9340 = CARTESIAN_POINT('',(0.,0.));
#9341 = VECTOR('',#9342,1.);
#9342 = DIRECTION('',(0.,-1.));
#9343 = ( GEOMETRIC_REPRESENTATION_CONTEXT(2) 
PARAMETRIC_REPRESENTATION_CONTEXT() REPRESENTATION_CONTEXT('2D SPACE',''
  ) );
#9344 = ADVANCED_FACE('',(#9345),#8486,.T.);
#9345 = FACE_BOUND('',#9346,.T.);
#9346 = EDGE_LOOP('',(#9347,#9348,#9349,#9350));
#9347 = ORIENTED_EDGE('',*,*,#9081,.T.);
#9348 = ORIENTED_EDGE('',*,*,#9324,.T.);
#9349 = ORIENTED_EDGE('',*,*,#8471,.F.);
#9350 = ORIENTED_EDGE('',*,*,#9351,.F.);
#9351 = EDGE_CURVE('',#9026,#8411,#9352,.T.);
#9352 = SURFACE_CURVE('',#9353,(#9357,#9364),.PCURVE_S1.);
#9353 = LINE('',#9354,#9355);
#9354 = CARTESIAN_POINT('',(20.15,-37.45,-4.523438300723));
#9355 = VECTOR('',#9356,1.);
#9356 = DIRECTION('',(0.,0.,1.));
#9357 = PCURVE('',#8486,#9358);
#9358 = DEFINITIONAL_REPRESENTATION('',(#9359),#9363);
#9359 = LINE('',#9360,#9361);
#9360 = CARTESIAN_POINT('',(40.3,0.));
#9361 = VECTOR('',#9362,1.);
#9362 = DIRECTION('',(0.,-1.));
#9363 = ( GEOMETRIC_REPRESENTATION_CONTEXT(2) 
PARAMETRIC_REPRESENTATION_CONTEXT() REPRESENTATION_CONTEXT('2D SPACE',''
  ) );
#9364 = PCURVE('',#8448,#9365);
#9365 = DEFINITIONAL_REPRESENTATION('',(#9366),#9370);
#9366 = LINE('',#9367,#9368);
#9367 = CARTESIAN_POINT('',(-4.712388980385,0.));
#9368 = VECTOR('',#9369,1.);
#9369 = DIRECTION('',(-0.,-1.));
#9370 = ( GEOMETRIC_REPRESENTATION_CONTEXT(2) 
PARAMETRIC_REPRESENTATION_CONTEXT() REPRESENTATION_CONTEXT('2D SPACE',''
  ) );
#9371 = ADVANCED_FACE('',(#9372),#8448,.F.);
#9372 = FACE_BOUND('',#9373,.T.);
#9373 = EDGE_LOOP('',(#9374,#9375,#9376,#9377));
#9374 = ORIENTED_EDGE('',*,*,#9025,.F.);
#9375 = ORIENTED_EDGE('',*,*,#9351,.T.);
#9376 = ORIENTED_EDGE('',*,*,#8410,.T.);
#9377 = ORIENTED_EDGE('',*,*,#9378,.F.);
#9378 = EDGE_CURVE('',#9005,#8385,#9379,.T.);
#9379 = SURFACE_CURVE('',#9380,(#9384,#9391),.PCURVE_S1.);
#9380 = LINE('',#9381,#9382);
#9381 = CARTESIAN_POINT('',(25.45,-32.15,-4.523438300723));
#9382 = VECTOR('',#9383,1.);
#9383 = DIRECTION('',(0.,0.,1.));
#9384 = PCURVE('',#8448,#9385);
#9385 = DEFINITIONAL_REPRESENTATION('',(#9386),#9390);
#9386 = LINE('',#9387,#9388);
#9387 = CARTESIAN_POINT('',(-6.28318530718,0.));
#9388 = VECTOR('',#9389,1.);
#9389 = DIRECTION('',(-0.,-1.));
#9390 = ( GEOMETRIC_REPRESENTATION_CONTEXT(2) 
PARAMETRIC_REPRESENTATION_CONTEXT() REPRESENTATION_CONTEXT('2D SPACE',''
  ) );
#9391 = PCURVE('',#8399,#9392);
#9392 = DEFINITIONAL_REPRESENTATION('',(#9393),#9397);
#9393 = LINE('',#9394,#9395);
#9394 = CARTESIAN_POINT('',(0.,0.));
#9395 = VECTOR('',#9396,1.);
#9396 = DIRECTION('',(0.,-1.));
#9397 = ( GEOMETRIC_REPRESENTATION_CONTEXT(2) 
PARAMETRIC_REPRESENTATION_CONTEXT() REPRESENTATION_CONTEXT('2D SPACE',''
  ) );
#9398 = ADVANCED_FACE('',(#9399),#8399,.T.);
#9399 = FACE_BOUND('',#9400,.T.);
#9400 = EDGE_LOOP('',(#9401,#9402,#9403,#9404));
#9401 = ORIENTED_EDGE('',*,*,#9004,.T.);
#9402 = ORIENTED_EDGE('',*,*,#9378,.T.);
#9403 = ORIENTED_EDGE('',*,*,#8384,.F.);
#9404 = ORIENTED_EDGE('',*,*,#9405,.F.);
#9405 = EDGE_CURVE('',#8949,#8324,#9406,.T.);
#9406 = SURFACE_CURVE('',#9407,(#9411,#9418),.PCURVE_S1.);
#9407 = LINE('',#9408,#9409);
#9408 = CARTESIAN_POINT('',(25.45,32.15,-4.523438300723));
#9409 = VECTOR('',#9410,1.);
#9410 = DIRECTION('',(0.,0.,1.));
#9411 = PCURVE('',#8399,#9412);
#9412 = DEFINITIONAL_REPRESENTATION('',(#9413),#9417);
#9413 = LINE('',#9414,#9415);
#9414 = CARTESIAN_POINT('',(64.3,0.));
#9415 = VECTOR('',#9416,1.);
#9416 = DIRECTION('',(0.,-1.));
#9417 = ( GEOMETRIC_REPRESENTATION_CONTEXT(2) 
PARAMETRIC_REPRESENTATION_CONTEXT() REPRESENTATION_CONTEXT('2D SPACE',''
  ) );
#9418 = PCURVE('',#8361,#9419);
#9419 = DEFINITIONAL_REPRESENTATION('',(#9420),#9424);
#9420 = LINE('',#9421,#9422);
#9421 = CARTESIAN_POINT('',(-0.,0.));
#9422 = VECTOR('',#9423,1.);
#9423 = DIRECTION('',(-0.,-1.));
#9424 = ( GEOMETRIC_REPRESENTATION_CONTEXT(2) 
PARAMETRIC_REPRESENTATION_CONTEXT() REPRESENTATION_CONTEXT('2D SPACE',''
  ) );
#9425 = ADVANCED_FACE('',(#9426),#8361,.F.);
#9426 = FACE_BOUND('',#9427,.T.);
#9427 = EDGE_LOOP('',(#9428,#9429,#9430,#9431));
#9428 = ORIENTED_EDGE('',*,*,#8948,.F.);
#9429 = ORIENTED_EDGE('',*,*,#9405,.T.);
#9430 = ORIENTED_EDGE('',*,*,#8323,.T.);
#9431 = ORIENTED_EDGE('',*,*,#9432,.F.);
#9432 = EDGE_CURVE('',#8921,#8291,#9433,.T.);
#9433 = SURFACE_CURVE('',#9434,(#9438,#9445),.PCURVE_S1.);
#9434 = LINE('',#9435,#9436);
#9435 = CARTESIAN_POINT('',(20.15,37.45,-4.523438300723));
#9436 = VECTOR('',#9437,1.);
#9437 = DIRECTION('',(0.,0.,1.));
#9438 = PCURVE('',#8361,#9439);
#9439 = DEFINITIONAL_REPRESENTATION('',(#9440),#9444);
#9440 = LINE('',#9441,#9442);
#9441 = CARTESIAN_POINT('',(-1.570796326795,0.));
#9442 = VECTOR('',#9443,1.);
#9443 = DIRECTION('',(-0.,-1.));
#9444 = ( GEOMETRIC_REPRESENTATION_CONTEXT(2) 
PARAMETRIC_REPRESENTATION_CONTEXT() REPRESENTATION_CONTEXT('2D SPACE',''
  ) );
#9445 = PCURVE('',#8307,#9446);
#9446 = DEFINITIONAL_REPRESENTATION('',(#9447),#9451);
#9447 = LINE('',#9448,#9449);
#9448 = CARTESIAN_POINT('',(40.3,0.));
#9449 = VECTOR('',#9450,1.);
#9450 = DIRECTION('',(0.,-1.));
#9451 = ( GEOMETRIC_REPRESENTATION_CONTEXT(2) 
PARAMETRIC_REPRESENTATION_CONTEXT() REPRESENTATION_CONTEXT('2D SPACE',''
  ) );
#9452 = ADVANCED_FACE('',(#9453),#8307,.F.);
#9453 = FACE_BOUND('',#9454,.F.);
#9454 = EDGE_LOOP('',(#9455,#9456,#9477,#9478));
#9455 = ORIENTED_EDGE('',*,*,#8920,.T.);
#9456 = ORIENTED_EDGE('',*,*,#9457,.T.);
#9457 = EDGE_CURVE('',#8865,#8230,#9458,.T.);
#9458 = SURFACE_CURVE('',#9459,(#9463,#9470),.PCURVE_S1.);
#9459 = LINE('',#9460,#9461);
#9460 = CARTESIAN_POINT('',(-20.15,37.45,-4.523438300723));
#9461 = VECTOR('',#9462,1.);
#9462 = DIRECTION('',(0.,0.,1.));
#9463 = PCURVE('',#8307,#9464);
#9464 = DEFINITIONAL_REPRESENTATION('',(#9465),#9469);
#9465 = LINE('',#9466,#9467);
#9466 = CARTESIAN_POINT('',(0.,0.));
#9467 = VECTOR('',#9468,1.);
#9468 = DIRECTION('',(0.,-1.));
#9469 = ( GEOMETRIC_REPRESENTATION_CONTEXT(2) 
PARAMETRIC_REPRESENTATION_CONTEXT() REPRESENTATION_CONTEXT('2D SPACE',''
  ) );
#9470 = PCURVE('',#8267,#9471);
#9471 = DEFINITIONAL_REPRESENTATION('',(#9472),#9476);
#9472 = LINE('',#9473,#9474);
#9473 = CARTESIAN_POINT('',(-1.570796326795,0.));
#9474 = VECTOR('',#9475,1.);
#9475 = DIRECTION('',(-0.,-1.));
#9476 = ( GEOMETRIC_REPRESENTATION_CONTEXT(2) 
PARAMETRIC_REPRESENTATION_CONTEXT() REPRESENTATION_CONTEXT('2D SPACE',''
  ) );
#9477 = ORIENTED_EDGE('',*,*,#8290,.F.);
#9478 = ORIENTED_EDGE('',*,*,#9432,.F.);
#9479 = ADVANCED_FACE('',(#9480),#8267,.F.);
#9480 = FACE_BOUND('',#9481,.T.);
#9481 = EDGE_LOOP('',(#9482,#9483,#9484,#9485));
#9482 = ORIENTED_EDGE('',*,*,#8864,.F.);
#9483 = ORIENTED_EDGE('',*,*,#9457,.T.);
#9484 = ORIENTED_EDGE('',*,*,#8229,.T.);
#9485 = ORIENTED_EDGE('',*,*,#9486,.F.);
#9486 = EDGE_CURVE('',#8844,#8204,#9487,.T.);
#9487 = SURFACE_CURVE('',#9488,(#9492,#9499),.PCURVE_S1.);
#9488 = LINE('',#9489,#9490);
#9489 = CARTESIAN_POINT('',(-25.45,32.15,-4.523438300723));
#9490 = VECTOR('',#9491,1.);
#9491 = DIRECTION('',(0.,0.,1.));
#9492 = PCURVE('',#8267,#9493);
#9493 = DEFINITIONAL_REPRESENTATION('',(#9494),#9498);
#9494 = LINE('',#9495,#9496);
#9495 = CARTESIAN_POINT('',(-3.14159265359,0.));
#9496 = VECTOR('',#9497,1.);
#9497 = DIRECTION('',(-0.,-1.));
#9498 = ( GEOMETRIC_REPRESENTATION_CONTEXT(2) 
PARAMETRIC_REPRESENTATION_CONTEXT() REPRESENTATION_CONTEXT('2D SPACE',''
  ) );
#9499 = PCURVE('',#8218,#9500);
#9500 = DEFINITIONAL_REPRESENTATION('',(#9501),#9505);
#9501 = LINE('',#9502,#9503);
#9502 = CARTESIAN_POINT('',(64.3,0.));
#9503 = VECTOR('',#9504,1.);
#9504 = DIRECTION('',(0.,-1.));
#9505 = ( GEOMETRIC_REPRESENTATION_CONTEXT(2) 
PARAMETRIC_REPRESENTATION_CONTEXT() REPRESENTATION_CONTEXT('2D SPACE',''
  ) );
#9506 = ADVANCED_FACE('',(#9507),#8218,.F.);
#9507 = FACE_BOUND('',#9508,.F.);
#9508 = EDGE_LOOP('',(#9509,#9510,#9511,#9512));
#9509 = ORIENTED_EDGE('',*,*,#8843,.T.);
#9510 = ORIENTED_EDGE('',*,*,#9302,.T.);
#9511 = ORIENTED_EDGE('',*,*,#8203,.F.);
#9512 = ORIENTED_EDGE('',*,*,#9486,.F.);
#9513 = ADVANCED_FACE('',(#9514),#8688,.F.);
#9514 = FACE_BOUND('',#9515,.F.);
#9515 = EDGE_LOOP('',(#9516,#9517,#9518,#9519));
#9516 = ORIENTED_EDGE('',*,*,#8673,.T.);
#9517 = ORIENTED_EDGE('',*,*,#9241,.F.);
#9518 = ORIENTED_EDGE('',*,*,#9192,.T.);
#9519 = ORIENTED_EDGE('',*,*,#9163,.F.);
#9520 = ( GEOMETRIC_REPRESENTATION_CONTEXT(3) 
GLOBAL_UNCERTAINTY_ASSIGNED_CONTEXT((#9524)) 
GLOBAL_UNIT_ASSIGNED_CONTEXT((#9521,#9522,#9523)) REPRESENTATION_CONTEXT
('Context #1','3D Context with UNIT and UNCERTAINTY') );
#9521 = ( LENGTH_UNIT() NAMED_UNIT(*) SI_UNIT(.MILLI.,.METRE.) );
#9522 = ( NAMED_UNIT(*) PLANE_ANGLE_UNIT() SI_UNIT($,.RADIAN.) );
#9523 = ( NAMED_UNIT(*) SI_UNIT($,.STERADIAN.) SOLID_ANGLE_UNIT() );
#9524 = UNCERTAINTY_MEASURE_WITH_UNIT(LENGTH_MEASURE(5.E-07),#9521,
  'distance_accuracy_value','confusion accuracy');
#9525 = PRODUCT_RELATED_PRODUCT_CATEGORY('part',$,(#7));
ENDSEC;
END-ISO-10303-21;
