ISO-10303-21;
HEADER;
FILE_DESCRIPTION(('Open CASCADE Model'),'2;1');
FILE_NAME('Open CASCADE Shape Model','2026-10-07T21:09:47',('Author'),(
    'Open CASCADE'),'Open CASCADE STEP processor 8.0','build123d',
  'Unknown');
FILE_SCHEMA(('AUTOMOTIVE_DESIGN { 1 0 10303 214 1 1 1 1 }'));
ENDSEC;
DATA;
#1 = APPLICATION_PROTOCOL_DEFINITION('international standard',
  'automotive_design',2000,#2);
#2 = APPLICATION_CONTEXT(
  'core data for automotive mechanical design processes');
#3 = SHAPE_DEFINITION_REPRESENTATION(#4,#10);
#4 = PRODUCT_DEFINITION_SHAPE('','',#5);
#5 = PRODUCT_DEFINITION('design','',#6,#9);
#6 = PRODUCT_DEFINITION_FORMATION('','',#7);
#7 = PRODUCT('COMPOUND','COMPOUND','',(#8));
#8 = PRODUCT_CONTEXT('',#2,'mechanical');
#9 = PRODUCT_DEFINITION_CONTEXT('part definition',#2,'design');
#10 = ADVANCED_BREP_SHAPE_REPRESENTATION('',(#11,#15),#9251);
#11 = AXIS2_PLACEMENT_3D('',#12,#13,#14);
#12 = CARTESIAN_POINT('',(0.,0.,0.));
#13 = DIRECTION('',(0.,0.,1.));
#14 = DIRECTION('',(1.,0.,-0.));
#15 = MANIFOLD_SOLID_BREP('',#16);
#16 = CLOSED_SHELL('',(#17,#242,#327,#1191,#1295,#1344,#1416,#1469,#3216
    ,#3241,#3268,#3293,#3320,#3347,#3372,#3399,#3424,#3498,#3525,#3577,
    #3687,#3755,#3831,#3838,#3893,#3948,#4024,#4074,#4128,#4436,#4485,
    #4658,#4708,#4841,#4896,#4951,#4978,#5091,#5160,#5205,#5542,#5589,
    #5636,#5683,#5730,#5755,#5800,#6070,#6117,#6186,#6213,#6224,#6301,
    #6350,#6400,#6427,#6431,#6435,#6837,#7041,#7147,#7192,#7268,#7313,
    #7507,#7534,#7559,#7604,#7775,#7802,#7806,#7810,#7886,#7935,#7984,
    #8011,#8168,#8172,#8329,#8333,#8446,#8473,#8500,#8527,#8552,#8579,
    #8628,#8653,#8718,#8725,#8780,#8835,#8842,#8869,#8876,#8903,#8910,
    #8917,#8972,#9027,#9103,#9152,#9201,#9228,#9232,#9236,#9240,#9244));
#17 = ADVANCED_FACE('',(#18),#32,.T.);
#18 = FACE_BOUND('',#19,.T.);
#19 = EDGE_LOOP('',(#20,#55,#81,#109,#137,#165,#193,#221));
#20 = ORIENTED_EDGE('',*,*,#21,.F.);
#21 = EDGE_CURVE('',#22,#24,#26,.T.);
#22 = VERTEX_POINT('',#23);
#23 = CARTESIAN_POINT('',(-25.15,32.15,-2.123438300723));
#24 = VERTEX_POINT('',#25);
#25 = CARTESIAN_POINT('',(-25.15,32.15,4.8));
#26 = SURFACE_CURVE('',#27,(#31,#43),.PCURVE_S1.);
#27 = LINE('',#28,#29);
#28 = CARTESIAN_POINT('',(-25.15,32.15,-2.723438300723));
#29 = VECTOR('',#30,1.);
#30 = DIRECTION('',(0.,0.,1.));
#31 = PCURVE('',#32,#37);
#32 = PLANE('',#33);
#33 = AXIS2_PLACEMENT_3D('',#34,#35,#36);
#34 = CARTESIAN_POINT('',(-25.15,-32.15,-2.723438300723));
#35 = DIRECTION('',(-1.,0.,0.));
#36 = DIRECTION('',(0.,1.,0.));
#37 = DEFINITIONAL_REPRESENTATION('',(#38),#42);
#38 = LINE('',#39,#40);
#39 = CARTESIAN_POINT('',(64.3,0.));
#40 = VECTOR('',#41,1.);
#41 = DIRECTION('',(0.,-1.));
#42 = ( GEOMETRIC_REPRESENTATION_CONTEXT(2) 
PARAMETRIC_REPRESENTATION_CONTEXT() REPRESENTATION_CONTEXT('2D SPACE',''
  ) );
#43 = PCURVE('',#44,#49);
#44 = CYLINDRICAL_SURFACE('',#45,5.);
#45 = AXIS2_PLACEMENT_3D('',#46,#47,#48);
#46 = CARTESIAN_POINT('',(-20.15,32.15,-2.723438300723));
#47 = DIRECTION('',(0.,0.,-1.));
#48 = DIRECTION('',(-1.,0.,0.));
#49 = DEFINITIONAL_REPRESENTATION('',(#50),#54);
#50 = LINE('',#51,#52);
#51 = CARTESIAN_POINT('',(0.,0.));
#52 = VECTOR('',#53,1.);
#53 = DIRECTION('',(0.,-1.));
#54 = ( GEOMETRIC_REPRESENTATION_CONTEXT(2) 
PARAMETRIC_REPRESENTATION_CONTEXT() REPRESENTATION_CONTEXT('2D SPACE',''
  ) );
#55 = ORIENTED_EDGE('',*,*,#56,.T.);
#56 = EDGE_CURVE('',#22,#57,#59,.T.);
#57 = VERTEX_POINT('',#58);
#58 = CARTESIAN_POINT('',(-25.15,-32.15,-2.123438300723));
#59 = SURFACE_CURVE('',#60,(#64,#70),.PCURVE_S1.);
#60 = LINE('',#61,#62);
#61 = CARTESIAN_POINT('',(-25.15,111.45,-2.123438300723));
#62 = VECTOR('',#63,1.);
#63 = DIRECTION('',(0.,-1.,2.22044604925E-16));
#64 = PCURVE('',#32,#65);
#65 = DEFINITIONAL_REPRESENTATION('',(#66),#69);
#66 = B_SPLINE_CURVE_WITH_KNOTS('',1,(#67,#68),.UNSPECIFIED.,.F.,.F.,(2,
    2),(72.87,150.03),.PIECEWISE_BEZIER_KNOTS.);
#67 = CARTESIAN_POINT('',(70.73,-0.6));
#68 = CARTESIAN_POINT('',(-6.43,-0.6));
#69 = ( GEOMETRIC_REPRESENTATION_CONTEXT(2) 
PARAMETRIC_REPRESENTATION_CONTEXT() REPRESENTATION_CONTEXT('2D SPACE',''
  ) );
#70 = PCURVE('',#71,#76);
#71 = CYLINDRICAL_SURFACE('',#72,150.);
#72 = AXIS2_PLACEMENT_3D('',#73,#74,#75);
#73 = CARTESIAN_POINT('',(0.,111.45,-150.));
#74 = DIRECTION('',(0.,-1.,2.22044604925E-16));
#75 = DIRECTION('',(1.,0.,0.));
#76 = DEFINITIONAL_REPRESENTATION('',(#77),#80);
#77 = B_SPLINE_CURVE_WITH_KNOTS('',1,(#78,#79),.UNSPECIFIED.,.F.,.F.,(2,
    2),(72.87,150.03),.PIECEWISE_BEZIER_KNOTS.);
#78 = CARTESIAN_POINT('',(1.739258678239,72.87));
#79 = CARTESIAN_POINT('',(1.739258678239,150.03));
#80 = ( GEOMETRIC_REPRESENTATION_CONTEXT(2) 
PARAMETRIC_REPRESENTATION_CONTEXT() REPRESENTATION_CONTEXT('2D SPACE',''
  ) );
#81 = ORIENTED_EDGE('',*,*,#82,.T.);
#82 = EDGE_CURVE('',#57,#83,#85,.T.);
#83 = VERTEX_POINT('',#84);
#84 = CARTESIAN_POINT('',(-25.15,-32.15,4.8));
#85 = SURFACE_CURVE('',#86,(#90,#97),.PCURVE_S1.);
#86 = LINE('',#87,#88);
#87 = CARTESIAN_POINT('',(-25.15,-32.15,-2.723438300723));
#88 = VECTOR('',#89,1.);
#89 = DIRECTION('',(0.,0.,1.));
#90 = PCURVE('',#32,#91);
#91 = DEFINITIONAL_REPRESENTATION('',(#92),#96);
#92 = LINE('',#93,#94);
#93 = CARTESIAN_POINT('',(0.,0.));
#94 = VECTOR('',#95,1.);
#95 = DIRECTION('',(0.,-1.));
#96 = ( GEOMETRIC_REPRESENTATION_CONTEXT(2) 
PARAMETRIC_REPRESENTATION_CONTEXT() REPRESENTATION_CONTEXT('2D SPACE',''
  ) );
#97 = PCURVE('',#98,#103);
#98 = CYLINDRICAL_SURFACE('',#99,5.);
#99 = AXIS2_PLACEMENT_3D('',#100,#101,#102);
#100 = CARTESIAN_POINT('',(-20.15,-32.15,-2.723438300723));
#101 = DIRECTION('',(0.,0.,-1.));
#102 = DIRECTION('',(-1.,0.,0.));
#103 = DEFINITIONAL_REPRESENTATION('',(#104),#108);
#104 = LINE('',#105,#106);
#105 = CARTESIAN_POINT('',(6.28318530718,0.));
#106 = VECTOR('',#107,1.);
#107 = DIRECTION('',(0.,-1.));
#108 = ( GEOMETRIC_REPRESENTATION_CONTEXT(2) 
PARAMETRIC_REPRESENTATION_CONTEXT() REPRESENTATION_CONTEXT('2D SPACE',''
  ) );
#109 = ORIENTED_EDGE('',*,*,#110,.T.);
#110 = EDGE_CURVE('',#83,#111,#113,.T.);
#111 = VERTEX_POINT('',#112);
#112 = CARTESIAN_POINT('',(-25.15,-15.2,4.8));
#113 = SURFACE_CURVE('',#114,(#118,#125),.PCURVE_S1.);
#114 = LINE('',#115,#116);
#115 = CARTESIAN_POINT('',(-25.15,0.,4.8));
#116 = VECTOR('',#117,1.);
#117 = DIRECTION('',(0.,1.,0.));
#118 = PCURVE('',#32,#119);
#119 = DEFINITIONAL_REPRESENTATION('',(#120),#124);
#120 = LINE('',#121,#122);
#121 = CARTESIAN_POINT('',(32.15,-7.523438300723));
#122 = VECTOR('',#123,1.);
#123 = DIRECTION('',(1.,0.));
#124 = ( GEOMETRIC_REPRESENTATION_CONTEXT(2) 
PARAMETRIC_REPRESENTATION_CONTEXT() REPRESENTATION_CONTEXT('2D SPACE',''
  ) );
#125 = PCURVE('',#126,#131);
#126 = PLANE('',#127);
#127 = AXIS2_PLACEMENT_3D('',#128,#129,#130);
#128 = CARTESIAN_POINT('',(0.,-2.0701883982E-15,4.8));
#129 = DIRECTION('',(0.,0.,1.));
#130 = DIRECTION('',(1.,0.,-0.));
#131 = DEFINITIONAL_REPRESENTATION('',(#132),#136);
#132 = LINE('',#133,#134);
#133 = CARTESIAN_POINT('',(-25.15,2.0701883982E-15));
#134 = VECTOR('',#135,1.);
#135 = DIRECTION('',(0.,1.));
#136 = ( GEOMETRIC_REPRESENTATION_CONTEXT(2) 
PARAMETRIC_REPRESENTATION_CONTEXT() REPRESENTATION_CONTEXT('2D SPACE',''
  ) );
#137 = ORIENTED_EDGE('',*,*,#138,.F.);
#138 = EDGE_CURVE('',#139,#111,#141,.T.);
#139 = VERTEX_POINT('',#140);
#140 = CARTESIAN_POINT('',(-25.15,-15.2,-1.5));
#141 = SURFACE_CURVE('',#142,(#146,#153),.PCURVE_S1.);
#142 = LINE('',#143,#144);
#143 = CARTESIAN_POINT('',(-25.15,-15.2,-1.5));
#144 = VECTOR('',#145,1.);
#145 = DIRECTION('',(0.,0.,1.));
#146 = PCURVE('',#32,#147);
#147 = DEFINITIONAL_REPRESENTATION('',(#148),#152);
#148 = LINE('',#149,#150);
#149 = CARTESIAN_POINT('',(16.95,-1.223438300723));
#150 = VECTOR('',#151,1.);
#151 = DIRECTION('',(0.,-1.));
#152 = ( GEOMETRIC_REPRESENTATION_CONTEXT(2) 
PARAMETRIC_REPRESENTATION_CONTEXT() REPRESENTATION_CONTEXT('2D SPACE',''
  ) );
#153 = PCURVE('',#154,#159);
#154 = PLANE('',#155);
#155 = AXIS2_PLACEMENT_3D('',#156,#157,#158);
#156 = CARTESIAN_POINT('',(-27.75,-15.2,-1.5));
#157 = DIRECTION('',(-0.,1.,0.));
#158 = DIRECTION('',(0.,0.,1.));
#159 = DEFINITIONAL_REPRESENTATION('',(#160),#164);
#160 = LINE('',#161,#162);
#161 = CARTESIAN_POINT('',(0.,2.6));
#162 = VECTOR('',#163,1.);
#163 = DIRECTION('',(1.,0.));
#164 = ( GEOMETRIC_REPRESENTATION_CONTEXT(2) 
PARAMETRIC_REPRESENTATION_CONTEXT() REPRESENTATION_CONTEXT('2D SPACE',''
  ) );
#165 = ORIENTED_EDGE('',*,*,#166,.T.);
#166 = EDGE_CURVE('',#139,#167,#169,.T.);
#167 = VERTEX_POINT('',#168);
#168 = CARTESIAN_POINT('',(-25.15,15.2,-1.5));
#169 = SURFACE_CURVE('',#170,(#174,#181),.PCURVE_S1.);
#170 = LINE('',#171,#172);
#171 = CARTESIAN_POINT('',(-25.15,-15.2,-1.5));
#172 = VECTOR('',#173,1.);
#173 = DIRECTION('',(-0.,1.,0.));
#174 = PCURVE('',#32,#175);
#175 = DEFINITIONAL_REPRESENTATION('',(#176),#180);
#176 = LINE('',#177,#178);
#177 = CARTESIAN_POINT('',(16.95,-1.223438300723));
#178 = VECTOR('',#179,1.);
#179 = DIRECTION('',(1.,0.));
#180 = ( GEOMETRIC_REPRESENTATION_CONTEXT(2) 
PARAMETRIC_REPRESENTATION_CONTEXT() REPRESENTATION_CONTEXT('2D SPACE',''
  ) );
#181 = PCURVE('',#182,#187);
#182 = PLANE('',#183);
#183 = AXIS2_PLACEMENT_3D('',#184,#185,#186);
#184 = CARTESIAN_POINT('',(-27.75,-15.2,-1.5));
#185 = DIRECTION('',(0.,0.,1.));
#186 = DIRECTION('',(1.,0.,-0.));
#187 = DEFINITIONAL_REPRESENTATION('',(#188),#192);
#188 = LINE('',#189,#190);
#189 = CARTESIAN_POINT('',(2.6,0.));
#190 = VECTOR('',#191,1.);
#191 = DIRECTION('',(0.,1.));
#192 = ( GEOMETRIC_REPRESENTATION_CONTEXT(2) 
PARAMETRIC_REPRESENTATION_CONTEXT() REPRESENTATION_CONTEXT('2D SPACE',''
  ) );
#193 = ORIENTED_EDGE('',*,*,#194,.T.);
#194 = EDGE_CURVE('',#167,#195,#197,.T.);
#195 = VERTEX_POINT('',#196);
#196 = CARTESIAN_POINT('',(-25.15,15.2,4.8));
#197 = SURFACE_CURVE('',#198,(#202,#209),.PCURVE_S1.);
#198 = LINE('',#199,#200);
#199 = CARTESIAN_POINT('',(-25.15,15.2,-1.5));
#200 = VECTOR('',#201,1.);
#201 = DIRECTION('',(0.,0.,1.));
#202 = PCURVE('',#32,#203);
#203 = DEFINITIONAL_REPRESENTATION('',(#204),#208);
#204 = LINE('',#205,#206);
#205 = CARTESIAN_POINT('',(47.35,-1.223438300723));
#206 = VECTOR('',#207,1.);
#207 = DIRECTION('',(0.,-1.));
#208 = ( GEOMETRIC_REPRESENTATION_CONTEXT(2) 
PARAMETRIC_REPRESENTATION_CONTEXT() REPRESENTATION_CONTEXT('2D SPACE',''
  ) );
#209 = PCURVE('',#210,#215);
#210 = PLANE('',#211);
#211 = AXIS2_PLACEMENT_3D('',#212,#213,#214);
#212 = CARTESIAN_POINT('',(-27.75,15.2,-1.5));
#213 = DIRECTION('',(-0.,1.,0.));
#214 = DIRECTION('',(0.,0.,1.));
#215 = DEFINITIONAL_REPRESENTATION('',(#216),#220);
#216 = LINE('',#217,#218);
#217 = CARTESIAN_POINT('',(0.,2.6));
#218 = VECTOR('',#219,1.);
#219 = DIRECTION('',(1.,0.));
#220 = ( GEOMETRIC_REPRESENTATION_CONTEXT(2) 
PARAMETRIC_REPRESENTATION_CONTEXT() REPRESENTATION_CONTEXT('2D SPACE',''
  ) );
#221 = ORIENTED_EDGE('',*,*,#222,.T.);
#222 = EDGE_CURVE('',#195,#24,#223,.T.);
#223 = SURFACE_CURVE('',#224,(#228,#235),.PCURVE_S1.);
#224 = LINE('',#225,#226);
#225 = CARTESIAN_POINT('',(-25.15,0.,4.8));
#226 = VECTOR('',#227,1.);
#227 = DIRECTION('',(0.,1.,0.));
#228 = PCURVE('',#32,#229);
#229 = DEFINITIONAL_REPRESENTATION('',(#230),#234);
#230 = LINE('',#231,#232);
#231 = CARTESIAN_POINT('',(32.15,-7.523438300723));
#232 = VECTOR('',#233,1.);
#233 = DIRECTION('',(1.,0.));
#234 = ( GEOMETRIC_REPRESENTATION_CONTEXT(2) 
PARAMETRIC_REPRESENTATION_CONTEXT() REPRESENTATION_CONTEXT('2D SPACE',''
  ) );
#235 = PCURVE('',#126,#236);
#236 = DEFINITIONAL_REPRESENTATION('',(#237),#241);
#237 = LINE('',#238,#239);
#238 = CARTESIAN_POINT('',(-25.15,2.0701883982E-15));
#239 = VECTOR('',#240,1.);
#240 = DIRECTION('',(0.,1.));
#241 = ( GEOMETRIC_REPRESENTATION_CONTEXT(2) 
PARAMETRIC_REPRESENTATION_CONTEXT() REPRESENTATION_CONTEXT('2D SPACE',''
  ) );
#242 = ADVANCED_FACE('',(#243),#44,.T.);
#243 = FACE_BOUND('',#244,.T.);
#244 = EDGE_LOOP('',(#245,#274,#275,#303));
#245 = ORIENTED_EDGE('',*,*,#246,.T.);
#246 = EDGE_CURVE('',#247,#22,#249,.T.);
#247 = VERTEX_POINT('',#248);
#248 = CARTESIAN_POINT('',(-25.13766532639,32.500990871568,
    -2.121341019272));
#249 = SURFACE_CURVE('',#250,(#256,#265),.PCURVE_S1.);
#250 = B_SPLINE_CURVE_WITH_KNOTS('',4,(#251,#252,#253,#254,#255),
  .UNSPECIFIED.,.F.,.F.,(5,5),(0.,1.),.PIECEWISE_BEZIER_KNOTS.);
#251 = CARTESIAN_POINT('',(-25.13766532639,32.500990871568,
    -2.121341019272));
#252 = CARTESIAN_POINT('',(-25.14383480984,32.413321016827,
    -2.122389760257));
#253 = CARTESIAN_POINT('',(-25.1479449363,32.325573182747,
    -2.123088787327));
#254 = CARTESIAN_POINT('',(-25.15,32.237786627498,-2.123438300723));
#255 = CARTESIAN_POINT('',(-25.15,32.15,-2.123438300723));
#256 = PCURVE('',#44,#257);
#257 = DEFINITIONAL_REPRESENTATION('',(#258),#264);
#258 = B_SPLINE_CURVE_WITH_KNOTS('',4,(#259,#260,#261,#262,#263),
  .UNSPECIFIED.,.F.,.F.,(5,5),(0.,1.),.PIECEWISE_BEZIER_KNOTS.);
#259 = CARTESIAN_POINT('',(7.025595610643E-02,-0.602097281451));
#260 = CARTESIAN_POINT('',(5.267862302487E-02,-0.601048540467));
#261 = CARTESIAN_POINT('',(3.511464124758E-02,-0.600349513396));
#262 = CARTESIAN_POINT('',(1.755732549955E-02,-0.6));
#263 = CARTESIAN_POINT('',(0.,-0.6));
#264 = ( GEOMETRIC_REPRESENTATION_CONTEXT(2) 
PARAMETRIC_REPRESENTATION_CONTEXT() REPRESENTATION_CONTEXT('2D SPACE',''
  ) );
#265 = PCURVE('',#71,#266);
#266 = DEFINITIONAL_REPRESENTATION('',(#267),#273);
#267 = B_SPLINE_CURVE_WITH_KNOTS('',4,(#268,#269,#270,#271,#272),
  .UNSPECIFIED.,.F.,.F.,(5,5),(0.,1.),.PIECEWISE_BEZIER_KNOTS.);
#268 = CARTESIAN_POINT('',(1.739175266872,78.949009128432));
#269 = CARTESIAN_POINT('',(1.739216986776,79.036678983173));
#270 = CARTESIAN_POINT('',(1.739244781083,79.124426817253));
#271 = CARTESIAN_POINT('',(1.739258678239,79.212213372502));
#272 = CARTESIAN_POINT('',(1.739258678239,79.3));
#273 = ( GEOMETRIC_REPRESENTATION_CONTEXT(2) 
PARAMETRIC_REPRESENTATION_CONTEXT() REPRESENTATION_CONTEXT('2D SPACE',''
  ) );
#274 = ORIENTED_EDGE('',*,*,#21,.T.);
#275 = ORIENTED_EDGE('',*,*,#276,.T.);
#276 = EDGE_CURVE('',#24,#277,#279,.T.);
#277 = VERTEX_POINT('',#278);
#278 = CARTESIAN_POINT('',(-25.13766532639,32.500990871568,4.8));
#279 = SURFACE_CURVE('',#280,(#285,#292),.PCURVE_S1.);
#280 = CIRCLE('',#281,5.);
#281 = AXIS2_PLACEMENT_3D('',#282,#283,#284);
#282 = CARTESIAN_POINT('',(-20.15,32.15,4.8));
#283 = DIRECTION('',(0.,0.,-1.));
#284 = DIRECTION('',(-1.,0.,0.));
#285 = PCURVE('',#44,#286);
#286 = DEFINITIONAL_REPRESENTATION('',(#287),#291);
#287 = LINE('',#288,#289);
#288 = CARTESIAN_POINT('',(0.,-7.523438300723));
#289 = VECTOR('',#290,1.);
#290 = DIRECTION('',(1.,0.));
#291 = ( GEOMETRIC_REPRESENTATION_CONTEXT(2) 
PARAMETRIC_REPRESENTATION_CONTEXT() REPRESENTATION_CONTEXT('2D SPACE',''
  ) );
#292 = PCURVE('',#126,#293);
#293 = DEFINITIONAL_REPRESENTATION('',(#294),#302);
#294 = ( BOUNDED_CURVE() B_SPLINE_CURVE(2,(#295,#296,#297,#298,#299,#300
,#301),.UNSPECIFIED.,.T.,.F.) B_SPLINE_CURVE_WITH_KNOTS((1,2,2,2,2,1),(
    -2.094395102393,0.,2.094395102393,4.188790204786,6.28318530718,
8.377580409573),.UNSPECIFIED.) CURVE() GEOMETRIC_REPRESENTATION_ITEM() 
RATIONAL_B_SPLINE_CURVE((1.,0.5,1.,0.5,1.,0.5,1.)) REPRESENTATION_ITEM(
  '') );
#295 = CARTESIAN_POINT('',(-25.15,32.15));
#296 = CARTESIAN_POINT('',(-25.15,40.810254037844));
#297 = CARTESIAN_POINT('',(-17.65,36.480127018922));
#298 = CARTESIAN_POINT('',(-10.15,32.15));
#299 = CARTESIAN_POINT('',(-17.65,27.819872981078));
#300 = CARTESIAN_POINT('',(-25.15,23.489745962156));
#301 = CARTESIAN_POINT('',(-25.15,32.15));
#302 = ( GEOMETRIC_REPRESENTATION_CONTEXT(2) 
PARAMETRIC_REPRESENTATION_CONTEXT() REPRESENTATION_CONTEXT('2D SPACE',''
  ) );
#303 = ORIENTED_EDGE('',*,*,#304,.T.);
#304 = EDGE_CURVE('',#277,#247,#305,.T.);
#305 = SURFACE_CURVE('',#306,(#310,#316),.PCURVE_S1.);
#306 = LINE('',#307,#308);
#307 = CARTESIAN_POINT('',(-25.13766532639,32.500990871568,
    -2.723438300723));
#308 = VECTOR('',#309,1.);
#309 = DIRECTION('',(0.,0.,-1.));
#310 = PCURVE('',#44,#311);
#311 = DEFINITIONAL_REPRESENTATION('',(#312),#315);
#312 = B_SPLINE_CURVE_WITH_KNOTS('',1,(#313,#314),.UNSPECIFIED.,.F.,.F.,
  (2,2),(-7.523440700723,2.400000000069E-06),.PIECEWISE_BEZIER_KNOTS.);
#313 = CARTESIAN_POINT('',(7.025595610643E-02,-7.523440700723));
#314 = CARTESIAN_POINT('',(7.025595610643E-02,2.400000000069E-06));
#315 = ( GEOMETRIC_REPRESENTATION_CONTEXT(2) 
PARAMETRIC_REPRESENTATION_CONTEXT() REPRESENTATION_CONTEXT('2D SPACE',''
  ) );
#316 = PCURVE('',#317,#322);
#317 = CYLINDRICAL_SURFACE('',#318,3.5);
#318 = AXIS2_PLACEMENT_3D('',#319,#320,#321);
#319 = CARTESIAN_POINT('',(-23.68553390593,35.685533905933,
    -2.723438300723));
#320 = DIRECTION('',(0.,0.,1.));
#321 = DIRECTION('',(1.,0.,-0.));
#322 = DEFINITIONAL_REPRESENTATION('',(#323),#326);
#323 = B_SPLINE_CURVE_WITH_KNOTS('',1,(#324,#325),.UNSPECIFIED.,.F.,.F.,
  (2,2),(-7.523440700723,2.400000000069E-06),.PIECEWISE_BEZIER_KNOTS.);
#324 = CARTESIAN_POINT('',(4.284561920633,7.523440700723));
#325 = CARTESIAN_POINT('',(4.284561920633,-2.400000000069E-06));
#326 = ( GEOMETRIC_REPRESENTATION_CONTEXT(2) 
PARAMETRIC_REPRESENTATION_CONTEXT() REPRESENTATION_CONTEXT('2D SPACE',''
  ) );
#327 = ADVANCED_FACE('',(#328,#829,#860,#891,#1129,#1160),#126,.T.);
#328 = FACE_BOUND('',#329,.T.);
#329 = EDGE_LOOP('',(#330,#331,#359,#388,#421,#449,#482,#511,#544,#572,
    #600,#623,#656,#685,#718,#746,#779,#801,#802,#803));
#330 = ORIENTED_EDGE('',*,*,#110,.F.);
#331 = ORIENTED_EDGE('',*,*,#332,.F.);
#332 = EDGE_CURVE('',#333,#83,#335,.T.);
#333 = VERTEX_POINT('',#334);
#334 = CARTESIAN_POINT('',(-25.13766532639,-32.50099087156,4.8));
#335 = SURFACE_CURVE('',#336,(#341,#352),.PCURVE_S1.);
#336 = CIRCLE('',#337,5.);
#337 = AXIS2_PLACEMENT_3D('',#338,#339,#340);
#338 = CARTESIAN_POINT('',(-20.15,-32.15,4.8));
#339 = DIRECTION('',(0.,0.,-1.));
#340 = DIRECTION('',(-1.,0.,0.));
#341 = PCURVE('',#126,#342);
#342 = DEFINITIONAL_REPRESENTATION('',(#343),#351);
#343 = ( BOUNDED_CURVE() B_SPLINE_CURVE(2,(#344,#345,#346,#347,#348,#349
,#350),.UNSPECIFIED.,.T.,.F.) B_SPLINE_CURVE_WITH_KNOTS((1,2,2,2,2,1),(
    -2.094395102393,0.,2.094395102393,4.188790204786,6.28318530718,
8.377580409573),.UNSPECIFIED.) CURVE() GEOMETRIC_REPRESENTATION_ITEM() 
RATIONAL_B_SPLINE_CURVE((1.,0.5,1.,0.5,1.,0.5,1.)) REPRESENTATION_ITEM(
  '') );
#344 = CARTESIAN_POINT('',(-25.15,-32.15));
#345 = CARTESIAN_POINT('',(-25.15,-23.48974596215));
#346 = CARTESIAN_POINT('',(-17.65,-27.81987298107));
#347 = CARTESIAN_POINT('',(-10.15,-32.15));
#348 = CARTESIAN_POINT('',(-17.65,-36.48012701892));
#349 = CARTESIAN_POINT('',(-25.15,-40.81025403784));
#350 = CARTESIAN_POINT('',(-25.15,-32.15));
#351 = ( GEOMETRIC_REPRESENTATION_CONTEXT(2) 
PARAMETRIC_REPRESENTATION_CONTEXT() REPRESENTATION_CONTEXT('2D SPACE',''
  ) );
#352 = PCURVE('',#98,#353);
#353 = DEFINITIONAL_REPRESENTATION('',(#354),#358);
#354 = LINE('',#355,#356);
#355 = CARTESIAN_POINT('',(0.,-7.523438300723));
#356 = VECTOR('',#357,1.);
#357 = DIRECTION('',(1.,0.));
#358 = ( GEOMETRIC_REPRESENTATION_CONTEXT(2) 
PARAMETRIC_REPRESENTATION_CONTEXT() REPRESENTATION_CONTEXT('2D SPACE',''
  ) );
#359 = ORIENTED_EDGE('',*,*,#360,.T.);
#360 = EDGE_CURVE('',#333,#361,#363,.T.);
#361 = VERTEX_POINT('',#362);
#362 = CARTESIAN_POINT('',(-20.50099087156,-37.13766532639,4.8));
#363 = SURFACE_CURVE('',#364,(#369,#376),.PCURVE_S1.);
#364 = CIRCLE('',#365,3.5);
#365 = AXIS2_PLACEMENT_3D('',#366,#367,#368);
#366 = CARTESIAN_POINT('',(-23.68553390593,-35.68553390593,4.8));
#367 = DIRECTION('',(0.,0.,1.));
#368 = DIRECTION('',(1.,0.,-0.));
#369 = PCURVE('',#126,#370);
#370 = DEFINITIONAL_REPRESENTATION('',(#371),#375);
#371 = CIRCLE('',#372,3.5);
#372 = AXIS2_PLACEMENT_2D('',#373,#374);
#373 = CARTESIAN_POINT('',(-23.68553390593,-35.68553390593));
#374 = DIRECTION('',(1.,0.));
#375 = ( GEOMETRIC_REPRESENTATION_CONTEXT(2) 
PARAMETRIC_REPRESENTATION_CONTEXT() REPRESENTATION_CONTEXT('2D SPACE',''
  ) );
#376 = PCURVE('',#377,#382);
#377 = CYLINDRICAL_SURFACE('',#378,3.5);
#378 = AXIS2_PLACEMENT_3D('',#379,#380,#381);
#379 = CARTESIAN_POINT('',(-23.68553390593,-35.68553390593,
    -2.723438300723));
#380 = DIRECTION('',(0.,0.,1.));
#381 = DIRECTION('',(1.,0.,-0.));
#382 = DEFINITIONAL_REPRESENTATION('',(#383),#387);
#383 = LINE('',#384,#385);
#384 = CARTESIAN_POINT('',(0.,7.523438300723));
#385 = VECTOR('',#386,1.);
#386 = DIRECTION('',(1.,0.));
#387 = ( GEOMETRIC_REPRESENTATION_CONTEXT(2) 
PARAMETRIC_REPRESENTATION_CONTEXT() REPRESENTATION_CONTEXT('2D SPACE',''
  ) );
#388 = ORIENTED_EDGE('',*,*,#389,.F.);
#389 = EDGE_CURVE('',#390,#361,#392,.T.);
#390 = VERTEX_POINT('',#391);
#391 = CARTESIAN_POINT('',(-20.15,-37.15,4.8));
#392 = SURFACE_CURVE('',#393,(#398,#409),.PCURVE_S1.);
#393 = CIRCLE('',#394,5.);
#394 = AXIS2_PLACEMENT_3D('',#395,#396,#397);
#395 = CARTESIAN_POINT('',(-20.15,-32.15,4.8));
#396 = DIRECTION('',(0.,0.,-1.));
#397 = DIRECTION('',(-1.,0.,0.));
#398 = PCURVE('',#126,#399);
#399 = DEFINITIONAL_REPRESENTATION('',(#400),#408);
#400 = ( BOUNDED_CURVE() B_SPLINE_CURVE(2,(#401,#402,#403,#404,#405,#406
,#407),.UNSPECIFIED.,.T.,.F.) B_SPLINE_CURVE_WITH_KNOTS((1,2,2,2,2,1),(
    -2.094395102393,0.,2.094395102393,4.188790204786,6.28318530718,
8.377580409573),.UNSPECIFIED.) CURVE() GEOMETRIC_REPRESENTATION_ITEM() 
RATIONAL_B_SPLINE_CURVE((1.,0.5,1.,0.5,1.,0.5,1.)) REPRESENTATION_ITEM(
  '') );
#401 = CARTESIAN_POINT('',(-25.15,-32.15));
#402 = CARTESIAN_POINT('',(-25.15,-23.48974596215));
#403 = CARTESIAN_POINT('',(-17.65,-27.81987298107));
#404 = CARTESIAN_POINT('',(-10.15,-32.15));
#405 = CARTESIAN_POINT('',(-17.65,-36.48012701892));
#406 = CARTESIAN_POINT('',(-25.15,-40.81025403784));
#407 = CARTESIAN_POINT('',(-25.15,-32.15));
#408 = ( GEOMETRIC_REPRESENTATION_CONTEXT(2) 
PARAMETRIC_REPRESENTATION_CONTEXT() REPRESENTATION_CONTEXT('2D SPACE',''
  ) );
#409 = PCURVE('',#410,#415);
#410 = CYLINDRICAL_SURFACE('',#411,5.);
#411 = AXIS2_PLACEMENT_3D('',#412,#413,#414);
#412 = CARTESIAN_POINT('',(-20.15,-32.15,-2.723438300723));
#413 = DIRECTION('',(0.,0.,-1.));
#414 = DIRECTION('',(-1.,0.,0.));
#415 = DEFINITIONAL_REPRESENTATION('',(#416),#420);
#416 = LINE('',#417,#418);
#417 = CARTESIAN_POINT('',(0.,-7.523438300723));
#418 = VECTOR('',#419,1.);
#419 = DIRECTION('',(1.,0.));
#420 = ( GEOMETRIC_REPRESENTATION_CONTEXT(2) 
PARAMETRIC_REPRESENTATION_CONTEXT() REPRESENTATION_CONTEXT('2D SPACE',''
  ) );
#421 = ORIENTED_EDGE('',*,*,#422,.T.);
#422 = EDGE_CURVE('',#390,#423,#425,.T.);
#423 = VERTEX_POINT('',#424);
#424 = CARTESIAN_POINT('',(20.15,-37.15,4.8));
#425 = SURFACE_CURVE('',#426,(#430,#437),.PCURVE_S1.);
#426 = LINE('',#427,#428);
#427 = CARTESIAN_POINT('',(0.,-37.15,4.8));
#428 = VECTOR('',#429,1.);
#429 = DIRECTION('',(1.,0.,0.));
#430 = PCURVE('',#126,#431);
#431 = DEFINITIONAL_REPRESENTATION('',(#432),#436);
#432 = LINE('',#433,#434);
#433 = CARTESIAN_POINT('',(0.,-37.15));
#434 = VECTOR('',#435,1.);
#435 = DIRECTION('',(1.,0.));
#436 = ( GEOMETRIC_REPRESENTATION_CONTEXT(2) 
PARAMETRIC_REPRESENTATION_CONTEXT() REPRESENTATION_CONTEXT('2D SPACE',''
  ) );
#437 = PCURVE('',#438,#443);
#438 = PLANE('',#439);
#439 = AXIS2_PLACEMENT_3D('',#440,#441,#442);
#440 = CARTESIAN_POINT('',(-20.15,-37.15,-2.723438300723));
#441 = DIRECTION('',(0.,1.,0.));
#442 = DIRECTION('',(1.,0.,0.));
#443 = DEFINITIONAL_REPRESENTATION('',(#444),#448);
#444 = LINE('',#445,#446);
#445 = CARTESIAN_POINT('',(20.15,-7.523438300723));
#446 = VECTOR('',#447,1.);
#447 = DIRECTION('',(1.,0.));
#448 = ( GEOMETRIC_REPRESENTATION_CONTEXT(2) 
PARAMETRIC_REPRESENTATION_CONTEXT() REPRESENTATION_CONTEXT('2D SPACE',''
  ) );
#449 = ORIENTED_EDGE('',*,*,#450,.F.);
#450 = EDGE_CURVE('',#451,#423,#453,.T.);
#451 = VERTEX_POINT('',#452);
#452 = CARTESIAN_POINT('',(20.500990871568,-37.13766532639,4.8));
#453 = SURFACE_CURVE('',#454,(#459,#470),.PCURVE_S1.);
#454 = CIRCLE('',#455,5.);
#455 = AXIS2_PLACEMENT_3D('',#456,#457,#458);
#456 = CARTESIAN_POINT('',(20.15,-32.15,4.8));
#457 = DIRECTION('',(0.,0.,-1.));
#458 = DIRECTION('',(-1.,0.,0.));
#459 = PCURVE('',#126,#460);
#460 = DEFINITIONAL_REPRESENTATION('',(#461),#469);
#461 = ( BOUNDED_CURVE() B_SPLINE_CURVE(2,(#462,#463,#464,#465,#466,#467
,#468),.UNSPECIFIED.,.T.,.F.) B_SPLINE_CURVE_WITH_KNOTS((1,2,2,2,2,1),(
    -2.094395102393,0.,2.094395102393,4.188790204786,6.28318530718,
8.377580409573),.UNSPECIFIED.) CURVE() GEOMETRIC_REPRESENTATION_ITEM() 
RATIONAL_B_SPLINE_CURVE((1.,0.5,1.,0.5,1.,0.5,1.)) REPRESENTATION_ITEM(
  '') );
#462 = CARTESIAN_POINT('',(15.15,-32.15));
#463 = CARTESIAN_POINT('',(15.15,-23.48974596215));
#464 = CARTESIAN_POINT('',(22.65,-27.81987298107));
#465 = CARTESIAN_POINT('',(30.15,-32.15));
#466 = CARTESIAN_POINT('',(22.65,-36.48012701892));
#467 = CARTESIAN_POINT('',(15.15,-40.81025403784));
#468 = CARTESIAN_POINT('',(15.15,-32.15));
#469 = ( GEOMETRIC_REPRESENTATION_CONTEXT(2) 
PARAMETRIC_REPRESENTATION_CONTEXT() REPRESENTATION_CONTEXT('2D SPACE',''
  ) );
#470 = PCURVE('',#471,#476);
#471 = CYLINDRICAL_SURFACE('',#472,5.);
#472 = AXIS2_PLACEMENT_3D('',#473,#474,#475);
#473 = CARTESIAN_POINT('',(20.15,-32.15,-2.723438300723));
#474 = DIRECTION('',(0.,0.,-1.));
#475 = DIRECTION('',(-1.,0.,0.));
#476 = DEFINITIONAL_REPRESENTATION('',(#477),#481);
#477 = LINE('',#478,#479);
#478 = CARTESIAN_POINT('',(0.,-7.523438300723));
#479 = VECTOR('',#480,1.);
#480 = DIRECTION('',(1.,0.));
#481 = ( GEOMETRIC_REPRESENTATION_CONTEXT(2) 
PARAMETRIC_REPRESENTATION_CONTEXT() REPRESENTATION_CONTEXT('2D SPACE',''
  ) );
#482 = ORIENTED_EDGE('',*,*,#483,.T.);
#483 = EDGE_CURVE('',#451,#484,#486,.T.);
#484 = VERTEX_POINT('',#485);
#485 = CARTESIAN_POINT('',(25.13766532639,-32.50099087156,4.8));
#486 = SURFACE_CURVE('',#487,(#492,#499),.PCURVE_S1.);
#487 = CIRCLE('',#488,3.5);
#488 = AXIS2_PLACEMENT_3D('',#489,#490,#491);
#489 = CARTESIAN_POINT('',(23.685533905933,-35.68553390593,4.8));
#490 = DIRECTION('',(0.,0.,1.));
#491 = DIRECTION('',(-0.90986943839,-0.414894691559,0.));
#492 = PCURVE('',#126,#493);
#493 = DEFINITIONAL_REPRESENTATION('',(#494),#498);
#494 = CIRCLE('',#495,3.5);
#495 = AXIS2_PLACEMENT_2D('',#496,#497);
#496 = CARTESIAN_POINT('',(23.685533905933,-35.68553390593));
#497 = DIRECTION('',(-0.90986943839,-0.414894691559));
#498 = ( GEOMETRIC_REPRESENTATION_CONTEXT(2) 
PARAMETRIC_REPRESENTATION_CONTEXT() REPRESENTATION_CONTEXT('2D SPACE',''
  ) );
#499 = PCURVE('',#500,#505);
#500 = CYLINDRICAL_SURFACE('',#501,3.5);
#501 = AXIS2_PLACEMENT_3D('',#502,#503,#504);
#502 = CARTESIAN_POINT('',(23.685533905933,-35.68553390593,
    -2.723438300723));
#503 = DIRECTION('',(0.,0.,1.));
#504 = DIRECTION('',(1.,0.,-0.));
#505 = DEFINITIONAL_REPRESENTATION('',(#506),#510);
#506 = LINE('',#507,#508);
#507 = CARTESIAN_POINT('',(3.569419713342,7.523438300723));
#508 = VECTOR('',#509,1.);
#509 = DIRECTION('',(1.,0.));
#510 = ( GEOMETRIC_REPRESENTATION_CONTEXT(2) 
PARAMETRIC_REPRESENTATION_CONTEXT() REPRESENTATION_CONTEXT('2D SPACE',''
  ) );
#511 = ORIENTED_EDGE('',*,*,#512,.F.);
#512 = EDGE_CURVE('',#513,#484,#515,.T.);
#513 = VERTEX_POINT('',#514);
#514 = CARTESIAN_POINT('',(25.15,-32.15,4.8));
#515 = SURFACE_CURVE('',#516,(#521,#532),.PCURVE_S1.);
#516 = CIRCLE('',#517,5.);
#517 = AXIS2_PLACEMENT_3D('',#518,#519,#520);
#518 = CARTESIAN_POINT('',(20.15,-32.15,4.8));
#519 = DIRECTION('',(0.,0.,-1.));
#520 = DIRECTION('',(-1.,0.,0.));
#521 = PCURVE('',#126,#522);
#522 = DEFINITIONAL_REPRESENTATION('',(#523),#531);
#523 = ( BOUNDED_CURVE() B_SPLINE_CURVE(2,(#524,#525,#526,#527,#528,#529
,#530),.UNSPECIFIED.,.T.,.F.) B_SPLINE_CURVE_WITH_KNOTS((1,2,2,2,2,1),(
    -2.094395102393,0.,2.094395102393,4.188790204786,6.28318530718,
8.377580409573),.UNSPECIFIED.) CURVE() GEOMETRIC_REPRESENTATION_ITEM() 
RATIONAL_B_SPLINE_CURVE((1.,0.5,1.,0.5,1.,0.5,1.)) REPRESENTATION_ITEM(
  '') );
#524 = CARTESIAN_POINT('',(15.15,-32.15));
#525 = CARTESIAN_POINT('',(15.15,-23.48974596215));
#526 = CARTESIAN_POINT('',(22.65,-27.81987298107));
#527 = CARTESIAN_POINT('',(30.15,-32.15));
#528 = CARTESIAN_POINT('',(22.65,-36.48012701892));
#529 = CARTESIAN_POINT('',(15.15,-40.81025403784));
#530 = CARTESIAN_POINT('',(15.15,-32.15));
#531 = ( GEOMETRIC_REPRESENTATION_CONTEXT(2) 
PARAMETRIC_REPRESENTATION_CONTEXT() REPRESENTATION_CONTEXT('2D SPACE',''
  ) );
#532 = PCURVE('',#533,#538);
#533 = CYLINDRICAL_SURFACE('',#534,5.);
#534 = AXIS2_PLACEMENT_3D('',#535,#536,#537);
#535 = CARTESIAN_POINT('',(20.15,-32.15,-2.723438300723));
#536 = DIRECTION('',(0.,0.,-1.));
#537 = DIRECTION('',(-1.,0.,0.));
#538 = DEFINITIONAL_REPRESENTATION('',(#539),#543);
#539 = LINE('',#540,#541);
#540 = CARTESIAN_POINT('',(0.,-7.523438300723));
#541 = VECTOR('',#542,1.);
#542 = DIRECTION('',(1.,0.));
#543 = ( GEOMETRIC_REPRESENTATION_CONTEXT(2) 
PARAMETRIC_REPRESENTATION_CONTEXT() REPRESENTATION_CONTEXT('2D SPACE',''
  ) );
#544 = ORIENTED_EDGE('',*,*,#545,.T.);
#545 = EDGE_CURVE('',#513,#546,#548,.T.);
#546 = VERTEX_POINT('',#547);
#547 = CARTESIAN_POINT('',(25.15,-15.2,4.8));
#548 = SURFACE_CURVE('',#549,(#553,#560),.PCURVE_S1.);
#549 = LINE('',#550,#551);
#550 = CARTESIAN_POINT('',(25.15,0.,4.8));
#551 = VECTOR('',#552,1.);
#552 = DIRECTION('',(0.,1.,0.));
#553 = PCURVE('',#126,#554);
#554 = DEFINITIONAL_REPRESENTATION('',(#555),#559);
#555 = LINE('',#556,#557);
#556 = CARTESIAN_POINT('',(25.15,2.0701883982E-15));
#557 = VECTOR('',#558,1.);
#558 = DIRECTION('',(0.,1.));
#559 = ( GEOMETRIC_REPRESENTATION_CONTEXT(2) 
PARAMETRIC_REPRESENTATION_CONTEXT() REPRESENTATION_CONTEXT('2D SPACE',''
  ) );
#560 = PCURVE('',#561,#566);
#561 = PLANE('',#562);
#562 = AXIS2_PLACEMENT_3D('',#563,#564,#565);
#563 = CARTESIAN_POINT('',(25.15,-32.15,-2.723438300723));
#564 = DIRECTION('',(-1.,0.,0.));
#565 = DIRECTION('',(0.,1.,0.));
#566 = DEFINITIONAL_REPRESENTATION('',(#567),#571);
#567 = LINE('',#568,#569);
#568 = CARTESIAN_POINT('',(32.15,-7.523438300723));
#569 = VECTOR('',#570,1.);
#570 = DIRECTION('',(1.,0.));
#571 = ( GEOMETRIC_REPRESENTATION_CONTEXT(2) 
PARAMETRIC_REPRESENTATION_CONTEXT() REPRESENTATION_CONTEXT('2D SPACE',''
  ) );
#572 = ORIENTED_EDGE('',*,*,#573,.T.);
#573 = EDGE_CURVE('',#546,#574,#576,.T.);
#574 = VERTEX_POINT('',#575);
#575 = CARTESIAN_POINT('',(25.15,15.2,4.8));
#576 = SURFACE_CURVE('',#577,(#581,#588),.PCURVE_S1.);
#577 = LINE('',#578,#579);
#578 = CARTESIAN_POINT('',(25.15,0.,4.8));
#579 = VECTOR('',#580,1.);
#580 = DIRECTION('',(0.,1.,0.));
#581 = PCURVE('',#126,#582);
#582 = DEFINITIONAL_REPRESENTATION('',(#583),#587);
#583 = LINE('',#584,#585);
#584 = CARTESIAN_POINT('',(25.15,2.0701883982E-15));
#585 = VECTOR('',#586,1.);
#586 = DIRECTION('',(0.,1.));
#587 = ( GEOMETRIC_REPRESENTATION_CONTEXT(2) 
PARAMETRIC_REPRESENTATION_CONTEXT() REPRESENTATION_CONTEXT('2D SPACE',''
  ) );
#588 = PCURVE('',#589,#594);
#589 = PLANE('',#590);
#590 = AXIS2_PLACEMENT_3D('',#591,#592,#593);
#591 = CARTESIAN_POINT('',(25.15,-15.2,-1.5));
#592 = DIRECTION('',(1.,0.,-0.));
#593 = DIRECTION('',(0.,0.,1.));
#594 = DEFINITIONAL_REPRESENTATION('',(#595),#599);
#595 = LINE('',#596,#597);
#596 = CARTESIAN_POINT('',(6.3,-15.2));
#597 = VECTOR('',#598,1.);
#598 = DIRECTION('',(0.,-1.));
#599 = ( GEOMETRIC_REPRESENTATION_CONTEXT(2) 
PARAMETRIC_REPRESENTATION_CONTEXT() REPRESENTATION_CONTEXT('2D SPACE',''
  ) );
#600 = ORIENTED_EDGE('',*,*,#601,.T.);
#601 = EDGE_CURVE('',#574,#602,#604,.T.);
#602 = VERTEX_POINT('',#603);
#603 = CARTESIAN_POINT('',(25.15,32.15,4.8));
#604 = SURFACE_CURVE('',#605,(#609,#616),.PCURVE_S1.);
#605 = LINE('',#606,#607);
#606 = CARTESIAN_POINT('',(25.15,0.,4.8));
#607 = VECTOR('',#608,1.);
#608 = DIRECTION('',(0.,1.,0.));
#609 = PCURVE('',#126,#610);
#610 = DEFINITIONAL_REPRESENTATION('',(#611),#615);
#611 = LINE('',#612,#613);
#612 = CARTESIAN_POINT('',(25.15,2.0701883982E-15));
#613 = VECTOR('',#614,1.);
#614 = DIRECTION('',(0.,1.));
#615 = ( GEOMETRIC_REPRESENTATION_CONTEXT(2) 
PARAMETRIC_REPRESENTATION_CONTEXT() REPRESENTATION_CONTEXT('2D SPACE',''
  ) );
#616 = PCURVE('',#561,#617);
#617 = DEFINITIONAL_REPRESENTATION('',(#618),#622);
#618 = LINE('',#619,#620);
#619 = CARTESIAN_POINT('',(32.15,-7.523438300723));
#620 = VECTOR('',#621,1.);
#621 = DIRECTION('',(1.,0.));
#622 = ( GEOMETRIC_REPRESENTATION_CONTEXT(2) 
PARAMETRIC_REPRESENTATION_CONTEXT() REPRESENTATION_CONTEXT('2D SPACE',''
  ) );
#623 = ORIENTED_EDGE('',*,*,#624,.F.);
#624 = EDGE_CURVE('',#625,#602,#627,.T.);
#625 = VERTEX_POINT('',#626);
#626 = CARTESIAN_POINT('',(25.13766532639,32.500990871568,4.8));
#627 = SURFACE_CURVE('',#628,(#633,#644),.PCURVE_S1.);
#628 = CIRCLE('',#629,5.);
#629 = AXIS2_PLACEMENT_3D('',#630,#631,#632);
#630 = CARTESIAN_POINT('',(20.15,32.15,4.8));
#631 = DIRECTION('',(0.,0.,-1.));
#632 = DIRECTION('',(-1.,0.,0.));
#633 = PCURVE('',#126,#634);
#634 = DEFINITIONAL_REPRESENTATION('',(#635),#643);
#635 = ( BOUNDED_CURVE() B_SPLINE_CURVE(2,(#636,#637,#638,#639,#640,#641
,#642),.UNSPECIFIED.,.T.,.F.) B_SPLINE_CURVE_WITH_KNOTS((1,2,2,2,2,1),(
    -2.094395102393,0.,2.094395102393,4.188790204786,6.28318530718,
8.377580409573),.UNSPECIFIED.) CURVE() GEOMETRIC_REPRESENTATION_ITEM() 
RATIONAL_B_SPLINE_CURVE((1.,0.5,1.,0.5,1.,0.5,1.)) REPRESENTATION_ITEM(
  '') );
#636 = CARTESIAN_POINT('',(15.15,32.15));
#637 = CARTESIAN_POINT('',(15.15,40.810254037844));
#638 = CARTESIAN_POINT('',(22.65,36.480127018922));
#639 = CARTESIAN_POINT('',(30.15,32.15));
#640 = CARTESIAN_POINT('',(22.65,27.819872981078));
#641 = CARTESIAN_POINT('',(15.15,23.489745962156));
#642 = CARTESIAN_POINT('',(15.15,32.15));
#643 = ( GEOMETRIC_REPRESENTATION_CONTEXT(2) 
PARAMETRIC_REPRESENTATION_CONTEXT() REPRESENTATION_CONTEXT('2D SPACE',''
  ) );
#644 = PCURVE('',#645,#650);
#645 = CYLINDRICAL_SURFACE('',#646,5.);
#646 = AXIS2_PLACEMENT_3D('',#647,#648,#649);
#647 = CARTESIAN_POINT('',(20.15,32.15,-2.723438300723));
#648 = DIRECTION('',(0.,0.,-1.));
#649 = DIRECTION('',(-1.,0.,0.));
#650 = DEFINITIONAL_REPRESENTATION('',(#651),#655);
#651 = LINE('',#652,#653);
#652 = CARTESIAN_POINT('',(0.,-7.523438300723));
#653 = VECTOR('',#654,1.);
#654 = DIRECTION('',(1.,0.));
#655 = ( GEOMETRIC_REPRESENTATION_CONTEXT(2) 
PARAMETRIC_REPRESENTATION_CONTEXT() REPRESENTATION_CONTEXT('2D SPACE',''
  ) );
#656 = ORIENTED_EDGE('',*,*,#657,.T.);
#657 = EDGE_CURVE('',#625,#658,#660,.T.);
#658 = VERTEX_POINT('',#659);
#659 = CARTESIAN_POINT('',(20.500990871568,37.13766532639,4.8));
#660 = SURFACE_CURVE('',#661,(#666,#673),.PCURVE_S1.);
#661 = CIRCLE('',#662,3.5);
#662 = AXIS2_PLACEMENT_3D('',#663,#664,#665);
#663 = CARTESIAN_POINT('',(23.685533905933,35.685533905933,4.8));
#664 = DIRECTION('',(-0.,0.,1.));
#665 = DIRECTION('',(0.414894691559,-0.90986943839,0.));
#666 = PCURVE('',#126,#667);
#667 = DEFINITIONAL_REPRESENTATION('',(#668),#672);
#668 = CIRCLE('',#669,3.5);
#669 = AXIS2_PLACEMENT_2D('',#670,#671);
#670 = CARTESIAN_POINT('',(23.685533905933,35.685533905933));
#671 = DIRECTION('',(0.414894691559,-0.90986943839));
#672 = ( GEOMETRIC_REPRESENTATION_CONTEXT(2) 
PARAMETRIC_REPRESENTATION_CONTEXT() REPRESENTATION_CONTEXT('2D SPACE',''
  ) );
#673 = PCURVE('',#674,#679);
#674 = CYLINDRICAL_SURFACE('',#675,3.5);
#675 = AXIS2_PLACEMENT_3D('',#676,#677,#678);
#676 = CARTESIAN_POINT('',(23.685533905933,35.685533905933,
    -2.723438300723));
#677 = DIRECTION('',(0.,0.,1.));
#678 = DIRECTION('',(1.,0.,-0.));
#679 = DEFINITIONAL_REPRESENTATION('',(#680),#684);
#680 = LINE('',#681,#682);
#681 = CARTESIAN_POINT('',(5.140216040137,7.523438300723));
#682 = VECTOR('',#683,1.);
#683 = DIRECTION('',(1.,0.));
#684 = ( GEOMETRIC_REPRESENTATION_CONTEXT(2) 
PARAMETRIC_REPRESENTATION_CONTEXT() REPRESENTATION_CONTEXT('2D SPACE',''
  ) );
#685 = ORIENTED_EDGE('',*,*,#686,.F.);
#686 = EDGE_CURVE('',#687,#658,#689,.T.);
#687 = VERTEX_POINT('',#688);
#688 = CARTESIAN_POINT('',(20.15,37.15,4.8));
#689 = SURFACE_CURVE('',#690,(#695,#706),.PCURVE_S1.);
#690 = CIRCLE('',#691,5.);
#691 = AXIS2_PLACEMENT_3D('',#692,#693,#694);
#692 = CARTESIAN_POINT('',(20.15,32.15,4.8));
#693 = DIRECTION('',(0.,0.,-1.));
#694 = DIRECTION('',(-1.,0.,0.));
#695 = PCURVE('',#126,#696);
#696 = DEFINITIONAL_REPRESENTATION('',(#697),#705);
#697 = ( BOUNDED_CURVE() B_SPLINE_CURVE(2,(#698,#699,#700,#701,#702,#703
,#704),.UNSPECIFIED.,.T.,.F.) B_SPLINE_CURVE_WITH_KNOTS((1,2,2,2,2,1),(
    -2.094395102393,0.,2.094395102393,4.188790204786,6.28318530718,
8.377580409573),.UNSPECIFIED.) CURVE() GEOMETRIC_REPRESENTATION_ITEM() 
RATIONAL_B_SPLINE_CURVE((1.,0.5,1.,0.5,1.,0.5,1.)) REPRESENTATION_ITEM(
  '') );
#698 = CARTESIAN_POINT('',(15.15,32.15));
#699 = CARTESIAN_POINT('',(15.15,40.810254037844));
#700 = CARTESIAN_POINT('',(22.65,36.480127018922));
#701 = CARTESIAN_POINT('',(30.15,32.15));
#702 = CARTESIAN_POINT('',(22.65,27.819872981078));
#703 = CARTESIAN_POINT('',(15.15,23.489745962156));
#704 = CARTESIAN_POINT('',(15.15,32.15));
#705 = ( GEOMETRIC_REPRESENTATION_CONTEXT(2) 
PARAMETRIC_REPRESENTATION_CONTEXT() REPRESENTATION_CONTEXT('2D SPACE',''
  ) );
#706 = PCURVE('',#707,#712);
#707 = CYLINDRICAL_SURFACE('',#708,5.);
#708 = AXIS2_PLACEMENT_3D('',#709,#710,#711);
#709 = CARTESIAN_POINT('',(20.15,32.15,-2.723438300723));
#710 = DIRECTION('',(0.,0.,-1.));
#711 = DIRECTION('',(-1.,0.,0.));
#712 = DEFINITIONAL_REPRESENTATION('',(#713),#717);
#713 = LINE('',#714,#715);
#714 = CARTESIAN_POINT('',(0.,-7.523438300723));
#715 = VECTOR('',#716,1.);
#716 = DIRECTION('',(1.,0.));
#717 = ( GEOMETRIC_REPRESENTATION_CONTEXT(2) 
PARAMETRIC_REPRESENTATION_CONTEXT() REPRESENTATION_CONTEXT('2D SPACE',''
  ) );
#718 = ORIENTED_EDGE('',*,*,#719,.F.);
#719 = EDGE_CURVE('',#720,#687,#722,.T.);
#720 = VERTEX_POINT('',#721);
#721 = CARTESIAN_POINT('',(-20.15,37.15,4.8));
#722 = SURFACE_CURVE('',#723,(#727,#734),.PCURVE_S1.);
#723 = LINE('',#724,#725);
#724 = CARTESIAN_POINT('',(0.,37.15,4.8));
#725 = VECTOR('',#726,1.);
#726 = DIRECTION('',(1.,0.,0.));
#727 = PCURVE('',#126,#728);
#728 = DEFINITIONAL_REPRESENTATION('',(#729),#733);
#729 = LINE('',#730,#731);
#730 = CARTESIAN_POINT('',(0.,37.15));
#731 = VECTOR('',#732,1.);
#732 = DIRECTION('',(1.,0.));
#733 = ( GEOMETRIC_REPRESENTATION_CONTEXT(2) 
PARAMETRIC_REPRESENTATION_CONTEXT() REPRESENTATION_CONTEXT('2D SPACE',''
  ) );
#734 = PCURVE('',#735,#740);
#735 = PLANE('',#736);
#736 = AXIS2_PLACEMENT_3D('',#737,#738,#739);
#737 = CARTESIAN_POINT('',(-20.15,37.15,-2.723438300723));
#738 = DIRECTION('',(0.,1.,0.));
#739 = DIRECTION('',(1.,0.,0.));
#740 = DEFINITIONAL_REPRESENTATION('',(#741),#745);
#741 = LINE('',#742,#743);
#742 = CARTESIAN_POINT('',(20.15,-7.523438300723));
#743 = VECTOR('',#744,1.);
#744 = DIRECTION('',(1.,0.));
#745 = ( GEOMETRIC_REPRESENTATION_CONTEXT(2) 
PARAMETRIC_REPRESENTATION_CONTEXT() REPRESENTATION_CONTEXT('2D SPACE',''
  ) );
#746 = ORIENTED_EDGE('',*,*,#747,.F.);
#747 = EDGE_CURVE('',#748,#720,#750,.T.);
#748 = VERTEX_POINT('',#749);
#749 = CARTESIAN_POINT('',(-20.50099087156,37.13766532639,4.8));
#750 = SURFACE_CURVE('',#751,(#756,#767),.PCURVE_S1.);
#751 = CIRCLE('',#752,5.);
#752 = AXIS2_PLACEMENT_3D('',#753,#754,#755);
#753 = CARTESIAN_POINT('',(-20.15,32.15,4.8));
#754 = DIRECTION('',(0.,0.,-1.));
#755 = DIRECTION('',(-1.,0.,0.));
#756 = PCURVE('',#126,#757);
#757 = DEFINITIONAL_REPRESENTATION('',(#758),#766);
#758 = ( BOUNDED_CURVE() B_SPLINE_CURVE(2,(#759,#760,#761,#762,#763,#764
,#765),.UNSPECIFIED.,.T.,.F.) B_SPLINE_CURVE_WITH_KNOTS((1,2,2,2,2,1),(
    -2.094395102393,0.,2.094395102393,4.188790204786,6.28318530718,
8.377580409573),.UNSPECIFIED.) CURVE() GEOMETRIC_REPRESENTATION_ITEM() 
RATIONAL_B_SPLINE_CURVE((1.,0.5,1.,0.5,1.,0.5,1.)) REPRESENTATION_ITEM(
  '') );
#759 = CARTESIAN_POINT('',(-25.15,32.15));
#760 = CARTESIAN_POINT('',(-25.15,40.810254037844));
#761 = CARTESIAN_POINT('',(-17.65,36.480127018922));
#762 = CARTESIAN_POINT('',(-10.15,32.15));
#763 = CARTESIAN_POINT('',(-17.65,27.819872981078));
#764 = CARTESIAN_POINT('',(-25.15,23.489745962156));
#765 = CARTESIAN_POINT('',(-25.15,32.15));
#766 = ( GEOMETRIC_REPRESENTATION_CONTEXT(2) 
PARAMETRIC_REPRESENTATION_CONTEXT() REPRESENTATION_CONTEXT('2D SPACE',''
  ) );
#767 = PCURVE('',#768,#773);
#768 = CYLINDRICAL_SURFACE('',#769,5.);
#769 = AXIS2_PLACEMENT_3D('',#770,#771,#772);
#770 = CARTESIAN_POINT('',(-20.15,32.15,-2.723438300723));
#771 = DIRECTION('',(0.,0.,-1.));
#772 = DIRECTION('',(-1.,0.,0.));
#773 = DEFINITIONAL_REPRESENTATION('',(#774),#778);
#774 = LINE('',#775,#776);
#775 = CARTESIAN_POINT('',(0.,-7.523438300723));
#776 = VECTOR('',#777,1.);
#777 = DIRECTION('',(1.,0.));
#778 = ( GEOMETRIC_REPRESENTATION_CONTEXT(2) 
PARAMETRIC_REPRESENTATION_CONTEXT() REPRESENTATION_CONTEXT('2D SPACE',''
  ) );
#779 = ORIENTED_EDGE('',*,*,#780,.T.);
#780 = EDGE_CURVE('',#748,#277,#781,.T.);
#781 = SURFACE_CURVE('',#782,(#787,#794),.PCURVE_S1.);
#782 = CIRCLE('',#783,3.5);
#783 = AXIS2_PLACEMENT_3D('',#784,#785,#786);
#784 = CARTESIAN_POINT('',(-23.68553390593,35.685533905933,4.8));
#785 = DIRECTION('',(0.,0.,1.));
#786 = DIRECTION('',(1.,0.,-0.));
#787 = PCURVE('',#126,#788);
#788 = DEFINITIONAL_REPRESENTATION('',(#789),#793);
#789 = CIRCLE('',#790,3.5);
#790 = AXIS2_PLACEMENT_2D('',#791,#792);
#791 = CARTESIAN_POINT('',(-23.68553390593,35.685533905933));
#792 = DIRECTION('',(1.,0.));
#793 = ( GEOMETRIC_REPRESENTATION_CONTEXT(2) 
PARAMETRIC_REPRESENTATION_CONTEXT() REPRESENTATION_CONTEXT('2D SPACE',''
  ) );
#794 = PCURVE('',#317,#795);
#795 = DEFINITIONAL_REPRESENTATION('',(#796),#800);
#796 = LINE('',#797,#798);
#797 = CARTESIAN_POINT('',(0.,7.523438300723));
#798 = VECTOR('',#799,1.);
#799 = DIRECTION('',(1.,0.));
#800 = ( GEOMETRIC_REPRESENTATION_CONTEXT(2) 
PARAMETRIC_REPRESENTATION_CONTEXT() REPRESENTATION_CONTEXT('2D SPACE',''
  ) );
#801 = ORIENTED_EDGE('',*,*,#276,.F.);
#802 = ORIENTED_EDGE('',*,*,#222,.F.);
#803 = ORIENTED_EDGE('',*,*,#804,.F.);
#804 = EDGE_CURVE('',#111,#195,#805,.T.);
#805 = SURFACE_CURVE('',#806,(#810,#817),.PCURVE_S1.);
#806 = LINE('',#807,#808);
#807 = CARTESIAN_POINT('',(-25.15,0.,4.8));
#808 = VECTOR('',#809,1.);
#809 = DIRECTION('',(0.,1.,0.));
#810 = PCURVE('',#126,#811);
#811 = DEFINITIONAL_REPRESENTATION('',(#812),#816);
#812 = LINE('',#813,#814);
#813 = CARTESIAN_POINT('',(-25.15,2.0701883982E-15));
#814 = VECTOR('',#815,1.);
#815 = DIRECTION('',(0.,1.));
#816 = ( GEOMETRIC_REPRESENTATION_CONTEXT(2) 
PARAMETRIC_REPRESENTATION_CONTEXT() REPRESENTATION_CONTEXT('2D SPACE',''
  ) );
#817 = PCURVE('',#818,#823);
#818 = PLANE('',#819);
#819 = AXIS2_PLACEMENT_3D('',#820,#821,#822);
#820 = CARTESIAN_POINT('',(-25.15,-15.2,-1.5));
#821 = DIRECTION('',(1.,0.,-0.));
#822 = DIRECTION('',(0.,0.,1.));
#823 = DEFINITIONAL_REPRESENTATION('',(#824),#828);
#824 = LINE('',#825,#826);
#825 = CARTESIAN_POINT('',(6.3,-15.2));
#826 = VECTOR('',#827,1.);
#827 = DIRECTION('',(0.,-1.));
#828 = ( GEOMETRIC_REPRESENTATION_CONTEXT(2) 
PARAMETRIC_REPRESENTATION_CONTEXT() REPRESENTATION_CONTEXT('2D SPACE',''
  ) );
#829 = FACE_BOUND('',#830,.T.);
#830 = EDGE_LOOP('',(#831));
#831 = ORIENTED_EDGE('',*,*,#832,.F.);
#832 = EDGE_CURVE('',#833,#833,#835,.T.);
#833 = VERTEX_POINT('',#834);
#834 = CARTESIAN_POINT('',(-22.83553390593,-35.68553390593,4.8));
#835 = SURFACE_CURVE('',#836,(#841,#848),.PCURVE_S1.);
#836 = CIRCLE('',#837,0.85);
#837 = AXIS2_PLACEMENT_3D('',#838,#839,#840);
#838 = CARTESIAN_POINT('',(-23.68553390593,-35.68553390593,4.8));
#839 = DIRECTION('',(0.,0.,1.));
#840 = DIRECTION('',(1.,0.,-0.));
#841 = PCURVE('',#126,#842);
#842 = DEFINITIONAL_REPRESENTATION('',(#843),#847);
#843 = CIRCLE('',#844,0.85);
#844 = AXIS2_PLACEMENT_2D('',#845,#846);
#845 = CARTESIAN_POINT('',(-23.68553390593,-35.68553390593));
#846 = DIRECTION('',(1.,0.));
#847 = ( GEOMETRIC_REPRESENTATION_CONTEXT(2) 
PARAMETRIC_REPRESENTATION_CONTEXT() REPRESENTATION_CONTEXT('2D SPACE',''
  ) );
#848 = PCURVE('',#849,#854);
#849 = CYLINDRICAL_SURFACE('',#850,0.85);
#850 = AXIS2_PLACEMENT_3D('',#851,#852,#853);
#851 = CARTESIAN_POINT('',(-23.68553390593,-35.68553390593,-1.2));
#852 = DIRECTION('',(0.,0.,1.));
#853 = DIRECTION('',(1.,0.,-0.));
#854 = DEFINITIONAL_REPRESENTATION('',(#855),#859);
#855 = LINE('',#856,#857);
#856 = CARTESIAN_POINT('',(0.,6.));
#857 = VECTOR('',#858,1.);
#858 = DIRECTION('',(1.,0.));
#859 = ( GEOMETRIC_REPRESENTATION_CONTEXT(2) 
PARAMETRIC_REPRESENTATION_CONTEXT() REPRESENTATION_CONTEXT('2D SPACE',''
  ) );
#860 = FACE_BOUND('',#861,.T.);
#861 = EDGE_LOOP('',(#862));
#862 = ORIENTED_EDGE('',*,*,#863,.F.);
#863 = EDGE_CURVE('',#864,#864,#866,.T.);
#864 = VERTEX_POINT('',#865);
#865 = CARTESIAN_POINT('',(24.535533905933,-35.68553390593,4.8));
#866 = SURFACE_CURVE('',#867,(#872,#879),.PCURVE_S1.);
#867 = CIRCLE('',#868,0.85);
#868 = AXIS2_PLACEMENT_3D('',#869,#870,#871);
#869 = CARTESIAN_POINT('',(23.685533905933,-35.68553390593,4.8));
#870 = DIRECTION('',(0.,0.,1.));
#871 = DIRECTION('',(1.,0.,-0.));
#872 = PCURVE('',#126,#873);
#873 = DEFINITIONAL_REPRESENTATION('',(#874),#878);
#874 = CIRCLE('',#875,0.85);
#875 = AXIS2_PLACEMENT_2D('',#876,#877);
#876 = CARTESIAN_POINT('',(23.685533905933,-35.68553390593));
#877 = DIRECTION('',(1.,0.));
#878 = ( GEOMETRIC_REPRESENTATION_CONTEXT(2) 
PARAMETRIC_REPRESENTATION_CONTEXT() REPRESENTATION_CONTEXT('2D SPACE',''
  ) );
#879 = PCURVE('',#880,#885);
#880 = CYLINDRICAL_SURFACE('',#881,0.85);
#881 = AXIS2_PLACEMENT_3D('',#882,#883,#884);
#882 = CARTESIAN_POINT('',(23.685533905933,-35.68553390593,-1.2));
#883 = DIRECTION('',(0.,0.,1.));
#884 = DIRECTION('',(1.,0.,-0.));
#885 = DEFINITIONAL_REPRESENTATION('',(#886),#890);
#886 = LINE('',#887,#888);
#887 = CARTESIAN_POINT('',(0.,6.));
#888 = VECTOR('',#889,1.);
#889 = DIRECTION('',(1.,0.));
#890 = ( GEOMETRIC_REPRESENTATION_CONTEXT(2) 
PARAMETRIC_REPRESENTATION_CONTEXT() REPRESENTATION_CONTEXT('2D SPACE',''
  ) );
#891 = FACE_BOUND('',#892,.T.);
#892 = EDGE_LOOP('',(#893,#921,#954,#980,#1013,#1039,#1072,#1098));
#893 = ORIENTED_EDGE('',*,*,#894,.F.);
#894 = EDGE_CURVE('',#895,#897,#899,.T.);
#895 = VERTEX_POINT('',#896);
#896 = CARTESIAN_POINT('',(-23.35,32.15,4.8));
#897 = VERTEX_POINT('',#898);
#898 = CARTESIAN_POINT('',(-23.35,-32.15,4.8));
#899 = SURFACE_CURVE('',#900,(#904,#910),.PCURVE_S1.);
#900 = LINE('',#901,#902);
#901 = CARTESIAN_POINT('',(-23.35,-16.075,4.8));
#902 = VECTOR('',#903,1.);
#903 = DIRECTION('',(0.,-1.,0.));
#904 = PCURVE('',#126,#905);
#905 = DEFINITIONAL_REPRESENTATION('',(#906),#909);
#906 = B_SPLINE_CURVE_WITH_KNOTS('',1,(#907,#908),.UNSPECIFIED.,.F.,.F.,
  (2,2),(-48.225,16.075),.PIECEWISE_BEZIER_KNOTS.);
#907 = CARTESIAN_POINT('',(-23.35,32.15));
#908 = CARTESIAN_POINT('',(-23.35,-32.15));
#909 = ( GEOMETRIC_REPRESENTATION_CONTEXT(2) 
PARAMETRIC_REPRESENTATION_CONTEXT() REPRESENTATION_CONTEXT('2D SPACE',''
  ) );
#910 = PCURVE('',#911,#916);
#911 = PLANE('',#912);
#912 = AXIS2_PLACEMENT_3D('',#913,#914,#915);
#913 = CARTESIAN_POINT('',(-23.35,-32.15,1.4));
#914 = DIRECTION('',(-1.,0.,0.));
#915 = DIRECTION('',(0.,1.,0.));
#916 = DEFINITIONAL_REPRESENTATION('',(#917),#920);
#917 = B_SPLINE_CURVE_WITH_KNOTS('',1,(#918,#919),.UNSPECIFIED.,.F.,.F.,
  (2,2),(-48.225,16.075),.PIECEWISE_BEZIER_KNOTS.);
#918 = CARTESIAN_POINT('',(64.3,-3.4));
#919 = CARTESIAN_POINT('',(0.,-3.4));
#920 = ( GEOMETRIC_REPRESENTATION_CONTEXT(2) 
PARAMETRIC_REPRESENTATION_CONTEXT() REPRESENTATION_CONTEXT('2D SPACE',''
  ) );
#921 = ORIENTED_EDGE('',*,*,#922,.T.);
#922 = EDGE_CURVE('',#895,#923,#925,.T.);
#923 = VERTEX_POINT('',#924);
#924 = CARTESIAN_POINT('',(-20.15,35.35,4.8));
#925 = SURFACE_CURVE('',#926,(#931,#942),.PCURVE_S1.);
#926 = CIRCLE('',#927,3.2);
#927 = AXIS2_PLACEMENT_3D('',#928,#929,#930);
#928 = CARTESIAN_POINT('',(-20.15,32.15,4.8));
#929 = DIRECTION('',(0.,0.,-1.));
#930 = DIRECTION('',(1.,0.,0.));
#931 = PCURVE('',#126,#932);
#932 = DEFINITIONAL_REPRESENTATION('',(#933),#941);
#933 = ( BOUNDED_CURVE() B_SPLINE_CURVE(2,(#934,#935,#936,#937,#938,#939
,#940),.UNSPECIFIED.,.T.,.F.) B_SPLINE_CURVE_WITH_KNOTS((1,2,2,2,2,1),(
    -2.094395102393,0.,2.094395102393,4.188790204786,6.28318530718,
8.377580409573),.UNSPECIFIED.) CURVE() GEOMETRIC_REPRESENTATION_ITEM() 
RATIONAL_B_SPLINE_CURVE((1.,0.5,1.,0.5,1.,0.5,1.)) REPRESENTATION_ITEM(
  '') );
#934 = CARTESIAN_POINT('',(-16.95,32.15));
#935 = CARTESIAN_POINT('',(-16.95,26.60743741578));
#936 = CARTESIAN_POINT('',(-21.75,29.37871870789));
#937 = CARTESIAN_POINT('',(-26.55,32.15));
#938 = CARTESIAN_POINT('',(-21.75,34.92128129211));
#939 = CARTESIAN_POINT('',(-16.95,37.69256258422));
#940 = CARTESIAN_POINT('',(-16.95,32.15));
#941 = ( GEOMETRIC_REPRESENTATION_CONTEXT(2) 
PARAMETRIC_REPRESENTATION_CONTEXT() REPRESENTATION_CONTEXT('2D SPACE',''
  ) );
#942 = PCURVE('',#943,#948);
#943 = CYLINDRICAL_SURFACE('',#944,3.2);
#944 = AXIS2_PLACEMENT_3D('',#945,#946,#947);
#945 = CARTESIAN_POINT('',(-20.15,32.15,1.4));
#946 = DIRECTION('',(-0.,-0.,-1.));
#947 = DIRECTION('',(1.,0.,0.));
#948 = DEFINITIONAL_REPRESENTATION('',(#949),#953);
#949 = LINE('',#950,#951);
#950 = CARTESIAN_POINT('',(-6.28318530718,-3.4));
#951 = VECTOR('',#952,1.);
#952 = DIRECTION('',(1.,-0.));
#953 = ( GEOMETRIC_REPRESENTATION_CONTEXT(2) 
PARAMETRIC_REPRESENTATION_CONTEXT() REPRESENTATION_CONTEXT('2D SPACE',''
  ) );
#954 = ORIENTED_EDGE('',*,*,#955,.F.);
#955 = EDGE_CURVE('',#956,#923,#958,.T.);
#956 = VERTEX_POINT('',#957);
#957 = CARTESIAN_POINT('',(20.15,35.35,4.8));
#958 = SURFACE_CURVE('',#959,(#963,#969),.PCURVE_S1.);
#959 = LINE('',#960,#961);
#960 = CARTESIAN_POINT('',(-10.075,35.35,4.8));
#961 = VECTOR('',#962,1.);
#962 = DIRECTION('',(-1.,0.,0.));
#963 = PCURVE('',#126,#964);
#964 = DEFINITIONAL_REPRESENTATION('',(#965),#968);
#965 = B_SPLINE_CURVE_WITH_KNOTS('',1,(#966,#967),.UNSPECIFIED.,.F.,.F.,
  (2,2),(-30.225,10.075),.PIECEWISE_BEZIER_KNOTS.);
#966 = CARTESIAN_POINT('',(20.15,35.35));
#967 = CARTESIAN_POINT('',(-20.15,35.35));
#968 = ( GEOMETRIC_REPRESENTATION_CONTEXT(2) 
PARAMETRIC_REPRESENTATION_CONTEXT() REPRESENTATION_CONTEXT('2D SPACE',''
  ) );
#969 = PCURVE('',#970,#975);
#970 = PLANE('',#971);
#971 = AXIS2_PLACEMENT_3D('',#972,#973,#974);
#972 = CARTESIAN_POINT('',(-20.15,35.35,1.4));
#973 = DIRECTION('',(0.,1.,0.));
#974 = DIRECTION('',(1.,0.,0.));
#975 = DEFINITIONAL_REPRESENTATION('',(#976),#979);
#976 = B_SPLINE_CURVE_WITH_KNOTS('',1,(#977,#978),.UNSPECIFIED.,.F.,.F.,
  (2,2),(-30.225,10.075),.PIECEWISE_BEZIER_KNOTS.);
#977 = CARTESIAN_POINT('',(40.3,-3.4));
#978 = CARTESIAN_POINT('',(0.,-3.4));
#979 = ( GEOMETRIC_REPRESENTATION_CONTEXT(2) 
PARAMETRIC_REPRESENTATION_CONTEXT() REPRESENTATION_CONTEXT('2D SPACE',''
  ) );
#980 = ORIENTED_EDGE('',*,*,#981,.T.);
#981 = EDGE_CURVE('',#956,#982,#984,.T.);
#982 = VERTEX_POINT('',#983);
#983 = CARTESIAN_POINT('',(23.35,32.15,4.8));
#984 = SURFACE_CURVE('',#985,(#990,#1001),.PCURVE_S1.);
#985 = CIRCLE('',#986,3.2);
#986 = AXIS2_PLACEMENT_3D('',#987,#988,#989);
#987 = CARTESIAN_POINT('',(20.15,32.15,4.8));
#988 = DIRECTION('',(0.,0.,-1.));
#989 = DIRECTION('',(1.,0.,0.));
#990 = PCURVE('',#126,#991);
#991 = DEFINITIONAL_REPRESENTATION('',(#992),#1000);
#992 = ( BOUNDED_CURVE() B_SPLINE_CURVE(2,(#993,#994,#995,#996,#997,#998
,#999),.UNSPECIFIED.,.T.,.F.) B_SPLINE_CURVE_WITH_KNOTS((1,2,2,2,2,1),(
    -2.094395102393,0.,2.094395102393,4.188790204786,6.28318530718,
8.377580409573),.UNSPECIFIED.) CURVE() GEOMETRIC_REPRESENTATION_ITEM() 
RATIONAL_B_SPLINE_CURVE((1.,0.5,1.,0.5,1.,0.5,1.)) REPRESENTATION_ITEM(
  '') );
#993 = CARTESIAN_POINT('',(23.35,32.15));
#994 = CARTESIAN_POINT('',(23.35,26.60743741578));
#995 = CARTESIAN_POINT('',(18.55,29.37871870789));
#996 = CARTESIAN_POINT('',(13.75,32.15));
#997 = CARTESIAN_POINT('',(18.55,34.92128129211));
#998 = CARTESIAN_POINT('',(23.35,37.69256258422));
#999 = CARTESIAN_POINT('',(23.35,32.15));
#1000 = ( GEOMETRIC_REPRESENTATION_CONTEXT(2) 
PARAMETRIC_REPRESENTATION_CONTEXT() REPRESENTATION_CONTEXT('2D SPACE',''
  ) );
#1001 = PCURVE('',#1002,#1007);
#1002 = CYLINDRICAL_SURFACE('',#1003,3.2);
#1003 = AXIS2_PLACEMENT_3D('',#1004,#1005,#1006);
#1004 = CARTESIAN_POINT('',(20.15,32.15,1.4));
#1005 = DIRECTION('',(-0.,-0.,-1.));
#1006 = DIRECTION('',(1.,0.,0.));
#1007 = DEFINITIONAL_REPRESENTATION('',(#1008),#1012);
#1008 = LINE('',#1009,#1010);
#1009 = CARTESIAN_POINT('',(-6.28318530718,-3.4));
#1010 = VECTOR('',#1011,1.);
#1011 = DIRECTION('',(1.,-0.));
#1012 = ( GEOMETRIC_REPRESENTATION_CONTEXT(2) 
PARAMETRIC_REPRESENTATION_CONTEXT() REPRESENTATION_CONTEXT('2D SPACE',''
  ) );
#1013 = ORIENTED_EDGE('',*,*,#1014,.T.);
#1014 = EDGE_CURVE('',#982,#1015,#1017,.T.);
#1015 = VERTEX_POINT('',#1016);
#1016 = CARTESIAN_POINT('',(23.35,-32.15,4.8));
#1017 = SURFACE_CURVE('',#1018,(#1022,#1028),.PCURVE_S1.);
#1018 = LINE('',#1019,#1020);
#1019 = CARTESIAN_POINT('',(23.35,-16.075,4.8));
#1020 = VECTOR('',#1021,1.);
#1021 = DIRECTION('',(0.,-1.,0.));
#1022 = PCURVE('',#126,#1023);
#1023 = DEFINITIONAL_REPRESENTATION('',(#1024),#1027);
#1024 = B_SPLINE_CURVE_WITH_KNOTS('',1,(#1025,#1026),.UNSPECIFIED.,.F.,
  .F.,(2,2),(-48.225,16.075),.PIECEWISE_BEZIER_KNOTS.);
#1025 = CARTESIAN_POINT('',(23.35,32.15));
#1026 = CARTESIAN_POINT('',(23.35,-32.15));
#1027 = ( GEOMETRIC_REPRESENTATION_CONTEXT(2) 
PARAMETRIC_REPRESENTATION_CONTEXT() REPRESENTATION_CONTEXT('2D SPACE',''
  ) );
#1028 = PCURVE('',#1029,#1034);
#1029 = PLANE('',#1030);
#1030 = AXIS2_PLACEMENT_3D('',#1031,#1032,#1033);
#1031 = CARTESIAN_POINT('',(23.35,-32.15,1.4));
#1032 = DIRECTION('',(-1.,0.,0.));
#1033 = DIRECTION('',(0.,1.,0.));
#1034 = DEFINITIONAL_REPRESENTATION('',(#1035),#1038);
#1035 = B_SPLINE_CURVE_WITH_KNOTS('',1,(#1036,#1037),.UNSPECIFIED.,.F.,
  .F.,(2,2),(-48.225,16.075),.PIECEWISE_BEZIER_KNOTS.);
#1036 = CARTESIAN_POINT('',(64.3,-3.4));
#1037 = CARTESIAN_POINT('',(0.,-3.4));
#1038 = ( GEOMETRIC_REPRESENTATION_CONTEXT(2) 
PARAMETRIC_REPRESENTATION_CONTEXT() REPRESENTATION_CONTEXT('2D SPACE',''
  ) );
#1039 = ORIENTED_EDGE('',*,*,#1040,.T.);
#1040 = EDGE_CURVE('',#1015,#1041,#1043,.T.);
#1041 = VERTEX_POINT('',#1042);
#1042 = CARTESIAN_POINT('',(20.15,-35.35,4.8));
#1043 = SURFACE_CURVE('',#1044,(#1049,#1060),.PCURVE_S1.);
#1044 = CIRCLE('',#1045,3.2);
#1045 = AXIS2_PLACEMENT_3D('',#1046,#1047,#1048);
#1046 = CARTESIAN_POINT('',(20.15,-32.15,4.8));
#1047 = DIRECTION('',(0.,0.,-1.));
#1048 = DIRECTION('',(1.,0.,0.));
#1049 = PCURVE('',#126,#1050);
#1050 = DEFINITIONAL_REPRESENTATION('',(#1051),#1059);
#1051 = ( BOUNDED_CURVE() B_SPLINE_CURVE(2,(#1052,#1053,#1054,#1055,
#1056,#1057,#1058),.UNSPECIFIED.,.T.,.F.) B_SPLINE_CURVE_WITH_KNOTS((1,2
    ,2,2,2,1),(-2.094395102393,0.,2.094395102393,4.188790204786,
6.28318530718,8.377580409573),.UNSPECIFIED.) CURVE() 
GEOMETRIC_REPRESENTATION_ITEM() RATIONAL_B_SPLINE_CURVE((1.,0.5,1.,0.5,
1.,0.5,1.)) REPRESENTATION_ITEM('') );
#1052 = CARTESIAN_POINT('',(23.35,-32.15));
#1053 = CARTESIAN_POINT('',(23.35,-37.69256258422));
#1054 = CARTESIAN_POINT('',(18.55,-34.92128129211));
#1055 = CARTESIAN_POINT('',(13.75,-32.15));
#1056 = CARTESIAN_POINT('',(18.55,-29.37871870789));
#1057 = CARTESIAN_POINT('',(23.35,-26.60743741578));
#1058 = CARTESIAN_POINT('',(23.35,-32.15));
#1059 = ( GEOMETRIC_REPRESENTATION_CONTEXT(2) 
PARAMETRIC_REPRESENTATION_CONTEXT() REPRESENTATION_CONTEXT('2D SPACE',''
  ) );
#1060 = PCURVE('',#1061,#1066);
#1061 = CYLINDRICAL_SURFACE('',#1062,3.2);
#1062 = AXIS2_PLACEMENT_3D('',#1063,#1064,#1065);
#1063 = CARTESIAN_POINT('',(20.15,-32.15,1.4));
#1064 = DIRECTION('',(-0.,-0.,-1.));
#1065 = DIRECTION('',(1.,0.,0.));
#1066 = DEFINITIONAL_REPRESENTATION('',(#1067),#1071);
#1067 = LINE('',#1068,#1069);
#1068 = CARTESIAN_POINT('',(-6.28318530718,-3.4));
#1069 = VECTOR('',#1070,1.);
#1070 = DIRECTION('',(1.,-0.));
#1071 = ( GEOMETRIC_REPRESENTATION_CONTEXT(2) 
PARAMETRIC_REPRESENTATION_CONTEXT() REPRESENTATION_CONTEXT('2D SPACE',''
  ) );
#1072 = ORIENTED_EDGE('',*,*,#1073,.T.);
#1073 = EDGE_CURVE('',#1041,#1074,#1076,.T.);
#1074 = VERTEX_POINT('',#1075);
#1075 = CARTESIAN_POINT('',(-20.15,-35.35,4.8));
#1076 = SURFACE_CURVE('',#1077,(#1081,#1087),.PCURVE_S1.);
#1077 = LINE('',#1078,#1079);
#1078 = CARTESIAN_POINT('',(-10.075,-35.35,4.8));
#1079 = VECTOR('',#1080,1.);
#1080 = DIRECTION('',(-1.,0.,0.));
#1081 = PCURVE('',#126,#1082);
#1082 = DEFINITIONAL_REPRESENTATION('',(#1083),#1086);
#1083 = B_SPLINE_CURVE_WITH_KNOTS('',1,(#1084,#1085),.UNSPECIFIED.,.F.,
  .F.,(2,2),(-30.225,10.075),.PIECEWISE_BEZIER_KNOTS.);
#1084 = CARTESIAN_POINT('',(20.15,-35.35));
#1085 = CARTESIAN_POINT('',(-20.15,-35.35));
#1086 = ( GEOMETRIC_REPRESENTATION_CONTEXT(2) 
PARAMETRIC_REPRESENTATION_CONTEXT() REPRESENTATION_CONTEXT('2D SPACE',''
  ) );
#1087 = PCURVE('',#1088,#1093);
#1088 = PLANE('',#1089);
#1089 = AXIS2_PLACEMENT_3D('',#1090,#1091,#1092);
#1090 = CARTESIAN_POINT('',(-20.15,-35.35,1.4));
#1091 = DIRECTION('',(0.,1.,0.));
#1092 = DIRECTION('',(1.,0.,0.));
#1093 = DEFINITIONAL_REPRESENTATION('',(#1094),#1097);
#1094 = B_SPLINE_CURVE_WITH_KNOTS('',1,(#1095,#1096),.UNSPECIFIED.,.F.,
  .F.,(2,2),(-30.225,10.075),.PIECEWISE_BEZIER_KNOTS.);
#1095 = CARTESIAN_POINT('',(40.3,-3.4));
#1096 = CARTESIAN_POINT('',(0.,-3.4));
#1097 = ( GEOMETRIC_REPRESENTATION_CONTEXT(2) 
PARAMETRIC_REPRESENTATION_CONTEXT() REPRESENTATION_CONTEXT('2D SPACE',''
  ) );
#1098 = ORIENTED_EDGE('',*,*,#1099,.T.);
#1099 = EDGE_CURVE('',#1074,#897,#1100,.T.);
#1100 = SURFACE_CURVE('',#1101,(#1106,#1117),.PCURVE_S1.);
#1101 = CIRCLE('',#1102,3.2);
#1102 = AXIS2_PLACEMENT_3D('',#1103,#1104,#1105);
#1103 = CARTESIAN_POINT('',(-20.15,-32.15,4.8));
#1104 = DIRECTION('',(0.,0.,-1.));
#1105 = DIRECTION('',(1.,0.,0.));
#1106 = PCURVE('',#126,#1107);
#1107 = DEFINITIONAL_REPRESENTATION('',(#1108),#1116);
#1108 = ( BOUNDED_CURVE() B_SPLINE_CURVE(2,(#1109,#1110,#1111,#1112,
#1113,#1114,#1115),.UNSPECIFIED.,.T.,.F.) B_SPLINE_CURVE_WITH_KNOTS((1,2
    ,2,2,2,1),(-2.094395102393,0.,2.094395102393,4.188790204786,
6.28318530718,8.377580409573),.UNSPECIFIED.) CURVE() 
GEOMETRIC_REPRESENTATION_ITEM() RATIONAL_B_SPLINE_CURVE((1.,0.5,1.,0.5,
1.,0.5,1.)) REPRESENTATION_ITEM('') );
#1109 = CARTESIAN_POINT('',(-16.95,-32.15));
#1110 = CARTESIAN_POINT('',(-16.95,-37.69256258422));
#1111 = CARTESIAN_POINT('',(-21.75,-34.92128129211));
#1112 = CARTESIAN_POINT('',(-26.55,-32.15));
#1113 = CARTESIAN_POINT('',(-21.75,-29.37871870789));
#1114 = CARTESIAN_POINT('',(-16.95,-26.60743741578));
#1115 = CARTESIAN_POINT('',(-16.95,-32.15));
#1116 = ( GEOMETRIC_REPRESENTATION_CONTEXT(2) 
PARAMETRIC_REPRESENTATION_CONTEXT() REPRESENTATION_CONTEXT('2D SPACE',''
  ) );
#1117 = PCURVE('',#1118,#1123);
#1118 = CYLINDRICAL_SURFACE('',#1119,3.2);
#1119 = AXIS2_PLACEMENT_3D('',#1120,#1121,#1122);
#1120 = CARTESIAN_POINT('',(-20.15,-32.15,1.4));
#1121 = DIRECTION('',(-0.,-0.,-1.));
#1122 = DIRECTION('',(1.,0.,0.));
#1123 = DEFINITIONAL_REPRESENTATION('',(#1124),#1128);
#1124 = LINE('',#1125,#1126);
#1125 = CARTESIAN_POINT('',(-6.28318530718,-3.4));
#1126 = VECTOR('',#1127,1.);
#1127 = DIRECTION('',(1.,-0.));
#1128 = ( GEOMETRIC_REPRESENTATION_CONTEXT(2) 
PARAMETRIC_REPRESENTATION_CONTEXT() REPRESENTATION_CONTEXT('2D SPACE',''
  ) );
#1129 = FACE_BOUND('',#1130,.T.);
#1130 = EDGE_LOOP('',(#1131));
#1131 = ORIENTED_EDGE('',*,*,#1132,.F.);
#1132 = EDGE_CURVE('',#1133,#1133,#1135,.T.);
#1133 = VERTEX_POINT('',#1134);
#1134 = CARTESIAN_POINT('',(-22.83553390593,35.685533905933,4.8));
#1135 = SURFACE_CURVE('',#1136,(#1141,#1148),.PCURVE_S1.);
#1136 = CIRCLE('',#1137,0.85);
#1137 = AXIS2_PLACEMENT_3D('',#1138,#1139,#1140);
#1138 = CARTESIAN_POINT('',(-23.68553390593,35.685533905933,4.8));
#1139 = DIRECTION('',(0.,0.,1.));
#1140 = DIRECTION('',(1.,0.,-0.));
#1141 = PCURVE('',#126,#1142);
#1142 = DEFINITIONAL_REPRESENTATION('',(#1143),#1147);
#1143 = CIRCLE('',#1144,0.85);
#1144 = AXIS2_PLACEMENT_2D('',#1145,#1146);
#1145 = CARTESIAN_POINT('',(-23.68553390593,35.685533905933));
#1146 = DIRECTION('',(1.,0.));
#1147 = ( GEOMETRIC_REPRESENTATION_CONTEXT(2) 
PARAMETRIC_REPRESENTATION_CONTEXT() REPRESENTATION_CONTEXT('2D SPACE',''
  ) );
#1148 = PCURVE('',#1149,#1154);
#1149 = CYLINDRICAL_SURFACE('',#1150,0.85);
#1150 = AXIS2_PLACEMENT_3D('',#1151,#1152,#1153);
#1151 = CARTESIAN_POINT('',(-23.68553390593,35.685533905933,-1.2));
#1152 = DIRECTION('',(0.,0.,1.));
#1153 = DIRECTION('',(1.,0.,-0.));
#1154 = DEFINITIONAL_REPRESENTATION('',(#1155),#1159);
#1155 = LINE('',#1156,#1157);
#1156 = CARTESIAN_POINT('',(0.,6.));
#1157 = VECTOR('',#1158,1.);
#1158 = DIRECTION('',(1.,0.));
#1159 = ( GEOMETRIC_REPRESENTATION_CONTEXT(2) 
PARAMETRIC_REPRESENTATION_CONTEXT() REPRESENTATION_CONTEXT('2D SPACE',''
  ) );
#1160 = FACE_BOUND('',#1161,.T.);
#1161 = EDGE_LOOP('',(#1162));
#1162 = ORIENTED_EDGE('',*,*,#1163,.F.);
#1163 = EDGE_CURVE('',#1164,#1164,#1166,.T.);
#1164 = VERTEX_POINT('',#1165);
#1165 = CARTESIAN_POINT('',(24.535533905933,35.685533905933,4.8));
#1166 = SURFACE_CURVE('',#1167,(#1172,#1179),.PCURVE_S1.);
#1167 = CIRCLE('',#1168,0.85);
#1168 = AXIS2_PLACEMENT_3D('',#1169,#1170,#1171);
#1169 = CARTESIAN_POINT('',(23.685533905933,35.685533905933,4.8));
#1170 = DIRECTION('',(0.,0.,1.));
#1171 = DIRECTION('',(1.,0.,-0.));
#1172 = PCURVE('',#126,#1173);
#1173 = DEFINITIONAL_REPRESENTATION('',(#1174),#1178);
#1174 = CIRCLE('',#1175,0.85);
#1175 = AXIS2_PLACEMENT_2D('',#1176,#1177);
#1176 = CARTESIAN_POINT('',(23.685533905933,35.685533905933));
#1177 = DIRECTION('',(1.,0.));
#1178 = ( GEOMETRIC_REPRESENTATION_CONTEXT(2) 
PARAMETRIC_REPRESENTATION_CONTEXT() REPRESENTATION_CONTEXT('2D SPACE',''
  ) );
#1179 = PCURVE('',#1180,#1185);
#1180 = CYLINDRICAL_SURFACE('',#1181,0.85);
#1181 = AXIS2_PLACEMENT_3D('',#1182,#1183,#1184);
#1182 = CARTESIAN_POINT('',(23.685533905933,35.685533905933,-1.2));
#1183 = DIRECTION('',(0.,0.,1.));
#1184 = DIRECTION('',(1.,0.,-0.));
#1185 = DEFINITIONAL_REPRESENTATION('',(#1186),#1190);
#1186 = LINE('',#1187,#1188);
#1187 = CARTESIAN_POINT('',(0.,6.));
#1188 = VECTOR('',#1189,1.);
#1189 = DIRECTION('',(1.,0.));
#1190 = ( GEOMETRIC_REPRESENTATION_CONTEXT(2) 
PARAMETRIC_REPRESENTATION_CONTEXT() REPRESENTATION_CONTEXT('2D SPACE',''
  ) );
#1191 = ADVANCED_FACE('',(#1192),#210,.T.);
#1192 = FACE_BOUND('',#1193,.T.);
#1193 = EDGE_LOOP('',(#1194,#1217,#1245,#1273,#1294));
#1194 = ORIENTED_EDGE('',*,*,#1195,.F.);
#1195 = EDGE_CURVE('',#1196,#167,#1198,.T.);
#1196 = VERTEX_POINT('',#1197);
#1197 = CARTESIAN_POINT('',(-27.75,15.2,-1.5));
#1198 = SURFACE_CURVE('',#1199,(#1203,#1210),.PCURVE_S1.);
#1199 = LINE('',#1200,#1201);
#1200 = CARTESIAN_POINT('',(-27.75,15.2,-1.5));
#1201 = VECTOR('',#1202,1.);
#1202 = DIRECTION('',(1.,0.,-0.));
#1203 = PCURVE('',#210,#1204);
#1204 = DEFINITIONAL_REPRESENTATION('',(#1205),#1209);
#1205 = LINE('',#1206,#1207);
#1206 = CARTESIAN_POINT('',(0.,0.));
#1207 = VECTOR('',#1208,1.);
#1208 = DIRECTION('',(0.,1.));
#1209 = ( GEOMETRIC_REPRESENTATION_CONTEXT(2) 
PARAMETRIC_REPRESENTATION_CONTEXT() REPRESENTATION_CONTEXT('2D SPACE',''
  ) );
#1210 = PCURVE('',#182,#1211);
#1211 = DEFINITIONAL_REPRESENTATION('',(#1212),#1216);
#1212 = LINE('',#1213,#1214);
#1213 = CARTESIAN_POINT('',(0.,30.4));
#1214 = VECTOR('',#1215,1.);
#1215 = DIRECTION('',(1.,0.));
#1216 = ( GEOMETRIC_REPRESENTATION_CONTEXT(2) 
PARAMETRIC_REPRESENTATION_CONTEXT() REPRESENTATION_CONTEXT('2D SPACE',''
  ) );
#1217 = ORIENTED_EDGE('',*,*,#1218,.T.);
#1218 = EDGE_CURVE('',#1196,#1219,#1221,.T.);
#1219 = VERTEX_POINT('',#1220);
#1220 = CARTESIAN_POINT('',(-27.75,15.2,5.3));
#1221 = SURFACE_CURVE('',#1222,(#1226,#1233),.PCURVE_S1.);
#1222 = LINE('',#1223,#1224);
#1223 = CARTESIAN_POINT('',(-27.75,15.2,-1.5));
#1224 = VECTOR('',#1225,1.);
#1225 = DIRECTION('',(0.,0.,1.));
#1226 = PCURVE('',#210,#1227);
#1227 = DEFINITIONAL_REPRESENTATION('',(#1228),#1232);
#1228 = LINE('',#1229,#1230);
#1229 = CARTESIAN_POINT('',(0.,0.));
#1230 = VECTOR('',#1231,1.);
#1231 = DIRECTION('',(1.,0.));
#1232 = ( GEOMETRIC_REPRESENTATION_CONTEXT(2) 
PARAMETRIC_REPRESENTATION_CONTEXT() REPRESENTATION_CONTEXT('2D SPACE',''
  ) );
#1233 = PCURVE('',#1234,#1239);
#1234 = PLANE('',#1235);
#1235 = AXIS2_PLACEMENT_3D('',#1236,#1237,#1238);
#1236 = CARTESIAN_POINT('',(-27.75,-15.2,-1.5));
#1237 = DIRECTION('',(1.,0.,-0.));
#1238 = DIRECTION('',(0.,0.,1.));
#1239 = DEFINITIONAL_REPRESENTATION('',(#1240),#1244);
#1240 = LINE('',#1241,#1242);
#1241 = CARTESIAN_POINT('',(0.,-30.4));
#1242 = VECTOR('',#1243,1.);
#1243 = DIRECTION('',(1.,0.));
#1244 = ( GEOMETRIC_REPRESENTATION_CONTEXT(2) 
PARAMETRIC_REPRESENTATION_CONTEXT() REPRESENTATION_CONTEXT('2D SPACE',''
  ) );
#1245 = ORIENTED_EDGE('',*,*,#1246,.T.);
#1246 = EDGE_CURVE('',#1219,#1247,#1249,.T.);
#1247 = VERTEX_POINT('',#1248);
#1248 = CARTESIAN_POINT('',(-25.15,15.2,5.3));
#1249 = SURFACE_CURVE('',#1250,(#1254,#1261),.PCURVE_S1.);
#1250 = LINE('',#1251,#1252);
#1251 = CARTESIAN_POINT('',(-27.75,15.2,5.3));
#1252 = VECTOR('',#1253,1.);
#1253 = DIRECTION('',(1.,0.,-0.));
#1254 = PCURVE('',#210,#1255);
#1255 = DEFINITIONAL_REPRESENTATION('',(#1256),#1260);
#1256 = LINE('',#1257,#1258);
#1257 = CARTESIAN_POINT('',(6.8,0.));
#1258 = VECTOR('',#1259,1.);
#1259 = DIRECTION('',(0.,1.));
#1260 = ( GEOMETRIC_REPRESENTATION_CONTEXT(2) 
PARAMETRIC_REPRESENTATION_CONTEXT() REPRESENTATION_CONTEXT('2D SPACE',''
  ) );
#1261 = PCURVE('',#1262,#1267);
#1262 = PLANE('',#1263);
#1263 = AXIS2_PLACEMENT_3D('',#1264,#1265,#1266);
#1264 = CARTESIAN_POINT('',(-27.75,-15.2,5.3));
#1265 = DIRECTION('',(0.,0.,1.));
#1266 = DIRECTION('',(1.,0.,-0.));
#1267 = DEFINITIONAL_REPRESENTATION('',(#1268),#1272);
#1268 = LINE('',#1269,#1270);
#1269 = CARTESIAN_POINT('',(0.,30.4));
#1270 = VECTOR('',#1271,1.);
#1271 = DIRECTION('',(1.,0.));
#1272 = ( GEOMETRIC_REPRESENTATION_CONTEXT(2) 
PARAMETRIC_REPRESENTATION_CONTEXT() REPRESENTATION_CONTEXT('2D SPACE',''
  ) );
#1273 = ORIENTED_EDGE('',*,*,#1274,.F.);
#1274 = EDGE_CURVE('',#195,#1247,#1275,.T.);
#1275 = SURFACE_CURVE('',#1276,(#1280,#1287),.PCURVE_S1.);
#1276 = LINE('',#1277,#1278);
#1277 = CARTESIAN_POINT('',(-25.15,15.2,-1.5));
#1278 = VECTOR('',#1279,1.);
#1279 = DIRECTION('',(0.,0.,1.));
#1280 = PCURVE('',#210,#1281);
#1281 = DEFINITIONAL_REPRESENTATION('',(#1282),#1286);
#1282 = LINE('',#1283,#1284);
#1283 = CARTESIAN_POINT('',(0.,2.6));
#1284 = VECTOR('',#1285,1.);
#1285 = DIRECTION('',(1.,0.));
#1286 = ( GEOMETRIC_REPRESENTATION_CONTEXT(2) 
PARAMETRIC_REPRESENTATION_CONTEXT() REPRESENTATION_CONTEXT('2D SPACE',''
  ) );
#1287 = PCURVE('',#818,#1288);
#1288 = DEFINITIONAL_REPRESENTATION('',(#1289),#1293);
#1289 = LINE('',#1290,#1291);
#1290 = CARTESIAN_POINT('',(0.,-30.4));
#1291 = VECTOR('',#1292,1.);
#1292 = DIRECTION('',(1.,0.));
#1293 = ( GEOMETRIC_REPRESENTATION_CONTEXT(2) 
PARAMETRIC_REPRESENTATION_CONTEXT() REPRESENTATION_CONTEXT('2D SPACE',''
  ) );
#1294 = ORIENTED_EDGE('',*,*,#194,.F.);
#1295 = ADVANCED_FACE('',(#1296),#182,.F.);
#1296 = FACE_BOUND('',#1297,.F.);
#1297 = EDGE_LOOP('',(#1298,#1321,#1342,#1343));
#1298 = ORIENTED_EDGE('',*,*,#1299,.F.);
#1299 = EDGE_CURVE('',#1300,#1196,#1302,.T.);
#1300 = VERTEX_POINT('',#1301);
#1301 = CARTESIAN_POINT('',(-27.75,-15.2,-1.5));
#1302 = SURFACE_CURVE('',#1303,(#1307,#1314),.PCURVE_S1.);
#1303 = LINE('',#1304,#1305);
#1304 = CARTESIAN_POINT('',(-27.75,-15.2,-1.5));
#1305 = VECTOR('',#1306,1.);
#1306 = DIRECTION('',(-0.,1.,0.));
#1307 = PCURVE('',#182,#1308);
#1308 = DEFINITIONAL_REPRESENTATION('',(#1309),#1313);
#1309 = LINE('',#1310,#1311);
#1310 = CARTESIAN_POINT('',(0.,0.));
#1311 = VECTOR('',#1312,1.);
#1312 = DIRECTION('',(0.,1.));
#1313 = ( GEOMETRIC_REPRESENTATION_CONTEXT(2) 
PARAMETRIC_REPRESENTATION_CONTEXT() REPRESENTATION_CONTEXT('2D SPACE',''
  ) );
#1314 = PCURVE('',#1234,#1315);
#1315 = DEFINITIONAL_REPRESENTATION('',(#1316),#1320);
#1316 = LINE('',#1317,#1318);
#1317 = CARTESIAN_POINT('',(0.,0.));
#1318 = VECTOR('',#1319,1.);
#1319 = DIRECTION('',(0.,-1.));
#1320 = ( GEOMETRIC_REPRESENTATION_CONTEXT(2) 
PARAMETRIC_REPRESENTATION_CONTEXT() REPRESENTATION_CONTEXT('2D SPACE',''
  ) );
#1321 = ORIENTED_EDGE('',*,*,#1322,.T.);
#1322 = EDGE_CURVE('',#1300,#139,#1323,.T.);
#1323 = SURFACE_CURVE('',#1324,(#1328,#1335),.PCURVE_S1.);
#1324 = LINE('',#1325,#1326);
#1325 = CARTESIAN_POINT('',(-27.75,-15.2,-1.5));
#1326 = VECTOR('',#1327,1.);
#1327 = DIRECTION('',(1.,0.,-0.));
#1328 = PCURVE('',#182,#1329);
#1329 = DEFINITIONAL_REPRESENTATION('',(#1330),#1334);
#1330 = LINE('',#1331,#1332);
#1331 = CARTESIAN_POINT('',(0.,0.));
#1332 = VECTOR('',#1333,1.);
#1333 = DIRECTION('',(1.,0.));
#1334 = ( GEOMETRIC_REPRESENTATION_CONTEXT(2) 
PARAMETRIC_REPRESENTATION_CONTEXT() REPRESENTATION_CONTEXT('2D SPACE',''
  ) );
#1335 = PCURVE('',#154,#1336);
#1336 = DEFINITIONAL_REPRESENTATION('',(#1337),#1341);
#1337 = LINE('',#1338,#1339);
#1338 = CARTESIAN_POINT('',(0.,0.));
#1339 = VECTOR('',#1340,1.);
#1340 = DIRECTION('',(0.,1.));
#1341 = ( GEOMETRIC_REPRESENTATION_CONTEXT(2) 
PARAMETRIC_REPRESENTATION_CONTEXT() REPRESENTATION_CONTEXT('2D SPACE',''
  ) );
#1342 = ORIENTED_EDGE('',*,*,#166,.T.);
#1343 = ORIENTED_EDGE('',*,*,#1195,.F.);
#1344 = ADVANCED_FACE('',(#1345),#154,.F.);
#1345 = FACE_BOUND('',#1346,.F.);
#1346 = EDGE_LOOP('',(#1347,#1348,#1371,#1394,#1415));
#1347 = ORIENTED_EDGE('',*,*,#1322,.F.);
#1348 = ORIENTED_EDGE('',*,*,#1349,.T.);
#1349 = EDGE_CURVE('',#1300,#1350,#1352,.T.);
#1350 = VERTEX_POINT('',#1351);
#1351 = CARTESIAN_POINT('',(-27.75,-15.2,5.3));
#1352 = SURFACE_CURVE('',#1353,(#1357,#1364),.PCURVE_S1.);
#1353 = LINE('',#1354,#1355);
#1354 = CARTESIAN_POINT('',(-27.75,-15.2,-1.5));
#1355 = VECTOR('',#1356,1.);
#1356 = DIRECTION('',(0.,0.,1.));
#1357 = PCURVE('',#154,#1358);
#1358 = DEFINITIONAL_REPRESENTATION('',(#1359),#1363);
#1359 = LINE('',#1360,#1361);
#1360 = CARTESIAN_POINT('',(0.,0.));
#1361 = VECTOR('',#1362,1.);
#1362 = DIRECTION('',(1.,0.));
#1363 = ( GEOMETRIC_REPRESENTATION_CONTEXT(2) 
PARAMETRIC_REPRESENTATION_CONTEXT() REPRESENTATION_CONTEXT('2D SPACE',''
  ) );
#1364 = PCURVE('',#1234,#1365);
#1365 = DEFINITIONAL_REPRESENTATION('',(#1366),#1370);
#1366 = LINE('',#1367,#1368);
#1367 = CARTESIAN_POINT('',(0.,0.));
#1368 = VECTOR('',#1369,1.);
#1369 = DIRECTION('',(1.,0.));
#1370 = ( GEOMETRIC_REPRESENTATION_CONTEXT(2) 
PARAMETRIC_REPRESENTATION_CONTEXT() REPRESENTATION_CONTEXT('2D SPACE',''
  ) );
#1371 = ORIENTED_EDGE('',*,*,#1372,.T.);
#1372 = EDGE_CURVE('',#1350,#1373,#1375,.T.);
#1373 = VERTEX_POINT('',#1374);
#1374 = CARTESIAN_POINT('',(-25.15,-15.2,5.3));
#1375 = SURFACE_CURVE('',#1376,(#1380,#1387),.PCURVE_S1.);
#1376 = LINE('',#1377,#1378);
#1377 = CARTESIAN_POINT('',(-27.75,-15.2,5.3));
#1378 = VECTOR('',#1379,1.);
#1379 = DIRECTION('',(1.,0.,-0.));
#1380 = PCURVE('',#154,#1381);
#1381 = DEFINITIONAL_REPRESENTATION('',(#1382),#1386);
#1382 = LINE('',#1383,#1384);
#1383 = CARTESIAN_POINT('',(6.8,0.));
#1384 = VECTOR('',#1385,1.);
#1385 = DIRECTION('',(0.,1.));
#1386 = ( GEOMETRIC_REPRESENTATION_CONTEXT(2) 
PARAMETRIC_REPRESENTATION_CONTEXT() REPRESENTATION_CONTEXT('2D SPACE',''
  ) );
#1387 = PCURVE('',#1262,#1388);
#1388 = DEFINITIONAL_REPRESENTATION('',(#1389),#1393);
#1389 = LINE('',#1390,#1391);
#1390 = CARTESIAN_POINT('',(0.,0.));
#1391 = VECTOR('',#1392,1.);
#1392 = DIRECTION('',(1.,0.));
#1393 = ( GEOMETRIC_REPRESENTATION_CONTEXT(2) 
PARAMETRIC_REPRESENTATION_CONTEXT() REPRESENTATION_CONTEXT('2D SPACE',''
  ) );
#1394 = ORIENTED_EDGE('',*,*,#1395,.F.);
#1395 = EDGE_CURVE('',#111,#1373,#1396,.T.);
#1396 = SURFACE_CURVE('',#1397,(#1401,#1408),.PCURVE_S1.);
#1397 = LINE('',#1398,#1399);
#1398 = CARTESIAN_POINT('',(-25.15,-15.2,-1.5));
#1399 = VECTOR('',#1400,1.);
#1400 = DIRECTION('',(0.,0.,1.));
#1401 = PCURVE('',#154,#1402);
#1402 = DEFINITIONAL_REPRESENTATION('',(#1403),#1407);
#1403 = LINE('',#1404,#1405);
#1404 = CARTESIAN_POINT('',(0.,2.6));
#1405 = VECTOR('',#1406,1.);
#1406 = DIRECTION('',(1.,0.));
#1407 = ( GEOMETRIC_REPRESENTATION_CONTEXT(2) 
PARAMETRIC_REPRESENTATION_CONTEXT() REPRESENTATION_CONTEXT('2D SPACE',''
  ) );
#1408 = PCURVE('',#818,#1409);
#1409 = DEFINITIONAL_REPRESENTATION('',(#1410),#1414);
#1410 = LINE('',#1411,#1412);
#1411 = CARTESIAN_POINT('',(0.,0.));
#1412 = VECTOR('',#1413,1.);
#1413 = DIRECTION('',(1.,0.));
#1414 = ( GEOMETRIC_REPRESENTATION_CONTEXT(2) 
PARAMETRIC_REPRESENTATION_CONTEXT() REPRESENTATION_CONTEXT('2D SPACE',''
  ) );
#1415 = ORIENTED_EDGE('',*,*,#138,.F.);
#1416 = ADVANCED_FACE('',(#1417),#98,.T.);
#1417 = FACE_BOUND('',#1418,.T.);
#1418 = EDGE_LOOP('',(#1419,#1448,#1467,#1468));
#1419 = ORIENTED_EDGE('',*,*,#1420,.F.);
#1420 = EDGE_CURVE('',#1421,#57,#1423,.T.);
#1421 = VERTEX_POINT('',#1422);
#1422 = CARTESIAN_POINT('',(-25.13766532639,-32.50099087156,
    -2.121341019272));
#1423 = SURFACE_CURVE('',#1424,(#1430,#1439),.PCURVE_S1.);
#1424 = B_SPLINE_CURVE_WITH_KNOTS('',4,(#1425,#1426,#1427,#1428,#1429),
  .UNSPECIFIED.,.F.,.F.,(5,5),(0.,1.),.PIECEWISE_BEZIER_KNOTS.);
#1425 = CARTESIAN_POINT('',(-25.13766532639,-32.50099087156,
    -2.121341019272));
#1426 = CARTESIAN_POINT('',(-25.14383480984,-32.41332101682,
    -2.122389760257));
#1427 = CARTESIAN_POINT('',(-25.1479449363,-32.32557318274,
    -2.123088787327));
#1428 = CARTESIAN_POINT('',(-25.15,-32.23778662749,-2.123438300723));
#1429 = CARTESIAN_POINT('',(-25.15,-32.15,-2.123438300723));
#1430 = PCURVE('',#98,#1431);
#1431 = DEFINITIONAL_REPRESENTATION('',(#1432),#1438);
#1432 = B_SPLINE_CURVE_WITH_KNOTS('',4,(#1433,#1434,#1435,#1436,#1437),
  .UNSPECIFIED.,.F.,.F.,(5,5),(0.,1.),.PIECEWISE_BEZIER_KNOTS.);
#1433 = CARTESIAN_POINT('',(6.212929351073,-0.602097281451));
#1434 = CARTESIAN_POINT('',(6.230506684155,-0.601048540467));
#1435 = CARTESIAN_POINT('',(6.248070665932,-0.600349513396));
#1436 = CARTESIAN_POINT('',(6.26562798168,-0.6));
#1437 = CARTESIAN_POINT('',(6.28318530718,-0.6));
#1438 = ( GEOMETRIC_REPRESENTATION_CONTEXT(2) 
PARAMETRIC_REPRESENTATION_CONTEXT() REPRESENTATION_CONTEXT('2D SPACE',''
  ) );
#1439 = PCURVE('',#71,#1440);
#1440 = DEFINITIONAL_REPRESENTATION('',(#1441),#1447);
#1441 = B_SPLINE_CURVE_WITH_KNOTS('',4,(#1442,#1443,#1444,#1445,#1446),
  .UNSPECIFIED.,.F.,.F.,(5,5),(0.,1.),.PIECEWISE_BEZIER_KNOTS.);
#1442 = CARTESIAN_POINT('',(1.739175266872,143.95099087156));
#1443 = CARTESIAN_POINT('',(1.739216986776,143.86332101682));
#1444 = CARTESIAN_POINT('',(1.739244781083,143.77557318274));
#1445 = CARTESIAN_POINT('',(1.739258678239,143.68778662749));
#1446 = CARTESIAN_POINT('',(1.739258678239,143.6));
#1447 = ( GEOMETRIC_REPRESENTATION_CONTEXT(2) 
PARAMETRIC_REPRESENTATION_CONTEXT() REPRESENTATION_CONTEXT('2D SPACE',''
  ) );
#1448 = ORIENTED_EDGE('',*,*,#1449,.F.);
#1449 = EDGE_CURVE('',#333,#1421,#1450,.T.);
#1450 = SURFACE_CURVE('',#1451,(#1455,#1461),.PCURVE_S1.);
#1451 = LINE('',#1452,#1453);
#1452 = CARTESIAN_POINT('',(-25.13766532639,-32.50099087156,
    -2.723438300723));
#1453 = VECTOR('',#1454,1.);
#1454 = DIRECTION('',(0.,0.,-1.));
#1455 = PCURVE('',#98,#1456);
#1456 = DEFINITIONAL_REPRESENTATION('',(#1457),#1460);
#1457 = B_SPLINE_CURVE_WITH_KNOTS('',1,(#1458,#1459),.UNSPECIFIED.,.F.,
  .F.,(2,2),(-7.523440700723,2.400000000069E-06),
  .PIECEWISE_BEZIER_KNOTS.);
#1458 = CARTESIAN_POINT('',(6.212929351073,-7.523440700723));
#1459 = CARTESIAN_POINT('',(6.212929351073,2.400000000069E-06));
#1460 = ( GEOMETRIC_REPRESENTATION_CONTEXT(2) 
PARAMETRIC_REPRESENTATION_CONTEXT() REPRESENTATION_CONTEXT('2D SPACE',''
  ) );
#1461 = PCURVE('',#377,#1462);
#1462 = DEFINITIONAL_REPRESENTATION('',(#1463),#1466);
#1463 = B_SPLINE_CURVE_WITH_KNOTS('',1,(#1464,#1465),.UNSPECIFIED.,.F.,
  .F.,(2,2),(-7.523440700723,2.400000000069E-06),
  .PIECEWISE_BEZIER_KNOTS.);
#1464 = CARTESIAN_POINT('',(1.998623386547,7.523440700723));
#1465 = CARTESIAN_POINT('',(1.998623386547,-2.400000000069E-06));
#1466 = ( GEOMETRIC_REPRESENTATION_CONTEXT(2) 
PARAMETRIC_REPRESENTATION_CONTEXT() REPRESENTATION_CONTEXT('2D SPACE',''
  ) );
#1467 = ORIENTED_EDGE('',*,*,#332,.T.);
#1468 = ORIENTED_EDGE('',*,*,#82,.F.);
#1469 = ADVANCED_FACE('',(#1470),#71,.F.);
#1470 = FACE_BOUND('',#1471,.F.);
#1471 = EDGE_LOOP('',(#1472,#1502,#1531,#1675,#1676,#1677,#1678,#1824,
    #1853,#1881,#1910,#2106,#2135,#2156,#2185,#2381,#2414,#2440,#2473,
    #2642,#2675,#2844,#2877,#2903,#2936,#2962,#2995,#3159,#3192));
#1472 = ORIENTED_EDGE('',*,*,#1473,.T.);
#1473 = EDGE_CURVE('',#1474,#1476,#1478,.T.);
#1474 = VERTEX_POINT('',#1475);
#1475 = CARTESIAN_POINT('',(-19.,37.15,-1.208199150625));
#1476 = VERTEX_POINT('',#1477);
#1477 = CARTESIAN_POINT('',(-20.15,37.15,-1.3595697665));
#1478 = SURFACE_CURVE('',#1479,(#1484,#1491),.PCURVE_S1.);
#1479 = CIRCLE('',#1480,150.);
#1480 = AXIS2_PLACEMENT_3D('',#1481,#1482,#1483);
#1481 = CARTESIAN_POINT('',(0.,37.15,-150.));
#1482 = DIRECTION('',(0.,-1.,2.22044604925E-16));
#1483 = DIRECTION('',(1.,0.,0.));
#1484 = PCURVE('',#71,#1485);
#1485 = DEFINITIONAL_REPRESENTATION('',(#1486),#1490);
#1486 = LINE('',#1487,#1488);
#1487 = CARTESIAN_POINT('',(0.,74.3));
#1488 = VECTOR('',#1489,1.);
#1489 = DIRECTION('',(1.,0.));
#1490 = ( GEOMETRIC_REPRESENTATION_CONTEXT(2) 
PARAMETRIC_REPRESENTATION_CONTEXT() REPRESENTATION_CONTEXT('2D SPACE',''
  ) );
#1491 = PCURVE('',#735,#1492);
#1492 = DEFINITIONAL_REPRESENTATION('',(#1493),#1501);
#1493 = ( BOUNDED_CURVE() B_SPLINE_CURVE(2,(#1494,#1495,#1496,#1497,
#1498,#1499,#1500),.UNSPECIFIED.,.T.,.F.) B_SPLINE_CURVE_WITH_KNOTS((1,2
    ,2,2,2,1),(-2.094395102393,0.,2.094395102393,4.188790204786,
6.28318530718,8.377580409573),.UNSPECIFIED.) CURVE() 
GEOMETRIC_REPRESENTATION_ITEM() RATIONAL_B_SPLINE_CURVE((1.,0.5,1.,0.5,
1.,0.5,1.)) REPRESENTATION_ITEM('') );
#1494 = CARTESIAN_POINT('',(170.15,147.27656169927));
#1495 = CARTESIAN_POINT('',(170.15,-112.531059436));
#1496 = CARTESIAN_POINT('',(-54.85,17.372751131611));
#1497 = CARTESIAN_POINT('',(-279.85,147.27656169927));
#1498 = CARTESIAN_POINT('',(-54.85,277.18037226694));
#1499 = CARTESIAN_POINT('',(170.15,407.0841828346));
#1500 = CARTESIAN_POINT('',(170.15,147.27656169927));
#1501 = ( GEOMETRIC_REPRESENTATION_CONTEXT(2) 
PARAMETRIC_REPRESENTATION_CONTEXT() REPRESENTATION_CONTEXT('2D SPACE',''
  ) );
#1502 = ORIENTED_EDGE('',*,*,#1503,.T.);
#1503 = EDGE_CURVE('',#1476,#1504,#1506,.T.);
#1504 = VERTEX_POINT('',#1505);
#1505 = CARTESIAN_POINT('',(-20.50099087156,37.13766532639,
    -1.407572961191));
#1506 = SURFACE_CURVE('',#1507,(#1513,#1522),.PCURVE_S1.);
#1507 = B_SPLINE_CURVE_WITH_KNOTS('',4,(#1508,#1509,#1510,#1511,#1512),
  .UNSPECIFIED.,.F.,.F.,(5,5),(0.,1.),.PIECEWISE_BEZIER_KNOTS.);
#1508 = CARTESIAN_POINT('',(-20.15,37.15,-1.3595697665));
#1509 = CARTESIAN_POINT('',(-20.23791109377,37.15,-1.371487173741));
#1510 = CARTESIAN_POINT('',(-20.32580460918,37.147939079456,
    -1.383472798145));
#1511 = CARTESIAN_POINT('',(-20.41354222436,37.143819243081,
    -1.39550785159));
#1512 = CARTESIAN_POINT('',(-20.50099087156,37.13766532639,
    -1.407572961191));
#1513 = PCURVE('',#71,#1514);
#1514 = DEFINITIONAL_REPRESENTATION('',(#1515),#1521);
#1515 = B_SPLINE_CURVE_WITH_KNOTS('',4,(#1516,#1517,#1518,#1519,#1520),
  .UNSPECIFIED.,.F.,.F.,(5,5),(0.,1.),.PIECEWISE_BEZIER_KNOTS.);
#1516 = CARTESIAN_POINT('',(1.705536994061,74.3));
#1517 = CARTESIAN_POINT('',(1.706128428664,74.3));
#1518 = CARTESIAN_POINT('',(1.706719808231,74.302060920544));
#1519 = CARTESIAN_POINT('',(1.707310202706,74.306180756919));
#1520 = CARTESIAN_POINT('',(1.707898716191,74.31233467361));
#1521 = ( GEOMETRIC_REPRESENTATION_CONTEXT(2) 
PARAMETRIC_REPRESENTATION_CONTEXT() REPRESENTATION_CONTEXT('2D SPACE',''
  ) );
#1522 = PCURVE('',#768,#1523);
#1523 = DEFINITIONAL_REPRESENTATION('',(#1524),#1530);
#1524 = B_SPLINE_CURVE_WITH_KNOTS('',4,(#1525,#1526,#1527,#1528,#1529),
  .UNSPECIFIED.,.F.,.F.,(5,5),(0.,1.),.PIECEWISE_BEZIER_KNOTS.);
#1525 = CARTESIAN_POINT('',(1.570796326795,-1.363868534223));
#1526 = CARTESIAN_POINT('',(1.55321410804,-1.351951126982));
#1527 = CARTESIAN_POINT('',(1.535635416535,-1.339965502579));
#1528 = CARTESIAN_POINT('',(1.518073352851,-1.327930449133));
#1529 = CARTESIAN_POINT('',(1.500540370688,-1.315865339533));
#1530 = ( GEOMETRIC_REPRESENTATION_CONTEXT(2) 
PARAMETRIC_REPRESENTATION_CONTEXT() REPRESENTATION_CONTEXT('2D SPACE',''
  ) );
#1531 = ORIENTED_EDGE('',*,*,#1532,.T.);
#1532 = EDGE_CURVE('',#1504,#247,#1533,.T.);
#1533 = SURFACE_CURVE('',#1534,(#1579,#1627),.PCURVE_S1.);
#1534 = B_SPLINE_CURVE_WITH_KNOTS('',7,(#1535,#1536,#1537,#1538,#1539,
    #1540,#1541,#1542,#1543,#1544,#1545,#1546,#1547,#1548,#1549,#1550,
    #1551,#1552,#1553,#1554,#1555,#1556,#1557,#1558,#1559,#1560,#1561,
    #1562,#1563,#1564,#1565,#1566,#1567,#1568,#1569,#1570,#1571,#1572,
    #1573,#1574,#1575,#1576,#1577,#1578),.UNSPECIFIED.,.F.,.F.,(8,6,6,6,
    6,6,6,8),(0.,0.198787102966,0.363177786525,0.539191048634,
    0.687890820902,0.813097996811,0.918502991064,1.),.UNSPECIFIED.);
#1535 = CARTESIAN_POINT('',(-20.50099087156,37.13766532639,
    -1.407572961191));
#1536 = CARTESIAN_POINT('',(-20.64546565635,37.45450040279,
    -1.427505849449));
#1537 = CARTESIAN_POINT('',(-20.83064729452,37.763185241863,
    -1.453222042185));
#1538 = CARTESIAN_POINT('',(-21.05843372245,38.058346495009,
    -1.485152439174));
#1539 = CARTESIAN_POINT('',(-21.3304567844,38.333403356449,
    -1.523778241891));
#1540 = CARTESIAN_POINT('',(-21.64764803491,38.580227584251,
    -1.56957943821));
#1541 = CARTESIAN_POINT('',(-22.00988367043,38.788896448474,
    -1.623005331001));
#1542 = CARTESIAN_POINT('',(-22.74926534837,39.077056178355,
    -1.734746169521));
#1543 = CARTESIAN_POINT('',(-23.11246272269,39.17244827697,
    -1.790536630429));
#1544 = CARTESIAN_POINT('',(-23.4942207914,39.222502210548,
    -1.850309894161));
#1545 = CARTESIAN_POINT('',(-23.88222457127,39.222138346676,
    -1.912363042652));
#1546 = CARTESIAN_POINT('',(-24.26335087685,39.171487101878,
    -1.974596114357));
#1547 = CARTESIAN_POINT('',(-24.62533558079,39.075891261222,
    -2.03477820476));
#1548 = CARTESIAN_POINT('',(-25.31477919616,38.806753645821,
    -2.151115461593));
#1549 = CARTESIAN_POINT('',(-25.63866948672,38.627912110952,
    -2.206799943757));
#1550 = CARTESIAN_POINT('',(-25.92798371982,38.418016315431,
    -2.257343252596));
#1551 = CARTESIAN_POINT('',(-26.18222440522,38.184133909249,
    -2.302335058931));
#1552 = CARTESIAN_POINT('',(-26.40172540824,37.93222683774,
    -2.341573630176));
#1553 = CARTESIAN_POINT('',(-26.58733809537,37.667380255615,
    -2.37501020353));
#1554 = CARTESIAN_POINT('',(-26.8694910188,37.162859949288,
    -2.426128005262));
#1555 = CARTESIAN_POINT('',(-26.97587276783,36.924783343327,
    -2.445537549746));
#1556 = CARTESIAN_POINT('',(-27.06016007461,36.681609865242,
    -2.460993897303));
#1557 = CARTESIAN_POINT('',(-27.12294956676,36.434884496909,
    -2.472546111486));
#1558 = CARTESIAN_POINT('',(-27.16466704604,36.185883058343,
    -2.480234148962));
#1559 = CARTESIAN_POINT('',(-27.18553390593,35.935733487825,
    -2.484079685448));
#1560 = CARTESIAN_POINT('',(-27.18553390593,35.47486254723,
    -2.484079685448));
#1561 = CARTESIAN_POINT('',(-27.17073971167,35.264212984405,
    -2.481353202115));
#1562 = CARTESIAN_POINT('',(-27.14115712946,35.054250334831,
    -2.475901610904));
#1563 = CARTESIAN_POINT('',(-27.09667733272,34.845652152771,
    -2.467714137553));
#1564 = CARTESIAN_POINT('',(-27.03708811276,34.639158151019,
    -2.456771015543));
#1565 = CARTESIAN_POINT('',(-26.96208512956,34.435619922545,
    -2.443046643564));
#1566 = CARTESIAN_POINT('',(-26.79484201015,34.068044343044,
    -2.412593766817));
#1567 = CARTESIAN_POINT('',(-26.70719112684,33.902822957934,
    -2.396681385946));
#1568 = CARTESIAN_POINT('',(-26.60809943685,33.741004072965,
    -2.37875862891));
#1569 = CARTESIAN_POINT('',(-26.49730310469,33.583302493233,
    -2.358809080654));
#1570 = CARTESIAN_POINT('',(-26.37452682405,33.430558279253,
    -2.336821432103));
#1571 = CARTESIAN_POINT('',(-26.23950510669,33.28376476344,
    -2.312794029743));
#1572 = CARTESIAN_POINT('',(-25.97795836842,33.03610794264,
    -2.266594532132));
#1573 = CARTESIAN_POINT('',(-25.85637214574,32.932302254776,
    -2.245223553116));
#1574 = CARTESIAN_POINT('',(-25.72725399507,32.833364676571,
    -2.222653153825));
#1575 = CARTESIAN_POINT('',(-25.59067006877,32.74000847827,
    -2.198922707152));
#1576 = CARTESIAN_POINT('',(-25.44674473489,32.652975434228,
    -2.174083607459));
#1577 = CARTESIAN_POINT('',(-25.2956617324,32.573036230358,
    -2.148198584823));
#1578 = CARTESIAN_POINT('',(-25.13766532639,32.500990871568,
    -2.121341019272));
#1579 = PCURVE('',#71,#1580);
#1580 = DEFINITIONAL_REPRESENTATION('',(#1581),#1626);
#1581 = B_SPLINE_CURVE_WITH_KNOTS('',7,(#1582,#1583,#1584,#1585,#1586,
    #1587,#1588,#1589,#1590,#1591,#1592,#1593,#1594,#1595,#1596,#1597,
    #1598,#1599,#1600,#1601,#1602,#1603,#1604,#1605,#1606,#1607,#1608,
    #1609,#1610,#1611,#1612,#1613,#1614,#1615,#1616,#1617,#1618,#1619,
    #1620,#1621,#1622,#1623,#1624,#1625),.UNSPECIFIED.,.F.,.F.,(8,6,6,6,
    6,6,6,8),(0.,0.198787102966,0.363177786525,0.539191048634,
    0.687890820902,0.813097996811,0.918502991064,1.),.UNSPECIFIED.);
#1582 = CARTESIAN_POINT('',(1.707898716191,74.31233467361));
#1583 = CARTESIAN_POINT('',(1.708871005208,73.99549959721));
#1584 = CARTESIAN_POINT('',(1.71011739619,73.686814758137));
#1585 = CARTESIAN_POINT('',(1.71165081724,73.391653504991));
#1586 = CARTESIAN_POINT('',(1.713482489656,73.116596643551));
#1587 = CARTESIAN_POINT('',(1.715619016296,72.869772415749));
#1588 = CARTESIAN_POINT('',(1.718060029573,72.661103551526));
#1589 = CARTESIAN_POINT('',(1.723045213312,72.372943821645));
#1590 = CARTESIAN_POINT('',(1.725494921811,72.27755172303));
#1591 = CARTESIAN_POINT('',(1.728070965443,72.227497789452));
#1592 = CARTESIAN_POINT('',(1.730690502664,72.227861653324));
#1593 = CARTESIAN_POINT('',(1.733264977164,72.278512898122));
#1594 = CARTESIAN_POINT('',(1.735711326128,72.374108738778));
#1595 = CARTESIAN_POINT('',(1.740372593749,72.643246354179));
#1596 = CARTESIAN_POINT('',(1.742563531116,72.822087889048));
#1597 = CARTESIAN_POINT('',(1.744521494698,73.031983684569));
#1598 = CARTESIAN_POINT('',(1.746242762791,73.26586609075));
#1599 = CARTESIAN_POINT('',(1.747729297958,73.51777316226));
#1600 = CARTESIAN_POINT('',(1.748986632694,73.782619744385));
#1601 = CARTESIAN_POINT('',(1.750898273081,74.287140050712));
#1602 = CARTESIAN_POINT('',(1.751619191912,74.525216656673));
#1603 = CARTESIAN_POINT('',(1.752190476742,74.768390134758));
#1604 = CARTESIAN_POINT('',(1.752616099104,75.015115503091));
#1605 = CARTESIAN_POINT('',(1.752898898904,75.264116941657));
#1606 = CARTESIAN_POINT('',(1.753040353885,75.514266512175));
#1607 = CARTESIAN_POINT('',(1.753040353885,75.97513745277));
#1608 = CARTESIAN_POINT('',(1.752940065013,76.185787015595));
#1609 = CARTESIAN_POINT('',(1.75273952692,76.395749665169));
#1610 = CARTESIAN_POINT('',(1.752438013184,76.604347847229));
#1611 = CARTESIAN_POINT('',(1.752034108635,76.810841848981));
#1612 = CARTESIAN_POINT('',(1.751525786691,77.014380077455));
#1613 = CARTESIAN_POINT('',(1.750392499658,77.381955656956));
#1614 = CARTESIAN_POINT('',(1.749798609334,77.547177042066));
#1615 = CARTESIAN_POINT('',(1.749127279583,77.708995927035));
#1616 = CARTESIAN_POINT('',(1.748376759887,77.866697506767));
#1617 = CARTESIAN_POINT('',(1.747545229998,78.019441720747));
#1618 = CARTESIAN_POINT('',(1.746630944597,78.16623523656));
#1619 = CARTESIAN_POINT('',(1.744860306421,78.41389205736));
#1620 = CARTESIAN_POINT('',(1.744037306015,78.517697745224));
#1621 = CARTESIAN_POINT('',(1.743163466603,78.616635323429));
#1622 = CARTESIAN_POINT('',(1.742239266927,78.70999152173));
#1623 = CARTESIAN_POINT('',(1.741265581268,78.797024565772));
#1624 = CARTESIAN_POINT('',(1.740243686123,78.876963769642));
#1625 = CARTESIAN_POINT('',(1.739175266872,78.949009128432));
#1626 = ( GEOMETRIC_REPRESENTATION_CONTEXT(2) 
PARAMETRIC_REPRESENTATION_CONTEXT() REPRESENTATION_CONTEXT('2D SPACE',''
  ) );
#1627 = PCURVE('',#317,#1628);
#1628 = DEFINITIONAL_REPRESENTATION('',(#1629),#1674);
#1629 = B_SPLINE_CURVE_WITH_KNOTS('',7,(#1630,#1631,#1632,#1633,#1634,
    #1635,#1636,#1637,#1638,#1639,#1640,#1641,#1642,#1643,#1644,#1645,
    #1646,#1647,#1648,#1649,#1650,#1651,#1652,#1653,#1654,#1655,#1656,
    #1657,#1658,#1659,#1660,#1661,#1662,#1663,#1664,#1665,#1666,#1667,
    #1668,#1669,#1670,#1671,#1672,#1673),.UNSPECIFIED.,.F.,.F.,(8,6,6,6,
    6,6,6,8),(0.,0.198787102966,0.363177786525,0.539191048634,
    0.687890820902,0.813097996811,0.918502991064,1.),.UNSPECIFIED.);
#1630 = CARTESIAN_POINT('',(0.427827059752,1.315865339533));
#1631 = CARTESIAN_POINT('',(0.527318595266,1.295932451275));
#1632 = CARTESIAN_POINT('',(0.629516434294,1.270216258538));
#1633 = CARTESIAN_POINT('',(0.734859953443,1.238285861549));
#1634 = CARTESIAN_POINT('',(0.843824929024,1.199660058833));
#1635 = CARTESIAN_POINT('',(0.956991837184,1.153858862513));
#1636 = CARTESIAN_POINT('',(1.075073091387,1.100432969722));
#1637 = CARTESIAN_POINT('',(1.301801607568,0.988692131202));
#1638 = CARTESIAN_POINT('',(1.408385833255,0.932901670295));
#1639 = CARTESIAN_POINT('',(1.516972577936,0.873128406562));
#1640 = CARTESIAN_POINT('',(1.626136738583,0.811075258072));
#1641 = CARTESIAN_POINT('',(1.734576606594,0.748842186366));
#1642 = CARTESIAN_POINT('',(1.84085244701,0.688660095963));
#1643 = CARTESIAN_POINT('',(2.05231336245,0.57232283913));
#1644 = CARTESIAN_POINT('',(2.157099456166,0.516638356967));
#1645 = CARTESIAN_POINT('',(2.258043417794,0.466095048127));
#1646 = CARTESIAN_POINT('',(2.355618912873,0.421103241792));
#1647 = CARTESIAN_POINT('',(2.450220466901,0.381864670548));
#1648 = CARTESIAN_POINT('',(2.542149585715,0.348428097194));
#1649 = CARTESIAN_POINT('',(2.707309004482,0.297310295461));
#1650 = CARTESIAN_POINT('',(2.781513503555,0.277900750977));
#1651 = CARTESIAN_POINT('',(2.854613578328,0.262444403421));
#1652 = CARTESIAN_POINT('',(2.926896263841,0.250892189237));
#1653 = CARTESIAN_POINT('',(2.998635564081,0.243204151762));
#1654 = CARTESIAN_POINT('',(3.070107058763,0.239358615276));
#1655 = CARTESIAN_POINT('',(3.201784470362,0.239358615276));
#1656 = CARTESIAN_POINT('',(3.261969871576,0.242085098609));
#1657 = CARTESIAN_POINT('',(3.322315657176,0.247536689819));
#1658 = CARTESIAN_POINT('',(3.382983625376,0.25572416317));
#1659 = CARTESIAN_POINT('',(3.444136511572,0.26666728518));
#1660 = CARTESIAN_POINT('',(3.50594392725,0.280391657159));
#1661 = CARTESIAN_POINT('',(3.621325129566,0.310844533906));
#1662 = CARTESIAN_POINT('',(3.674663792403,0.326756914778));
#1663 = CARTESIAN_POINT('',(3.728711716753,0.344679671814));
#1664 = CARTESIAN_POINT('',(3.783577197603,0.364629220069));
#1665 = CARTESIAN_POINT('',(3.839373532311,0.38661686862));
#1666 = CARTESIAN_POINT('',(3.896223157343,0.41064427098));
#1667 = CARTESIAN_POINT('',(3.999136077612,0.456843768591));
#1668 = CARTESIAN_POINT('',(4.044753016576,0.478214747607));
#1669 = CARTESIAN_POINT('',(4.091124155354,0.500785146898));
#1670 = CARTESIAN_POINT('',(4.138264771588,0.524515593572));
#1671 = CARTESIAN_POINT('',(4.18619623836,0.549354693264));
#1672 = CARTESIAN_POINT('',(4.234948395455,0.5752397159));
#1673 = CARTESIAN_POINT('',(4.284561920633,0.602097281451));
#1674 = ( GEOMETRIC_REPRESENTATION_CONTEXT(2) 
PARAMETRIC_REPRESENTATION_CONTEXT() REPRESENTATION_CONTEXT('2D SPACE',''
  ) );
#1675 = ORIENTED_EDGE('',*,*,#246,.T.);
#1676 = ORIENTED_EDGE('',*,*,#56,.T.);
#1677 = ORIENTED_EDGE('',*,*,#1420,.F.);
#1678 = ORIENTED_EDGE('',*,*,#1679,.T.);
#1679 = EDGE_CURVE('',#1421,#1680,#1682,.T.);
#1680 = VERTEX_POINT('',#1681);
#1681 = CARTESIAN_POINT('',(-20.50099087156,-37.13766532639,
    -1.407572961191));
#1682 = SURFACE_CURVE('',#1683,(#1728,#1776),.PCURVE_S1.);
#1683 = B_SPLINE_CURVE_WITH_KNOTS('',7,(#1684,#1685,#1686,#1687,#1688,
    #1689,#1690,#1691,#1692,#1693,#1694,#1695,#1696,#1697,#1698,#1699,
    #1700,#1701,#1702,#1703,#1704,#1705,#1706,#1707,#1708,#1709,#1710,
    #1711,#1712,#1713,#1714,#1715,#1716,#1717,#1718,#1719,#1720,#1721,
    #1722,#1723,#1724,#1725,#1726,#1727),.UNSPECIFIED.,.F.,.F.,(8,6,6,6,
    6,6,6,8),(0.,8.156378792308E-02,0.18696843385,0.30903839434,
    0.517370843563,0.682972090602,0.829930929068,1.),.UNSPECIFIED.);
#1684 = CARTESIAN_POINT('',(-25.13766532639,-32.50099087156,
    -2.121341019272));
#1685 = CARTESIAN_POINT('',(-25.29580361478,-32.57310092782,
    -2.148222703191));
#1686 = CARTESIAN_POINT('',(-25.44701389792,-32.65311801528,
    -2.174129726414));
#1687 = CARTESIAN_POINT('',(-25.59105230828,-32.74023991492,
    -2.198988679934));
#1688 = CARTESIAN_POINT('',(-25.72773564385,-32.83369416531,
    -2.222736840077));
#1689 = CARTESIAN_POINT('',(-25.85694016064,-32.93273762536,
    -2.245322845624));
#1690 = CARTESIAN_POINT('',(-25.97860036538,-33.03665603715,
    -2.266707374924));
#1691 = CARTESIAN_POINT('',(-26.24016852442,-33.28447066321,
    -2.312911942251));
#1692 = CARTESIAN_POINT('',(-26.37514834037,-33.43129990156,
    -2.336932509089));
#1693 = CARTESIAN_POINT('',(-26.49788188306,-33.58407697983,
    -2.35891302675));
#1694 = CARTESIAN_POINT('',(-26.60863480263,-33.7418088573,
    -2.378855190876));
#1695 = CARTESIAN_POINT('',(-26.70768249024,-33.90365575192,
    -2.396770340116));
#1696 = CARTESIAN_POINT('',(-26.79528879606,-34.06890311574,
    -2.412674906713));
#1697 = CARTESIAN_POINT('',(-26.96015950724,-34.43153106546,
    -2.442696261175));
#1698 = CARTESIAN_POINT('',(-27.03361618704,-34.6298988278,
    -2.456135880564));
#1699 = CARTESIAN_POINT('',(-27.09241133106,-34.83109745851,
    -2.466930851588));
#1700 = CARTESIAN_POINT('',(-27.13682885362,-35.0343341013,
    -2.475104992539));
#1701 = CARTESIAN_POINT('',(-27.16706976563,-35.23891857132,
    -2.480676943714));
#1702 = CARTESIAN_POINT('',(-27.18324190118,-35.44421944378,
    -2.483657297454));
#1703 = CARTESIAN_POINT('',(-27.18894685396,-36.0001701922,
    -2.484708649064));
#1704 = CARTESIAN_POINT('',(-27.15157652697,-36.3506906161,
    -2.477821878468));
#1705 = CARTESIAN_POINT('',(-27.07339161248,-36.69835221377,
    -2.463409203015));
#1706 = CARTESIAN_POINT('',(-26.95353703216,-37.04008481266,
    -2.441383055833));
#1707 = CARTESIAN_POINT('',(-26.79037889757,-37.37206640737,
    -2.411583966637));
#1708 = CARTESIAN_POINT('',(-26.5817731113,-37.68907256558,
    -2.373860351051));
#1709 = CARTESIAN_POINT('',(-26.12176989647,-38.21753473935,
    -2.291855480125));
#1710 = CARTESIAN_POINT('',(-25.88571672282,-38.43984074511,
    -2.250112581283));
#1711 = CARTESIAN_POINT('',(-25.61724204328,-38.6434896754,
    -2.203120905799));
#1712 = CARTESIAN_POINT('',(-25.31761367567,-38.8216589015,
    -2.151346454391));
#1713 = CARTESIAN_POINT('',(-24.98933666461,-38.96769303777,
    -2.095498700754));
#1714 = CARTESIAN_POINT('',(-24.63617711321,-39.0751045921,
    -2.036485816419));
#1715 = CARTESIAN_POINT('',(-23.93245012282,-39.19289460537,
    -1.921135025637));
#1716 = CARTESIAN_POINT('',(-23.59178929367,-39.21187738878,
    -1.866181624838));
#1717 = CARTESIAN_POINT('',(-23.24933900885,-39.19163407756,
    -1.811915333547));
#1718 = CARTESIAN_POINT('',(-22.91361419079,-39.13235037217,
    -1.759696611097));
#1719 = CARTESIAN_POINT('',(-22.59276281875,-39.03710299933,
    -1.710675334699));
#1720 = CARTESIAN_POINT('',(-22.29379999126,-38.91176050218,
    -1.665708600789));
#1721 = CARTESIAN_POINT('',(-21.70737875408,-38.59495791908,
    -1.578671171602));
#1722 = CARTESIAN_POINT('',(-21.42572216138,-38.39436271339,
    -1.53766262396));
#1723 = CARTESIAN_POINT('',(-21.17735696335,-38.17033657016,
    -1.502089704927));
#1724 = CARTESIAN_POINT('',(-20.96173427226,-37.92853448604,
    -1.471613135991));
#1725 = CARTESIAN_POINT('',(-20.77787871229,-37.67349437236,
    -1.445896999654));
#1726 = CARTESIAN_POINT('',(-20.62466753856,-37.40888986079,
    -1.424636376008));
#1727 = CARTESIAN_POINT('',(-20.50099087156,-37.13766532639,
    -1.407572961191));
#1728 = PCURVE('',#71,#1729);
#1729 = DEFINITIONAL_REPRESENTATION('',(#1730),#1775);
#1730 = B_SPLINE_CURVE_WITH_KNOTS('',7,(#1731,#1732,#1733,#1734,#1735,
    #1736,#1737,#1738,#1739,#1740,#1741,#1742,#1743,#1744,#1745,#1746,
    #1747,#1748,#1749,#1750,#1751,#1752,#1753,#1754,#1755,#1756,#1757,
    #1758,#1759,#1760,#1761,#1762,#1763,#1764,#1765,#1766,#1767,#1768,
    #1769,#1770,#1771,#1772,#1773,#1774),.UNSPECIFIED.,.F.,.F.,(8,6,6,6,
    6,6,6,8),(0.,8.156378792308E-02,0.18696843385,0.30903839434,
    0.517370843563,0.682972090602,0.829930929068,1.),.UNSPECIFIED.);
#1731 = CARTESIAN_POINT('',(1.739175266872,143.95099087156));
#1732 = CARTESIAN_POINT('',(1.740244645574,144.02310092782));
#1733 = CARTESIAN_POINT('',(1.741267401837,144.10311801528));
#1734 = CARTESIAN_POINT('',(1.742241852864,144.19023991492));
#1735 = CARTESIAN_POINT('',(1.7431667257,144.28369416531));
#1736 = CARTESIAN_POINT('',(1.7440411502,144.38273762536));
#1737 = CARTESIAN_POINT('',(1.74486465201,144.48665603715));
#1738 = CARTESIAN_POINT('',(1.746635436693,144.73447066321));
#1739 = CARTESIAN_POINT('',(1.747549439089,144.88129990156));
#1740 = CARTESIAN_POINT('',(1.748380680141,145.03407697983));
#1741 = CARTESIAN_POINT('',(1.749130906277,145.1918088573));
#1742 = CARTESIAN_POINT('',(1.749801938336,145.35365575192));
#1743 = CARTESIAN_POINT('',(1.750395526951,145.51890311574));
#1744 = CARTESIAN_POINT('',(1.751512738423,145.88153106546));
#1745 = CARTESIAN_POINT('',(1.752010578363,146.0798988278));
#1746 = CARTESIAN_POINT('',(1.752409097755,146.28109745851));
#1747 = CARTESIAN_POINT('',(1.752710187096,146.4843341013));
#1748 = CARTESIAN_POINT('',(1.752915186791,146.68891857132));
#1749 = CARTESIAN_POINT('',(1.75302481655,146.89421944378));
#1750 = CARTESIAN_POINT('',(1.753063490013,147.4501701922));
#1751 = CARTESIAN_POINT('',(1.752810159407,147.8006906161));
#1752 = CARTESIAN_POINT('',(1.752280144459,148.14835221377));
#1753 = CARTESIAN_POINT('',(1.751467733348,148.49008481266));
#1754 = CARTESIAN_POINT('',(1.750362021024,148.82206640737));
#1755 = CARTESIAN_POINT('',(1.748948763674,149.13907256558));
#1756 = CARTESIAN_POINT('',(1.745833726621,149.66753473935));
#1757 = CARTESIAN_POINT('',(1.744235624233,149.88984074511));
#1758 = CARTESIAN_POINT('',(1.742418587392,150.0934896754));
#1759 = CARTESIAN_POINT('',(1.740391473006,150.2716589015));
#1760 = CARTESIAN_POINT('',(1.738171529457,150.41769303777));
#1761 = CARTESIAN_POINT('',(1.735784500185,150.5251045921));
#1762 = CARTESIAN_POINT('',(1.73103037925,150.64289460537));
#1763 = CARTESIAN_POINT('',(1.728729954871,150.66187738878));
#1764 = CARTESIAN_POINT('',(1.72641848127,150.64163407756));
#1765 = CARTESIAN_POINT('',(1.724153419048,150.58235037217));
#1766 = CARTESIAN_POINT('',(1.721989598322,150.48710299933));
#1767 = CARTESIAN_POINT('',(1.719974097866,150.36176050218));
#1768 = CARTESIAN_POINT('',(1.716021796812,150.04495791909));
#1769 = CARTESIAN_POINT('',(1.714124295323,149.84436271339));
#1770 = CARTESIAN_POINT('',(1.712451636085,149.62033657016));
#1771 = CARTESIAN_POINT('',(1.710999866762,149.37853448604));
#1772 = CARTESIAN_POINT('',(1.70976223251,149.12349437236));
#1773 = CARTESIAN_POINT('',(1.708731037659,148.85888986079));
#1774 = CARTESIAN_POINT('',(1.707898716191,148.58766532639));
#1775 = ( GEOMETRIC_REPRESENTATION_CONTEXT(2) 
PARAMETRIC_REPRESENTATION_CONTEXT() REPRESENTATION_CONTEXT('2D SPACE',''
  ) );
#1776 = PCURVE('',#377,#1777);
#1777 = DEFINITIONAL_REPRESENTATION('',(#1778),#1823);
#1778 = B_SPLINE_CURVE_WITH_KNOTS('',7,(#1779,#1780,#1781,#1782,#1783,
    #1784,#1785,#1786,#1787,#1788,#1789,#1790,#1791,#1792,#1793,#1794,
    #1795,#1796,#1797,#1798,#1799,#1800,#1801,#1802,#1803,#1804,#1805,
    #1806,#1807,#1808,#1809,#1810,#1811,#1812,#1813,#1814,#1815,#1816,
    #1817,#1818,#1819,#1820,#1821,#1822),.UNSPECIFIED.,.F.,.F.,(8,6,6,6,
    6,6,6,8),(0.,8.156378792308E-02,0.18696843385,0.30903839434,
    0.517370843563,0.682972090602,0.829930929068,1.),.UNSPECIFIED.);
#1779 = CARTESIAN_POINT('',(1.998623386547,0.602097281451));
#1780 = CARTESIAN_POINT('',(2.048281465175,0.575215597533));
#1781 = CARTESIAN_POINT('',(2.097075944204,0.549308574309));
#1782 = CARTESIAN_POINT('',(2.145047875623,0.524449620789));
#1783 = CARTESIAN_POINT('',(2.192227434684,0.500701460646));
#1784 = CARTESIAN_POINT('',(2.238636309483,0.478115455099));
#1785 = CARTESIAN_POINT('',(2.28429009053,0.456730925799));
#1786 = CARTESIAN_POINT('',(2.387238459088,0.410526358472));
#1787 = CARTESIAN_POINT('',(2.44408749982,0.386505791634));
#1788 = CARTESIAN_POINT('',(2.499883510516,0.364525273973));
#1789 = CARTESIAN_POINT('',(2.554748946646,0.344583109848));
#1790 = CARTESIAN_POINT('',(2.60879712792,0.326667960607));
#1791 = CARTESIAN_POINT('',(2.662136375036,0.31076339401));
#1792 = CARTESIAN_POINT('',(2.775950179773,0.280742039549));
#1793 = CARTESIAN_POINT('',(2.836231162673,0.267302420159));
#1794 = CARTESIAN_POINT('',(2.895886001393,0.256507449135));
#1795 = CARTESIAN_POINT('',(2.955072146172,0.248333308184));
#1796 = CARTESIAN_POINT('',(3.01394084453,0.242761357009));
#1797 = CARTESIAN_POINT('',(3.072642394577,0.239781003269));
#1798 = CARTESIAN_POINT('',(3.231493828482,0.238729651659));
#1799 = CARTESIAN_POINT('',(3.33152748217,0.245616422255));
#1800 = CARTESIAN_POINT('',(3.43226717796,0.260029097708));
#1801 = CARTESIAN_POINT('',(3.534451632212,0.28205524489));
#1802 = CARTESIAN_POINT('',(3.638867307916,0.311854334087));
#1803 = CARTESIAN_POINT('',(3.746316462236,0.349577949672));
#1804 = CARTESIAN_POINT('',(3.946495000252,0.431582820599));
#1805 = CARTESIAN_POINT('',(4.038684863428,0.47332571944));
#1806 = CARTESIAN_POINT('',(4.134071694206,0.520317394924));
#1807 = CARTESIAN_POINT('',(4.232500085635,0.572091846333));
#1808 = CARTESIAN_POINT('',(4.333950320206,0.627939599969));
#1809 = CARTESIAN_POINT('',(4.438535506831,0.686952484304));
#1810 = CARTESIAN_POINT('',(4.642397437746,0.802303275087));
#1811 = CARTESIAN_POINT('',(4.739288546201,0.857256675885));
#1812 = CARTESIAN_POINT('',(4.836274403567,0.911522967177));
#1813 = CARTESIAN_POINT('',(4.932536155703,0.963741689626));
#1814 = CARTESIAN_POINT('',(5.027250100752,1.012762966025));
#1815 = CARTESIAN_POINT('',(5.119423990371,1.057729699934));
#1816 = CARTESIAN_POINT('',(5.309859312096,1.144767129122));
#1817 = CARTESIAN_POINT('',(5.407902670363,1.185775676764));
#1818 = CARTESIAN_POINT('',(5.502499884524,1.221348595796));
#1819 = CARTESIAN_POINT('',(5.594135020299,1.251825164732));
#1820 = CARTESIAN_POINT('',(5.683240165383,1.277541301069));
#1821 = CARTESIAN_POINT('',(5.770189188169,1.298801924716));
#1822 = CARTESIAN_POINT('',(5.855358247428,1.315865339533));
#1823 = ( GEOMETRIC_REPRESENTATION_CONTEXT(2) 
PARAMETRIC_REPRESENTATION_CONTEXT() REPRESENTATION_CONTEXT('2D SPACE',''
  ) );
#1824 = ORIENTED_EDGE('',*,*,#1825,.F.);
#1825 = EDGE_CURVE('',#1826,#1680,#1828,.T.);
#1826 = VERTEX_POINT('',#1827);
#1827 = CARTESIAN_POINT('',(-20.15,-37.15,-1.3595697665));
#1828 = SURFACE_CURVE('',#1829,(#1835,#1844),.PCURVE_S1.);
#1829 = B_SPLINE_CURVE_WITH_KNOTS('',4,(#1830,#1831,#1832,#1833,#1834),
  .UNSPECIFIED.,.F.,.F.,(5,5),(0.,1.),.PIECEWISE_BEZIER_KNOTS.);
#1830 = CARTESIAN_POINT('',(-20.15,-37.15,-1.3595697665));
#1831 = CARTESIAN_POINT('',(-20.23791109377,-37.15,-1.371487173741));
#1832 = CARTESIAN_POINT('',(-20.32580460918,-37.14793907945,
    -1.383472798145));
#1833 = CARTESIAN_POINT('',(-20.41354222436,-37.14381924308,
    -1.39550785159));
#1834 = CARTESIAN_POINT('',(-20.50099087156,-37.13766532639,
    -1.407572961191));
#1835 = PCURVE('',#71,#1836);
#1836 = DEFINITIONAL_REPRESENTATION('',(#1837),#1843);
#1837 = B_SPLINE_CURVE_WITH_KNOTS('',4,(#1838,#1839,#1840,#1841,#1842),
  .UNSPECIFIED.,.F.,.F.,(5,5),(0.,1.),.PIECEWISE_BEZIER_KNOTS.);
#1838 = CARTESIAN_POINT('',(1.705536994061,148.6));
#1839 = CARTESIAN_POINT('',(1.706128428664,148.6));
#1840 = CARTESIAN_POINT('',(1.706719808231,148.59793907945));
#1841 = CARTESIAN_POINT('',(1.707310202706,148.59381924308));
#1842 = CARTESIAN_POINT('',(1.707898716191,148.58766532639));
#1843 = ( GEOMETRIC_REPRESENTATION_CONTEXT(2) 
PARAMETRIC_REPRESENTATION_CONTEXT() REPRESENTATION_CONTEXT('2D SPACE',''
  ) );
#1844 = PCURVE('',#410,#1845);
#1845 = DEFINITIONAL_REPRESENTATION('',(#1846),#1852);
#1846 = B_SPLINE_CURVE_WITH_KNOTS('',4,(#1847,#1848,#1849,#1850,#1851),
  .UNSPECIFIED.,.F.,.F.,(5,5),(0.,1.),.PIECEWISE_BEZIER_KNOTS.);
#1847 = CARTESIAN_POINT('',(4.712388980385,-1.363868534223));
#1848 = CARTESIAN_POINT('',(4.72997119914,-1.351951126982));
#1849 = CARTESIAN_POINT('',(4.747549890644,-1.339965502579));
#1850 = CARTESIAN_POINT('',(4.765111954328,-1.327930449133));
#1851 = CARTESIAN_POINT('',(4.782644936491,-1.315865339533));
#1852 = ( GEOMETRIC_REPRESENTATION_CONTEXT(2) 
PARAMETRIC_REPRESENTATION_CONTEXT() REPRESENTATION_CONTEXT('2D SPACE',''
  ) );
#1853 = ORIENTED_EDGE('',*,*,#1854,.F.);
#1854 = EDGE_CURVE('',#1855,#1826,#1857,.T.);
#1855 = VERTEX_POINT('',#1856);
#1856 = CARTESIAN_POINT('',(20.15,-37.15,-1.3595697665));
#1857 = SURFACE_CURVE('',#1858,(#1863,#1870),.PCURVE_S1.);
#1858 = CIRCLE('',#1859,150.);
#1859 = AXIS2_PLACEMENT_3D('',#1860,#1861,#1862);
#1860 = CARTESIAN_POINT('',(0.,-37.15,-150.));
#1861 = DIRECTION('',(0.,-1.,2.22044604925E-16));
#1862 = DIRECTION('',(1.,0.,0.));
#1863 = PCURVE('',#71,#1864);
#1864 = DEFINITIONAL_REPRESENTATION('',(#1865),#1869);
#1865 = LINE('',#1866,#1867);
#1866 = CARTESIAN_POINT('',(0.,148.6));
#1867 = VECTOR('',#1868,1.);
#1868 = DIRECTION('',(1.,0.));
#1869 = ( GEOMETRIC_REPRESENTATION_CONTEXT(2) 
PARAMETRIC_REPRESENTATION_CONTEXT() REPRESENTATION_CONTEXT('2D SPACE',''
  ) );
#1870 = PCURVE('',#438,#1871);
#1871 = DEFINITIONAL_REPRESENTATION('',(#1872),#1880);
#1872 = ( BOUNDED_CURVE() B_SPLINE_CURVE(2,(#1873,#1874,#1875,#1876,
#1877,#1878,#1879),.UNSPECIFIED.,.T.,.F.) B_SPLINE_CURVE_WITH_KNOTS((1,2
    ,2,2,2,1),(-2.094395102393,0.,2.094395102393,4.188790204786,
6.28318530718,8.377580409573),.UNSPECIFIED.) CURVE() 
GEOMETRIC_REPRESENTATION_ITEM() RATIONAL_B_SPLINE_CURVE((1.,0.5,1.,0.5,
1.,0.5,1.)) REPRESENTATION_ITEM('') );
#1873 = CARTESIAN_POINT('',(170.15,147.27656169927));
#1874 = CARTESIAN_POINT('',(170.15,-112.531059436));
#1875 = CARTESIAN_POINT('',(-54.85,17.372751131611));
#1876 = CARTESIAN_POINT('',(-279.85,147.27656169927));
#1877 = CARTESIAN_POINT('',(-54.85,277.18037226694));
#1878 = CARTESIAN_POINT('',(170.15,407.0841828346));
#1879 = CARTESIAN_POINT('',(170.15,147.27656169927));
#1880 = ( GEOMETRIC_REPRESENTATION_CONTEXT(2) 
PARAMETRIC_REPRESENTATION_CONTEXT() REPRESENTATION_CONTEXT('2D SPACE',''
  ) );
#1881 = ORIENTED_EDGE('',*,*,#1882,.F.);
#1882 = EDGE_CURVE('',#1883,#1855,#1885,.T.);
#1883 = VERTEX_POINT('',#1884);
#1884 = CARTESIAN_POINT('',(20.500990871568,-37.13766532639,
    -1.407572961191));
#1885 = SURFACE_CURVE('',#1886,(#1892,#1901),.PCURVE_S1.);
#1886 = B_SPLINE_CURVE_WITH_KNOTS('',4,(#1887,#1888,#1889,#1890,#1891),
  .UNSPECIFIED.,.F.,.F.,(5,5),(0.,1.),.PIECEWISE_BEZIER_KNOTS.);
#1887 = CARTESIAN_POINT('',(20.500990871568,-37.13766532639,
    -1.407572961191));
#1888 = CARTESIAN_POINT('',(20.413542224365,-37.14381924308,
    -1.39550785159));
#1889 = CARTESIAN_POINT('',(20.325804609187,-37.14793907945,
    -1.383472798145));
#1890 = CARTESIAN_POINT('',(20.237911093776,-37.15,-1.371487173741));
#1891 = CARTESIAN_POINT('',(20.15,-37.15,-1.3595697665));
#1892 = PCURVE('',#71,#1893);
#1893 = DEFINITIONAL_REPRESENTATION('',(#1894),#1900);
#1894 = B_SPLINE_CURVE_WITH_KNOTS('',4,(#1895,#1896,#1897,#1898,#1899),
  .UNSPECIFIED.,.F.,.F.,(5,5),(0.,1.),.PIECEWISE_BEZIER_KNOTS.);
#1895 = CARTESIAN_POINT('',(1.433693937398,148.58766532639));
#1896 = CARTESIAN_POINT('',(1.434282450884,148.59381924308));
#1897 = CARTESIAN_POINT('',(1.434872845359,148.59793907945));
#1898 = CARTESIAN_POINT('',(1.435464224926,148.6));
#1899 = CARTESIAN_POINT('',(1.436055659529,148.6));
#1900 = ( GEOMETRIC_REPRESENTATION_CONTEXT(2) 
PARAMETRIC_REPRESENTATION_CONTEXT() REPRESENTATION_CONTEXT('2D SPACE',''
  ) );
#1901 = PCURVE('',#471,#1902);
#1902 = DEFINITIONAL_REPRESENTATION('',(#1903),#1909);
#1903 = B_SPLINE_CURVE_WITH_KNOTS('',4,(#1904,#1905,#1906,#1907,#1908),
  .UNSPECIFIED.,.F.,.F.,(5,5),(0.,1.),.PIECEWISE_BEZIER_KNOTS.);
#1904 = CARTESIAN_POINT('',(4.642133024278,-1.315865339533));
#1905 = CARTESIAN_POINT('',(4.659666006441,-1.327930449133));
#1906 = CARTESIAN_POINT('',(4.677228070125,-1.339965502579));
#1907 = CARTESIAN_POINT('',(4.69480676163,-1.351951126982));
#1908 = CARTESIAN_POINT('',(4.712388980385,-1.363868534223));
#1909 = ( GEOMETRIC_REPRESENTATION_CONTEXT(2) 
PARAMETRIC_REPRESENTATION_CONTEXT() REPRESENTATION_CONTEXT('2D SPACE',''
  ) );
#1910 = ORIENTED_EDGE('',*,*,#1911,.F.);
#1911 = EDGE_CURVE('',#1912,#1883,#1914,.T.);
#1912 = VERTEX_POINT('',#1913);
#1913 = CARTESIAN_POINT('',(25.13766532639,-32.50099087156,
    -2.121341019272));
#1914 = SURFACE_CURVE('',#1915,(#1960,#2033),.PCURVE_S1.);
#1915 = B_SPLINE_CURVE_WITH_KNOTS('',7,(#1916,#1917,#1918,#1919,#1920,
    #1921,#1922,#1923,#1924,#1925,#1926,#1927,#1928,#1929,#1930,#1931,
    #1932,#1933,#1934,#1935,#1936,#1937,#1938,#1939,#1940,#1941,#1942,
    #1943,#1944,#1945,#1946,#1947,#1948,#1949,#1950,#1951,#1952,#1953,
    #1954,#1955,#1956,#1957,#1958,#1959),.UNSPECIFIED.,.F.,.F.,(8,6,6,6,
    6,6,6,8),(0.,0.261148307841,0.450191065529,1.,1.55005217656,
    2.04063953101,2.567974293388,3.205646371907),.UNSPECIFIED.);
#1916 = CARTESIAN_POINT('',(25.13766532639,-32.50099087156,
    -2.121341019272));
#1917 = CARTESIAN_POINT('',(25.295661732405,-32.57303623035,
    -2.148198584823));
#1918 = CARTESIAN_POINT('',(25.446744734898,-32.65297543422,
    -2.174083607459));
#1919 = CARTESIAN_POINT('',(25.590670068779,-32.74000847827,
    -2.198922707152));
#1920 = CARTESIAN_POINT('',(25.727253995079,-32.83336467657,
    -2.222653153825));
#1921 = CARTESIAN_POINT('',(25.856372145743,-32.93230225477,
    -2.245223553116));
#1922 = CARTESIAN_POINT('',(25.977958368423,-33.03610794264,
    -2.266594532132));
#1923 = CARTESIAN_POINT('',(26.174559800815,-33.2222684967,
    -2.301322120272));
#1924 = CARTESIAN_POINT('',(26.253214804466,-33.3026802057,
    -2.31527121506));
#1925 = CARTESIAN_POINT('',(26.328006162837,-33.38512489724,
    -2.328583925254));
#1926 = CARTESIAN_POINT('',(26.398973951248,-33.46941111995,
    -2.341258723554));
#1927 = CARTESIAN_POINT('',(26.466160574436,-33.5553626444,
    -2.353295285911));
#1928 = CARTESIAN_POINT('',(26.529610601267,-33.64281833988,
    -2.36469443775));
#1929 = CARTESIAN_POINT('',(26.763175622864,-33.98993642999,
    -2.406762964015));
#1930 = CARTESIAN_POINT('',(26.905795606993,-34.25977008288,
    -2.432697448407));
#1931 = CARTESIAN_POINT('',(27.018446693461,-34.53769469619,
    -2.453321437162));
#1932 = CARTESIAN_POINT('',(27.102171890399,-34.82113649157,
    -2.468717071222));
#1933 = CARTESIAN_POINT('',(27.157734967366,-35.10806708991,
    -2.478956622544));
#1934 = CARTESIAN_POINT('',(27.185533905933,-35.39674731056,
    -2.484079685448));
#1935 = CARTESIAN_POINT('',(27.185533905933,-35.97444826396,
    -2.484079685448));
#1936 = CARTESIAN_POINT('',(27.157710365646,-36.26325626448,
    -2.478952088576));
#1937 = CARTESIAN_POINT('',(27.102098087802,-36.55031266194,
    -2.468703470579));
#1938 = CARTESIAN_POINT('',(27.018298237942,-36.83387600522,
    -2.453294138595));
#1939 = CARTESIAN_POINT('',(26.90554553189,-37.11191492114,
    -2.432651664268));
#1940 = CARTESIAN_POINT('',(26.762795094147,-37.38185130946,
    -2.406693767212));
#1941 = CARTESIAN_POINT('',(26.433669939017,-37.87069575887,
    -2.347414689561));
#1942 = CARTESIAN_POINT('',(26.253072374945,-38.09286778872,
    -2.315083405118));
#1943 = CARTESIAN_POINT('',(26.046340291202,-38.30340748182,
    -2.278357644211));
#1944 = CARTESIAN_POINT('',(25.813124689659,-38.49853598197,
    -2.237322699773));
#1945 = CARTESIAN_POINT('',(25.553480359425,-38.67400836177,
    -2.192172519189));
#1946 = CARTESIAN_POINT('',(25.268037385294,-38.82500021339,
    -2.143228211737));
#1947 = CARTESIAN_POINT('',(24.625335580795,-39.07589126122,
    -2.03477820476));
#1948 = CARTESIAN_POINT('',(24.263350876849,-39.17148710187,
    -1.974596114357));
#1949 = CARTESIAN_POINT('',(23.882224571275,-39.22213834667,
    -1.912363042652));
#1950 = CARTESIAN_POINT('',(23.494220791403,-39.22250221054,
    -1.850309894161));
#1951 = CARTESIAN_POINT('',(23.1124627227,-39.17244827697,
    -1.790536630429));
#1952 = CARTESIAN_POINT('',(22.749265348378,-39.07705617835,
    -1.734746169521));
#1953 = CARTESIAN_POINT('',(22.009883673646,-38.78889644972,
    -1.623005331487));
#1954 = CARTESIAN_POINT('',(21.647648023599,-38.58022757778,
    -1.569579436521));
#1955 = CARTESIAN_POINT('',(21.330456802111,-38.33340336978,
    -1.523778244505));
#1956 = CARTESIAN_POINT('',(21.05843370768,-38.05834648044,
    -1.485152437019));
#1957 = CARTESIAN_POINT('',(20.830647301029,-37.76318525072,
    -1.453222043118));
#1958 = CARTESIAN_POINT('',(20.645465655174,-37.45450040019,
    -1.427505849285));
#1959 = CARTESIAN_POINT('',(20.500990871568,-37.13766532639,
    -1.407572961191));
#1960 = PCURVE('',#71,#1961);
#1961 = DEFINITIONAL_REPRESENTATION('',(#1962),#2032);
#1962 = B_SPLINE_CURVE_WITH_KNOTS('',3,(#1963,#1964,#1965,#1966,#1967,
    #1968,#1969,#1970,#1971,#1972,#1973,#1974,#1975,#1976,#1977,#1978,
    #1979,#1980,#1981,#1982,#1983,#1984,#1985,#1986,#1987,#1988,#1989,
    #1990,#1991,#1992,#1993,#1994,#1995,#1996,#1997,#1998,#1999,#2000,
    #2001,#2002,#2003,#2004,#2005,#2006,#2007,#2008,#2009,#2010,#2011,
    #2012,#2013,#2014,#2015,#2016,#2017,#2018,#2019,#2020,#2021,#2022,
    #2023,#2024,#2025,#2026,#2027,#2028,#2029,#2030,#2031),
  .UNSPECIFIED.,.F.,.F.,(4,1,1,1,1,1,1,1,1,1,1,1,1,1,1,1,1,1,1,1,1,1,1,1
    ,1,1,1,1,1,1,1,1,1,1,1,1,1,1,1,1,1,1,1,1,1,1,1,1,1,1,1,1,1,1,1,1,1,1
    ,1,1,1,1,1,1,1,1,4),(0.,4.857039957435E-02,9.714079914869E-02,
    0.145711198723,0.194281598297,0.242851997872,0.291422397446,
    0.33999279702,0.388563196595,0.437133596169,0.485703995743,
    0.534274395318,0.582844794892,0.631415194466,0.679985594041,
    0.728555993615,0.77712639319,0.825696792764,0.874267192338,
    0.922837591913,0.971407991487,1.019978391061,1.068548790636,
    1.11711919021,1.165689589784,1.214259989359,1.262830388933,
    1.311400788507,1.359971188082,1.408541587656,1.45711198723,
    1.505682386805,1.554252786379,1.602823185953,1.651393585528,
    1.699963985102,1.748534384676,1.797104784251,1.845675183825,
    1.894245583399,1.942815982974,1.991386382548,2.039956782123,
    2.088527181697,2.137097581271,2.185667980846,2.23423838042,
    2.282808779994,2.331379179569,2.379949579143,2.428519978717,
    2.477090378292,2.525660777866,2.57423117744,2.622801577015,
    2.671371976589,2.719942376163,2.768512775738,2.817083175312,
    2.865653574886,2.914223974461,2.962794374035,3.011364773609,
    3.059935173184,3.108505572758,3.157075972332,3.205646371907),
  .QUASI_UNIFORM_KNOTS.);
#1963 = CARTESIAN_POINT('',(1.402417386717,143.95099087156));
#1964 = CARTESIAN_POINT('',(1.401953689299,143.9822589395));
#1965 = CARTESIAN_POINT('',(1.401048953846,144.04860868035));
#1966 = CARTESIAN_POINT('',(1.399761455031,144.1585398907));
#1967 = CARTESIAN_POINT('',(1.398545342931,144.27783262049));
#1968 = CARTESIAN_POINT('',(1.397401853426,144.4054798134));
#1969 = CARTESIAN_POINT('',(1.396331831176,144.54050725584));
#1970 = CARTESIAN_POINT('',(1.3953358337,144.68194404138));
#1971 = CARTESIAN_POINT('',(1.394412252346,144.82914599993));
#1972 = CARTESIAN_POINT('',(1.393560250429,144.98142905492));
#1973 = CARTESIAN_POINT('',(1.392778803011,145.13817792745));
#1974 = CARTESIAN_POINT('',(1.39206685602,145.29882918022));
#1975 = CARTESIAN_POINT('',(1.391423202735,145.46290505549));
#1976 = CARTESIAN_POINT('',(1.390846765739,145.62995722915));
#1977 = CARTESIAN_POINT('',(1.390336526974,145.79957678669));
#1978 = CARTESIAN_POINT('',(1.389891555004,145.97138713007));
#1979 = CARTESIAN_POINT('',(1.38951100901,146.14504097611));
#1980 = CARTESIAN_POINT('',(1.389194148589,146.3202164175));
#1981 = CARTESIAN_POINT('',(1.388940341644,146.49661354635));
#1982 = CARTESIAN_POINT('',(1.388749072148,146.67395066952));
#1983 = CARTESIAN_POINT('',(1.388619948323,146.85196249884));
#1984 = CARTESIAN_POINT('',(1.388552707313,147.03039175456));
#1985 = CARTESIAN_POINT('',(1.388547231507,147.2090060455));
#1986 = CARTESIAN_POINT('',(1.388603514999,147.38748568939));
#1987 = CARTESIAN_POINT('',(1.388721648956,147.56558990694));
#1988 = CARTESIAN_POINT('',(1.388901872747,147.74306589924));
#1989 = CARTESIAN_POINT('',(1.389144555492,147.91965007862));
#1990 = CARTESIAN_POINT('',(1.389450191839,148.09506385866));
#1991 = CARTESIAN_POINT('',(1.389819394436,148.26901090669));
#1992 = CARTESIAN_POINT('',(1.390252883401,148.4411730826));
#1993 = CARTESIAN_POINT('',(1.390751489133,148.61120926586));
#1994 = CARTESIAN_POINT('',(1.391316102787,148.77874303889));
#1995 = CARTESIAN_POINT('',(1.391947820742,148.94339115241));
#1996 = CARTESIAN_POINT('',(1.392647363509,149.10463910224));
#1997 = CARTESIAN_POINT('',(1.393417238722,149.26229478941));
#1998 = CARTESIAN_POINT('',(1.394259036833,149.41581493112));
#1999 = CARTESIAN_POINT('',(1.395173165504,149.56441792554));
#2000 = CARTESIAN_POINT('',(1.396160074614,149.70733911729));
#2001 = CARTESIAN_POINT('',(1.397219906262,149.84376023005));
#2002 = CARTESIAN_POINT('',(1.398352558369,149.97282547202));
#2003 = CARTESIAN_POINT('',(1.39955764732,150.09363458628));
#2004 = CARTESIAN_POINT('',(1.400834439265,150.20523925176));
#2005 = CARTESIAN_POINT('',(1.402181986162,150.30664694024));
#2006 = CARTESIAN_POINT('',(1.403598452557,150.39678940177));
#2007 = CARTESIAN_POINT('',(1.405083453037,150.47462298395));
#2008 = CARTESIAN_POINT('',(1.406627140408,150.53864067108));
#2009 = CARTESIAN_POINT('',(1.408216815603,150.58755808347));
#2010 = CARTESIAN_POINT('',(1.409839720371,150.62043119463));
#2011 = CARTESIAN_POINT('',(1.41148251516,150.63662464852));
#2012 = CARTESIAN_POINT('',(1.413131646155,150.6358201424));
#2013 = CARTESIAN_POINT('',(1.414773475144,150.61801402958));
#2014 = CARTESIAN_POINT('',(1.416394471992,150.58351813962));
#2015 = CARTESIAN_POINT('',(1.417981393936,150.53295867097));
#2016 = CARTESIAN_POINT('',(1.419521452148,150.46727973884));
#2017 = CARTESIAN_POINT('',(1.421002536587,150.38773039183));
#2018 = CARTESIAN_POINT('',(1.422413169128,150.29591576134));
#2019 = CARTESIAN_POINT('',(1.423752229415,150.19298654415));
#2020 = CARTESIAN_POINT('',(1.425018796599,150.08000215341));
#2021 = CARTESIAN_POINT('',(1.426212353734,149.9579587048));
#2022 = CARTESIAN_POINT('',(1.427332674528,149.82778806944));
#2023 = CARTESIAN_POINT('',(1.428379801981,149.69036390732));
#2024 = CARTESIAN_POINT('',(1.429354008473,149.54650513602));
#2025 = CARTESIAN_POINT('',(1.430255766086,149.39697951526));
#2026 = CARTESIAN_POINT('',(1.431085718966,149.24250658261));
#2027 = CARTESIAN_POINT('',(1.431844658233,149.08376073175));
#2028 = CARTESIAN_POINT('',(1.432533502159,148.92137244487));
#2029 = CARTESIAN_POINT('',(1.433153266723,148.75593525475));
#2030 = CARTESIAN_POINT('',(1.433521142209,148.6439721084));
#2031 = CARTESIAN_POINT('',(1.433693937398,148.58766532639));
#2032 = ( GEOMETRIC_REPRESENTATION_CONTEXT(2) 
PARAMETRIC_REPRESENTATION_CONTEXT() REPRESENTATION_CONTEXT('2D SPACE',''
  ) );
#2033 = PCURVE('',#500,#2034);
#2034 = DEFINITIONAL_REPRESENTATION('',(#2035),#2105);
#2035 = B_SPLINE_CURVE_WITH_KNOTS('',3,(#2036,#2037,#2038,#2039,#2040,
    #2041,#2042,#2043,#2044,#2045,#2046,#2047,#2048,#2049,#2050,#2051,
    #2052,#2053,#2054,#2055,#2056,#2057,#2058,#2059,#2060,#2061,#2062,
    #2063,#2064,#2065,#2066,#2067,#2068,#2069,#2070,#2071,#2072,#2073,
    #2074,#2075,#2076,#2077,#2078,#2079,#2080,#2081,#2082,#2083,#2084,
    #2085,#2086,#2087,#2088,#2089,#2090,#2091,#2092,#2093,#2094,#2095,
    #2096,#2097,#2098,#2099,#2100,#2101,#2102,#2103,#2104),
  .UNSPECIFIED.,.F.,.F.,(4,1,1,1,1,1,1,1,1,1,1,1,1,1,1,1,1,1,1,1,1,1,1,1
    ,1,1,1,1,1,1,1,1,1,1,1,1,1,1,1,1,1,1,1,1,1,1,1,1,1,1,1,1,1,1,1,1,1,1
    ,1,1,1,1,1,1,1,1,4),(0.,4.857039957435E-02,9.714079914869E-02,
    0.145711198723,0.194281598297,0.242851997872,0.291422397446,
    0.33999279702,0.388563196595,0.437133596169,0.485703995743,
    0.534274395318,0.582844794892,0.631415194466,0.679985594041,
    0.728555993615,0.77712639319,0.825696792764,0.874267192338,
    0.922837591913,0.971407991487,1.019978391061,1.068548790636,
    1.11711919021,1.165689589784,1.214259989359,1.262830388933,
    1.311400788507,1.359971188082,1.408541587656,1.45711198723,
    1.505682386805,1.554252786379,1.602823185953,1.651393585528,
    1.699963985102,1.748534384676,1.797104784251,1.845675183825,
    1.894245583399,1.942815982974,1.991386382548,2.039956782123,
    2.088527181697,2.137097581271,2.185667980846,2.23423838042,
    2.282808779994,2.331379179569,2.379949579143,2.428519978717,
    2.477090378292,2.525660777866,2.57423117744,2.622801577015,
    2.671371976589,2.719942376163,2.768512775738,2.817083175312,
    2.865653574886,2.914223974461,2.962794374035,3.011364773609,
    3.059935173184,3.108505572758,3.157075972332,3.205646371907),
  .QUASI_UNIFORM_KNOTS.);
#2036 = CARTESIAN_POINT('',(7.426154574223,0.602097281451));
#2037 = CARTESIAN_POINT('',(7.404624509978,0.590440931972));
#2038 = CARTESIAN_POINT('',(7.361978510401,0.567602737885));
#2039 = CARTESIAN_POINT('',(7.29921255285,0.534850463375));
#2040 = CARTESIAN_POINT('',(7.237606773104,0.503689111254));
#2041 = CARTESIAN_POINT('',(7.177130623982,0.47418917413));
#2042 = CARTESIAN_POINT('',(7.117757004147,0.446409551684));
#2043 = CARTESIAN_POINT('',(7.059473577493,0.420399779136));
#2044 = CARTESIAN_POINT('',(7.002159609718,0.396150246468));
#2045 = CARTESIAN_POINT('',(6.945745266389,0.373668433041));
#2046 = CARTESIAN_POINT('',(6.890158051386,0.35295415354));
#2047 = CARTESIAN_POINT('',(6.835328766941,0.334003718528));
#2048 = CARTESIAN_POINT('',(6.781178302076,0.316806748688));
#2049 = CARTESIAN_POINT('',(6.727635448965,0.301353779056));
#2050 = CARTESIAN_POINT('',(6.674630916722,0.287634545592));
#2051 = CARTESIAN_POINT('',(6.622097876641,0.275638854057));
#2052 = CARTESIAN_POINT('',(6.569971132196,0.265356814111));
#2053 = CARTESIAN_POINT('',(6.518186769349,0.256779214764));
#2054 = CARTESIAN_POINT('',(6.466681710129,0.249897835255));
#2055 = CARTESIAN_POINT('',(6.415393453087,0.244705738969));
#2056 = CARTESIAN_POINT('',(6.364259287664,0.241197565846));
#2057 = CARTESIAN_POINT('',(6.313217411469,0.239369713867));
#2058 = CARTESIAN_POINT('',(6.262200826906,0.239220831813));
#2059 = CARTESIAN_POINT('',(6.211168111663,0.240750911327));
#2060 = CARTESIAN_POINT('',(6.160054865559,0.243960882209));
#2061 = CARTESIAN_POINT('',(6.108798440156,0.248854012902));
#2062 = CARTESIAN_POINT('',(6.057336297153,0.255435360691));
#2063 = CARTESIAN_POINT('',(6.005605935913,0.263711605188));
#2064 = CARTESIAN_POINT('',(5.953544370003,0.273690775505));
#2065 = CARTESIAN_POINT('',(5.901087993131,0.285381885353));
#2066 = CARTESIAN_POINT('',(5.848171376139,0.298794908716));
#2067 = CARTESIAN_POINT('',(5.794729851994,0.313939351266));
#2068 = CARTESIAN_POINT('',(5.740687766495,0.330827964198));
#2069 = CARTESIAN_POINT('',(5.685999860081,0.349461158608));
#2070 = CARTESIAN_POINT('',(5.630491025888,0.369884348363));
#2071 = CARTESIAN_POINT('',(5.574076210394,0.392115364039));
#2072 = CARTESIAN_POINT('',(5.516737720777,0.416138050197));
#2073 = CARTESIAN_POINT('',(5.45843493938,0.441934837341));
#2074 = CARTESIAN_POINT('',(5.399127918773,0.469477539516));
#2075 = CARTESIAN_POINT('',(5.338770616915,0.498729224663));
#2076 = CARTESIAN_POINT('',(5.27731157799,0.52964344877));
#2077 = CARTESIAN_POINT('',(5.214694873686,0.562162842546));
#2078 = CARTESIAN_POINT('',(5.15085195263,0.596222804686));
#2079 = CARTESIAN_POINT('',(5.085728621575,0.631735296724));
#2080 = CARTESIAN_POINT('',(5.019179168666,0.66864700541));
#2081 = CARTESIAN_POINT('',(4.951443342805,0.706670685123));
#2082 = CARTESIAN_POINT('',(4.882824577605,0.745457574219));
#2083 = CARTESIAN_POINT('',(4.813581643453,0.784668308793));
#2084 = CARTESIAN_POINT('',(4.743965361942,0.82396133747));
#2085 = CARTESIAN_POINT('',(4.674216182925,0.863002815204));
#2086 = CARTESIAN_POINT('',(4.604572027176,0.901470116211));
#2087 = CARTESIAN_POINT('',(4.535273361525,0.939056391003));
#2088 = CARTESIAN_POINT('',(4.466568752519,0.97547425648));
#2089 = CARTESIAN_POINT('',(4.398721495773,1.010458767358));
#2090 = CARTESIAN_POINT('',(4.332012219633,1.043770915853));
#2091 = CARTESIAN_POINT('',(4.26675968313,1.07519550384));
#2092 = CARTESIAN_POINT('',(4.202862966373,1.104752600985));
#2093 = CARTESIAN_POINT('',(4.140236946595,1.132464641064));
#2094 = CARTESIAN_POINT('',(4.078802809537,1.158361343367));
#2095 = CARTESIAN_POINT('',(4.018489009083,1.182476627681));
#2096 = CARTESIAN_POINT('',(3.959229723775,1.204847938302));
#2097 = CARTESIAN_POINT('',(3.900964196556,1.225515157458));
#2098 = CARTESIAN_POINT('',(3.843635988692,1.244519836138));
#2099 = CARTESIAN_POINT('',(3.787192374261,1.261904515002));
#2100 = CARTESIAN_POINT('',(3.731583769748,1.277712181673));
#2101 = CARTESIAN_POINT('',(3.676763300557,1.291985771562));
#2102 = CARTESIAN_POINT('',(3.622686164365,1.304767902294));
#2103 = CARTESIAN_POINT('',(3.587102086493,1.312322660341));
#2104 = CARTESIAN_POINT('',(3.569419713342,1.315865339533));
#2105 = ( GEOMETRIC_REPRESENTATION_CONTEXT(2) 
PARAMETRIC_REPRESENTATION_CONTEXT() REPRESENTATION_CONTEXT('2D SPACE',''
  ) );
#2106 = ORIENTED_EDGE('',*,*,#2107,.F.);
#2107 = EDGE_CURVE('',#2108,#1912,#2110,.T.);
#2108 = VERTEX_POINT('',#2109);
#2109 = CARTESIAN_POINT('',(25.15,-32.15,-2.123438300723));
#2110 = SURFACE_CURVE('',#2111,(#2117,#2126),.PCURVE_S1.);
#2111 = B_SPLINE_CURVE_WITH_KNOTS('',4,(#2112,#2113,#2114,#2115,#2116),
  .UNSPECIFIED.,.F.,.F.,(5,5),(0.,1.),.PIECEWISE_BEZIER_KNOTS.);
#2112 = CARTESIAN_POINT('',(25.15,-32.15,-2.123438300723));
#2113 = CARTESIAN_POINT('',(25.15,-32.23778662749,-2.123438300723));
#2114 = CARTESIAN_POINT('',(25.147944936308,-32.32557318274,
    -2.123088787327));
#2115 = CARTESIAN_POINT('',(25.143834809848,-32.41332101682,
    -2.122389760257));
#2116 = CARTESIAN_POINT('',(25.13766532639,-32.50099087156,
    -2.121341019272));
#2117 = PCURVE('',#71,#2118);
#2118 = DEFINITIONAL_REPRESENTATION('',(#2119),#2125);
#2119 = B_SPLINE_CURVE_WITH_KNOTS('',4,(#2120,#2121,#2122,#2123,#2124),
  .UNSPECIFIED.,.F.,.F.,(5,5),(0.,1.),.PIECEWISE_BEZIER_KNOTS.);
#2120 = CARTESIAN_POINT('',(1.402333975351,143.6));
#2121 = CARTESIAN_POINT('',(1.402333975351,143.68778662749));
#2122 = CARTESIAN_POINT('',(1.402347872507,143.77557318274));
#2123 = CARTESIAN_POINT('',(1.402375666813,143.86332101682));
#2124 = CARTESIAN_POINT('',(1.402417386717,143.95099087156));
#2125 = ( GEOMETRIC_REPRESENTATION_CONTEXT(2) 
PARAMETRIC_REPRESENTATION_CONTEXT() REPRESENTATION_CONTEXT('2D SPACE',''
  ) );
#2126 = PCURVE('',#533,#2127);
#2127 = DEFINITIONAL_REPRESENTATION('',(#2128),#2134);
#2128 = B_SPLINE_CURVE_WITH_KNOTS('',4,(#2129,#2130,#2131,#2132,#2133),
  .UNSPECIFIED.,.F.,.F.,(5,5),(0.,1.),.PIECEWISE_BEZIER_KNOTS.);
#2129 = CARTESIAN_POINT('',(3.14159265359,-0.6));
#2130 = CARTESIAN_POINT('',(3.159149979089,-0.6));
#2131 = CARTESIAN_POINT('',(3.176707294837,-0.600349513396));
#2132 = CARTESIAN_POINT('',(3.194271276615,-0.601048540467));
#2133 = CARTESIAN_POINT('',(3.211848609696,-0.602097281451));
#2134 = ( GEOMETRIC_REPRESENTATION_CONTEXT(2) 
PARAMETRIC_REPRESENTATION_CONTEXT() REPRESENTATION_CONTEXT('2D SPACE',''
  ) );
#2135 = ORIENTED_EDGE('',*,*,#2136,.F.);
#2136 = EDGE_CURVE('',#2137,#2108,#2139,.T.);
#2137 = VERTEX_POINT('',#2138);
#2138 = CARTESIAN_POINT('',(25.15,32.15,-2.123438300723));
#2139 = SURFACE_CURVE('',#2140,(#2144,#2150),.PCURVE_S1.);
#2140 = LINE('',#2141,#2142);
#2141 = CARTESIAN_POINT('',(25.15,111.45,-2.123438300723));
#2142 = VECTOR('',#2143,1.);
#2143 = DIRECTION('',(0.,-1.,2.22044604925E-16));
#2144 = PCURVE('',#71,#2145);
#2145 = DEFINITIONAL_REPRESENTATION('',(#2146),#2149);
#2146 = B_SPLINE_CURVE_WITH_KNOTS('',1,(#2147,#2148),.UNSPECIFIED.,.F.,
  .F.,(2,2),(72.87,150.03),.PIECEWISE_BEZIER_KNOTS.);
#2147 = CARTESIAN_POINT('',(1.402333975351,72.87));
#2148 = CARTESIAN_POINT('',(1.402333975351,150.03));
#2149 = ( GEOMETRIC_REPRESENTATION_CONTEXT(2) 
PARAMETRIC_REPRESENTATION_CONTEXT() REPRESENTATION_CONTEXT('2D SPACE',''
  ) );
#2150 = PCURVE('',#561,#2151);
#2151 = DEFINITIONAL_REPRESENTATION('',(#2152),#2155);
#2152 = B_SPLINE_CURVE_WITH_KNOTS('',1,(#2153,#2154),.UNSPECIFIED.,.F.,
  .F.,(2,2),(72.87,150.03),.PIECEWISE_BEZIER_KNOTS.);
#2153 = CARTESIAN_POINT('',(70.73,-0.6));
#2154 = CARTESIAN_POINT('',(-6.43,-0.6));
#2155 = ( GEOMETRIC_REPRESENTATION_CONTEXT(2) 
PARAMETRIC_REPRESENTATION_CONTEXT() REPRESENTATION_CONTEXT('2D SPACE',''
  ) );
#2156 = ORIENTED_EDGE('',*,*,#2157,.T.);
#2157 = EDGE_CURVE('',#2137,#2158,#2160,.T.);
#2158 = VERTEX_POINT('',#2159);
#2159 = CARTESIAN_POINT('',(25.13766532639,32.500990871568,
    -2.121341019272));
#2160 = SURFACE_CURVE('',#2161,(#2167,#2176),.PCURVE_S1.);
#2161 = B_SPLINE_CURVE_WITH_KNOTS('',4,(#2162,#2163,#2164,#2165,#2166),
  .UNSPECIFIED.,.F.,.F.,(5,5),(0.,1.),.PIECEWISE_BEZIER_KNOTS.);
#2162 = CARTESIAN_POINT('',(25.15,32.15,-2.123438300723));
#2163 = CARTESIAN_POINT('',(25.15,32.237786627498,-2.123438300723));
#2164 = CARTESIAN_POINT('',(25.147944936308,32.325573182747,
    -2.123088787327));
#2165 = CARTESIAN_POINT('',(25.143834809848,32.413321016827,
    -2.122389760257));
#2166 = CARTESIAN_POINT('',(25.13766532639,32.500990871568,
    -2.121341019272));
#2167 = PCURVE('',#71,#2168);
#2168 = DEFINITIONAL_REPRESENTATION('',(#2169),#2175);
#2169 = B_SPLINE_CURVE_WITH_KNOTS('',4,(#2170,#2171,#2172,#2173,#2174),
  .UNSPECIFIED.,.F.,.F.,(5,5),(0.,1.),.PIECEWISE_BEZIER_KNOTS.);
#2170 = CARTESIAN_POINT('',(1.402333975351,79.3));
#2171 = CARTESIAN_POINT('',(1.402333975351,79.212213372502));
#2172 = CARTESIAN_POINT('',(1.402347872507,79.124426817253));
#2173 = CARTESIAN_POINT('',(1.402375666813,79.036678983173));
#2174 = CARTESIAN_POINT('',(1.402417386717,78.949009128432));
#2175 = ( GEOMETRIC_REPRESENTATION_CONTEXT(2) 
PARAMETRIC_REPRESENTATION_CONTEXT() REPRESENTATION_CONTEXT('2D SPACE',''
  ) );
#2176 = PCURVE('',#645,#2177);
#2177 = DEFINITIONAL_REPRESENTATION('',(#2178),#2184);
#2178 = B_SPLINE_CURVE_WITH_KNOTS('',4,(#2179,#2180,#2181,#2182,#2183),
  .UNSPECIFIED.,.F.,.F.,(5,5),(0.,1.),.PIECEWISE_BEZIER_KNOTS.);
#2179 = CARTESIAN_POINT('',(3.14159265359,-0.6));
#2180 = CARTESIAN_POINT('',(3.12403532809,-0.6));
#2181 = CARTESIAN_POINT('',(3.106478012342,-0.600349513396));
#2182 = CARTESIAN_POINT('',(3.088914030565,-0.601048540467));
#2183 = CARTESIAN_POINT('',(3.071336697483,-0.602097281451));
#2184 = ( GEOMETRIC_REPRESENTATION_CONTEXT(2) 
PARAMETRIC_REPRESENTATION_CONTEXT() REPRESENTATION_CONTEXT('2D SPACE',''
  ) );
#2185 = ORIENTED_EDGE('',*,*,#2186,.F.);
#2186 = EDGE_CURVE('',#2187,#2158,#2189,.T.);
#2187 = VERTEX_POINT('',#2188);
#2188 = CARTESIAN_POINT('',(20.788833565238,37.65,-1.44757020121));
#2189 = SURFACE_CURVE('',#2190,(#2235,#2308),.PCURVE_S1.);
#2190 = B_SPLINE_CURVE_WITH_KNOTS('',7,(#2191,#2192,#2193,#2194,#2195,
    #2196,#2197,#2198,#2199,#2200,#2201,#2202,#2203,#2204,#2205,#2206,
    #2207,#2208,#2209,#2210,#2211,#2212,#2213,#2214,#2215,#2216,#2217,
    #2218,#2219,#2220,#2221,#2222,#2223,#2224,#2225,#2226,#2227,#2228,
    #2229,#2230,#2231,#2232,#2233,#2234),.UNSPECIFIED.,.F.,.F.,(8,6,6,6,
    6,6,6,8),(0.,0.247224821106,0.460854918675,0.701584980611,1.,
    1.249375234956,1.335163808116,1.453770866208),.UNSPECIFIED.);
#2191 = CARTESIAN_POINT('',(20.500990871568,37.13766532639,
    -1.407572961191));
#2192 = CARTESIAN_POINT('',(20.624667538569,37.408889860797,
    -1.424636376008));
#2193 = CARTESIAN_POINT('',(20.777878712296,37.673494372362,
    -1.445896999654));
#2194 = CARTESIAN_POINT('',(20.961734272268,37.928534486044,
    -1.471613135991));
#2195 = CARTESIAN_POINT('',(21.177356963354,38.170336570162,
    -1.502089704927));
#2196 = CARTESIAN_POINT('',(21.425722161391,38.394362713393,
    -1.53766262396));
#2197 = CARTESIAN_POINT('',(21.707378754083,38.594957919089,
    -1.578671171601));
#2198 = CARTESIAN_POINT('',(22.293799988768,38.911760500836,
    -1.665708600419));
#2199 = CARTESIAN_POINT('',(22.592762825115,39.037103001226,
    -1.710675335675));
#2200 = CARTESIAN_POINT('',(22.913614186755,39.132350372193,
    -1.75969661045));
#2201 = CARTESIAN_POINT('',(23.249339004975,39.191634076244,
    -1.811915332954));
#2202 = CARTESIAN_POINT('',(23.591789300208,39.211877389047,
    -1.866181625879));
#2203 = CARTESIAN_POINT('',(23.932450120101,39.192894605829,
    -1.921135025191));
#2204 = CARTESIAN_POINT('',(24.636177113371,39.075104592076,
    -2.036485816445));
#2205 = CARTESIAN_POINT('',(24.98933666463,38.96769303773,
    -2.095498700758));
#2206 = CARTESIAN_POINT('',(25.31761367556,38.821658901539,
    -2.151346454371));
#2207 = CARTESIAN_POINT('',(25.617242043178,38.643489675499,
    -2.203120905781));
#2208 = CARTESIAN_POINT('',(25.885716722854,38.439840745136,
    -2.250112581287));
#2209 = CARTESIAN_POINT('',(26.121769896576,38.217534739232,
    -2.291855480143));
#2210 = CARTESIAN_POINT('',(26.578022322766,37.693381556908,
    -2.373191697182));
#2211 = CARTESIAN_POINT('',(26.784262808295,37.381340225783,
    -2.410478092264));
#2212 = CARTESIAN_POINT('',(26.946341921357,37.054653971654,
    -2.440069200969));
#2213 = CARTESIAN_POINT('',(27.066315115284,36.71835395931,
    -2.462108962075));
#2214 = CARTESIAN_POINT('',(27.145762446937,36.376133601139,
    -2.476750258465));
#2215 = CARTESIAN_POINT('',(27.185533905933,36.030957007033,
    -2.484079685448));
#2216 = CARTESIAN_POINT('',(27.185533905933,35.396875623342,
    -2.484079685448));
#2217 = CARTESIAN_POINT('',(27.157759662125,35.108324578978,
    -2.478961173354));
#2218 = CARTESIAN_POINT('',(27.102246276087,34.821520672362,
    -2.468730780179));
#2219 = CARTESIAN_POINT('',(27.018596109755,34.538199982253,
    -2.453348911768));
#2220 = CARTESIAN_POINT('',(26.906046277916,34.260388196664,
    -2.432743339533));
#2221 = CARTESIAN_POINT('',(26.763555739643,33.99065606757,
    -2.406832087183));
#2222 = CARTESIAN_POINT('',(26.530176106567,33.643605877113,
    -2.364796068492));
#2223 = CARTESIAN_POINT('',(26.466749956848,33.556132175828,
    -2.353400953666));
#2224 = CARTESIAN_POINT('',(26.39958695372,33.470161885392,
    -2.341368342254));
#2225 = CARTESIAN_POINT('',(26.328642501307,33.385856081643,
    -2.328697401695));
#2226 = CARTESIAN_POINT('',(26.253874158872,33.30339094047,
    -2.315388447452));
#2227 = CARTESIAN_POINT('',(26.175241806051,33.22295786099,
    -2.301442996866));
#2228 = CARTESIAN_POINT('',(25.97860036543,33.036656037194,
    -2.266707374931));
#2229 = CARTESIAN_POINT('',(25.856940160659,32.932737625362,
    -2.245322845626));
#2230 = CARTESIAN_POINT('',(25.727735643817,32.833694165281,
    -2.222736840071));
#2231 = CARTESIAN_POINT('',(25.591052308243,32.740239914902,
    -2.198988679926));
#2232 = CARTESIAN_POINT('',(25.447013897921,32.653118015289,
    -2.174129726415));
#2233 = CARTESIAN_POINT('',(25.295803614848,32.573100927852,
    -2.148222703201));
#2234 = CARTESIAN_POINT('',(25.13766532639,32.500990871568,
    -2.121341019272));
#2235 = PCURVE('',#71,#2236);
#2236 = DEFINITIONAL_REPRESENTATION('',(#2237),#2307);
#2237 = B_SPLINE_CURVE_WITH_KNOTS('',3,(#2238,#2239,#2240,#2241,#2242,
    #2243,#2244,#2245,#2246,#2247,#2248,#2249,#2250,#2251,#2252,#2253,
    #2254,#2255,#2256,#2257,#2258,#2259,#2260,#2261,#2262,#2263,#2264,
    #2265,#2266,#2267,#2268,#2269,#2270,#2271,#2272,#2273,#2274,#2275,
    #2276,#2277,#2278,#2279,#2280,#2281,#2282,#2283,#2284,#2285,#2286,
    #2287,#2288,#2289,#2290,#2291,#2292,#2293,#2294,#2295,#2296,#2297,
    #2298,#2299,#2300,#2301,#2302,#2303,#2304,#2305,#2306),
  .UNSPECIFIED.,.F.,.F.,(4,1,1,1,1,1,1,1,1,1,1,1,1,1,1,1,1,1,1,1,1,1,1,1
    ,1,1,1,1,1,1,1,1,1,1,1,1,1,1,1,1,1,1,1,1,1,1,1,1,1,1,1,1,1,1,1,1,1,1
    ,1,1,1,1,1,1,1,1,4),(0.,2.202683130619E-02,4.405366261238E-02,
    6.608049391857E-02,8.810732522475E-02,0.110134156531,0.132160987837,
    0.154187819143,0.17621465045,0.198241481756,0.220268313062,
    0.242295144368,0.264321975674,0.28634880698,0.308375638287,
    0.330402469593,0.352429300899,0.374456132205,0.396482963511,
    0.418509794818,0.440536626124,0.46256345743,0.484590288736,
    0.506617120042,0.528643951349,0.550670782655,0.572697613961,
    0.594724445267,0.616751276573,0.638778107879,0.660804939186,
    0.682831770492,0.704858601798,0.726885433104,0.74891226441,
    0.770939095717,0.792965927023,0.814992758329,0.837019589635,
    0.859046420941,0.881073252248,0.903100083554,0.92512691486,
    0.947153746166,0.969180577472,0.991207408778,1.013234240085,
    1.035261071391,1.057287902697,1.079314734003,1.101341565309,
    1.123368396616,1.145395227922,1.167422059228,1.189448890534,
    1.21147572184,1.233502553147,1.255529384453,1.277556215759,
    1.299583047065,1.321609878371,1.343636709677,1.365663540984,
    1.38769037229,1.409717203596,1.431744034902,1.453770866208),
  .QUASI_UNIFORM_KNOTS.);
#2238 = CARTESIAN_POINT('',(1.433693937398,74.31233467361));
#2239 = CARTESIAN_POINT('',(1.433520905924,74.255952826418));
#2240 = CARTESIAN_POINT('',(1.433152737662,74.143911880775));
#2241 = CARTESIAN_POINT('',(1.432533058097,73.978520710841));
#2242 = CARTESIAN_POINT('',(1.431844830837,73.816285106706));
#2243 = CARTESIAN_POINT('',(1.431086967872,73.657748783274));
#2244 = CARTESIAN_POINT('',(1.430258428347,73.503497105516));
#2245 = CARTESIAN_POINT('',(1.429358241851,73.354165241933));
#2246 = CARTESIAN_POINT('',(1.428385538798,73.210440622545));
#2247 = CARTESIAN_POINT('',(1.4273395592,73.073065455144));
#2248 = CARTESIAN_POINT('',(1.426219757035,72.942846980224));
#2249 = CARTESIAN_POINT('',(1.425025560931,72.820639088147));
#2250 = CARTESIAN_POINT('',(1.423757431969,72.707433222848));
#2251 = CARTESIAN_POINT('',(1.422413095518,72.604043350207));
#2252 = CARTESIAN_POINT('',(1.420991687893,72.511592589033));
#2253 = CARTESIAN_POINT('',(1.419504789848,72.431907977535));
#2254 = CARTESIAN_POINT('',(1.417962164811,72.366323919148));
#2255 = CARTESIAN_POINT('',(1.416375084685,72.315971937833));
#2256 = CARTESIAN_POINT('',(1.414755233292,72.28170040066));
#2257 = CARTESIAN_POINT('',(1.413114914684,72.264089655382));
#2258 = CARTESIAN_POINT('',(1.411466432553,72.263454737824));
#2259 = CARTESIAN_POINT('',(1.409823448499,72.279801582076));
#2260 = CARTESIAN_POINT('',(1.408195221736,72.31298084669));
#2261 = CARTESIAN_POINT('',(1.406607620482,72.36208907851));
#2262 = CARTESIAN_POINT('',(1.405073869666,72.425863745254));
#2263 = CARTESIAN_POINT('',(1.403596668143,72.503329537077));
#2264 = CARTESIAN_POINT('',(1.402180856656,72.593424343809));
#2265 = CARTESIAN_POINT('',(1.400830037153,72.695098644263));
#2266 = CARTESIAN_POINT('',(1.399547485575,72.807288844585));
#2267 = CARTESIAN_POINT('',(1.398335922728,72.928922513442));
#2268 = CARTESIAN_POINT('',(1.397197542741,73.058923185901));
#2269 = CARTESIAN_POINT('',(1.396134136466,73.196186100755));
#2270 = CARTESIAN_POINT('',(1.395146560999,73.339671740437));
#2271 = CARTESIAN_POINT('',(1.394236713231,73.488058332215));
#2272 = CARTESIAN_POINT('',(1.393399772461,73.641102574187));
#2273 = CARTESIAN_POINT('',(1.39263267517,73.798559850773));
#2274 = CARTESIAN_POINT('',(1.391934775822,73.959811698288));
#2275 = CARTESIAN_POINT('',(1.391304828391,74.124399150094));
#2276 = CARTESIAN_POINT('',(1.390741811911,74.291874174132));
#2277 = CARTESIAN_POINT('',(1.390244725185,74.461834101572));
#2278 = CARTESIAN_POINT('',(1.389812656909,74.633907284071));
#2279 = CARTESIAN_POINT('',(1.389444781266,74.807752070103));
#2280 = CARTESIAN_POINT('',(1.389140372773,74.983052440233));
#2281 = CARTESIAN_POINT('',(1.38889881542,75.159514790555));
#2282 = CARTESIAN_POINT('',(1.388719612395,75.336864506725));
#2283 = CARTESIAN_POINT('',(1.388602396436,75.514843208828));
#2284 = CARTESIAN_POINT('',(1.388546934579,75.693204442912));
#2285 = CARTESIAN_POINT('',(1.388553152406,75.871715774748));
#2286 = CARTESIAN_POINT('',(1.388621065019,76.050036278785));
#2287 = CARTESIAN_POINT('',(1.388750789601,76.227937771166));
#2288 = CARTESIAN_POINT('',(1.388942590537,76.405162409765));
#2289 = CARTESIAN_POINT('',(1.389196860254,76.581445571135));
#2290 = CARTESIAN_POINT('',(1.389514115252,76.75650585274));
#2291 = CARTESIAN_POINT('',(1.389894987677,76.930043700886));
#2292 = CARTESIAN_POINT('',(1.390340217558,77.101737519885));
#2293 = CARTESIAN_POINT('',(1.390850644869,77.271240339873));
#2294 = CARTESIAN_POINT('',(1.391427199647,77.43817587805));
#2295 = CARTESIAN_POINT('',(1.392070898081,77.602135576882));
#2296 = CARTESIAN_POINT('',(1.392782814718,77.762671450305));
#2297 = CARTESIAN_POINT('',(1.39356415564,77.919306693398));
#2298 = CARTESIAN_POINT('',(1.394415972776,78.071478553568));
#2299 = CARTESIAN_POINT('',(1.395339287526,78.218572427176));
#2300 = CARTESIAN_POINT('',(1.396334942681,78.359906285126));
#2301 = CARTESIAN_POINT('',(1.397404525499,78.494834350103));
#2302 = CARTESIAN_POINT('',(1.39854747559,78.622387579864));
#2303 = CARTESIAN_POINT('',(1.399762957884,78.741594666313));
#2304 = CARTESIAN_POINT('',(1.401049745147,78.851450927986));
#2305 = CARTESIAN_POINT('',(1.401953959621,78.917759258823));
#2306 = CARTESIAN_POINT('',(1.402417386717,78.949009128432));
#2307 = ( GEOMETRIC_REPRESENTATION_CONTEXT(2) 
PARAMETRIC_REPRESENTATION_CONTEXT() REPRESENTATION_CONTEXT('2D SPACE',''
  ) );
#2308 = PCURVE('',#674,#2309);
#2309 = DEFINITIONAL_REPRESENTATION('',(#2310),#2380);
#2310 = B_SPLINE_CURVE_WITH_KNOTS('',3,(#2311,#2312,#2313,#2314,#2315,
    #2316,#2317,#2318,#2319,#2320,#2321,#2322,#2323,#2324,#2325,#2326,
    #2327,#2328,#2329,#2330,#2331,#2332,#2333,#2334,#2335,#2336,#2337,
    #2338,#2339,#2340,#2341,#2342,#2343,#2344,#2345,#2346,#2347,#2348,
    #2349,#2350,#2351,#2352,#2353,#2354,#2355,#2356,#2357,#2358,#2359,
    #2360,#2361,#2362,#2363,#2364,#2365,#2366,#2367,#2368,#2369,#2370,
    #2371,#2372,#2373,#2374,#2375,#2376,#2377,#2378,#2379),
  .UNSPECIFIED.,.F.,.F.,(4,1,1,1,1,1,1,1,1,1,1,1,1,1,1,1,1,1,1,1,1,1,1,1
    ,1,1,1,1,1,1,1,1,1,1,1,1,1,1,1,1,1,1,1,1,1,1,1,1,1,1,1,1,1,1,1,1,1,1
    ,1,1,1,1,1,1,1,1,4),(0.,2.202683130619E-02,4.405366261238E-02,
    6.608049391857E-02,8.810732522475E-02,0.110134156531,0.132160987837,
    0.154187819143,0.17621465045,0.198241481756,0.220268313062,
    0.242295144368,0.264321975674,0.28634880698,0.308375638287,
    0.330402469593,0.352429300899,0.374456132205,0.396482963511,
    0.418509794818,0.440536626124,0.46256345743,0.484590288736,
    0.506617120042,0.528643951349,0.550670782655,0.572697613961,
    0.594724445267,0.616751276573,0.638778107879,0.660804939186,
    0.682831770492,0.704858601798,0.726885433104,0.74891226441,
    0.770939095717,0.792965927023,0.814992758329,0.837019589635,
    0.859046420941,0.881073252248,0.903100083554,0.92512691486,
    0.947153746166,0.969180577472,0.991207408778,1.013234240085,
    1.035261071391,1.057287902697,1.079314734003,1.101341565309,
    1.123368396616,1.145395227922,1.167422059228,1.189448890534,
    1.21147572184,1.233502553147,1.255529384453,1.277556215759,
    1.299583047065,1.321609878371,1.343636709677,1.365663540984,
    1.38769037229,1.409717203596,1.431744034902,1.453770866208),
  .QUASI_UNIFORM_KNOTS.);
#2311 = CARTESIAN_POINT('',(8.996950901017,1.315865339533));
#2312 = CARTESIAN_POINT('',(8.979244907145,1.312317819602));
#2313 = CARTESIAN_POINT('',(8.943635339348,1.304757020146));
#2314 = CARTESIAN_POINT('',(8.889571476381,1.291976582834));
#2315 = CARTESIAN_POINT('',(8.834801797731,1.277715736135));
#2316 = CARTESIAN_POINT('',(8.779268365524,1.261930550519));
#2317 = CARTESIAN_POINT('',(8.722911462184,1.24457570807));
#2318 = CARTESIAN_POINT('',(8.665668848298,1.225604601579));
#2319 = CARTESIAN_POINT('',(8.60747546328,1.204970009104));
#2320 = CARTESIAN_POINT('',(8.548261828243,1.182624221591));
#2321 = CARTESIAN_POINT('',(8.487956876193,1.158521342502));
#2322 = CARTESIAN_POINT('',(8.426473784211,1.132612081651));
#2323 = CARTESIAN_POINT('',(8.363758449438,1.104867111098));
#2324 = CARTESIAN_POINT('',(8.299603065718,1.07519446509));
#2325 = CARTESIAN_POINT('',(8.233860030612,1.043528681786));
#2326 = CARTESIAN_POINT('',(8.166906644764,1.010082402984));
#2327 = CARTESIAN_POINT('',(8.098962615906,0.975035304303));
#2328 = CARTESIAN_POINT('',(8.030264120196,0.938609069813));
#2329 = CARTESIAN_POINT('',(7.961022610166,0.901044738142));
#2330 = CARTESIAN_POINT('',(7.891446399865,0.862608646461));
#2331 = CARTESIAN_POINT('',(7.821724824863,0.823578568961));
#2332 = CARTESIAN_POINT('',(7.752097991051,0.784277436939));
#2333 = CARTESIAN_POINT('',(7.682620655873,0.744933495402));
#2334 = CARTESIAN_POINT('',(7.614076832263,0.706191575947));
#2335 = CARTESIAN_POINT('',(7.546763601402,0.66840911365));
#2336 = CARTESIAN_POINT('',(7.480559395612,0.631690448158));
#2337 = CARTESIAN_POINT('',(7.415466776807,0.596194505756));
#2338 = CARTESIAN_POINT('',(7.351466396422,0.562051462617));
#2339 = CARTESIAN_POINT('',(7.288555623327,0.529384094319));
#2340 = CARTESIAN_POINT('',(7.22673872567,0.498301389874));
#2341 = CARTESIAN_POINT('',(7.166027290034,0.468898412219));
#2342 = CARTESIAN_POINT('',(7.106449010975,0.441258899092));
#2343 = CARTESIAN_POINT('',(7.048013433867,0.415440646689));
#2344 = CARTESIAN_POINT('',(6.990842034341,0.39152701257));
#2345 = CARTESIAN_POINT('',(6.934661563075,0.369421872814));
#2346 = CARTESIAN_POINT('',(6.879267130505,0.349070641229));
#2347 = CARTESIAN_POINT('',(6.824615629094,0.330479802685));
#2348 = CARTESIAN_POINT('',(6.770625373324,0.313637391513));
#2349 = CARTESIAN_POINT('',(6.717228805365,0.298534921474));
#2350 = CARTESIAN_POINT('',(6.664357566364,0.285162105604));
#2351 = CARTESIAN_POINT('',(6.611945823488,0.273508839497));
#2352 = CARTESIAN_POINT('',(6.559928799079,0.26356520994));
#2353 = CARTESIAN_POINT('',(6.508242646858,0.255322002191));
#2354 = CARTESIAN_POINT('',(6.456823986361,0.248771045314));
#2355 = CARTESIAN_POINT('',(6.405609561705,0.243905559136));
#2356 = CARTESIAN_POINT('',(6.35453572417,0.240720503624));
#2357 = CARTESIAN_POINT('',(6.303538369207,0.239212758431));
#2358 = CARTESIAN_POINT('',(6.252551020252,0.23938181531));
#2359 = CARTESIAN_POINT('',(6.201538560623,0.241227915692));
#2360 = CARTESIAN_POINT('',(6.150433010126,0.244752383232));
#2361 = CARTESIAN_POINT('',(6.099172937291,0.24995884893));
#2362 = CARTESIAN_POINT('',(6.047695644859,0.25685268157));
#2363 = CARTESIAN_POINT('',(5.995938748358,0.265440825175));
#2364 = CARTESIAN_POINT('',(5.94383926915,0.275731499995));
#2365 = CARTESIAN_POINT('',(5.891333409471,0.287733908844));
#2366 = CARTESIAN_POINT('',(5.838356097901,0.301457925014));
#2367 = CARTESIAN_POINT('',(5.784840645443,0.316913715021));
#2368 = CARTESIAN_POINT('',(5.730717908329,0.334111506961));
#2369 = CARTESIAN_POINT('',(5.675916865036,0.353060708108));
#2370 = CARTESIAN_POINT('',(5.620358410226,0.373771705121));
#2371 = CARTESIAN_POINT('',(5.563973472029,0.396248159673));
#2372 = CARTESIAN_POINT('',(5.506689746775,0.420490199853));
#2373 = CARTESIAN_POINT('',(5.448437057671,0.446490545849));
#2374 = CARTESIAN_POINT('',(5.389095921847,0.474258297661));
#2375 = CARTESIAN_POINT('',(5.328654062177,0.503743907796));
#2376 = CARTESIAN_POINT('',(5.267083908404,0.534888789998));
#2377 = CARTESIAN_POINT('',(5.204354619198,0.567622740798));
#2378 = CARTESIAN_POINT('',(5.161733560117,0.59044772681));
#2379 = CARTESIAN_POINT('',(5.140216040137,0.602097281451));
#2380 = ( GEOMETRIC_REPRESENTATION_CONTEXT(2) 
PARAMETRIC_REPRESENTATION_CONTEXT() REPRESENTATION_CONTEXT('2D SPACE',''
  ) );
#2381 = ORIENTED_EDGE('',*,*,#2382,.F.);
#2382 = EDGE_CURVE('',#2383,#2187,#2385,.T.);
#2383 = VERTEX_POINT('',#2384);
#2384 = CARTESIAN_POINT('',(22.,37.65,-1.622104072069));
#2385 = SURFACE_CURVE('',#2386,(#2391,#2398),.PCURVE_S1.);
#2386 = CIRCLE('',#2387,150.);
#2387 = AXIS2_PLACEMENT_3D('',#2388,#2389,#2390);
#2388 = CARTESIAN_POINT('',(0.,37.65,-150.));
#2389 = DIRECTION('',(0.,-1.,2.22044604925E-16));
#2390 = DIRECTION('',(1.,0.,0.));
#2391 = PCURVE('',#71,#2392);
#2392 = DEFINITIONAL_REPRESENTATION('',(#2393),#2397);
#2393 = LINE('',#2394,#2395);
#2394 = CARTESIAN_POINT('',(0.,73.8));
#2395 = VECTOR('',#2396,1.);
#2396 = DIRECTION('',(1.,0.));
#2397 = ( GEOMETRIC_REPRESENTATION_CONTEXT(2) 
PARAMETRIC_REPRESENTATION_CONTEXT() REPRESENTATION_CONTEXT('2D SPACE',''
  ) );
#2398 = PCURVE('',#2399,#2404);
#2399 = PLANE('',#2400);
#2400 = AXIS2_PLACEMENT_3D('',#2401,#2402,#2403);
#2401 = CARTESIAN_POINT('',(-19.,37.65,-4.));
#2402 = DIRECTION('',(-0.,1.,0.));
#2403 = DIRECTION('',(0.,0.,1.));
#2404 = DEFINITIONAL_REPRESENTATION('',(#2405),#2413);
#2405 = ( BOUNDED_CURVE() B_SPLINE_CURVE(2,(#2406,#2407,#2408,#2409,
#2410,#2411,#2412),.UNSPECIFIED.,.T.,.F.) B_SPLINE_CURVE_WITH_KNOTS((1,2
    ,2,2,2,1),(-2.094395102393,0.,2.094395102393,4.188790204786,
6.28318530718,8.377580409573),.UNSPECIFIED.) CURVE() 
GEOMETRIC_REPRESENTATION_ITEM() RATIONAL_B_SPLINE_CURVE((1.,0.5,1.,0.5,
1.,0.5,1.)) REPRESENTATION_ITEM('') );
#2406 = CARTESIAN_POINT('',(-146.,169.));
#2407 = CARTESIAN_POINT('',(113.80762113533,169.));
#2408 = CARTESIAN_POINT('',(-16.09618943233,-56.));
#2409 = CARTESIAN_POINT('',(-146.,-281.));
#2410 = CARTESIAN_POINT('',(-275.9038105676,-56.));
#2411 = CARTESIAN_POINT('',(-405.8076211353,169.));
#2412 = CARTESIAN_POINT('',(-146.,169.));
#2413 = ( GEOMETRIC_REPRESENTATION_CONTEXT(2) 
PARAMETRIC_REPRESENTATION_CONTEXT() REPRESENTATION_CONTEXT('2D SPACE',''
  ) );
#2414 = ORIENTED_EDGE('',*,*,#2415,.T.);
#2415 = EDGE_CURVE('',#2383,#2416,#2418,.T.);
#2416 = VERTEX_POINT('',#2417);
#2417 = CARTESIAN_POINT('',(22.,31.65,-1.622104072069));
#2418 = SURFACE_CURVE('',#2419,(#2423,#2429),.PCURVE_S1.);
#2419 = LINE('',#2420,#2421);
#2420 = CARTESIAN_POINT('',(22.,111.45,-1.622104072069));
#2421 = VECTOR('',#2422,1.);
#2422 = DIRECTION('',(0.,-1.,2.22044604925E-16));
#2423 = PCURVE('',#71,#2424);
#2424 = DEFINITIONAL_REPRESENTATION('',(#2425),#2428);
#2425 = B_SPLINE_CURVE_WITH_KNOTS('',1,(#2426,#2427),.UNSPECIFIED.,.F.,
  .F.,(2,2),(73.2,80.4),.PIECEWISE_BEZIER_KNOTS.);
#2426 = CARTESIAN_POINT('',(1.423598676818,73.2));
#2427 = CARTESIAN_POINT('',(1.423598676818,80.4));
#2428 = ( GEOMETRIC_REPRESENTATION_CONTEXT(2) 
PARAMETRIC_REPRESENTATION_CONTEXT() REPRESENTATION_CONTEXT('2D SPACE',''
  ) );
#2429 = PCURVE('',#2430,#2435);
#2430 = PLANE('',#2431);
#2431 = AXIS2_PLACEMENT_3D('',#2432,#2433,#2434);
#2432 = CARTESIAN_POINT('',(22.,31.65,-4.));
#2433 = DIRECTION('',(1.,0.,-0.));
#2434 = DIRECTION('',(0.,0.,1.));
#2435 = DEFINITIONAL_REPRESENTATION('',(#2436),#2439);
#2436 = B_SPLINE_CURVE_WITH_KNOTS('',1,(#2437,#2438),.UNSPECIFIED.,.F.,
  .F.,(2,2),(73.2,80.4),.PIECEWISE_BEZIER_KNOTS.);
#2437 = CARTESIAN_POINT('',(2.377895927931,-6.6));
#2438 = CARTESIAN_POINT('',(2.377895927931,0.6));
#2439 = ( GEOMETRIC_REPRESENTATION_CONTEXT(2) 
PARAMETRIC_REPRESENTATION_CONTEXT() REPRESENTATION_CONTEXT('2D SPACE',''
  ) );
#2440 = ORIENTED_EDGE('',*,*,#2441,.T.);
#2441 = EDGE_CURVE('',#2416,#2442,#2444,.T.);
#2442 = VERTEX_POINT('',#2443);
#2443 = CARTESIAN_POINT('',(18.180733538796,31.65,-1.105873426816));
#2444 = SURFACE_CURVE('',#2445,(#2450,#2457),.PCURVE_S1.);
#2445 = CIRCLE('',#2446,150.);
#2446 = AXIS2_PLACEMENT_3D('',#2447,#2448,#2449);
#2447 = CARTESIAN_POINT('',(0.,31.65,-150.));
#2448 = DIRECTION('',(0.,-1.,2.22044604925E-16));
#2449 = DIRECTION('',(1.,0.,0.));
#2450 = PCURVE('',#71,#2451);
#2451 = DEFINITIONAL_REPRESENTATION('',(#2452),#2456);
#2452 = LINE('',#2453,#2454);
#2453 = CARTESIAN_POINT('',(0.,79.8));
#2454 = VECTOR('',#2455,1.);
#2455 = DIRECTION('',(1.,0.));
#2456 = ( GEOMETRIC_REPRESENTATION_CONTEXT(2) 
PARAMETRIC_REPRESENTATION_CONTEXT() REPRESENTATION_CONTEXT('2D SPACE',''
  ) );
#2457 = PCURVE('',#2458,#2463);
#2458 = PLANE('',#2459);
#2459 = AXIS2_PLACEMENT_3D('',#2460,#2461,#2462);
#2460 = CARTESIAN_POINT('',(-19.,31.65,-4.));
#2461 = DIRECTION('',(-0.,1.,0.));
#2462 = DIRECTION('',(0.,0.,1.));
#2463 = DEFINITIONAL_REPRESENTATION('',(#2464),#2472);
#2464 = ( BOUNDED_CURVE() B_SPLINE_CURVE(2,(#2465,#2466,#2467,#2468,
#2469,#2470,#2471),.UNSPECIFIED.,.T.,.F.) B_SPLINE_CURVE_WITH_KNOTS((1,2
    ,2,2,2,1),(-2.094395102393,0.,2.094395102393,4.188790204786,
6.28318530718,8.377580409573),.UNSPECIFIED.) CURVE() 
GEOMETRIC_REPRESENTATION_ITEM() RATIONAL_B_SPLINE_CURVE((1.,0.5,1.,0.5,
1.,0.5,1.)) REPRESENTATION_ITEM('') );
#2465 = CARTESIAN_POINT('',(-146.,169.));
#2466 = CARTESIAN_POINT('',(113.80762113533,169.));
#2467 = CARTESIAN_POINT('',(-16.09618943233,-56.));
#2468 = CARTESIAN_POINT('',(-146.,-281.));
#2469 = CARTESIAN_POINT('',(-275.9038105676,-56.));
#2470 = CARTESIAN_POINT('',(-405.8076211353,169.));
#2471 = CARTESIAN_POINT('',(-146.,169.));
#2472 = ( GEOMETRIC_REPRESENTATION_CONTEXT(2) 
PARAMETRIC_REPRESENTATION_CONTEXT() REPRESENTATION_CONTEXT('2D SPACE',''
  ) );
#2473 = ORIENTED_EDGE('',*,*,#2474,.F.);
#2474 = EDGE_CURVE('',#2475,#2442,#2477,.T.);
#2475 = VERTEX_POINT('',#2476);
#2476 = CARTESIAN_POINT('',(7.819266461205,31.65,-0.203941734074));
#2477 = SURFACE_CURVE('',#2478,(#2529,#2583),.PCURVE_S1.);
#2478 = B_SPLINE_CURVE_WITH_KNOTS('',7,(#2479,#2480,#2481,#2482,#2483,
    #2484,#2485,#2486,#2487,#2488,#2489,#2490,#2491,#2492,#2493,#2494,
    #2495,#2496,#2497,#2498,#2499,#2500,#2501,#2502,#2503,#2504,#2505,
    #2506,#2507,#2508,#2509,#2510,#2511,#2512,#2513,#2514,#2515,#2516,
    #2517,#2518,#2519,#2520,#2521,#2522,#2523,#2524,#2525,#2526,#2527,
    #2528),.UNSPECIFIED.,.T.,.F.,(8,6,6,6,6,6,6,6,8),(0.,0.128310621506,
    0.252699420946,0.372648026166,0.500461829525,0.628276148815,
    0.748217549295,0.86259591516,1.),.UNSPECIFIED.);
#2479 = CARTESIAN_POINT('',(18.25,32.5,-1.114347568344));
#2480 = CARTESIAN_POINT('',(18.25,33.018209972789,-1.114347568344));
#2481 = CARTESIAN_POINT('',(18.190323951073,33.535846294339,
    -1.107032667287));
#2482 = CARTESIAN_POINT('',(18.071210915304,34.049218381986,
    -1.092431979124));
#2483 = CARTESIAN_POINT('',(17.891169250926,34.554342406918,
    -1.070516226964));
#2484 = CARTESIAN_POINT('',(17.647425909077,35.045845739054,
    -1.041246844452));
#2485 = CARTESIAN_POINT('',(17.336224462618,35.516258214898,
    -1.004685987341));
#2486 = CARTESIAN_POINT('',(16.582720100602,36.378713352697,
    -0.918972552555));
#2487 = CARTESIAN_POINT('',(16.133357981866,36.785711693991,
    -0.868947058136));
#2488 = CARTESIAN_POINT('',(15.605363656086,37.149035031165,
    -0.811897191269));
#2489 = CARTESIAN_POINT('',(15.00534235747,37.445402748433,
    -0.749667168081));
#2490 = CARTESIAN_POINT('',(14.345880592541,37.654640075736,
    -0.684852454977));
#2491 = CARTESIAN_POINT('',(13.64409601417,37.760223903965,
    -0.620065784332));
#2492 = CARTESIAN_POINT('',(12.224625383799,37.738987088698,
    -0.49733197258));
#2493 = CARTESIAN_POINT('',(11.551120393347,37.620967022867,
    -0.442916915902));
#2494 = CARTESIAN_POINT('',(10.919760037525,37.407746648175,
    -0.395498035072));
#2495 = CARTESIAN_POINT('',(10.345409778296,37.11475851248,
    -0.355301866564));
#2496 = CARTESIAN_POINT('',(9.838926532821,36.760431275312,
    -0.321934726612));
#2497 = CARTESIAN_POINT('',(9.405976331707,36.36577537845,-0.29476497276
    ));
#2498 = CARTESIAN_POINT('',(8.663193699106,35.515592247406,
    -0.249886682242));
#2499 = CARTESIAN_POINT('',(8.351835267941,35.044652470993,
    -0.232222965373));
#2500 = CARTESIAN_POINT('',(8.108232319891,34.552910455908,
    -0.219025397093));
#2501 = CARTESIAN_POINT('',(7.928457286982,34.047888032637,
    -0.209574649055));
#2502 = CARTESIAN_POINT('',(7.809574134151,33.534897315794,
    -0.203424260407));
#2503 = CARTESIAN_POINT('',(7.75,33.017767408675,-0.200342123221));
#2504 = CARTESIAN_POINT('',(7.75,31.982230501318,-0.200342123221));
#2505 = CARTESIAN_POINT('',(7.809574635384,31.46507796156,
    -0.203424289536));
#2506 = CARTESIAN_POINT('',(7.928467162469,30.95207842237,
    -0.209575153373));
#2507 = CARTESIAN_POINT('',(8.108245742767,30.447074918505,
    -0.219026100562));
#2508 = CARTESIAN_POINT('',(8.351832711833,29.955365144567,
    -0.232222956953));
#2509 = CARTESIAN_POINT('',(8.663169133032,29.484435870728,
    -0.249885197981));
#2510 = CARTESIAN_POINT('',(9.405976333585,28.6342246194,-0.294764972874
    ));
#2511 = CARTESIAN_POINT('',(9.838926523556,28.239568731428,
    -0.32193472597));
#2512 = CARTESIAN_POINT('',(10.345409797619,27.885241477941,
    -0.355301868001));
#2513 = CARTESIAN_POINT('',(10.919760015876,27.59225335885,
    -0.395498033374));
#2514 = CARTESIAN_POINT('',(11.551120406634,27.379032974833,
    -0.442916916995));
#2515 = CARTESIAN_POINT('',(12.224625380044,27.261012911358,
    -0.497331972255));
#2516 = CARTESIAN_POINT('',(13.585980626463,27.240645565065,
    -0.615040866661));
#2517 = CARTESIAN_POINT('',(14.235127678556,27.32909651523,
    -0.674642218663));
#2518 = CARTESIAN_POINT('',(14.851067801961,27.507249903877,
    -0.734561499046));
#2519 = CARTESIAN_POINT('',(15.418749193938,27.762600853752,
    -0.792665549374));
#2520 = CARTESIAN_POINT('',(15.926535340521,28.079070623111,
    -0.846765241822));
#2521 = CARTESIAN_POINT('',(16.367469551979,28.437441288664,
    -0.895183007416));
#2522 = CARTESIAN_POINT('',(17.187469123295,29.269800706832,
    -0.987270067101));
#2523 = CARTESIAN_POINT('',(17.550543420038,29.767091075995,
    -1.029630961464));
#2524 = CARTESIAN_POINT('',(17.834007964376,30.291548458316,
    -1.063562411221));
#2525 = CARTESIAN_POINT('',(18.042852721781,30.833171693118,
    -1.088955752756));
#2526 = CARTESIAN_POINT('',(18.180827964811,31.384984057706,
    -1.105868714133));
#2527 = CARTESIAN_POINT('',(18.25,31.942081686858,-1.114347568344));
#2528 = CARTESIAN_POINT('',(18.25,32.5,-1.114347568344));
#2529 = PCURVE('',#71,#2530);
#2530 = DEFINITIONAL_REPRESENTATION('',(#2531),#2582);
#2531 = B_SPLINE_CURVE_WITH_KNOTS('',7,(#2532,#2533,#2534,#2535,#2536,
    #2537,#2538,#2539,#2540,#2541,#2542,#2543,#2544,#2545,#2546,#2547,
    #2548,#2549,#2550,#2551,#2552,#2553,#2554,#2555,#2556,#2557,#2558,
    #2559,#2560,#2561,#2562,#2563,#2564,#2565,#2566,#2567,#2568,#2569,
    #2570,#2571,#2572,#2573,#2574,#2575,#2576,#2577,#2578,#2579,#2580,
    #2581),.UNSPECIFIED.,.T.,.F.,(8,6,6,6,6,6,6,6,8),(0.,0.128310621506,
    0.252699420946,0.372648026166,0.500461829525,0.628276148815,
    0.748217549295,0.86259591516,1.),.UNSPECIFIED.);
#2532 = CARTESIAN_POINT('',(1.448827475402,78.95));
#2533 = CARTESIAN_POINT('',(1.448827475402,78.431790027211));
#2534 = CARTESIAN_POINT('',(1.449228293363,77.914153705661));
#2535 = CARTESIAN_POINT('',(1.450028323867,77.400781618014));
#2536 = CARTESIAN_POINT('',(1.45123746066,76.895657593082));
#2537 = CARTESIAN_POINT('',(1.452874085832,76.404154260946));
#2538 = CARTESIAN_POINT('',(1.454963016527,75.933741785102));
#2539 = CARTESIAN_POINT('',(1.460018775032,75.071286647303));
#2540 = CARTESIAN_POINT('',(1.463033020212,74.664288306009));
#2541 = CARTESIAN_POINT('',(1.46657344014,74.300964968835));
#2542 = CARTESIAN_POINT('',(1.470594961286,74.004597251567));
#2543 = CARTESIAN_POINT('',(1.475012436304,73.795359924264));
#2544 = CARTESIAN_POINT('',(1.479710815263,73.689776096035));
#2545 = CARTESIAN_POINT('',(1.489209260654,73.711012911302));
#2546 = CARTESIAN_POINT('',(1.493713853478,73.829032977133));
#2547 = CARTESIAN_POINT('',(1.497934673295,74.042253351826));
#2548 = CARTESIAN_POINT('',(1.501772974639,74.33524148752));
#2549 = CARTESIAN_POINT('',(1.505156822248,74.689568724688));
#2550 = CARTESIAN_POINT('',(1.508048826846,75.08422462155));
#2551 = CARTESIAN_POINT('',(1.513009741189,75.934407752594));
#2552 = CARTESIAN_POINT('',(1.515088787628,76.405347529007));
#2553 = CARTESIAN_POINT('',(1.516715184688,76.897089544092));
#2554 = CARTESIAN_POINT('',(1.517915339185,77.402111967362));
#2555 = CARTESIAN_POINT('',(1.518708953536,77.915102684206));
#2556 = CARTESIAN_POINT('',(1.519106645589,78.432232591325));
#2557 = CARTESIAN_POINT('',(1.519106645589,79.467769498682));
#2558 = CARTESIAN_POINT('',(1.518708950191,79.98492203844));
#2559 = CARTESIAN_POINT('',(1.517915273258,80.49792157763));
#2560 = CARTESIAN_POINT('',(1.516715095087,81.002925081494));
#2561 = CARTESIAN_POINT('',(1.515088804641,81.494634855433));
#2562 = CARTESIAN_POINT('',(1.513009905262,81.965564129272));
#2563 = CARTESIAN_POINT('',(1.508048826834,82.8157753806));
#2564 = CARTESIAN_POINT('',(1.50515682231,83.210431268572));
#2565 = CARTESIAN_POINT('',(1.50177297451,83.564758522059));
#2566 = CARTESIAN_POINT('',(1.49793467344,83.85774664115));
#2567 = CARTESIAN_POINT('',(1.493713853389,84.070967025167));
#2568 = CARTESIAN_POINT('',(1.489209260679,84.188987088642));
#2569 = CARTESIAN_POINT('',(1.480099696741,84.209354434935));
#2570 = CARTESIAN_POINT('',(1.475753908098,84.12090348477));
#2571 = CARTESIAN_POINT('',(1.471628350983,83.942750096123));
#2572 = CARTESIAN_POINT('',(1.467824103638,83.687399146248));
#2573 = CARTESIAN_POINT('',(1.464419733134,83.370929376889));
#2574 = CARTESIAN_POINT('',(1.461462511878,83.012558711336));
#2575 = CARTESIAN_POINT('',(1.455961484404,82.180199293168));
#2576 = CARTESIAN_POINT('',(1.453524592902,81.682908924005));
#2577 = CARTESIAN_POINT('',(1.451621345121,81.158451541684));
#2578 = CARTESIAN_POINT('',(1.450218793643,80.616828306882));
#2579 = CARTESIAN_POINT('',(1.449292073724,80.065015942294));
#2580 = CARTESIAN_POINT('',(1.448827475402,79.507918313142));
#2581 = CARTESIAN_POINT('',(1.448827475402,78.95));
#2582 = ( GEOMETRIC_REPRESENTATION_CONTEXT(2) 
PARAMETRIC_REPRESENTATION_CONTEXT() REPRESENTATION_CONTEXT('2D SPACE',''
  ) );
#2583 = PCURVE('',#2584,#2589);
#2584 = CYLINDRICAL_SURFACE('',#2585,5.25);
#2585 = AXIS2_PLACEMENT_3D('',#2586,#2587,#2588);
#2586 = CARTESIAN_POINT('',(13.,32.5,-4.123438300723));
#2587 = DIRECTION('',(0.,0.,1.));
#2588 = DIRECTION('',(1.,0.,-0.));
#2589 = DEFINITIONAL_REPRESENTATION('',(#2590),#2641);
#2590 = B_SPLINE_CURVE_WITH_KNOTS('',7,(#2591,#2592,#2593,#2594,#2595,
    #2596,#2597,#2598,#2599,#2600,#2601,#2602,#2603,#2604,#2605,#2606,
    #2607,#2608,#2609,#2610,#2611,#2612,#2613,#2614,#2615,#2616,#2617,
    #2618,#2619,#2620,#2621,#2622,#2623,#2624,#2625,#2626,#2627,#2628,
    #2629,#2630,#2631,#2632,#2633,#2634,#2635,#2636,#2637,#2638,#2639,
    #2640),.UNSPECIFIED.,.F.,.F.,(8,6,6,6,6,6,6,6,8),(0.,0.128310621506,
    0.252699420946,0.372648026166,0.500461829525,0.628276148815,
    0.748217549295,0.86259591516,1.),.UNSPECIFIED.);
#2591 = CARTESIAN_POINT('',(0.,3.00909073238));
#2592 = CARTESIAN_POINT('',(9.870666148354E-02,3.00909073238));
#2593 = CARTESIAN_POINT('',(0.197303913588,3.016405633437));
#2594 = CARTESIAN_POINT('',(0.296660546858,3.031006321599));
#2595 = CARTESIAN_POINT('',(0.397569698059,3.052922073759));
#2596 = CARTESIAN_POINT('',(0.50083663734,3.082191456272));
#2597 = CARTESIAN_POINT('',(0.607314129852,3.118752313382));
#2598 = CARTESIAN_POINT('',(0.825456997456,3.204465748168));
#2599 = CARTESIAN_POINT('',(0.940152683972,3.254491242588));
#2600 = CARTESIAN_POINT('',(1.060458955213,3.311541109455));
#2601 = CARTESIAN_POINT('',(1.185476925337,3.373771132642));
#2602 = CARTESIAN_POINT('',(1.314739075087,3.438585845747));
#2603 = CARTESIAN_POINT('',(1.448096525838,3.503372516391));
#2604 = CARTESIAN_POINT('',(1.718502141903,3.626106328143));
#2605 = CARTESIAN_POINT('',(1.847110756887,3.680521384822));
#2606 = CARTESIAN_POINT('',(1.971784398149,3.727940265651));
#2607 = CARTESIAN_POINT('',(2.092398617294,3.76813643416));
#2608 = CARTESIAN_POINT('',(2.20853964474,3.801503574112));
#2609 = CARTESIAN_POINT('',(2.319408089307,3.828673327963));
#2610 = CARTESIAN_POINT('',(2.534446968509,3.873551618481));
#2611 = CARTESIAN_POINT('',(2.641019780728,3.89121533535));
#2612 = CARTESIAN_POINT('',(2.744313464997,3.90441290363));
#2613 = CARTESIAN_POINT('',(2.84518955913,3.913863651668));
#2614 = CARTESIAN_POINT('',(2.944469482216,3.920014040316));
#2615 = CARTESIAN_POINT('',(3.042970290033,3.923096177502));
#2616 = CARTESIAN_POINT('',(3.240215415243,3.923096177502));
#2617 = CARTESIAN_POINT('',(3.338720513685,3.920014011187));
#2618 = CARTESIAN_POINT('',(3.438002206007,3.91386314735));
#2619 = CARTESIAN_POINT('',(3.538875191857,3.904412200161));
#2620 = CARTESIAN_POINT('',(3.642162682622,3.89121534377));
#2621 = CARTESIAN_POINT('',(3.748731226683,3.873553102742));
#2622 = CARTESIAN_POINT('',(3.963777218416,3.828673327849));
#2623 = CARTESIAN_POINT('',(4.074645660132,3.801503574753));
#2624 = CARTESIAN_POINT('',(4.190786694286,3.768136432723));
#2625 = CARTESIAN_POINT('',(4.311400904419,3.727940267349));
#2626 = CARTESIAN_POINT('',(4.436074552968,3.680521383729));
#2627 = CARTESIAN_POINT('',(4.564683164561,3.626106328468));
#2628 = CARTESIAN_POINT('',(4.824017944876,3.508397434062));
#2629 = CARTESIAN_POINT('',(4.947399033536,3.448796082061));
#2630 = CARTESIAN_POINT('',(5.06751397752,3.388876801678));
#2631 = CARTESIAN_POINT('',(5.184087378022,3.33077275135));
#2632 = CARTESIAN_POINT('',(5.296594930322,3.276673058902));
#2633 = CARTESIAN_POINT('',(5.404164907469,3.228255293307));
#2634 = CARTESIAN_POINT('',(5.626722418534,3.136168233623));
#2635 = CARTESIAN_POINT('',(5.742734762383,3.093807339259));
#2636 = CARTESIAN_POINT('',(5.854714872941,3.059875889502));
#2637 = CARTESIAN_POINT('',(5.963732904079,3.034482547967));
#2638 = CARTESIAN_POINT('',(6.070801592445,3.01756958659));
#2639 = CARTESIAN_POINT('',(6.176915152295,3.00909073238));
#2640 = CARTESIAN_POINT('',(6.28318530718,3.00909073238));
#2641 = ( GEOMETRIC_REPRESENTATION_CONTEXT(2) 
PARAMETRIC_REPRESENTATION_CONTEXT() REPRESENTATION_CONTEXT('2D SPACE',''
  ) );
#2642 = ORIENTED_EDGE('',*,*,#2643,.T.);
#2643 = EDGE_CURVE('',#2475,#2644,#2646,.T.);
#2644 = VERTEX_POINT('',#2645);
#2645 = CARTESIAN_POINT('',(-7.819266461205,31.65,-0.203941734074));
#2646 = SURFACE_CURVE('',#2647,(#2652,#2659),.PCURVE_S1.);
#2647 = CIRCLE('',#2648,150.);
#2648 = AXIS2_PLACEMENT_3D('',#2649,#2650,#2651);
#2649 = CARTESIAN_POINT('',(0.,31.65,-150.));
#2650 = DIRECTION('',(0.,-1.,2.22044604925E-16));
#2651 = DIRECTION('',(1.,0.,0.));
#2652 = PCURVE('',#71,#2653);
#2653 = DEFINITIONAL_REPRESENTATION('',(#2654),#2658);
#2654 = LINE('',#2655,#2656);
#2655 = CARTESIAN_POINT('',(0.,79.8));
#2656 = VECTOR('',#2657,1.);
#2657 = DIRECTION('',(1.,0.));
#2658 = ( GEOMETRIC_REPRESENTATION_CONTEXT(2) 
PARAMETRIC_REPRESENTATION_CONTEXT() REPRESENTATION_CONTEXT('2D SPACE',''
  ) );
#2659 = PCURVE('',#2660,#2665);
#2660 = PLANE('',#2661);
#2661 = AXIS2_PLACEMENT_3D('',#2662,#2663,#2664);
#2662 = CARTESIAN_POINT('',(-19.,31.65,-4.));
#2663 = DIRECTION('',(-0.,1.,0.));
#2664 = DIRECTION('',(0.,0.,1.));
#2665 = DEFINITIONAL_REPRESENTATION('',(#2666),#2674);
#2666 = ( BOUNDED_CURVE() B_SPLINE_CURVE(2,(#2667,#2668,#2669,#2670,
#2671,#2672,#2673),.UNSPECIFIED.,.T.,.F.) B_SPLINE_CURVE_WITH_KNOTS((1,2
    ,2,2,2,1),(-2.094395102393,0.,2.094395102393,4.188790204786,
6.28318530718,8.377580409573),.UNSPECIFIED.) CURVE() 
GEOMETRIC_REPRESENTATION_ITEM() RATIONAL_B_SPLINE_CURVE((1.,0.5,1.,0.5,
1.,0.5,1.)) REPRESENTATION_ITEM('') );
#2667 = CARTESIAN_POINT('',(-146.,169.));
#2668 = CARTESIAN_POINT('',(113.80762113533,169.));
#2669 = CARTESIAN_POINT('',(-16.09618943233,-56.));
#2670 = CARTESIAN_POINT('',(-146.,-281.));
#2671 = CARTESIAN_POINT('',(-275.9038105676,-56.));
#2672 = CARTESIAN_POINT('',(-405.8076211353,169.));
#2673 = CARTESIAN_POINT('',(-146.,169.));
#2674 = ( GEOMETRIC_REPRESENTATION_CONTEXT(2) 
PARAMETRIC_REPRESENTATION_CONTEXT() REPRESENTATION_CONTEXT('2D SPACE',''
  ) );
#2675 = ORIENTED_EDGE('',*,*,#2676,.F.);
#2676 = EDGE_CURVE('',#2677,#2644,#2679,.T.);
#2677 = VERTEX_POINT('',#2678);
#2678 = CARTESIAN_POINT('',(-8.145878040263,30.5,-0.221347746239));
#2679 = SURFACE_CURVE('',#2680,(#2731,#2785),.PCURVE_S1.);
#2680 = B_SPLINE_CURVE_WITH_KNOTS('',7,(#2681,#2682,#2683,#2684,#2685,
    #2686,#2687,#2688,#2689,#2690,#2691,#2692,#2693,#2694,#2695,#2696,
    #2697,#2698,#2699,#2700,#2701,#2702,#2703,#2704,#2705,#2706,#2707,
    #2708,#2709,#2710,#2711,#2712,#2713,#2714,#2715,#2716,#2717,#2718,
    #2719,#2720,#2721,#2722,#2723,#2724,#2725,#2726,#2727,#2728,#2729,
    #2730),.UNSPECIFIED.,.T.,.F.,(8,6,6,6,6,6,6,6,8),(0.,0.127814754338,
    0.247756563041,0.372138312934,0.500433774892,0.628729563133,
    0.753103980952,0.863108227844,1.),.UNSPECIFIED.);
#2681 = CARTESIAN_POINT('',(-7.75,32.5,-0.200342123221));
#2682 = CARTESIAN_POINT('',(-7.75,33.017769498682,-0.200342123221));
#2683 = CARTESIAN_POINT('',(-7.809574635384,33.53492203844,
    -0.203424289536));
#2684 = CARTESIAN_POINT('',(-7.928467162468,34.047921577629,
    -0.209575153373));
#2685 = CARTESIAN_POINT('',(-8.108245742768,34.552925081496,
    -0.219026100562));
#2686 = CARTESIAN_POINT('',(-8.351832711833,35.044634855432,
    -0.232222956953));
#2687 = CARTESIAN_POINT('',(-8.663169133032,35.515564129272,
    -0.249885197981));
#2688 = CARTESIAN_POINT('',(-9.405976333502,36.365775380505,
    -0.294764972869));
#2689 = CARTESIAN_POINT('',(-9.83892652363,36.760431268704,
    -0.321934725974));
#2690 = CARTESIAN_POINT('',(-10.34540979773,37.114758522063,
    -0.355301868009));
#2691 = CARTESIAN_POINT('',(-10.91976001577,37.40774664106,
    -0.395498033369));
#2692 = CARTESIAN_POINT('',(-11.55112040651,37.620967025203,
    -0.442916916983));
#2693 = CARTESIAN_POINT('',(-12.22462538016,37.738987088644,
    -0.497331972266));
#2694 = CARTESIAN_POINT('',(-13.64409600956,37.760223903896,
    -0.620065783934));
#2695 = CARTESIAN_POINT('',(-14.34588060932,37.654640073181,
    -0.684852456505));
#2696 = CARTESIAN_POINT('',(-15.0053423297,37.44540275691,
    -0.749667165443));
#2697 = CARTESIAN_POINT('',(-15.60536368088,37.149035019393,
    -0.811897193727));
#2698 = CARTESIAN_POINT('',(-16.13335797017,36.785711702242,
    -0.868947056916));
#2699 = CARTESIAN_POINT('',(-16.58272010286,36.378713350103,
    -0.918972552813));
#2700 = CARTESIAN_POINT('',(-17.33620093913,35.516285139695,
    -1.004683311472));
#2701 = CARTESIAN_POINT('',(-17.64742377675,35.045862234235,
    -1.041246460367));
#2702 = CARTESIAN_POINT('',(-17.89118231522,34.554327784889,
    -1.070517820172));
#2703 = CARTESIAN_POINT('',(-18.0712202547,34.049186197479,
    -1.092433130634));
#2704 = CARTESIAN_POINT('',(-18.19032428132,33.53582307021,
    -1.107032704517));
#2705 = CARTESIAN_POINT('',(-18.25,33.018208658833,-1.114347568344));
#2706 = CARTESIAN_POINT('',(-18.25,31.98179002325,-1.114347568344));
#2707 = CARTESIAN_POINT('',(-18.19032395378,31.464153720855,
    -1.1070326676));
#2708 = CARTESIAN_POINT('',(-18.07121090648,30.950781591128,
    -1.092431978107));
#2709 = CARTESIAN_POINT('',(-17.89116926342,30.445657619354,
    -1.0705162284));
#2710 = CARTESIAN_POINT('',(-17.64742589998,29.954154246833,
    -1.041246843412));
#2711 = CARTESIAN_POINT('',(-17.33622446562,29.48374178854,
    -1.004685987683));
#2712 = CARTESIAN_POINT('',(-16.58272010286,28.621286649897,
    -0.918972552813));
#2713 = CARTESIAN_POINT('',(-16.13335797017,28.214288297759,
    -0.868947056916));
#2714 = CARTESIAN_POINT('',(-15.60536368088,27.850964980606,
    -0.811897193727));
#2715 = CARTESIAN_POINT('',(-15.0053423297,27.55459724309,
    -0.749667165442));
#2716 = CARTESIAN_POINT('',(-14.34588060932,27.345359926819,
    -0.684852456505));
#2717 = CARTESIAN_POINT('',(-13.64409600956,27.239776096104,
    -0.620065783934));
#2718 = CARTESIAN_POINT('',(-12.28232293514,27.260149693555,
    -0.502320762242));
#2719 = CARTESIAN_POINT('',(-11.66076884129,27.360256354084,
    -0.451791321279));
#2720 = CARTESIAN_POINT('',(-11.07234660303,27.542379953322,
    -0.407016267883));
#2721 = CARTESIAN_POINT('',(-10.53012602746,27.79485900145,
    -0.368348532051));
#2722 = CARTESIAN_POINT('',(-10.04408526961,28.103110617173,
    -0.33561008405));
#2723 = CARTESIAN_POINT('',(-9.620258664963,28.449898044208,
    -0.308380703529));
#2724 = CARTESIAN_POINT('',(-8.81174318404,29.270600272382,
    -0.258372828837));
#2725 = CARTESIAN_POINT('',(-8.448484118686,29.768531790563,
    -0.237476789602));
#2726 = CARTESIAN_POINT('',(-8.165219489708,30.293266963582,
    -0.222025311401));
#2727 = CARTESIAN_POINT('',(-7.956721200739,30.834760910687,
    -0.211036743111));
#2728 = CARTESIAN_POINT('',(-7.819038562688,31.38611947148,
    -0.203913952019));
#2729 = CARTESIAN_POINT('',(-7.75,31.942620198342,-0.200342123221));
#2730 = CARTESIAN_POINT('',(-7.75,32.5,-0.200342123221));
#2731 = PCURVE('',#71,#2732);
#2732 = DEFINITIONAL_REPRESENTATION('',(#2733),#2784);
#2733 = B_SPLINE_CURVE_WITH_KNOTS('',7,(#2734,#2735,#2736,#2737,#2738,
    #2739,#2740,#2741,#2742,#2743,#2744,#2745,#2746,#2747,#2748,#2749,
    #2750,#2751,#2752,#2753,#2754,#2755,#2756,#2757,#2758,#2759,#2760,
    #2761,#2762,#2763,#2764,#2765,#2766,#2767,#2768,#2769,#2770,#2771,
    #2772,#2773,#2774,#2775,#2776,#2777,#2778,#2779,#2780,#2781,#2782,
    #2783),.UNSPECIFIED.,.T.,.F.,(8,6,6,6,6,6,6,6,8),(0.,0.127814754338,
    0.247756563041,0.372138312934,0.500433774892,0.628729563133,
    0.753103980952,0.863108227844,1.),.UNSPECIFIED.);
#2734 = CARTESIAN_POINT('',(1.622486008001,78.95));
#2735 = CARTESIAN_POINT('',(1.622486008001,78.432230501318));
#2736 = CARTESIAN_POINT('',(1.622883703399,77.91507796156));
#2737 = CARTESIAN_POINT('',(1.623677380332,77.402078422371));
#2738 = CARTESIAN_POINT('',(1.624877558503,76.897074918505));
#2739 = CARTESIAN_POINT('',(1.626503848949,76.405365144567));
#2740 = CARTESIAN_POINT('',(1.628582748328,75.934435870728));
#2741 = CARTESIAN_POINT('',(1.633543826756,75.084224619495));
#2742 = CARTESIAN_POINT('',(1.636435831281,74.689568731296));
#2743 = CARTESIAN_POINT('',(1.639819679081,74.335241477937));
#2744 = CARTESIAN_POINT('',(1.643657980149,74.042253358941));
#2745 = CARTESIAN_POINT('',(1.6478788002,73.829032974797));
#2746 = CARTESIAN_POINT('',(1.652383392912,73.711012911356));
#2747 = CARTESIAN_POINT('',(1.661881838296,73.689776096104));
#2748 = CARTESIAN_POINT('',(1.666580217399,73.795359926819));
#2749 = CARTESIAN_POINT('',(1.670997692118,74.00459724309));
#2750 = CARTESIAN_POINT('',(1.675019213616,74.300964980607));
#2751 = CARTESIAN_POINT('',(1.678559633299,74.664288297758));
#2752 = CARTESIAN_POINT('',(1.681573878573,75.071286649897));
#2753 = CARTESIAN_POINT('',(1.686629479228,75.933714860305));
#2754 = CARTESIAN_POINT('',(1.688718553344,76.404137765765));
#2755 = CARTESIAN_POINT('',(1.690355280664,76.895672215111));
#2756 = CARTESIAN_POINT('',(1.691564392462,77.400813802521));
#2757 = CARTESIAN_POINT('',(1.69236436244,77.91417692979));
#2758 = CARTESIAN_POINT('',(1.692765178187,78.431791341167));
#2759 = CARTESIAN_POINT('',(1.692765178187,79.46820997675));
#2760 = CARTESIAN_POINT('',(1.692364360245,79.985846279145));
#2761 = CARTESIAN_POINT('',(1.691564329664,80.499218408872));
#2762 = CARTESIAN_POINT('',(1.690355193014,81.004342380646));
#2763 = CARTESIAN_POINT('',(1.688718567697,81.495845753167));
#2764 = CARTESIAN_POINT('',(1.686629637083,81.96625821146));
#2765 = CARTESIAN_POINT('',(1.681573878573,82.828713350103));
#2766 = CARTESIAN_POINT('',(1.678559633299,83.235711702241));
#2767 = CARTESIAN_POINT('',(1.675019213616,83.599035019394));
#2768 = CARTESIAN_POINT('',(1.670997692118,83.89540275691));
#2769 = CARTESIAN_POINT('',(1.666580217399,84.104640073181));
#2770 = CARTESIAN_POINT('',(1.661881838296,84.210223903896));
#2771 = CARTESIAN_POINT('',(1.652769478445,84.189850306445));
#2772 = CARTESIAN_POINT('',(1.648612169001,84.089743645916));
#2773 = CARTESIAN_POINT('',(1.644678095183,83.907620046678));
#2774 = CARTESIAN_POINT('',(1.641054168883,83.655140998549));
#2775 = CARTESIAN_POINT('',(1.637806580445,83.346889382828));
#2776 = CARTESIAN_POINT('',(1.6349752526,83.000101955792));
#2777 = CARTESIAN_POINT('',(1.629574849033,82.179399727618));
#2778 = CARTESIAN_POINT('',(1.627149141044,81.681468209438));
#2779 = CARTESIAN_POINT('',(1.625257909133,81.156733036417));
#2780 = CARTESIAN_POINT('',(1.623865992483,80.615239089314));
#2781 = CARTESIAN_POINT('',(1.622946880634,80.06388052852));
#2782 = CARTESIAN_POINT('',(1.622486008001,79.507379801658));
#2783 = CARTESIAN_POINT('',(1.622486008001,78.95));
#2784 = ( GEOMETRIC_REPRESENTATION_CONTEXT(2) 
PARAMETRIC_REPRESENTATION_CONTEXT() REPRESENTATION_CONTEXT('2D SPACE',''
  ) );
#2785 = PCURVE('',#2786,#2791);
#2786 = CYLINDRICAL_SURFACE('',#2787,5.25);
#2787 = AXIS2_PLACEMENT_3D('',#2788,#2789,#2790);
#2788 = CARTESIAN_POINT('',(-13.,32.5,-4.123438300723));
#2789 = DIRECTION('',(0.,0.,1.));
#2790 = DIRECTION('',(1.,0.,-0.));
#2791 = DEFINITIONAL_REPRESENTATION('',(#2792),#2843);
#2792 = B_SPLINE_CURVE_WITH_KNOTS('',7,(#2793,#2794,#2795,#2796,#2797,
    #2798,#2799,#2800,#2801,#2802,#2803,#2804,#2805,#2806,#2807,#2808,
    #2809,#2810,#2811,#2812,#2813,#2814,#2815,#2816,#2817,#2818,#2819,
    #2820,#2821,#2822,#2823,#2824,#2825,#2826,#2827,#2828,#2829,#2830,
    #2831,#2832,#2833,#2834,#2835,#2836,#2837,#2838,#2839,#2840,#2841,
    #2842),.UNSPECIFIED.,.F.,.F.,(8,6,6,6,6,6,6,6,8),(0.,0.127814754338,
    0.247756563041,0.372138312934,0.500433774892,0.628729563133,
    0.753103980952,0.863108227844,1.),.UNSPECIFIED.);
#2793 = CARTESIAN_POINT('',(0.,3.923096177502));
#2794 = CARTESIAN_POINT('',(9.862276165365E-02,3.923096177502));
#2795 = CARTESIAN_POINT('',(0.197127860095,3.920014011187));
#2796 = CARTESIAN_POINT('',(0.296409552416,3.91386314735));
#2797 = CARTESIAN_POINT('',(0.397282538268,3.904412200161));
#2798 = CARTESIAN_POINT('',(0.500570029032,3.89121534377));
#2799 = CARTESIAN_POINT('',(0.607138573093,3.873553102742));
#2800 = CARTESIAN_POINT('',(0.822184564802,3.828673327854));
#2801 = CARTESIAN_POINT('',(0.93305300657,3.801503574749));
#2802 = CARTESIAN_POINT('',(1.049194040709,3.768136432715));
#2803 = CARTESIAN_POINT('',(1.169808250811,3.727940267354));
#2804 = CARTESIAN_POINT('',(1.294481899356,3.68052138374));
#2805 = CARTESIAN_POINT('',(1.423090510995,3.626106328457));
#2806 = CARTESIAN_POINT('',(1.693496126873,3.503372516789));
#2807 = CARTESIAN_POINT('',(1.826853581881,3.438585844218));
#2808 = CARTESIAN_POINT('',(1.956115722354,3.373771135281));
#2809 = CARTESIAN_POINT('',(2.081133703992,3.311541106996));
#2810 = CARTESIAN_POINT('',(2.201439966724,3.254491243808));
#2811 = CARTESIAN_POINT('',(2.31613565679,3.20446574791));
#2812 = CARTESIAN_POINT('',(2.534271713584,3.118754989251));
#2813 = CARTESIAN_POINT('',(2.640753385737,3.082191840356));
#2814 = CARTESIAN_POINT('',(2.744026280767,3.052920480551));
#2815 = CARTESIAN_POINT('',(2.844938296395,3.031005170089));
#2816 = CARTESIAN_POINT('',(2.944293144157,3.016405596207));
#2817 = CARTESIAN_POINT('',(3.042886242384,3.00909073238));
#2818 = CARTESIAN_POINT('',(3.240299315828,3.00909073238));
#2819 = CARTESIAN_POINT('',(3.33889656412,3.016405633124));
#2820 = CARTESIAN_POINT('',(3.438253206119,3.031006322616));
#2821 = CARTESIAN_POINT('',(3.539162345833,3.052922072323));
#2822 = CARTESIAN_POINT('',(3.642429294236,3.082191457312));
#2823 = CARTESIAN_POINT('',(3.748906782572,3.11875231304));
#2824 = CARTESIAN_POINT('',(3.967049650389,3.20446574791));
#2825 = CARTESIAN_POINT('',(4.081745340455,3.254491243808));
#2826 = CARTESIAN_POINT('',(4.202051603188,3.311541106996));
#2827 = CARTESIAN_POINT('',(4.327069584825,3.373771135281));
#2828 = CARTESIAN_POINT('',(4.456331725299,3.438585844218));
#2829 = CARTESIAN_POINT('',(4.589689180306,3.50337251679));
#2830 = CARTESIAN_POINT('',(4.849103555812,3.621117538482));
#2831 = CARTESIAN_POINT('',(4.967766698716,3.671646979445));
#2832 = CARTESIAN_POINT('',(5.083302038048,3.71642203284));
#2833 = CARTESIAN_POINT('',(5.195459642032,3.755089768672));
#2834 = CARTESIAN_POINT('',(5.303784344923,3.787828216673));
#2835 = CARTESIAN_POINT('',(5.407495613471,3.815057597195));
#2836 = CARTESIAN_POINT('',(5.626936207571,3.865065471886));
#2837 = CARTESIAN_POINT('',(5.743060260626,3.885961511121));
#2838 = CARTESIAN_POINT('',(5.855066747142,3.901412989322));
#2839 = CARTESIAN_POINT('',(5.964041247544,3.912401557612));
#2840 = CARTESIAN_POINT('',(6.071017871051,3.919524348705));
#2841 = CARTESIAN_POINT('',(6.177017725911,3.923096177502));
#2842 = CARTESIAN_POINT('',(6.28318530718,3.923096177502));
#2843 = ( GEOMETRIC_REPRESENTATION_CONTEXT(2) 
PARAMETRIC_REPRESENTATION_CONTEXT() REPRESENTATION_CONTEXT('2D SPACE',''
  ) );
#2844 = ORIENTED_EDGE('',*,*,#2845,.F.);
#2845 = EDGE_CURVE('',#2846,#2677,#2848,.T.);
#2846 = VERTEX_POINT('',#2847);
#2847 = CARTESIAN_POINT('',(8.,30.5,-0.213485253178));
#2848 = SURFACE_CURVE('',#2849,(#2854,#2861),.PCURVE_S1.);
#2849 = CIRCLE('',#2850,150.);
#2850 = AXIS2_PLACEMENT_3D('',#2851,#2852,#2853);
#2851 = CARTESIAN_POINT('',(0.,30.5,-150.));
#2852 = DIRECTION('',(0.,-1.,2.22044604925E-16));
#2853 = DIRECTION('',(1.,0.,0.));
#2854 = PCURVE('',#71,#2855);
#2855 = DEFINITIONAL_REPRESENTATION('',(#2856),#2860);
#2856 = LINE('',#2857,#2858);
#2857 = CARTESIAN_POINT('',(0.,80.95));
#2858 = VECTOR('',#2859,1.);
#2859 = DIRECTION('',(1.,0.));
#2860 = ( GEOMETRIC_REPRESENTATION_CONTEXT(2) 
PARAMETRIC_REPRESENTATION_CONTEXT() REPRESENTATION_CONTEXT('2D SPACE',''
  ) );
#2861 = PCURVE('',#2862,#2867);
#2862 = PLANE('',#2863);
#2863 = AXIS2_PLACEMENT_3D('',#2864,#2865,#2866);
#2864 = CARTESIAN_POINT('',(-18.,30.5,-2.723438300723));
#2865 = DIRECTION('',(-0.,1.,0.));
#2866 = DIRECTION('',(0.,0.,1.));
#2867 = DEFINITIONAL_REPRESENTATION('',(#2868),#2876);
#2868 = ( BOUNDED_CURVE() B_SPLINE_CURVE(2,(#2869,#2870,#2871,#2872,
#2873,#2874,#2875),.UNSPECIFIED.,.T.,.F.) B_SPLINE_CURVE_WITH_KNOTS((1,2
    ,2,2,2,1),(-2.094395102393,0.,2.094395102393,4.188790204786,
6.28318530718,8.377580409573),.UNSPECIFIED.) CURVE() 
GEOMETRIC_REPRESENTATION_ITEM() RATIONAL_B_SPLINE_CURVE((1.,0.5,1.,0.5,
1.,0.5,1.)) REPRESENTATION_ITEM('') );
#2869 = CARTESIAN_POINT('',(-147.2765616992,168.));
#2870 = CARTESIAN_POINT('',(112.53105943605,168.));
#2871 = CARTESIAN_POINT('',(-17.37275113161,-57.));
#2872 = CARTESIAN_POINT('',(-147.2765616992,-282.));
#2873 = CARTESIAN_POINT('',(-277.1803722669,-57.));
#2874 = CARTESIAN_POINT('',(-407.0841828346,168.));
#2875 = CARTESIAN_POINT('',(-147.2765616992,168.));
#2876 = ( GEOMETRIC_REPRESENTATION_CONTEXT(2) 
PARAMETRIC_REPRESENTATION_CONTEXT() REPRESENTATION_CONTEXT('2D SPACE',''
  ) );
#2877 = ORIENTED_EDGE('',*,*,#2878,.T.);
#2878 = EDGE_CURVE('',#2846,#2879,#2881,.T.);
#2879 = VERTEX_POINT('',#2880);
#2880 = CARTESIAN_POINT('',(8.,15.,-0.213485253178));
#2881 = SURFACE_CURVE('',#2882,(#2886,#2892),.PCURVE_S1.);
#2882 = LINE('',#2883,#2884);
#2883 = CARTESIAN_POINT('',(8.,111.45,-0.213485253178));
#2884 = VECTOR('',#2885,1.);
#2885 = DIRECTION('',(0.,-1.,2.22044604925E-16));
#2886 = PCURVE('',#71,#2887);
#2887 = DEFINITIONAL_REPRESENTATION('',(#2888),#2891);
#2888 = B_SPLINE_CURVE_WITH_KNOTS('',1,(#2889,#2890),.UNSPECIFIED.,.F.,
  .F.,(2,2),(79.4,98.),.PIECEWISE_BEZIER_KNOTS.);
#2889 = CARTESIAN_POINT('',(1.517437677093,79.4));
#2890 = CARTESIAN_POINT('',(1.517437677093,98.));
#2891 = ( GEOMETRIC_REPRESENTATION_CONTEXT(2) 
PARAMETRIC_REPRESENTATION_CONTEXT() REPRESENTATION_CONTEXT('2D SPACE',''
  ) );
#2892 = PCURVE('',#2893,#2898);
#2893 = PLANE('',#2894);
#2894 = AXIS2_PLACEMENT_3D('',#2895,#2896,#2897);
#2895 = CARTESIAN_POINT('',(8.,15.,-2.723438300723));
#2896 = DIRECTION('',(1.,0.,-0.));
#2897 = DIRECTION('',(0.,0.,1.));
#2898 = DEFINITIONAL_REPRESENTATION('',(#2899),#2902);
#2899 = B_SPLINE_CURVE_WITH_KNOTS('',1,(#2900,#2901),.UNSPECIFIED.,.F.,
  .F.,(2,2),(79.4,98.),.PIECEWISE_BEZIER_KNOTS.);
#2900 = CARTESIAN_POINT('',(2.509953047546,-17.05));
#2901 = CARTESIAN_POINT('',(2.509953047546,1.55));
#2902 = ( GEOMETRIC_REPRESENTATION_CONTEXT(2) 
PARAMETRIC_REPRESENTATION_CONTEXT() REPRESENTATION_CONTEXT('2D SPACE',''
  ) );
#2903 = ORIENTED_EDGE('',*,*,#2904,.T.);
#2904 = EDGE_CURVE('',#2879,#2905,#2907,.T.);
#2905 = VERTEX_POINT('',#2906);
#2906 = CARTESIAN_POINT('',(-18.,15.,-1.08391624811));
#2907 = SURFACE_CURVE('',#2908,(#2913,#2920),.PCURVE_S1.);
#2908 = CIRCLE('',#2909,150.);
#2909 = AXIS2_PLACEMENT_3D('',#2910,#2911,#2912);
#2910 = CARTESIAN_POINT('',(0.,15.,-150.));
#2911 = DIRECTION('',(0.,-1.,2.22044604925E-16));
#2912 = DIRECTION('',(1.,0.,0.));
#2913 = PCURVE('',#71,#2914);
#2914 = DEFINITIONAL_REPRESENTATION('',(#2915),#2919);
#2915 = LINE('',#2916,#2917);
#2916 = CARTESIAN_POINT('',(0.,96.45));
#2917 = VECTOR('',#2918,1.);
#2918 = DIRECTION('',(1.,0.));
#2919 = ( GEOMETRIC_REPRESENTATION_CONTEXT(2) 
PARAMETRIC_REPRESENTATION_CONTEXT() REPRESENTATION_CONTEXT('2D SPACE',''
  ) );
#2920 = PCURVE('',#2921,#2926);
#2921 = PLANE('',#2922);
#2922 = AXIS2_PLACEMENT_3D('',#2923,#2924,#2925);
#2923 = CARTESIAN_POINT('',(-18.,15.,-2.723438300723));
#2924 = DIRECTION('',(-0.,1.,0.));
#2925 = DIRECTION('',(0.,0.,1.));
#2926 = DEFINITIONAL_REPRESENTATION('',(#2927),#2935);
#2927 = ( BOUNDED_CURVE() B_SPLINE_CURVE(2,(#2928,#2929,#2930,#2931,
#2932,#2933,#2934),.UNSPECIFIED.,.T.,.F.) B_SPLINE_CURVE_WITH_KNOTS((1,2
    ,2,2,2,1),(-2.094395102393,0.,2.094395102393,4.188790204786,
6.28318530718,8.377580409573),.UNSPECIFIED.) CURVE() 
GEOMETRIC_REPRESENTATION_ITEM() RATIONAL_B_SPLINE_CURVE((1.,0.5,1.,0.5,
1.,0.5,1.)) REPRESENTATION_ITEM('') );
#2928 = CARTESIAN_POINT('',(-147.2765616992,168.));
#2929 = CARTESIAN_POINT('',(112.53105943605,168.));
#2930 = CARTESIAN_POINT('',(-17.37275113161,-57.));
#2931 = CARTESIAN_POINT('',(-147.2765616992,-282.));
#2932 = CARTESIAN_POINT('',(-277.1803722669,-57.));
#2933 = CARTESIAN_POINT('',(-407.0841828346,168.));
#2934 = CARTESIAN_POINT('',(-147.2765616992,168.));
#2935 = ( GEOMETRIC_REPRESENTATION_CONTEXT(2) 
PARAMETRIC_REPRESENTATION_CONTEXT() REPRESENTATION_CONTEXT('2D SPACE',''
  ) );
#2936 = ORIENTED_EDGE('',*,*,#2937,.F.);
#2937 = EDGE_CURVE('',#2938,#2905,#2940,.T.);
#2938 = VERTEX_POINT('',#2939);
#2939 = CARTESIAN_POINT('',(-18.,30.5,-1.08391624811));
#2940 = SURFACE_CURVE('',#2941,(#2945,#2951),.PCURVE_S1.);
#2941 = LINE('',#2942,#2943);
#2942 = CARTESIAN_POINT('',(-18.,111.45,-1.08391624811));
#2943 = VECTOR('',#2944,1.);
#2944 = DIRECTION('',(0.,-1.,2.22044604925E-16));
#2945 = PCURVE('',#71,#2946);
#2946 = DEFINITIONAL_REPRESENTATION('',(#2947),#2950);
#2947 = B_SPLINE_CURVE_WITH_KNOTS('',1,(#2948,#2949),.UNSPECIFIED.,.F.,
  .F.,(2,2),(79.4,98.),.PIECEWISE_BEZIER_KNOTS.);
#2948 = CARTESIAN_POINT('',(1.69108620919,79.4));
#2949 = CARTESIAN_POINT('',(1.69108620919,98.));
#2950 = ( GEOMETRIC_REPRESENTATION_CONTEXT(2) 
PARAMETRIC_REPRESENTATION_CONTEXT() REPRESENTATION_CONTEXT('2D SPACE',''
  ) );
#2951 = PCURVE('',#2952,#2957);
#2952 = PLANE('',#2953);
#2953 = AXIS2_PLACEMENT_3D('',#2954,#2955,#2956);
#2954 = CARTESIAN_POINT('',(-18.,15.,-2.723438300723));
#2955 = DIRECTION('',(1.,0.,-0.));
#2956 = DIRECTION('',(0.,0.,1.));
#2957 = DEFINITIONAL_REPRESENTATION('',(#2958),#2961);
#2958 = B_SPLINE_CURVE_WITH_KNOTS('',1,(#2959,#2960),.UNSPECIFIED.,.F.,
  .F.,(2,2),(79.4,98.),.PIECEWISE_BEZIER_KNOTS.);
#2959 = CARTESIAN_POINT('',(1.639522052614,-17.05));
#2960 = CARTESIAN_POINT('',(1.639522052614,1.55));
#2961 = ( GEOMETRIC_REPRESENTATION_CONTEXT(2) 
PARAMETRIC_REPRESENTATION_CONTEXT() REPRESENTATION_CONTEXT('2D SPACE',''
  ) );
#2962 = ORIENTED_EDGE('',*,*,#2963,.F.);
#2963 = EDGE_CURVE('',#2964,#2938,#2966,.T.);
#2964 = VERTEX_POINT('',#2965);
#2965 = CARTESIAN_POINT('',(-17.85412195973,30.5,-1.066355953241));
#2966 = SURFACE_CURVE('',#2967,(#2972,#2979),.PCURVE_S1.);
#2967 = CIRCLE('',#2968,150.);
#2968 = AXIS2_PLACEMENT_3D('',#2969,#2970,#2971);
#2969 = CARTESIAN_POINT('',(0.,30.5,-150.));
#2970 = DIRECTION('',(0.,-1.,2.22044604925E-16));
#2971 = DIRECTION('',(1.,0.,0.));
#2972 = PCURVE('',#71,#2973);
#2973 = DEFINITIONAL_REPRESENTATION('',(#2974),#2978);
#2974 = LINE('',#2975,#2976);
#2975 = CARTESIAN_POINT('',(0.,80.95));
#2976 = VECTOR('',#2977,1.);
#2977 = DIRECTION('',(1.,0.));
#2978 = ( GEOMETRIC_REPRESENTATION_CONTEXT(2) 
PARAMETRIC_REPRESENTATION_CONTEXT() REPRESENTATION_CONTEXT('2D SPACE',''
  ) );
#2979 = PCURVE('',#2980,#2985);
#2980 = PLANE('',#2981);
#2981 = AXIS2_PLACEMENT_3D('',#2982,#2983,#2984);
#2982 = CARTESIAN_POINT('',(-18.,30.5,-2.723438300723));
#2983 = DIRECTION('',(-0.,1.,0.));
#2984 = DIRECTION('',(0.,0.,1.));
#2985 = DEFINITIONAL_REPRESENTATION('',(#2986),#2994);
#2986 = ( BOUNDED_CURVE() B_SPLINE_CURVE(2,(#2987,#2988,#2989,#2990,
#2991,#2992,#2993),.UNSPECIFIED.,.T.,.F.) B_SPLINE_CURVE_WITH_KNOTS((1,2
    ,2,2,2,1),(-2.094395102393,0.,2.094395102393,4.188790204786,
6.28318530718,8.377580409573),.UNSPECIFIED.) CURVE() 
GEOMETRIC_REPRESENTATION_ITEM() RATIONAL_B_SPLINE_CURVE((1.,0.5,1.,0.5,
1.,0.5,1.)) REPRESENTATION_ITEM('') );
#2987 = CARTESIAN_POINT('',(-147.2765616992,168.));
#2988 = CARTESIAN_POINT('',(112.53105943605,168.));
#2989 = CARTESIAN_POINT('',(-17.37275113161,-57.));
#2990 = CARTESIAN_POINT('',(-147.2765616992,-282.));
#2991 = CARTESIAN_POINT('',(-277.1803722669,-57.));
#2992 = CARTESIAN_POINT('',(-407.0841828346,168.));
#2993 = CARTESIAN_POINT('',(-147.2765616992,168.));
#2994 = ( GEOMETRIC_REPRESENTATION_CONTEXT(2) 
PARAMETRIC_REPRESENTATION_CONTEXT() REPRESENTATION_CONTEXT('2D SPACE',''
  ) );
#2995 = ORIENTED_EDGE('',*,*,#2996,.F.);
#2996 = EDGE_CURVE('',#2997,#2964,#2999,.T.);
#2997 = VERTEX_POINT('',#2998);
#2998 = CARTESIAN_POINT('',(-18.18073353879,31.65,-1.105873426816));
#2999 = SURFACE_CURVE('',#3000,(#3051,#3105),.PCURVE_S1.);
#3000 = B_SPLINE_CURVE_WITH_KNOTS('',7,(#3001,#3002,#3003,#3004,#3005,
    #3006,#3007,#3008,#3009,#3010,#3011,#3012,#3013,#3014,#3015,#3016,
    #3017,#3018,#3019,#3020,#3021,#3022,#3023,#3024,#3025,#3026,#3027,
    #3028,#3029,#3030,#3031,#3032,#3033,#3034,#3035,#3036,#3037,#3038,
    #3039,#3040,#3041,#3042,#3043,#3044,#3045,#3046,#3047,#3048,#3049,
    #3050),.UNSPECIFIED.,.T.,.F.,(8,6,6,6,6,6,6,6,8),(0.,0.127814754338,
    0.247756563041,0.372138312934,0.500433774892,0.628729563133,
    0.753103980952,0.863108227844,1.),.UNSPECIFIED.);
#3001 = CARTESIAN_POINT('',(-7.75,32.5,-0.200342123221));
#3002 = CARTESIAN_POINT('',(-7.75,33.017769498682,-0.200342123221));
#3003 = CARTESIAN_POINT('',(-7.809574635384,33.53492203844,
    -0.203424289536));
#3004 = CARTESIAN_POINT('',(-7.928467162468,34.047921577629,
    -0.209575153373));
#3005 = CARTESIAN_POINT('',(-8.108245742768,34.552925081496,
    -0.219026100562));
#3006 = CARTESIAN_POINT('',(-8.351832711833,35.044634855432,
    -0.232222956953));
#3007 = CARTESIAN_POINT('',(-8.663169133032,35.515564129272,
    -0.249885197981));
#3008 = CARTESIAN_POINT('',(-9.405976333502,36.365775380505,
    -0.294764972869));
#3009 = CARTESIAN_POINT('',(-9.83892652363,36.760431268704,
    -0.321934725974));
#3010 = CARTESIAN_POINT('',(-10.34540979773,37.114758522063,
    -0.355301868009));
#3011 = CARTESIAN_POINT('',(-10.91976001577,37.40774664106,
    -0.395498033369));
#3012 = CARTESIAN_POINT('',(-11.55112040651,37.620967025203,
    -0.442916916983));
#3013 = CARTESIAN_POINT('',(-12.22462538016,37.738987088644,
    -0.497331972266));
#3014 = CARTESIAN_POINT('',(-13.64409600956,37.760223903896,
    -0.620065783934));
#3015 = CARTESIAN_POINT('',(-14.34588060932,37.654640073181,
    -0.684852456505));
#3016 = CARTESIAN_POINT('',(-15.0053423297,37.44540275691,
    -0.749667165443));
#3017 = CARTESIAN_POINT('',(-15.60536368088,37.149035019393,
    -0.811897193727));
#3018 = CARTESIAN_POINT('',(-16.13335797017,36.785711702242,
    -0.868947056916));
#3019 = CARTESIAN_POINT('',(-16.58272010286,36.378713350103,
    -0.918972552813));
#3020 = CARTESIAN_POINT('',(-17.33620093913,35.516285139695,
    -1.004683311472));
#3021 = CARTESIAN_POINT('',(-17.64742377675,35.045862234235,
    -1.041246460367));
#3022 = CARTESIAN_POINT('',(-17.89118231522,34.554327784889,
    -1.070517820172));
#3023 = CARTESIAN_POINT('',(-18.0712202547,34.049186197479,
    -1.092433130634));
#3024 = CARTESIAN_POINT('',(-18.19032428132,33.53582307021,
    -1.107032704517));
#3025 = CARTESIAN_POINT('',(-18.25,33.018208658833,-1.114347568344));
#3026 = CARTESIAN_POINT('',(-18.25,31.98179002325,-1.114347568344));
#3027 = CARTESIAN_POINT('',(-18.19032395378,31.464153720855,
    -1.1070326676));
#3028 = CARTESIAN_POINT('',(-18.07121090648,30.950781591128,
    -1.092431978107));
#3029 = CARTESIAN_POINT('',(-17.89116926342,30.445657619354,
    -1.0705162284));
#3030 = CARTESIAN_POINT('',(-17.64742589998,29.954154246833,
    -1.041246843412));
#3031 = CARTESIAN_POINT('',(-17.33622446562,29.48374178854,
    -1.004685987683));
#3032 = CARTESIAN_POINT('',(-16.58272010286,28.621286649897,
    -0.918972552813));
#3033 = CARTESIAN_POINT('',(-16.13335797017,28.214288297759,
    -0.868947056916));
#3034 = CARTESIAN_POINT('',(-15.60536368088,27.850964980606,
    -0.811897193727));
#3035 = CARTESIAN_POINT('',(-15.0053423297,27.55459724309,
    -0.749667165442));
#3036 = CARTESIAN_POINT('',(-14.34588060932,27.345359926819,
    -0.684852456505));
#3037 = CARTESIAN_POINT('',(-13.64409600956,27.239776096104,
    -0.620065783934));
#3038 = CARTESIAN_POINT('',(-12.28232293514,27.260149693555,
    -0.502320762242));
#3039 = CARTESIAN_POINT('',(-11.66076884129,27.360256354084,
    -0.451791321279));
#3040 = CARTESIAN_POINT('',(-11.07234660303,27.542379953322,
    -0.407016267883));
#3041 = CARTESIAN_POINT('',(-10.53012602746,27.79485900145,
    -0.368348532051));
#3042 = CARTESIAN_POINT('',(-10.04408526961,28.103110617173,
    -0.33561008405));
#3043 = CARTESIAN_POINT('',(-9.620258664963,28.449898044208,
    -0.308380703529));
#3044 = CARTESIAN_POINT('',(-8.81174318404,29.270600272382,
    -0.258372828837));
#3045 = CARTESIAN_POINT('',(-8.448484118686,29.768531790563,
    -0.237476789602));
#3046 = CARTESIAN_POINT('',(-8.165219489708,30.293266963582,
    -0.222025311401));
#3047 = CARTESIAN_POINT('',(-7.956721200739,30.834760910687,
    -0.211036743111));
#3048 = CARTESIAN_POINT('',(-7.819038562688,31.38611947148,
    -0.203913952019));
#3049 = CARTESIAN_POINT('',(-7.75,31.942620198342,-0.200342123221));
#3050 = CARTESIAN_POINT('',(-7.75,32.5,-0.200342123221));
#3051 = PCURVE('',#71,#3052);
#3052 = DEFINITIONAL_REPRESENTATION('',(#3053),#3104);
#3053 = B_SPLINE_CURVE_WITH_KNOTS('',7,(#3054,#3055,#3056,#3057,#3058,
    #3059,#3060,#3061,#3062,#3063,#3064,#3065,#3066,#3067,#3068,#3069,
    #3070,#3071,#3072,#3073,#3074,#3075,#3076,#3077,#3078,#3079,#3080,
    #3081,#3082,#3083,#3084,#3085,#3086,#3087,#3088,#3089,#3090,#3091,
    #3092,#3093,#3094,#3095,#3096,#3097,#3098,#3099,#3100,#3101,#3102,
    #3103),.UNSPECIFIED.,.T.,.F.,(8,6,6,6,6,6,6,6,8),(0.,0.127814754338,
    0.247756563041,0.372138312934,0.500433774892,0.628729563133,
    0.753103980952,0.863108227844,1.),.UNSPECIFIED.);
#3054 = CARTESIAN_POINT('',(1.622486008001,78.95));
#3055 = CARTESIAN_POINT('',(1.622486008001,78.432230501318));
#3056 = CARTESIAN_POINT('',(1.622883703399,77.91507796156));
#3057 = CARTESIAN_POINT('',(1.623677380332,77.402078422371));
#3058 = CARTESIAN_POINT('',(1.624877558503,76.897074918505));
#3059 = CARTESIAN_POINT('',(1.626503848949,76.405365144567));
#3060 = CARTESIAN_POINT('',(1.628582748328,75.934435870728));
#3061 = CARTESIAN_POINT('',(1.633543826756,75.084224619495));
#3062 = CARTESIAN_POINT('',(1.636435831281,74.689568731296));
#3063 = CARTESIAN_POINT('',(1.639819679081,74.335241477937));
#3064 = CARTESIAN_POINT('',(1.643657980149,74.042253358941));
#3065 = CARTESIAN_POINT('',(1.6478788002,73.829032974797));
#3066 = CARTESIAN_POINT('',(1.652383392912,73.711012911356));
#3067 = CARTESIAN_POINT('',(1.661881838296,73.689776096104));
#3068 = CARTESIAN_POINT('',(1.666580217399,73.795359926819));
#3069 = CARTESIAN_POINT('',(1.670997692118,74.00459724309));
#3070 = CARTESIAN_POINT('',(1.675019213616,74.300964980607));
#3071 = CARTESIAN_POINT('',(1.678559633299,74.664288297758));
#3072 = CARTESIAN_POINT('',(1.681573878573,75.071286649897));
#3073 = CARTESIAN_POINT('',(1.686629479228,75.933714860305));
#3074 = CARTESIAN_POINT('',(1.688718553344,76.404137765765));
#3075 = CARTESIAN_POINT('',(1.690355280664,76.895672215111));
#3076 = CARTESIAN_POINT('',(1.691564392462,77.400813802521));
#3077 = CARTESIAN_POINT('',(1.69236436244,77.91417692979));
#3078 = CARTESIAN_POINT('',(1.692765178187,78.431791341167));
#3079 = CARTESIAN_POINT('',(1.692765178187,79.46820997675));
#3080 = CARTESIAN_POINT('',(1.692364360245,79.985846279145));
#3081 = CARTESIAN_POINT('',(1.691564329664,80.499218408872));
#3082 = CARTESIAN_POINT('',(1.690355193014,81.004342380646));
#3083 = CARTESIAN_POINT('',(1.688718567697,81.495845753167));
#3084 = CARTESIAN_POINT('',(1.686629637083,81.96625821146));
#3085 = CARTESIAN_POINT('',(1.681573878573,82.828713350103));
#3086 = CARTESIAN_POINT('',(1.678559633299,83.235711702241));
#3087 = CARTESIAN_POINT('',(1.675019213616,83.599035019394));
#3088 = CARTESIAN_POINT('',(1.670997692118,83.89540275691));
#3089 = CARTESIAN_POINT('',(1.666580217399,84.104640073181));
#3090 = CARTESIAN_POINT('',(1.661881838296,84.210223903896));
#3091 = CARTESIAN_POINT('',(1.652769478445,84.189850306445));
#3092 = CARTESIAN_POINT('',(1.648612169001,84.089743645916));
#3093 = CARTESIAN_POINT('',(1.644678095183,83.907620046678));
#3094 = CARTESIAN_POINT('',(1.641054168883,83.655140998549));
#3095 = CARTESIAN_POINT('',(1.637806580445,83.346889382828));
#3096 = CARTESIAN_POINT('',(1.6349752526,83.000101955792));
#3097 = CARTESIAN_POINT('',(1.629574849033,82.179399727618));
#3098 = CARTESIAN_POINT('',(1.627149141044,81.681468209438));
#3099 = CARTESIAN_POINT('',(1.625257909133,81.156733036417));
#3100 = CARTESIAN_POINT('',(1.623865992483,80.615239089314));
#3101 = CARTESIAN_POINT('',(1.622946880634,80.06388052852));
#3102 = CARTESIAN_POINT('',(1.622486008001,79.507379801658));
#3103 = CARTESIAN_POINT('',(1.622486008001,78.95));
#3104 = ( GEOMETRIC_REPRESENTATION_CONTEXT(2) 
PARAMETRIC_REPRESENTATION_CONTEXT() REPRESENTATION_CONTEXT('2D SPACE',''
  ) );
#3105 = PCURVE('',#2786,#3106);
#3106 = DEFINITIONAL_REPRESENTATION('',(#3107),#3158);
#3107 = B_SPLINE_CURVE_WITH_KNOTS('',7,(#3108,#3109,#3110,#3111,#3112,
    #3113,#3114,#3115,#3116,#3117,#3118,#3119,#3120,#3121,#3122,#3123,
    #3124,#3125,#3126,#3127,#3128,#3129,#3130,#3131,#3132,#3133,#3134,
    #3135,#3136,#3137,#3138,#3139,#3140,#3141,#3142,#3143,#3144,#3145,
    #3146,#3147,#3148,#3149,#3150,#3151,#3152,#3153,#3154,#3155,#3156,
    #3157),.UNSPECIFIED.,.F.,.F.,(8,6,6,6,6,6,6,6,8),(0.,0.127814754338,
    0.247756563041,0.372138312934,0.500433774892,0.628729563133,
    0.753103980952,0.863108227844,1.),.UNSPECIFIED.);
#3108 = CARTESIAN_POINT('',(0.,3.923096177502));
#3109 = CARTESIAN_POINT('',(9.862276165365E-02,3.923096177502));
#3110 = CARTESIAN_POINT('',(0.197127860095,3.920014011187));
#3111 = CARTESIAN_POINT('',(0.296409552416,3.91386314735));
#3112 = CARTESIAN_POINT('',(0.397282538268,3.904412200161));
#3113 = CARTESIAN_POINT('',(0.500570029032,3.89121534377));
#3114 = CARTESIAN_POINT('',(0.607138573093,3.873553102742));
#3115 = CARTESIAN_POINT('',(0.822184564802,3.828673327854));
#3116 = CARTESIAN_POINT('',(0.93305300657,3.801503574749));
#3117 = CARTESIAN_POINT('',(1.049194040709,3.768136432715));
#3118 = CARTESIAN_POINT('',(1.169808250811,3.727940267354));
#3119 = CARTESIAN_POINT('',(1.294481899356,3.68052138374));
#3120 = CARTESIAN_POINT('',(1.423090510995,3.626106328457));
#3121 = CARTESIAN_POINT('',(1.693496126873,3.503372516789));
#3122 = CARTESIAN_POINT('',(1.826853581881,3.438585844218));
#3123 = CARTESIAN_POINT('',(1.956115722354,3.373771135281));
#3124 = CARTESIAN_POINT('',(2.081133703992,3.311541106996));
#3125 = CARTESIAN_POINT('',(2.201439966724,3.254491243808));
#3126 = CARTESIAN_POINT('',(2.31613565679,3.20446574791));
#3127 = CARTESIAN_POINT('',(2.534271713584,3.118754989251));
#3128 = CARTESIAN_POINT('',(2.640753385737,3.082191840356));
#3129 = CARTESIAN_POINT('',(2.744026280767,3.052920480551));
#3130 = CARTESIAN_POINT('',(2.844938296395,3.031005170089));
#3131 = CARTESIAN_POINT('',(2.944293144157,3.016405596207));
#3132 = CARTESIAN_POINT('',(3.042886242384,3.00909073238));
#3133 = CARTESIAN_POINT('',(3.240299315828,3.00909073238));
#3134 = CARTESIAN_POINT('',(3.33889656412,3.016405633124));
#3135 = CARTESIAN_POINT('',(3.438253206119,3.031006322616));
#3136 = CARTESIAN_POINT('',(3.539162345833,3.052922072323));
#3137 = CARTESIAN_POINT('',(3.642429294236,3.082191457312));
#3138 = CARTESIAN_POINT('',(3.748906782572,3.11875231304));
#3139 = CARTESIAN_POINT('',(3.967049650389,3.20446574791));
#3140 = CARTESIAN_POINT('',(4.081745340455,3.254491243808));
#3141 = CARTESIAN_POINT('',(4.202051603188,3.311541106996));
#3142 = CARTESIAN_POINT('',(4.327069584825,3.373771135281));
#3143 = CARTESIAN_POINT('',(4.456331725299,3.438585844218));
#3144 = CARTESIAN_POINT('',(4.589689180306,3.50337251679));
#3145 = CARTESIAN_POINT('',(4.849103555812,3.621117538482));
#3146 = CARTESIAN_POINT('',(4.967766698716,3.671646979445));
#3147 = CARTESIAN_POINT('',(5.083302038048,3.71642203284));
#3148 = CARTESIAN_POINT('',(5.195459642032,3.755089768672));
#3149 = CARTESIAN_POINT('',(5.303784344923,3.787828216673));
#3150 = CARTESIAN_POINT('',(5.407495613471,3.815057597195));
#3151 = CARTESIAN_POINT('',(5.626936207571,3.865065471886));
#3152 = CARTESIAN_POINT('',(5.743060260626,3.885961511121));
#3153 = CARTESIAN_POINT('',(5.855066747142,3.901412989322));
#3154 = CARTESIAN_POINT('',(5.964041247544,3.912401557612));
#3155 = CARTESIAN_POINT('',(6.071017871051,3.919524348705));
#3156 = CARTESIAN_POINT('',(6.177017725911,3.923096177502));
#3157 = CARTESIAN_POINT('',(6.28318530718,3.923096177502));
#3158 = ( GEOMETRIC_REPRESENTATION_CONTEXT(2) 
PARAMETRIC_REPRESENTATION_CONTEXT() REPRESENTATION_CONTEXT('2D SPACE',''
  ) );
#3159 = ORIENTED_EDGE('',*,*,#3160,.T.);
#3160 = EDGE_CURVE('',#2997,#3161,#3163,.T.);
#3161 = VERTEX_POINT('',#3162);
#3162 = CARTESIAN_POINT('',(-19.,31.65,-1.208199150625));
#3163 = SURFACE_CURVE('',#3164,(#3169,#3176),.PCURVE_S1.);
#3164 = CIRCLE('',#3165,150.);
#3165 = AXIS2_PLACEMENT_3D('',#3166,#3167,#3168);
#3166 = CARTESIAN_POINT('',(0.,31.65,-150.));
#3167 = DIRECTION('',(0.,-1.,2.22044604925E-16));
#3168 = DIRECTION('',(1.,0.,0.));
#3169 = PCURVE('',#71,#3170);
#3170 = DEFINITIONAL_REPRESENTATION('',(#3171),#3175);
#3171 = LINE('',#3172,#3173);
#3172 = CARTESIAN_POINT('',(0.,79.8));
#3173 = VECTOR('',#3174,1.);
#3174 = DIRECTION('',(1.,0.));
#3175 = ( GEOMETRIC_REPRESENTATION_CONTEXT(2) 
PARAMETRIC_REPRESENTATION_CONTEXT() REPRESENTATION_CONTEXT('2D SPACE',''
  ) );
#3176 = PCURVE('',#3177,#3182);
#3177 = PLANE('',#3178);
#3178 = AXIS2_PLACEMENT_3D('',#3179,#3180,#3181);
#3179 = CARTESIAN_POINT('',(-19.,31.65,-4.));
#3180 = DIRECTION('',(-0.,1.,0.));
#3181 = DIRECTION('',(0.,0.,1.));
#3182 = DEFINITIONAL_REPRESENTATION('',(#3183),#3191);
#3183 = ( BOUNDED_CURVE() B_SPLINE_CURVE(2,(#3184,#3185,#3186,#3187,
#3188,#3189,#3190),.UNSPECIFIED.,.T.,.F.) B_SPLINE_CURVE_WITH_KNOTS((1,2
    ,2,2,2,1),(-2.094395102393,0.,2.094395102393,4.188790204786,
6.28318530718,8.377580409573),.UNSPECIFIED.) CURVE() 
GEOMETRIC_REPRESENTATION_ITEM() RATIONAL_B_SPLINE_CURVE((1.,0.5,1.,0.5,
1.,0.5,1.)) REPRESENTATION_ITEM('') );
#3184 = CARTESIAN_POINT('',(-146.,169.));
#3185 = CARTESIAN_POINT('',(113.80762113533,169.));
#3186 = CARTESIAN_POINT('',(-16.09618943233,-56.));
#3187 = CARTESIAN_POINT('',(-146.,-281.));
#3188 = CARTESIAN_POINT('',(-275.9038105676,-56.));
#3189 = CARTESIAN_POINT('',(-405.8076211353,169.));
#3190 = CARTESIAN_POINT('',(-146.,169.));
#3191 = ( GEOMETRIC_REPRESENTATION_CONTEXT(2) 
PARAMETRIC_REPRESENTATION_CONTEXT() REPRESENTATION_CONTEXT('2D SPACE',''
  ) );
#3192 = ORIENTED_EDGE('',*,*,#3193,.F.);
#3193 = EDGE_CURVE('',#1474,#3161,#3194,.T.);
#3194 = SURFACE_CURVE('',#3195,(#3199,#3205),.PCURVE_S1.);
#3195 = LINE('',#3196,#3197);
#3196 = CARTESIAN_POINT('',(-19.,111.45,-1.208199150625));
#3197 = VECTOR('',#3198,1.);
#3198 = DIRECTION('',(0.,-1.,2.22044604925E-16));
#3199 = PCURVE('',#71,#3200);
#3200 = DEFINITIONAL_REPRESENTATION('',(#3201),#3204);
#3201 = B_SPLINE_CURVE_WITH_KNOTS('',1,(#3202,#3203),.UNSPECIFIED.,.F.,
  .F.,(2,2),(73.2,80.4),.PIECEWISE_BEZIER_KNOTS.);
#3202 = CARTESIAN_POINT('',(1.697804178654,73.2));
#3203 = CARTESIAN_POINT('',(1.697804178654,80.4));
#3204 = ( GEOMETRIC_REPRESENTATION_CONTEXT(2) 
PARAMETRIC_REPRESENTATION_CONTEXT() REPRESENTATION_CONTEXT('2D SPACE',''
  ) );
#3205 = PCURVE('',#3206,#3211);
#3206 = PLANE('',#3207);
#3207 = AXIS2_PLACEMENT_3D('',#3208,#3209,#3210);
#3208 = CARTESIAN_POINT('',(-19.,31.65,-4.));
#3209 = DIRECTION('',(1.,0.,-0.));
#3210 = DIRECTION('',(0.,0.,1.));
#3211 = DEFINITIONAL_REPRESENTATION('',(#3212),#3215);
#3212 = B_SPLINE_CURVE_WITH_KNOTS('',1,(#3213,#3214),.UNSPECIFIED.,.F.,
  .F.,(2,2),(73.2,80.4),.PIECEWISE_BEZIER_KNOTS.);
#3213 = CARTESIAN_POINT('',(2.791800849375,-6.6));
#3214 = CARTESIAN_POINT('',(2.791800849375,0.6));
#3215 = ( GEOMETRIC_REPRESENTATION_CONTEXT(2) 
PARAMETRIC_REPRESENTATION_CONTEXT() REPRESENTATION_CONTEXT('2D SPACE',''
  ) );
#3216 = ADVANCED_FACE('',(#3217),#317,.T.);
#3217 = FACE_BOUND('',#3218,.T.);
#3218 = EDGE_LOOP('',(#3219,#3220,#3239,#3240));
#3219 = ORIENTED_EDGE('',*,*,#780,.F.);
#3220 = ORIENTED_EDGE('',*,*,#3221,.T.);
#3221 = EDGE_CURVE('',#748,#1504,#3222,.T.);
#3222 = SURFACE_CURVE('',#3223,(#3227,#3233),.PCURVE_S1.);
#3223 = LINE('',#3224,#3225);
#3224 = CARTESIAN_POINT('',(-20.50099087156,37.13766532639,
    -2.723438300723));
#3225 = VECTOR('',#3226,1.);
#3226 = DIRECTION('',(0.,0.,-1.));
#3227 = PCURVE('',#317,#3228);
#3228 = DEFINITIONAL_REPRESENTATION('',(#3229),#3232);
#3229 = B_SPLINE_CURVE_WITH_KNOTS('',1,(#3230,#3231),.UNSPECIFIED.,.F.,
  .F.,(2,2),(-7.523440700723,2.400000000069E-06),
  .PIECEWISE_BEZIER_KNOTS.);
#3230 = CARTESIAN_POINT('',(0.427827059752,7.523440700723));
#3231 = CARTESIAN_POINT('',(0.427827059752,-2.400000000069E-06));
#3232 = ( GEOMETRIC_REPRESENTATION_CONTEXT(2) 
PARAMETRIC_REPRESENTATION_CONTEXT() REPRESENTATION_CONTEXT('2D SPACE',''
  ) );
#3233 = PCURVE('',#768,#3234);
#3234 = DEFINITIONAL_REPRESENTATION('',(#3235),#3238);
#3235 = B_SPLINE_CURVE_WITH_KNOTS('',1,(#3236,#3237),.UNSPECIFIED.,.F.,
  .F.,(2,2),(-7.523440700723,2.400000000069E-06),
  .PIECEWISE_BEZIER_KNOTS.);
#3236 = CARTESIAN_POINT('',(1.500540370688,-7.523440700723));
#3237 = CARTESIAN_POINT('',(1.500540370688,2.400000000069E-06));
#3238 = ( GEOMETRIC_REPRESENTATION_CONTEXT(2) 
PARAMETRIC_REPRESENTATION_CONTEXT() REPRESENTATION_CONTEXT('2D SPACE',''
  ) );
#3239 = ORIENTED_EDGE('',*,*,#1532,.T.);
#3240 = ORIENTED_EDGE('',*,*,#304,.F.);
#3241 = ADVANCED_FACE('',(#3242),#818,.T.);
#3242 = FACE_BOUND('',#3243,.T.);
#3243 = EDGE_LOOP('',(#3244,#3245,#3246,#3247));
#3244 = ORIENTED_EDGE('',*,*,#1395,.F.);
#3245 = ORIENTED_EDGE('',*,*,#804,.T.);
#3246 = ORIENTED_EDGE('',*,*,#1274,.T.);
#3247 = ORIENTED_EDGE('',*,*,#3248,.F.);
#3248 = EDGE_CURVE('',#1373,#1247,#3249,.T.);
#3249 = SURFACE_CURVE('',#3250,(#3254,#3261),.PCURVE_S1.);
#3250 = LINE('',#3251,#3252);
#3251 = CARTESIAN_POINT('',(-25.15,-15.2,5.3));
#3252 = VECTOR('',#3253,1.);
#3253 = DIRECTION('',(-0.,1.,0.));
#3254 = PCURVE('',#818,#3255);
#3255 = DEFINITIONAL_REPRESENTATION('',(#3256),#3260);
#3256 = LINE('',#3257,#3258);
#3257 = CARTESIAN_POINT('',(6.8,0.));
#3258 = VECTOR('',#3259,1.);
#3259 = DIRECTION('',(0.,-1.));
#3260 = ( GEOMETRIC_REPRESENTATION_CONTEXT(2) 
PARAMETRIC_REPRESENTATION_CONTEXT() REPRESENTATION_CONTEXT('2D SPACE',''
  ) );
#3261 = PCURVE('',#1262,#3262);
#3262 = DEFINITIONAL_REPRESENTATION('',(#3263),#3267);
#3263 = LINE('',#3264,#3265);
#3264 = CARTESIAN_POINT('',(2.6,0.));
#3265 = VECTOR('',#3266,1.);
#3266 = DIRECTION('',(0.,1.));
#3267 = ( GEOMETRIC_REPRESENTATION_CONTEXT(2) 
PARAMETRIC_REPRESENTATION_CONTEXT() REPRESENTATION_CONTEXT('2D SPACE',''
  ) );
#3268 = ADVANCED_FACE('',(#3269),#377,.T.);
#3269 = FACE_BOUND('',#3270,.T.);
#3270 = EDGE_LOOP('',(#3271,#3272,#3273,#3274));
#3271 = ORIENTED_EDGE('',*,*,#360,.F.);
#3272 = ORIENTED_EDGE('',*,*,#1449,.T.);
#3273 = ORIENTED_EDGE('',*,*,#1679,.T.);
#3274 = ORIENTED_EDGE('',*,*,#3275,.F.);
#3275 = EDGE_CURVE('',#361,#1680,#3276,.T.);
#3276 = SURFACE_CURVE('',#3277,(#3281,#3287),.PCURVE_S1.);
#3277 = LINE('',#3278,#3279);
#3278 = CARTESIAN_POINT('',(-20.50099087156,-37.13766532639,
    -2.723438300723));
#3279 = VECTOR('',#3280,1.);
#3280 = DIRECTION('',(0.,0.,-1.));
#3281 = PCURVE('',#377,#3282);
#3282 = DEFINITIONAL_REPRESENTATION('',(#3283),#3286);
#3283 = B_SPLINE_CURVE_WITH_KNOTS('',1,(#3284,#3285),.UNSPECIFIED.,.F.,
  .F.,(2,2),(-7.523440700723,2.400000000069E-06),
  .PIECEWISE_BEZIER_KNOTS.);
#3284 = CARTESIAN_POINT('',(5.855358247428,7.523440700723));
#3285 = CARTESIAN_POINT('',(5.855358247428,-2.400000000069E-06));
#3286 = ( GEOMETRIC_REPRESENTATION_CONTEXT(2) 
PARAMETRIC_REPRESENTATION_CONTEXT() REPRESENTATION_CONTEXT('2D SPACE',''
  ) );
#3287 = PCURVE('',#410,#3288);
#3288 = DEFINITIONAL_REPRESENTATION('',(#3289),#3292);
#3289 = B_SPLINE_CURVE_WITH_KNOTS('',1,(#3290,#3291),.UNSPECIFIED.,.F.,
  .F.,(2,2),(-7.523440700723,2.400000000069E-06),
  .PIECEWISE_BEZIER_KNOTS.);
#3290 = CARTESIAN_POINT('',(4.782644936491,-7.523440700723));
#3291 = CARTESIAN_POINT('',(4.782644936491,2.400000000069E-06));
#3292 = ( GEOMETRIC_REPRESENTATION_CONTEXT(2) 
PARAMETRIC_REPRESENTATION_CONTEXT() REPRESENTATION_CONTEXT('2D SPACE',''
  ) );
#3293 = ADVANCED_FACE('',(#3294),#410,.T.);
#3294 = FACE_BOUND('',#3295,.T.);
#3295 = EDGE_LOOP('',(#3296,#3297,#3318,#3319));
#3296 = ORIENTED_EDGE('',*,*,#1825,.F.);
#3297 = ORIENTED_EDGE('',*,*,#3298,.T.);
#3298 = EDGE_CURVE('',#1826,#390,#3299,.T.);
#3299 = SURFACE_CURVE('',#3300,(#3304,#3311),.PCURVE_S1.);
#3300 = LINE('',#3301,#3302);
#3301 = CARTESIAN_POINT('',(-20.15,-37.15,-2.723438300723));
#3302 = VECTOR('',#3303,1.);
#3303 = DIRECTION('',(0.,0.,1.));
#3304 = PCURVE('',#410,#3305);
#3305 = DEFINITIONAL_REPRESENTATION('',(#3306),#3310);
#3306 = LINE('',#3307,#3308);
#3307 = CARTESIAN_POINT('',(4.712388980385,0.));
#3308 = VECTOR('',#3309,1.);
#3309 = DIRECTION('',(0.,-1.));
#3310 = ( GEOMETRIC_REPRESENTATION_CONTEXT(2) 
PARAMETRIC_REPRESENTATION_CONTEXT() REPRESENTATION_CONTEXT('2D SPACE',''
  ) );
#3311 = PCURVE('',#438,#3312);
#3312 = DEFINITIONAL_REPRESENTATION('',(#3313),#3317);
#3313 = LINE('',#3314,#3315);
#3314 = CARTESIAN_POINT('',(0.,0.));
#3315 = VECTOR('',#3316,1.);
#3316 = DIRECTION('',(0.,-1.));
#3317 = ( GEOMETRIC_REPRESENTATION_CONTEXT(2) 
PARAMETRIC_REPRESENTATION_CONTEXT() REPRESENTATION_CONTEXT('2D SPACE',''
  ) );
#3318 = ORIENTED_EDGE('',*,*,#389,.T.);
#3319 = ORIENTED_EDGE('',*,*,#3275,.T.);
#3320 = ADVANCED_FACE('',(#3321),#438,.F.);
#3321 = FACE_BOUND('',#3322,.F.);
#3322 = EDGE_LOOP('',(#3323,#3324,#3325,#3326));
#3323 = ORIENTED_EDGE('',*,*,#1854,.T.);
#3324 = ORIENTED_EDGE('',*,*,#3298,.T.);
#3325 = ORIENTED_EDGE('',*,*,#422,.T.);
#3326 = ORIENTED_EDGE('',*,*,#3327,.F.);
#3327 = EDGE_CURVE('',#1855,#423,#3328,.T.);
#3328 = SURFACE_CURVE('',#3329,(#3333,#3340),.PCURVE_S1.);
#3329 = LINE('',#3330,#3331);
#3330 = CARTESIAN_POINT('',(20.15,-37.15,-2.723438300723));
#3331 = VECTOR('',#3332,1.);
#3332 = DIRECTION('',(0.,0.,1.));
#3333 = PCURVE('',#438,#3334);
#3334 = DEFINITIONAL_REPRESENTATION('',(#3335),#3339);
#3335 = LINE('',#3336,#3337);
#3336 = CARTESIAN_POINT('',(40.3,0.));
#3337 = VECTOR('',#3338,1.);
#3338 = DIRECTION('',(0.,-1.));
#3339 = ( GEOMETRIC_REPRESENTATION_CONTEXT(2) 
PARAMETRIC_REPRESENTATION_CONTEXT() REPRESENTATION_CONTEXT('2D SPACE',''
  ) );
#3340 = PCURVE('',#471,#3341);
#3341 = DEFINITIONAL_REPRESENTATION('',(#3342),#3346);
#3342 = LINE('',#3343,#3344);
#3343 = CARTESIAN_POINT('',(4.712388980385,0.));
#3344 = VECTOR('',#3345,1.);
#3345 = DIRECTION('',(0.,-1.));
#3346 = ( GEOMETRIC_REPRESENTATION_CONTEXT(2) 
PARAMETRIC_REPRESENTATION_CONTEXT() REPRESENTATION_CONTEXT('2D SPACE',''
  ) );
#3347 = ADVANCED_FACE('',(#3348),#471,.T.);
#3348 = FACE_BOUND('',#3349,.T.);
#3349 = EDGE_LOOP('',(#3350,#3351,#3370,#3371));
#3350 = ORIENTED_EDGE('',*,*,#1882,.F.);
#3351 = ORIENTED_EDGE('',*,*,#3352,.F.);
#3352 = EDGE_CURVE('',#451,#1883,#3353,.T.);
#3353 = SURFACE_CURVE('',#3354,(#3358,#3364),.PCURVE_S1.);
#3354 = LINE('',#3355,#3356);
#3355 = CARTESIAN_POINT('',(20.500990871568,-37.13766532639,
    -2.723438300723));
#3356 = VECTOR('',#3357,1.);
#3357 = DIRECTION('',(0.,0.,-1.));
#3358 = PCURVE('',#471,#3359);
#3359 = DEFINITIONAL_REPRESENTATION('',(#3360),#3363);
#3360 = B_SPLINE_CURVE_WITH_KNOTS('',1,(#3361,#3362),.UNSPECIFIED.,.F.,
  .F.,(2,2),(-7.523440700723,2.400000000069E-06),
  .PIECEWISE_BEZIER_KNOTS.);
#3361 = CARTESIAN_POINT('',(4.642133024278,-7.523440700723));
#3362 = CARTESIAN_POINT('',(4.642133024278,2.400000000069E-06));
#3363 = ( GEOMETRIC_REPRESENTATION_CONTEXT(2) 
PARAMETRIC_REPRESENTATION_CONTEXT() REPRESENTATION_CONTEXT('2D SPACE',''
  ) );
#3364 = PCURVE('',#500,#3365);
#3365 = DEFINITIONAL_REPRESENTATION('',(#3366),#3369);
#3366 = B_SPLINE_CURVE_WITH_KNOTS('',1,(#3367,#3368),.UNSPECIFIED.,.F.,
  .F.,(2,2),(-7.523438300723,0.),.PIECEWISE_BEZIER_KNOTS.);
#3367 = CARTESIAN_POINT('',(3.569419713342,7.523438300723));
#3368 = CARTESIAN_POINT('',(3.569419713342,0.));
#3369 = ( GEOMETRIC_REPRESENTATION_CONTEXT(2) 
PARAMETRIC_REPRESENTATION_CONTEXT() REPRESENTATION_CONTEXT('2D SPACE',''
  ) );
#3370 = ORIENTED_EDGE('',*,*,#450,.T.);
#3371 = ORIENTED_EDGE('',*,*,#3327,.F.);
#3372 = ADVANCED_FACE('',(#3373),#768,.T.);
#3373 = FACE_BOUND('',#3374,.T.);
#3374 = EDGE_LOOP('',(#3375,#3376,#3377,#3378));
#3375 = ORIENTED_EDGE('',*,*,#1503,.T.);
#3376 = ORIENTED_EDGE('',*,*,#3221,.F.);
#3377 = ORIENTED_EDGE('',*,*,#747,.T.);
#3378 = ORIENTED_EDGE('',*,*,#3379,.F.);
#3379 = EDGE_CURVE('',#1476,#720,#3380,.T.);
#3380 = SURFACE_CURVE('',#3381,(#3385,#3392),.PCURVE_S1.);
#3381 = LINE('',#3382,#3383);
#3382 = CARTESIAN_POINT('',(-20.15,37.15,-2.723438300723));
#3383 = VECTOR('',#3384,1.);
#3384 = DIRECTION('',(0.,0.,1.));
#3385 = PCURVE('',#768,#3386);
#3386 = DEFINITIONAL_REPRESENTATION('',(#3387),#3391);
#3387 = LINE('',#3388,#3389);
#3388 = CARTESIAN_POINT('',(1.570796326795,0.));
#3389 = VECTOR('',#3390,1.);
#3390 = DIRECTION('',(0.,-1.));
#3391 = ( GEOMETRIC_REPRESENTATION_CONTEXT(2) 
PARAMETRIC_REPRESENTATION_CONTEXT() REPRESENTATION_CONTEXT('2D SPACE',''
  ) );
#3392 = PCURVE('',#735,#3393);
#3393 = DEFINITIONAL_REPRESENTATION('',(#3394),#3398);
#3394 = LINE('',#3395,#3396);
#3395 = CARTESIAN_POINT('',(0.,0.));
#3396 = VECTOR('',#3397,1.);
#3397 = DIRECTION('',(0.,-1.));
#3398 = ( GEOMETRIC_REPRESENTATION_CONTEXT(2) 
PARAMETRIC_REPRESENTATION_CONTEXT() REPRESENTATION_CONTEXT('2D SPACE',''
  ) );
#3399 = ADVANCED_FACE('',(#3400),#500,.T.);
#3400 = FACE_BOUND('',#3401,.T.);
#3401 = EDGE_LOOP('',(#3402,#3403,#3404,#3405));
#3402 = ORIENTED_EDGE('',*,*,#483,.F.);
#3403 = ORIENTED_EDGE('',*,*,#3352,.T.);
#3404 = ORIENTED_EDGE('',*,*,#1911,.F.);
#3405 = ORIENTED_EDGE('',*,*,#3406,.F.);
#3406 = EDGE_CURVE('',#484,#1912,#3407,.T.);
#3407 = SURFACE_CURVE('',#3408,(#3412,#3418),.PCURVE_S1.);
#3408 = LINE('',#3409,#3410);
#3409 = CARTESIAN_POINT('',(25.13766532639,-32.50099087156,
    -2.723438300723));
#3410 = VECTOR('',#3411,1.);
#3411 = DIRECTION('',(0.,0.,-1.));
#3412 = PCURVE('',#500,#3413);
#3413 = DEFINITIONAL_REPRESENTATION('',(#3414),#3417);
#3414 = B_SPLINE_CURVE_WITH_KNOTS('',1,(#3415,#3416),.UNSPECIFIED.,.F.,
  .F.,(2,2),(-7.523438300723,0.),.PIECEWISE_BEZIER_KNOTS.);
#3415 = CARTESIAN_POINT('',(7.426154574223,7.523438300723));
#3416 = CARTESIAN_POINT('',(7.426154574223,0.));
#3417 = ( GEOMETRIC_REPRESENTATION_CONTEXT(2) 
PARAMETRIC_REPRESENTATION_CONTEXT() REPRESENTATION_CONTEXT('2D SPACE',''
  ) );
#3418 = PCURVE('',#533,#3419);
#3419 = DEFINITIONAL_REPRESENTATION('',(#3420),#3423);
#3420 = B_SPLINE_CURVE_WITH_KNOTS('',1,(#3421,#3422),.UNSPECIFIED.,.F.,
  .F.,(2,2),(-7.523440700723,2.400000000069E-06),
  .PIECEWISE_BEZIER_KNOTS.);
#3421 = CARTESIAN_POINT('',(3.211848609696,-7.523440700723));
#3422 = CARTESIAN_POINT('',(3.211848609696,2.400000000069E-06));
#3423 = ( GEOMETRIC_REPRESENTATION_CONTEXT(2) 
PARAMETRIC_REPRESENTATION_CONTEXT() REPRESENTATION_CONTEXT('2D SPACE',''
  ) );
#3424 = ADVANCED_FACE('',(#3425),#735,.T.);
#3425 = FACE_BOUND('',#3426,.T.);
#3426 = EDGE_LOOP('',(#3427,#3448,#3449,#3450,#3451,#3474));
#3427 = ORIENTED_EDGE('',*,*,#3428,.T.);
#3428 = EDGE_CURVE('',#3429,#1474,#3431,.T.);
#3429 = VERTEX_POINT('',#3430);
#3430 = CARTESIAN_POINT('',(-19.,37.15,2.2));
#3431 = SURFACE_CURVE('',#3432,(#3436,#3442),.PCURVE_S1.);
#3432 = LINE('',#3433,#3434);
#3433 = CARTESIAN_POINT('',(-19.,37.15,-3.361719150362));
#3434 = VECTOR('',#3435,1.);
#3435 = DIRECTION('',(-0.,0.,-1.));
#3436 = PCURVE('',#735,#3437);
#3437 = DEFINITIONAL_REPRESENTATION('',(#3438),#3441);
#3438 = B_SPLINE_CURVE_WITH_KNOTS('',1,(#3439,#3440),.UNSPECIFIED.,.F.,
  .F.,(2,2),(-5.561719150362,-2.002149383862),.PIECEWISE_BEZIER_KNOTS.);
#3439 = CARTESIAN_POINT('',(1.15,-4.923438300723));
#3440 = CARTESIAN_POINT('',(1.15,-1.363868534223));
#3441 = ( GEOMETRIC_REPRESENTATION_CONTEXT(2) 
PARAMETRIC_REPRESENTATION_CONTEXT() REPRESENTATION_CONTEXT('2D SPACE',''
  ) );
#3442 = PCURVE('',#3206,#3443);
#3443 = DEFINITIONAL_REPRESENTATION('',(#3444),#3447);
#3444 = B_SPLINE_CURVE_WITH_KNOTS('',1,(#3445,#3446),.UNSPECIFIED.,.F.,
  .F.,(2,2),(-5.561719150362,-2.002149383862),.PIECEWISE_BEZIER_KNOTS.);
#3445 = CARTESIAN_POINT('',(6.2,-5.5));
#3446 = CARTESIAN_POINT('',(2.6404302335,-5.5));
#3447 = ( GEOMETRIC_REPRESENTATION_CONTEXT(2) 
PARAMETRIC_REPRESENTATION_CONTEXT() REPRESENTATION_CONTEXT('2D SPACE',''
  ) );
#3448 = ORIENTED_EDGE('',*,*,#1473,.T.);
#3449 = ORIENTED_EDGE('',*,*,#3379,.T.);
#3450 = ORIENTED_EDGE('',*,*,#719,.T.);
#3451 = ORIENTED_EDGE('',*,*,#3452,.F.);
#3452 = EDGE_CURVE('',#3453,#687,#3455,.T.);
#3453 = VERTEX_POINT('',#3454);
#3454 = CARTESIAN_POINT('',(20.15,37.15,2.2));
#3455 = SURFACE_CURVE('',#3456,(#3460,#3467),.PCURVE_S1.);
#3456 = LINE('',#3457,#3458);
#3457 = CARTESIAN_POINT('',(20.15,37.15,-2.723438300723));
#3458 = VECTOR('',#3459,1.);
#3459 = DIRECTION('',(0.,0.,1.));
#3460 = PCURVE('',#735,#3461);
#3461 = DEFINITIONAL_REPRESENTATION('',(#3462),#3466);
#3462 = LINE('',#3463,#3464);
#3463 = CARTESIAN_POINT('',(40.3,0.));
#3464 = VECTOR('',#3465,1.);
#3465 = DIRECTION('',(0.,-1.));
#3466 = ( GEOMETRIC_REPRESENTATION_CONTEXT(2) 
PARAMETRIC_REPRESENTATION_CONTEXT() REPRESENTATION_CONTEXT('2D SPACE',''
  ) );
#3467 = PCURVE('',#707,#3468);
#3468 = DEFINITIONAL_REPRESENTATION('',(#3469),#3473);
#3469 = LINE('',#3470,#3471);
#3470 = CARTESIAN_POINT('',(1.570796326795,0.));
#3471 = VECTOR('',#3472,1.);
#3472 = DIRECTION('',(0.,-1.));
#3473 = ( GEOMETRIC_REPRESENTATION_CONTEXT(2) 
PARAMETRIC_REPRESENTATION_CONTEXT() REPRESENTATION_CONTEXT('2D SPACE',''
  ) );
#3474 = ORIENTED_EDGE('',*,*,#3475,.F.);
#3475 = EDGE_CURVE('',#3429,#3453,#3476,.T.);
#3476 = SURFACE_CURVE('',#3477,(#3481,#3487),.PCURVE_S1.);
#3477 = LINE('',#3478,#3479);
#3478 = CARTESIAN_POINT('',(-19.575,37.15,2.2));
#3479 = VECTOR('',#3480,1.);
#3480 = DIRECTION('',(1.,0.,0.));
#3481 = PCURVE('',#735,#3482);
#3482 = DEFINITIONAL_REPRESENTATION('',(#3483),#3486);
#3483 = B_SPLINE_CURVE_WITH_KNOTS('',1,(#3484,#3485),.UNSPECIFIED.,.F.,
  .F.,(2,2),(0.575,39.725),.PIECEWISE_BEZIER_KNOTS.);
#3484 = CARTESIAN_POINT('',(1.15,-4.923438300723));
#3485 = CARTESIAN_POINT('',(40.3,-4.923438300723));
#3486 = ( GEOMETRIC_REPRESENTATION_CONTEXT(2) 
PARAMETRIC_REPRESENTATION_CONTEXT() REPRESENTATION_CONTEXT('2D SPACE',''
  ) );
#3487 = PCURVE('',#3488,#3493);
#3488 = PLANE('',#3489);
#3489 = AXIS2_PLACEMENT_3D('',#3490,#3491,#3492);
#3490 = CARTESIAN_POINT('',(-19.,31.65,2.2));
#3491 = DIRECTION('',(0.,0.,1.));
#3492 = DIRECTION('',(1.,0.,-0.));
#3493 = DEFINITIONAL_REPRESENTATION('',(#3494),#3497);
#3494 = B_SPLINE_CURVE_WITH_KNOTS('',1,(#3495,#3496),.UNSPECIFIED.,.F.,
  .F.,(2,2),(0.575,39.725),.PIECEWISE_BEZIER_KNOTS.);
#3495 = CARTESIAN_POINT('',(0.,5.5));
#3496 = CARTESIAN_POINT('',(39.15,5.5));
#3497 = ( GEOMETRIC_REPRESENTATION_CONTEXT(2) 
PARAMETRIC_REPRESENTATION_CONTEXT() REPRESENTATION_CONTEXT('2D SPACE',''
  ) );
#3498 = ADVANCED_FACE('',(#3499),#533,.T.);
#3499 = FACE_BOUND('',#3500,.T.);
#3500 = EDGE_LOOP('',(#3501,#3502,#3523,#3524));
#3501 = ORIENTED_EDGE('',*,*,#2107,.F.);
#3502 = ORIENTED_EDGE('',*,*,#3503,.T.);
#3503 = EDGE_CURVE('',#2108,#513,#3504,.T.);
#3504 = SURFACE_CURVE('',#3505,(#3509,#3516),.PCURVE_S1.);
#3505 = LINE('',#3506,#3507);
#3506 = CARTESIAN_POINT('',(25.15,-32.15,-2.723438300723));
#3507 = VECTOR('',#3508,1.);
#3508 = DIRECTION('',(0.,0.,1.));
#3509 = PCURVE('',#533,#3510);
#3510 = DEFINITIONAL_REPRESENTATION('',(#3511),#3515);
#3511 = LINE('',#3512,#3513);
#3512 = CARTESIAN_POINT('',(3.14159265359,0.));
#3513 = VECTOR('',#3514,1.);
#3514 = DIRECTION('',(0.,-1.));
#3515 = ( GEOMETRIC_REPRESENTATION_CONTEXT(2) 
PARAMETRIC_REPRESENTATION_CONTEXT() REPRESENTATION_CONTEXT('2D SPACE',''
  ) );
#3516 = PCURVE('',#561,#3517);
#3517 = DEFINITIONAL_REPRESENTATION('',(#3518),#3522);
#3518 = LINE('',#3519,#3520);
#3519 = CARTESIAN_POINT('',(0.,0.));
#3520 = VECTOR('',#3521,1.);
#3521 = DIRECTION('',(0.,-1.));
#3522 = ( GEOMETRIC_REPRESENTATION_CONTEXT(2) 
PARAMETRIC_REPRESENTATION_CONTEXT() REPRESENTATION_CONTEXT('2D SPACE',''
  ) );
#3523 = ORIENTED_EDGE('',*,*,#512,.T.);
#3524 = ORIENTED_EDGE('',*,*,#3406,.T.);
#3525 = ADVANCED_FACE('',(#3526),#707,.T.);
#3526 = FACE_BOUND('',#3527,.T.);
#3527 = EDGE_LOOP('',(#3528,#3549,#3575,#3576));
#3528 = ORIENTED_EDGE('',*,*,#3529,.T.);
#3529 = EDGE_CURVE('',#658,#3530,#3532,.T.);
#3530 = VERTEX_POINT('',#3531);
#3531 = CARTESIAN_POINT('',(20.500990871568,37.13766532639,2.2));
#3532 = SURFACE_CURVE('',#3533,(#3537,#3543),.PCURVE_S1.);
#3533 = LINE('',#3534,#3535);
#3534 = CARTESIAN_POINT('',(20.500990871568,37.13766532639,
    -2.723438300723));
#3535 = VECTOR('',#3536,1.);
#3536 = DIRECTION('',(0.,0.,-1.));
#3537 = PCURVE('',#707,#3538);
#3538 = DEFINITIONAL_REPRESENTATION('',(#3539),#3542);
#3539 = B_SPLINE_CURVE_WITH_KNOTS('',1,(#3540,#3541),.UNSPECIFIED.,.F.,
  .F.,(2,2),(-7.523440700723,2.400000000069E-06),
  .PIECEWISE_BEZIER_KNOTS.);
#3540 = CARTESIAN_POINT('',(1.641052282901,-7.523440700723));
#3541 = CARTESIAN_POINT('',(1.641052282901,2.400000000069E-06));
#3542 = ( GEOMETRIC_REPRESENTATION_CONTEXT(2) 
PARAMETRIC_REPRESENTATION_CONTEXT() REPRESENTATION_CONTEXT('2D SPACE',''
  ) );
#3543 = PCURVE('',#674,#3544);
#3544 = DEFINITIONAL_REPRESENTATION('',(#3545),#3548);
#3545 = B_SPLINE_CURVE_WITH_KNOTS('',1,(#3546,#3547),.UNSPECIFIED.,.F.,
  .F.,(2,2),(-7.523438300723,-0.),.PIECEWISE_BEZIER_KNOTS.);
#3546 = CARTESIAN_POINT('',(8.996950901017,7.523438300723));
#3547 = CARTESIAN_POINT('',(8.996950901017,0.));
#3548 = ( GEOMETRIC_REPRESENTATION_CONTEXT(2) 
PARAMETRIC_REPRESENTATION_CONTEXT() REPRESENTATION_CONTEXT('2D SPACE',''
  ) );
#3549 = ORIENTED_EDGE('',*,*,#3550,.F.);
#3550 = EDGE_CURVE('',#3453,#3530,#3551,.T.);
#3551 = SURFACE_CURVE('',#3552,(#3557,#3564),.PCURVE_S1.);
#3552 = CIRCLE('',#3553,5.);
#3553 = AXIS2_PLACEMENT_3D('',#3554,#3555,#3556);
#3554 = CARTESIAN_POINT('',(20.15,32.15,2.2));
#3555 = DIRECTION('',(0.,0.,-1.));
#3556 = DIRECTION('',(-1.,0.,0.));
#3557 = PCURVE('',#707,#3558);
#3558 = DEFINITIONAL_REPRESENTATION('',(#3559),#3563);
#3559 = LINE('',#3560,#3561);
#3560 = CARTESIAN_POINT('',(0.,-4.923438300723));
#3561 = VECTOR('',#3562,1.);
#3562 = DIRECTION('',(1.,0.));
#3563 = ( GEOMETRIC_REPRESENTATION_CONTEXT(2) 
PARAMETRIC_REPRESENTATION_CONTEXT() REPRESENTATION_CONTEXT('2D SPACE',''
  ) );
#3564 = PCURVE('',#3488,#3565);
#3565 = DEFINITIONAL_REPRESENTATION('',(#3566),#3574);
#3566 = ( BOUNDED_CURVE() B_SPLINE_CURVE(2,(#3567,#3568,#3569,#3570,
#3571,#3572,#3573),.UNSPECIFIED.,.T.,.F.) B_SPLINE_CURVE_WITH_KNOTS((1,2
    ,2,2,2,1),(-2.094395102393,0.,2.094395102393,4.188790204786,
6.28318530718,8.377580409573),.UNSPECIFIED.) CURVE() 
GEOMETRIC_REPRESENTATION_ITEM() RATIONAL_B_SPLINE_CURVE((1.,0.5,1.,0.5,
1.,0.5,1.)) REPRESENTATION_ITEM('') );
#3567 = CARTESIAN_POINT('',(34.15,0.5));
#3568 = CARTESIAN_POINT('',(34.15,9.160254037844));
#3569 = CARTESIAN_POINT('',(41.65,4.830127018922));
#3570 = CARTESIAN_POINT('',(49.15,0.5));
#3571 = CARTESIAN_POINT('',(41.65,-3.830127018922));
#3572 = CARTESIAN_POINT('',(34.15,-8.160254037844));
#3573 = CARTESIAN_POINT('',(34.15,0.5));
#3574 = ( GEOMETRIC_REPRESENTATION_CONTEXT(2) 
PARAMETRIC_REPRESENTATION_CONTEXT() REPRESENTATION_CONTEXT('2D SPACE',''
  ) );
#3575 = ORIENTED_EDGE('',*,*,#3452,.T.);
#3576 = ORIENTED_EDGE('',*,*,#686,.T.);
#3577 = ADVANCED_FACE('',(#3578),#561,.F.);
#3578 = FACE_BOUND('',#3579,.F.);
#3579 = EDGE_LOOP('',(#3580,#3601,#3602,#3603,#3604,#3632,#3660,#3686));
#3580 = ORIENTED_EDGE('',*,*,#3581,.F.);
#3581 = EDGE_CURVE('',#2137,#602,#3582,.T.);
#3582 = SURFACE_CURVE('',#3583,(#3587,#3594),.PCURVE_S1.);
#3583 = LINE('',#3584,#3585);
#3584 = CARTESIAN_POINT('',(25.15,32.15,-2.723438300723));
#3585 = VECTOR('',#3586,1.);
#3586 = DIRECTION('',(0.,0.,1.));
#3587 = PCURVE('',#561,#3588);
#3588 = DEFINITIONAL_REPRESENTATION('',(#3589),#3593);
#3589 = LINE('',#3590,#3591);
#3590 = CARTESIAN_POINT('',(64.3,0.));
#3591 = VECTOR('',#3592,1.);
#3592 = DIRECTION('',(0.,-1.));
#3593 = ( GEOMETRIC_REPRESENTATION_CONTEXT(2) 
PARAMETRIC_REPRESENTATION_CONTEXT() REPRESENTATION_CONTEXT('2D SPACE',''
  ) );
#3594 = PCURVE('',#645,#3595);
#3595 = DEFINITIONAL_REPRESENTATION('',(#3596),#3600);
#3596 = LINE('',#3597,#3598);
#3597 = CARTESIAN_POINT('',(3.14159265359,0.));
#3598 = VECTOR('',#3599,1.);
#3599 = DIRECTION('',(0.,-1.));
#3600 = ( GEOMETRIC_REPRESENTATION_CONTEXT(2) 
PARAMETRIC_REPRESENTATION_CONTEXT() REPRESENTATION_CONTEXT('2D SPACE',''
  ) );
#3601 = ORIENTED_EDGE('',*,*,#2136,.T.);
#3602 = ORIENTED_EDGE('',*,*,#3503,.T.);
#3603 = ORIENTED_EDGE('',*,*,#545,.T.);
#3604 = ORIENTED_EDGE('',*,*,#3605,.F.);
#3605 = EDGE_CURVE('',#3606,#546,#3608,.T.);
#3606 = VERTEX_POINT('',#3607);
#3607 = CARTESIAN_POINT('',(25.15,-15.2,-1.5));
#3608 = SURFACE_CURVE('',#3609,(#3613,#3620),.PCURVE_S1.);
#3609 = LINE('',#3610,#3611);
#3610 = CARTESIAN_POINT('',(25.15,-15.2,-1.5));
#3611 = VECTOR('',#3612,1.);
#3612 = DIRECTION('',(0.,0.,1.));
#3613 = PCURVE('',#561,#3614);
#3614 = DEFINITIONAL_REPRESENTATION('',(#3615),#3619);
#3615 = LINE('',#3616,#3617);
#3616 = CARTESIAN_POINT('',(16.95,-1.223438300723));
#3617 = VECTOR('',#3618,1.);
#3618 = DIRECTION('',(0.,-1.));
#3619 = ( GEOMETRIC_REPRESENTATION_CONTEXT(2) 
PARAMETRIC_REPRESENTATION_CONTEXT() REPRESENTATION_CONTEXT('2D SPACE',''
  ) );
#3620 = PCURVE('',#3621,#3626);
#3621 = PLANE('',#3622);
#3622 = AXIS2_PLACEMENT_3D('',#3623,#3624,#3625);
#3623 = CARTESIAN_POINT('',(25.15,-15.2,-1.5));
#3624 = DIRECTION('',(-0.,1.,0.));
#3625 = DIRECTION('',(0.,0.,1.));
#3626 = DEFINITIONAL_REPRESENTATION('',(#3627),#3631);
#3627 = LINE('',#3628,#3629);
#3628 = CARTESIAN_POINT('',(0.,0.));
#3629 = VECTOR('',#3630,1.);
#3630 = DIRECTION('',(1.,0.));
#3631 = ( GEOMETRIC_REPRESENTATION_CONTEXT(2) 
PARAMETRIC_REPRESENTATION_CONTEXT() REPRESENTATION_CONTEXT('2D SPACE',''
  ) );
#3632 = ORIENTED_EDGE('',*,*,#3633,.T.);
#3633 = EDGE_CURVE('',#3606,#3634,#3636,.T.);
#3634 = VERTEX_POINT('',#3635);
#3635 = CARTESIAN_POINT('',(25.15,15.2,-1.5));
#3636 = SURFACE_CURVE('',#3637,(#3641,#3648),.PCURVE_S1.);
#3637 = LINE('',#3638,#3639);
#3638 = CARTESIAN_POINT('',(25.15,-15.2,-1.5));
#3639 = VECTOR('',#3640,1.);
#3640 = DIRECTION('',(-0.,1.,0.));
#3641 = PCURVE('',#561,#3642);
#3642 = DEFINITIONAL_REPRESENTATION('',(#3643),#3647);
#3643 = LINE('',#3644,#3645);
#3644 = CARTESIAN_POINT('',(16.95,-1.223438300723));
#3645 = VECTOR('',#3646,1.);
#3646 = DIRECTION('',(1.,0.));
#3647 = ( GEOMETRIC_REPRESENTATION_CONTEXT(2) 
PARAMETRIC_REPRESENTATION_CONTEXT() REPRESENTATION_CONTEXT('2D SPACE',''
  ) );
#3648 = PCURVE('',#3649,#3654);
#3649 = PLANE('',#3650);
#3650 = AXIS2_PLACEMENT_3D('',#3651,#3652,#3653);
#3651 = CARTESIAN_POINT('',(25.15,-15.2,-1.5));
#3652 = DIRECTION('',(0.,0.,1.));
#3653 = DIRECTION('',(1.,0.,-0.));
#3654 = DEFINITIONAL_REPRESENTATION('',(#3655),#3659);
#3655 = LINE('',#3656,#3657);
#3656 = CARTESIAN_POINT('',(0.,0.));
#3657 = VECTOR('',#3658,1.);
#3658 = DIRECTION('',(0.,1.));
#3659 = ( GEOMETRIC_REPRESENTATION_CONTEXT(2) 
PARAMETRIC_REPRESENTATION_CONTEXT() REPRESENTATION_CONTEXT('2D SPACE',''
  ) );
#3660 = ORIENTED_EDGE('',*,*,#3661,.T.);
#3661 = EDGE_CURVE('',#3634,#574,#3662,.T.);
#3662 = SURFACE_CURVE('',#3663,(#3667,#3674),.PCURVE_S1.);
#3663 = LINE('',#3664,#3665);
#3664 = CARTESIAN_POINT('',(25.15,15.2,-1.5));
#3665 = VECTOR('',#3666,1.);
#3666 = DIRECTION('',(0.,0.,1.));
#3667 = PCURVE('',#561,#3668);
#3668 = DEFINITIONAL_REPRESENTATION('',(#3669),#3673);
#3669 = LINE('',#3670,#3671);
#3670 = CARTESIAN_POINT('',(47.35,-1.223438300723));
#3671 = VECTOR('',#3672,1.);
#3672 = DIRECTION('',(0.,-1.));
#3673 = ( GEOMETRIC_REPRESENTATION_CONTEXT(2) 
PARAMETRIC_REPRESENTATION_CONTEXT() REPRESENTATION_CONTEXT('2D SPACE',''
  ) );
#3674 = PCURVE('',#3675,#3680);
#3675 = PLANE('',#3676);
#3676 = AXIS2_PLACEMENT_3D('',#3677,#3678,#3679);
#3677 = CARTESIAN_POINT('',(25.15,15.2,-1.5));
#3678 = DIRECTION('',(-0.,1.,0.));
#3679 = DIRECTION('',(0.,0.,1.));
#3680 = DEFINITIONAL_REPRESENTATION('',(#3681),#3685);
#3681 = LINE('',#3682,#3683);
#3682 = CARTESIAN_POINT('',(0.,0.));
#3683 = VECTOR('',#3684,1.);
#3684 = DIRECTION('',(1.,0.));
#3685 = ( GEOMETRIC_REPRESENTATION_CONTEXT(2) 
PARAMETRIC_REPRESENTATION_CONTEXT() REPRESENTATION_CONTEXT('2D SPACE',''
  ) );
#3686 = ORIENTED_EDGE('',*,*,#601,.T.);
#3687 = ADVANCED_FACE('',(#3688),#674,.T.);
#3688 = FACE_BOUND('',#3689,.T.);
#3689 = EDGE_LOOP('',(#3690,#3691,#3710,#3711,#3732,#3754));
#3690 = ORIENTED_EDGE('',*,*,#657,.F.);
#3691 = ORIENTED_EDGE('',*,*,#3692,.T.);
#3692 = EDGE_CURVE('',#625,#2158,#3693,.T.);
#3693 = SURFACE_CURVE('',#3694,(#3698,#3704),.PCURVE_S1.);
#3694 = LINE('',#3695,#3696);
#3695 = CARTESIAN_POINT('',(25.13766532639,32.500990871568,
    -2.723438300723));
#3696 = VECTOR('',#3697,1.);
#3697 = DIRECTION('',(0.,0.,-1.));
#3698 = PCURVE('',#674,#3699);
#3699 = DEFINITIONAL_REPRESENTATION('',(#3700),#3703);
#3700 = B_SPLINE_CURVE_WITH_KNOTS('',1,(#3701,#3702),.UNSPECIFIED.,.F.,
  .F.,(2,2),(-7.523438300723,-0.),.PIECEWISE_BEZIER_KNOTS.);
#3701 = CARTESIAN_POINT('',(5.140216040137,7.523438300723));
#3702 = CARTESIAN_POINT('',(5.140216040137,0.));
#3703 = ( GEOMETRIC_REPRESENTATION_CONTEXT(2) 
PARAMETRIC_REPRESENTATION_CONTEXT() REPRESENTATION_CONTEXT('2D SPACE',''
  ) );
#3704 = PCURVE('',#645,#3705);
#3705 = DEFINITIONAL_REPRESENTATION('',(#3706),#3709);
#3706 = B_SPLINE_CURVE_WITH_KNOTS('',1,(#3707,#3708),.UNSPECIFIED.,.F.,
  .F.,(2,2),(-7.523440700723,2.400000000069E-06),
  .PIECEWISE_BEZIER_KNOTS.);
#3707 = CARTESIAN_POINT('',(3.071336697483,-7.523440700723));
#3708 = CARTESIAN_POINT('',(3.071336697483,2.400000000069E-06));
#3709 = ( GEOMETRIC_REPRESENTATION_CONTEXT(2) 
PARAMETRIC_REPRESENTATION_CONTEXT() REPRESENTATION_CONTEXT('2D SPACE',''
  ) );
#3710 = ORIENTED_EDGE('',*,*,#2186,.F.);
#3711 = ORIENTED_EDGE('',*,*,#3712,.T.);
#3712 = EDGE_CURVE('',#2187,#3713,#3715,.T.);
#3713 = VERTEX_POINT('',#3714);
#3714 = CARTESIAN_POINT('',(20.788833547722,37.65,2.2));
#3715 = SURFACE_CURVE('',#3716,(#3720,#3726),.PCURVE_S1.);
#3716 = LINE('',#3717,#3718);
#3717 = CARTESIAN_POINT('',(20.788833547722,37.65,-2.723438300723));
#3718 = VECTOR('',#3719,1.);
#3719 = DIRECTION('',(0.,0.,1.));
#3720 = PCURVE('',#674,#3721);
#3721 = DEFINITIONAL_REPRESENTATION('',(#3722),#3725);
#3722 = B_SPLINE_CURVE_WITH_KNOTS('',1,(#3723,#3724),.UNSPECIFIED.,.F.,
  .F.,(2,2),(0.239212158431,5.543438300723),.PIECEWISE_BEZIER_KNOTS.);
#3723 = CARTESIAN_POINT('',(8.828851178669,0.239212158431));
#3724 = CARTESIAN_POINT('',(8.828851178669,5.543438300723));
#3725 = ( GEOMETRIC_REPRESENTATION_CONTEXT(2) 
PARAMETRIC_REPRESENTATION_CONTEXT() REPRESENTATION_CONTEXT('2D SPACE',''
  ) );
#3726 = PCURVE('',#2399,#3727);
#3727 = DEFINITIONAL_REPRESENTATION('',(#3728),#3731);
#3728 = B_SPLINE_CURVE_WITH_KNOTS('',1,(#3729,#3730),.UNSPECIFIED.,.F.,
  .F.,(2,2),(0.239212158431,5.543438300723),.PIECEWISE_BEZIER_KNOTS.);
#3729 = CARTESIAN_POINT('',(1.515773857708,39.788833547722));
#3730 = CARTESIAN_POINT('',(6.82,39.788833547722));
#3731 = ( GEOMETRIC_REPRESENTATION_CONTEXT(2) 
PARAMETRIC_REPRESENTATION_CONTEXT() REPRESENTATION_CONTEXT('2D SPACE',''
  ) );
#3732 = ORIENTED_EDGE('',*,*,#3733,.T.);
#3733 = EDGE_CURVE('',#3713,#3530,#3734,.T.);
#3734 = SURFACE_CURVE('',#3735,(#3740,#3747),.PCURVE_S1.);
#3735 = CIRCLE('',#3736,3.5);
#3736 = AXIS2_PLACEMENT_3D('',#3737,#3738,#3739);
#3737 = CARTESIAN_POINT('',(23.685533905933,35.685533905933,2.2));
#3738 = DIRECTION('',(0.,0.,1.));
#3739 = DIRECTION('',(1.,0.,-0.));
#3740 = PCURVE('',#674,#3741);
#3741 = DEFINITIONAL_REPRESENTATION('',(#3742),#3746);
#3742 = LINE('',#3743,#3744);
#3743 = CARTESIAN_POINT('',(6.28318530718,4.923438300723));
#3744 = VECTOR('',#3745,1.);
#3745 = DIRECTION('',(1.,0.));
#3746 = ( GEOMETRIC_REPRESENTATION_CONTEXT(2) 
PARAMETRIC_REPRESENTATION_CONTEXT() REPRESENTATION_CONTEXT('2D SPACE',''
  ) );
#3747 = PCURVE('',#3488,#3748);
#3748 = DEFINITIONAL_REPRESENTATION('',(#3749),#3753);
#3749 = CIRCLE('',#3750,3.5);
#3750 = AXIS2_PLACEMENT_2D('',#3751,#3752);
#3751 = CARTESIAN_POINT('',(42.685533905933,4.035533905933));
#3752 = DIRECTION('',(1.,0.));
#3753 = ( GEOMETRIC_REPRESENTATION_CONTEXT(2) 
PARAMETRIC_REPRESENTATION_CONTEXT() REPRESENTATION_CONTEXT('2D SPACE',''
  ) );
#3754 = ORIENTED_EDGE('',*,*,#3529,.F.);
#3755 = ADVANCED_FACE('',(#3756),#589,.F.);
#3756 = FACE_BOUND('',#3757,.F.);
#3757 = EDGE_LOOP('',(#3758,#3781,#3782,#3805));
#3758 = ORIENTED_EDGE('',*,*,#3759,.F.);
#3759 = EDGE_CURVE('',#546,#3760,#3762,.T.);
#3760 = VERTEX_POINT('',#3761);
#3761 = CARTESIAN_POINT('',(25.15,-15.2,5.3));
#3762 = SURFACE_CURVE('',#3763,(#3767,#3774),.PCURVE_S1.);
#3763 = LINE('',#3764,#3765);
#3764 = CARTESIAN_POINT('',(25.15,-15.2,-1.5));
#3765 = VECTOR('',#3766,1.);
#3766 = DIRECTION('',(0.,0.,1.));
#3767 = PCURVE('',#589,#3768);
#3768 = DEFINITIONAL_REPRESENTATION('',(#3769),#3773);
#3769 = LINE('',#3770,#3771);
#3770 = CARTESIAN_POINT('',(0.,0.));
#3771 = VECTOR('',#3772,1.);
#3772 = DIRECTION('',(1.,0.));
#3773 = ( GEOMETRIC_REPRESENTATION_CONTEXT(2) 
PARAMETRIC_REPRESENTATION_CONTEXT() REPRESENTATION_CONTEXT('2D SPACE',''
  ) );
#3774 = PCURVE('',#3621,#3775);
#3775 = DEFINITIONAL_REPRESENTATION('',(#3776),#3780);
#3776 = LINE('',#3777,#3778);
#3777 = CARTESIAN_POINT('',(0.,0.));
#3778 = VECTOR('',#3779,1.);
#3779 = DIRECTION('',(1.,0.));
#3780 = ( GEOMETRIC_REPRESENTATION_CONTEXT(2) 
PARAMETRIC_REPRESENTATION_CONTEXT() REPRESENTATION_CONTEXT('2D SPACE',''
  ) );
#3781 = ORIENTED_EDGE('',*,*,#573,.T.);
#3782 = ORIENTED_EDGE('',*,*,#3783,.T.);
#3783 = EDGE_CURVE('',#574,#3784,#3786,.T.);
#3784 = VERTEX_POINT('',#3785);
#3785 = CARTESIAN_POINT('',(25.15,15.2,5.3));
#3786 = SURFACE_CURVE('',#3787,(#3791,#3798),.PCURVE_S1.);
#3787 = LINE('',#3788,#3789);
#3788 = CARTESIAN_POINT('',(25.15,15.2,-1.5));
#3789 = VECTOR('',#3790,1.);
#3790 = DIRECTION('',(0.,0.,1.));
#3791 = PCURVE('',#589,#3792);
#3792 = DEFINITIONAL_REPRESENTATION('',(#3793),#3797);
#3793 = LINE('',#3794,#3795);
#3794 = CARTESIAN_POINT('',(0.,-30.4));
#3795 = VECTOR('',#3796,1.);
#3796 = DIRECTION('',(1.,0.));
#3797 = ( GEOMETRIC_REPRESENTATION_CONTEXT(2) 
PARAMETRIC_REPRESENTATION_CONTEXT() REPRESENTATION_CONTEXT('2D SPACE',''
  ) );
#3798 = PCURVE('',#3675,#3799);
#3799 = DEFINITIONAL_REPRESENTATION('',(#3800),#3804);
#3800 = LINE('',#3801,#3802);
#3801 = CARTESIAN_POINT('',(0.,0.));
#3802 = VECTOR('',#3803,1.);
#3803 = DIRECTION('',(1.,0.));
#3804 = ( GEOMETRIC_REPRESENTATION_CONTEXT(2) 
PARAMETRIC_REPRESENTATION_CONTEXT() REPRESENTATION_CONTEXT('2D SPACE',''
  ) );
#3805 = ORIENTED_EDGE('',*,*,#3806,.F.);
#3806 = EDGE_CURVE('',#3760,#3784,#3807,.T.);
#3807 = SURFACE_CURVE('',#3808,(#3812,#3819),.PCURVE_S1.);
#3808 = LINE('',#3809,#3810);
#3809 = CARTESIAN_POINT('',(25.15,-15.2,5.3));
#3810 = VECTOR('',#3811,1.);
#3811 = DIRECTION('',(-0.,1.,0.));
#3812 = PCURVE('',#589,#3813);
#3813 = DEFINITIONAL_REPRESENTATION('',(#3814),#3818);
#3814 = LINE('',#3815,#3816);
#3815 = CARTESIAN_POINT('',(6.8,0.));
#3816 = VECTOR('',#3817,1.);
#3817 = DIRECTION('',(0.,-1.));
#3818 = ( GEOMETRIC_REPRESENTATION_CONTEXT(2) 
PARAMETRIC_REPRESENTATION_CONTEXT() REPRESENTATION_CONTEXT('2D SPACE',''
  ) );
#3819 = PCURVE('',#3820,#3825);
#3820 = PLANE('',#3821);
#3821 = AXIS2_PLACEMENT_3D('',#3822,#3823,#3824);
#3822 = CARTESIAN_POINT('',(25.15,-15.2,5.3));
#3823 = DIRECTION('',(0.,0.,1.));
#3824 = DIRECTION('',(1.,0.,-0.));
#3825 = DEFINITIONAL_REPRESENTATION('',(#3826),#3830);
#3826 = LINE('',#3827,#3828);
#3827 = CARTESIAN_POINT('',(0.,0.));
#3828 = VECTOR('',#3829,1.);
#3829 = DIRECTION('',(0.,1.));
#3830 = ( GEOMETRIC_REPRESENTATION_CONTEXT(2) 
PARAMETRIC_REPRESENTATION_CONTEXT() REPRESENTATION_CONTEXT('2D SPACE',''
  ) );
#3831 = ADVANCED_FACE('',(#3832),#645,.T.);
#3832 = FACE_BOUND('',#3833,.T.);
#3833 = EDGE_LOOP('',(#3834,#3835,#3836,#3837));
#3834 = ORIENTED_EDGE('',*,*,#2157,.T.);
#3835 = ORIENTED_EDGE('',*,*,#3692,.F.);
#3836 = ORIENTED_EDGE('',*,*,#624,.T.);
#3837 = ORIENTED_EDGE('',*,*,#3581,.F.);
#3838 = ADVANCED_FACE('',(#3839),#849,.F.);
#3839 = FACE_BOUND('',#3840,.F.);
#3840 = EDGE_LOOP('',(#3841,#3842,#3865,#3892));
#3841 = ORIENTED_EDGE('',*,*,#832,.F.);
#3842 = ORIENTED_EDGE('',*,*,#3843,.F.);
#3843 = EDGE_CURVE('',#3844,#833,#3846,.T.);
#3844 = VERTEX_POINT('',#3845);
#3845 = CARTESIAN_POINT('',(-22.83553390593,-35.68553390593,-1.2));
#3846 = SEAM_CURVE('',#3847,(#3851,#3858),.PCURVE_S1.);
#3847 = LINE('',#3848,#3849);
#3848 = CARTESIAN_POINT('',(-22.83553390593,-35.68553390593,-1.2));
#3849 = VECTOR('',#3850,1.);
#3850 = DIRECTION('',(0.,0.,1.));
#3851 = PCURVE('',#849,#3852);
#3852 = DEFINITIONAL_REPRESENTATION('',(#3853),#3857);
#3853 = LINE('',#3854,#3855);
#3854 = CARTESIAN_POINT('',(6.28318530718,-0.));
#3855 = VECTOR('',#3856,1.);
#3856 = DIRECTION('',(0.,1.));
#3857 = ( GEOMETRIC_REPRESENTATION_CONTEXT(2) 
PARAMETRIC_REPRESENTATION_CONTEXT() REPRESENTATION_CONTEXT('2D SPACE',''
  ) );
#3858 = PCURVE('',#849,#3859);
#3859 = DEFINITIONAL_REPRESENTATION('',(#3860),#3864);
#3860 = LINE('',#3861,#3862);
#3861 = CARTESIAN_POINT('',(0.,-0.));
#3862 = VECTOR('',#3863,1.);
#3863 = DIRECTION('',(0.,1.));
#3864 = ( GEOMETRIC_REPRESENTATION_CONTEXT(2) 
PARAMETRIC_REPRESENTATION_CONTEXT() REPRESENTATION_CONTEXT('2D SPACE',''
  ) );
#3865 = ORIENTED_EDGE('',*,*,#3866,.T.);
#3866 = EDGE_CURVE('',#3844,#3844,#3867,.T.);
#3867 = SURFACE_CURVE('',#3868,(#3873,#3880),.PCURVE_S1.);
#3868 = CIRCLE('',#3869,0.85);
#3869 = AXIS2_PLACEMENT_3D('',#3870,#3871,#3872);
#3870 = CARTESIAN_POINT('',(-23.68553390593,-35.68553390593,-1.2));
#3871 = DIRECTION('',(0.,0.,1.));
#3872 = DIRECTION('',(1.,0.,-0.));
#3873 = PCURVE('',#849,#3874);
#3874 = DEFINITIONAL_REPRESENTATION('',(#3875),#3879);
#3875 = LINE('',#3876,#3877);
#3876 = CARTESIAN_POINT('',(0.,0.));
#3877 = VECTOR('',#3878,1.);
#3878 = DIRECTION('',(1.,0.));
#3879 = ( GEOMETRIC_REPRESENTATION_CONTEXT(2) 
PARAMETRIC_REPRESENTATION_CONTEXT() REPRESENTATION_CONTEXT('2D SPACE',''
  ) );
#3880 = PCURVE('',#3881,#3886);
#3881 = PLANE('',#3882);
#3882 = AXIS2_PLACEMENT_3D('',#3883,#3884,#3885);
#3883 = CARTESIAN_POINT('',(-23.68553390593,-35.68553390593,-1.2));
#3884 = DIRECTION('',(0.,0.,1.));
#3885 = DIRECTION('',(1.,0.,-0.));
#3886 = DEFINITIONAL_REPRESENTATION('',(#3887),#3891);
#3887 = CIRCLE('',#3888,0.85);
#3888 = AXIS2_PLACEMENT_2D('',#3889,#3890);
#3889 = CARTESIAN_POINT('',(0.,0.));
#3890 = DIRECTION('',(1.,0.));
#3891 = ( GEOMETRIC_REPRESENTATION_CONTEXT(2) 
PARAMETRIC_REPRESENTATION_CONTEXT() REPRESENTATION_CONTEXT('2D SPACE',''
  ) );
#3892 = ORIENTED_EDGE('',*,*,#3843,.T.);
#3893 = ADVANCED_FACE('',(#3894),#880,.F.);
#3894 = FACE_BOUND('',#3895,.F.);
#3895 = EDGE_LOOP('',(#3896,#3897,#3920,#3947));
#3896 = ORIENTED_EDGE('',*,*,#863,.F.);
#3897 = ORIENTED_EDGE('',*,*,#3898,.F.);
#3898 = EDGE_CURVE('',#3899,#864,#3901,.T.);
#3899 = VERTEX_POINT('',#3900);
#3900 = CARTESIAN_POINT('',(24.535533905933,-35.68553390593,-1.2));
#3901 = SEAM_CURVE('',#3902,(#3906,#3913),.PCURVE_S1.);
#3902 = LINE('',#3903,#3904);
#3903 = CARTESIAN_POINT('',(24.535533905933,-35.68553390593,-1.2));
#3904 = VECTOR('',#3905,1.);
#3905 = DIRECTION('',(0.,0.,1.));
#3906 = PCURVE('',#880,#3907);
#3907 = DEFINITIONAL_REPRESENTATION('',(#3908),#3912);
#3908 = LINE('',#3909,#3910);
#3909 = CARTESIAN_POINT('',(6.28318530718,-0.));
#3910 = VECTOR('',#3911,1.);
#3911 = DIRECTION('',(0.,1.));
#3912 = ( GEOMETRIC_REPRESENTATION_CONTEXT(2) 
PARAMETRIC_REPRESENTATION_CONTEXT() REPRESENTATION_CONTEXT('2D SPACE',''
  ) );
#3913 = PCURVE('',#880,#3914);
#3914 = DEFINITIONAL_REPRESENTATION('',(#3915),#3919);
#3915 = LINE('',#3916,#3917);
#3916 = CARTESIAN_POINT('',(0.,-0.));
#3917 = VECTOR('',#3918,1.);
#3918 = DIRECTION('',(0.,1.));
#3919 = ( GEOMETRIC_REPRESENTATION_CONTEXT(2) 
PARAMETRIC_REPRESENTATION_CONTEXT() REPRESENTATION_CONTEXT('2D SPACE',''
  ) );
#3920 = ORIENTED_EDGE('',*,*,#3921,.T.);
#3921 = EDGE_CURVE('',#3899,#3899,#3922,.T.);
#3922 = SURFACE_CURVE('',#3923,(#3928,#3935),.PCURVE_S1.);
#3923 = CIRCLE('',#3924,0.85);
#3924 = AXIS2_PLACEMENT_3D('',#3925,#3926,#3927);
#3925 = CARTESIAN_POINT('',(23.685533905933,-35.68553390593,-1.2));
#3926 = DIRECTION('',(0.,0.,1.));
#3927 = DIRECTION('',(1.,0.,-0.));
#3928 = PCURVE('',#880,#3929);
#3929 = DEFINITIONAL_REPRESENTATION('',(#3930),#3934);
#3930 = LINE('',#3931,#3932);
#3931 = CARTESIAN_POINT('',(0.,0.));
#3932 = VECTOR('',#3933,1.);
#3933 = DIRECTION('',(1.,0.));
#3934 = ( GEOMETRIC_REPRESENTATION_CONTEXT(2) 
PARAMETRIC_REPRESENTATION_CONTEXT() REPRESENTATION_CONTEXT('2D SPACE',''
  ) );
#3935 = PCURVE('',#3936,#3941);
#3936 = PLANE('',#3937);
#3937 = AXIS2_PLACEMENT_3D('',#3938,#3939,#3940);
#3938 = CARTESIAN_POINT('',(23.685533905933,-35.68553390593,-1.2));
#3939 = DIRECTION('',(0.,0.,1.));
#3940 = DIRECTION('',(1.,0.,-0.));
#3941 = DEFINITIONAL_REPRESENTATION('',(#3942),#3946);
#3942 = CIRCLE('',#3943,0.85);
#3943 = AXIS2_PLACEMENT_2D('',#3944,#3945);
#3944 = CARTESIAN_POINT('',(0.,0.));
#3945 = DIRECTION('',(1.,0.));
#3946 = ( GEOMETRIC_REPRESENTATION_CONTEXT(2) 
PARAMETRIC_REPRESENTATION_CONTEXT() REPRESENTATION_CONTEXT('2D SPACE',''
  ) );
#3947 = ORIENTED_EDGE('',*,*,#3898,.T.);
#3948 = ADVANCED_FACE('',(#3949),#911,.F.);
#3949 = FACE_BOUND('',#3950,.F.);
#3950 = EDGE_LOOP('',(#3951,#3981,#4002,#4003));
#3951 = ORIENTED_EDGE('',*,*,#3952,.F.);
#3952 = EDGE_CURVE('',#3953,#3955,#3957,.T.);
#3953 = VERTEX_POINT('',#3954);
#3954 = CARTESIAN_POINT('',(-23.35,-32.15,3.2));
#3955 = VERTEX_POINT('',#3956);
#3956 = CARTESIAN_POINT('',(-23.35,32.15,3.2));
#3957 = SURFACE_CURVE('',#3958,(#3962,#3969),.PCURVE_S1.);
#3958 = LINE('',#3959,#3960);
#3959 = CARTESIAN_POINT('',(-23.35,-32.15,3.2));
#3960 = VECTOR('',#3961,1.);
#3961 = DIRECTION('',(0.,1.,0.));
#3962 = PCURVE('',#911,#3963);
#3963 = DEFINITIONAL_REPRESENTATION('',(#3964),#3968);
#3964 = LINE('',#3965,#3966);
#3965 = CARTESIAN_POINT('',(0.,-1.8));
#3966 = VECTOR('',#3967,1.);
#3967 = DIRECTION('',(1.,0.));
#3968 = ( GEOMETRIC_REPRESENTATION_CONTEXT(2) 
PARAMETRIC_REPRESENTATION_CONTEXT() REPRESENTATION_CONTEXT('2D SPACE',''
  ) );
#3969 = PCURVE('',#3970,#3975);
#3970 = PLANE('',#3971);
#3971 = AXIS2_PLACEMENT_3D('',#3972,#3973,#3974);
#3972 = CARTESIAN_POINT('',(1.178668669698E-15,6.2035193142E-16,3.2));
#3973 = DIRECTION('',(0.,0.,1.));
#3974 = DIRECTION('',(1.,0.,-0.));
#3975 = DEFINITIONAL_REPRESENTATION('',(#3976),#3980);
#3976 = LINE('',#3977,#3978);
#3977 = CARTESIAN_POINT('',(-23.35,-32.15));
#3978 = VECTOR('',#3979,1.);
#3979 = DIRECTION('',(0.,1.));
#3980 = ( GEOMETRIC_REPRESENTATION_CONTEXT(2) 
PARAMETRIC_REPRESENTATION_CONTEXT() REPRESENTATION_CONTEXT('2D SPACE',''
  ) );
#3981 = ORIENTED_EDGE('',*,*,#3982,.T.);
#3982 = EDGE_CURVE('',#3953,#897,#3983,.T.);
#3983 = SURFACE_CURVE('',#3984,(#3988,#3995),.PCURVE_S1.);
#3984 = LINE('',#3985,#3986);
#3985 = CARTESIAN_POINT('',(-23.35,-32.15,1.4));
#3986 = VECTOR('',#3987,1.);
#3987 = DIRECTION('',(0.,0.,1.));
#3988 = PCURVE('',#911,#3989);
#3989 = DEFINITIONAL_REPRESENTATION('',(#3990),#3994);
#3990 = LINE('',#3991,#3992);
#3991 = CARTESIAN_POINT('',(0.,0.));
#3992 = VECTOR('',#3993,1.);
#3993 = DIRECTION('',(0.,-1.));
#3994 = ( GEOMETRIC_REPRESENTATION_CONTEXT(2) 
PARAMETRIC_REPRESENTATION_CONTEXT() REPRESENTATION_CONTEXT('2D SPACE',''
  ) );
#3995 = PCURVE('',#1118,#3996);
#3996 = DEFINITIONAL_REPRESENTATION('',(#3997),#4001);
#3997 = LINE('',#3998,#3999);
#3998 = CARTESIAN_POINT('',(-3.14159265359,0.));
#3999 = VECTOR('',#4000,1.);
#4000 = DIRECTION('',(-0.,-1.));
#4001 = ( GEOMETRIC_REPRESENTATION_CONTEXT(2) 
PARAMETRIC_REPRESENTATION_CONTEXT() REPRESENTATION_CONTEXT('2D SPACE',''
  ) );
#4002 = ORIENTED_EDGE('',*,*,#894,.F.);
#4003 = ORIENTED_EDGE('',*,*,#4004,.F.);
#4004 = EDGE_CURVE('',#3955,#895,#4005,.T.);
#4005 = SURFACE_CURVE('',#4006,(#4010,#4017),.PCURVE_S1.);
#4006 = LINE('',#4007,#4008);
#4007 = CARTESIAN_POINT('',(-23.35,32.15,1.4));
#4008 = VECTOR('',#4009,1.);
#4009 = DIRECTION('',(0.,0.,1.));
#4010 = PCURVE('',#911,#4011);
#4011 = DEFINITIONAL_REPRESENTATION('',(#4012),#4016);
#4012 = LINE('',#4013,#4014);
#4013 = CARTESIAN_POINT('',(64.3,0.));
#4014 = VECTOR('',#4015,1.);
#4015 = DIRECTION('',(0.,-1.));
#4016 = ( GEOMETRIC_REPRESENTATION_CONTEXT(2) 
PARAMETRIC_REPRESENTATION_CONTEXT() REPRESENTATION_CONTEXT('2D SPACE',''
  ) );
#4017 = PCURVE('',#943,#4018);
#4018 = DEFINITIONAL_REPRESENTATION('',(#4019),#4023);
#4019 = LINE('',#4020,#4021);
#4020 = CARTESIAN_POINT('',(-3.14159265359,0.));
#4021 = VECTOR('',#4022,1.);
#4022 = DIRECTION('',(-0.,-1.));
#4023 = ( GEOMETRIC_REPRESENTATION_CONTEXT(2) 
PARAMETRIC_REPRESENTATION_CONTEXT() REPRESENTATION_CONTEXT('2D SPACE',''
  ) );
#4024 = ADVANCED_FACE('',(#4025),#943,.F.);
#4025 = FACE_BOUND('',#4026,.T.);
#4026 = EDGE_LOOP('',(#4027,#4051,#4072,#4073));
#4027 = ORIENTED_EDGE('',*,*,#4028,.F.);
#4028 = EDGE_CURVE('',#4029,#3955,#4031,.T.);
#4029 = VERTEX_POINT('',#4030);
#4030 = CARTESIAN_POINT('',(-20.15,35.35,3.2));
#4031 = SURFACE_CURVE('',#4032,(#4037,#4044),.PCURVE_S1.);
#4032 = CIRCLE('',#4033,3.2);
#4033 = AXIS2_PLACEMENT_3D('',#4034,#4035,#4036);
#4034 = CARTESIAN_POINT('',(-20.15,32.15,3.2));
#4035 = DIRECTION('',(0.,0.,1.));
#4036 = DIRECTION('',(1.,0.,0.));
#4037 = PCURVE('',#943,#4038);
#4038 = DEFINITIONAL_REPRESENTATION('',(#4039),#4043);
#4039 = LINE('',#4040,#4041);
#4040 = CARTESIAN_POINT('',(-0.,-1.8));
#4041 = VECTOR('',#4042,1.);
#4042 = DIRECTION('',(-1.,0.));
#4043 = ( GEOMETRIC_REPRESENTATION_CONTEXT(2) 
PARAMETRIC_REPRESENTATION_CONTEXT() REPRESENTATION_CONTEXT('2D SPACE',''
  ) );
#4044 = PCURVE('',#3970,#4045);
#4045 = DEFINITIONAL_REPRESENTATION('',(#4046),#4050);
#4046 = CIRCLE('',#4047,3.2);
#4047 = AXIS2_PLACEMENT_2D('',#4048,#4049);
#4048 = CARTESIAN_POINT('',(-20.15,32.15));
#4049 = DIRECTION('',(1.,0.));
#4050 = ( GEOMETRIC_REPRESENTATION_CONTEXT(2) 
PARAMETRIC_REPRESENTATION_CONTEXT() REPRESENTATION_CONTEXT('2D SPACE',''
  ) );
#4051 = ORIENTED_EDGE('',*,*,#4052,.T.);
#4052 = EDGE_CURVE('',#4029,#923,#4053,.T.);
#4053 = SURFACE_CURVE('',#4054,(#4058,#4065),.PCURVE_S1.);
#4054 = LINE('',#4055,#4056);
#4055 = CARTESIAN_POINT('',(-20.15,35.35,1.4));
#4056 = VECTOR('',#4057,1.);
#4057 = DIRECTION('',(0.,0.,1.));
#4058 = PCURVE('',#943,#4059);
#4059 = DEFINITIONAL_REPRESENTATION('',(#4060),#4064);
#4060 = LINE('',#4061,#4062);
#4061 = CARTESIAN_POINT('',(-1.570796326795,0.));
#4062 = VECTOR('',#4063,1.);
#4063 = DIRECTION('',(-0.,-1.));
#4064 = ( GEOMETRIC_REPRESENTATION_CONTEXT(2) 
PARAMETRIC_REPRESENTATION_CONTEXT() REPRESENTATION_CONTEXT('2D SPACE',''
  ) );
#4065 = PCURVE('',#970,#4066);
#4066 = DEFINITIONAL_REPRESENTATION('',(#4067),#4071);
#4067 = LINE('',#4068,#4069);
#4068 = CARTESIAN_POINT('',(0.,0.));
#4069 = VECTOR('',#4070,1.);
#4070 = DIRECTION('',(0.,-1.));
#4071 = ( GEOMETRIC_REPRESENTATION_CONTEXT(2) 
PARAMETRIC_REPRESENTATION_CONTEXT() REPRESENTATION_CONTEXT('2D SPACE',''
  ) );
#4072 = ORIENTED_EDGE('',*,*,#922,.F.);
#4073 = ORIENTED_EDGE('',*,*,#4004,.F.);
#4074 = ADVANCED_FACE('',(#4075),#1118,.F.);
#4075 = FACE_BOUND('',#4076,.T.);
#4076 = EDGE_LOOP('',(#4077,#4105,#4106,#4107));
#4077 = ORIENTED_EDGE('',*,*,#4078,.T.);
#4078 = EDGE_CURVE('',#4079,#3953,#4081,.T.);
#4079 = VERTEX_POINT('',#4080);
#4080 = CARTESIAN_POINT('',(-20.15,-35.35,3.2));
#4081 = SURFACE_CURVE('',#4082,(#4087,#4094),.PCURVE_S1.);
#4082 = CIRCLE('',#4083,3.2);
#4083 = AXIS2_PLACEMENT_3D('',#4084,#4085,#4086);
#4084 = CARTESIAN_POINT('',(-20.15,-32.15,3.2));
#4085 = DIRECTION('',(0.,-0.,-1.));
#4086 = DIRECTION('',(0.,-1.,0.));
#4087 = PCURVE('',#1118,#4088);
#4088 = DEFINITIONAL_REPRESENTATION('',(#4089),#4093);
#4089 = LINE('',#4090,#4091);
#4090 = CARTESIAN_POINT('',(-4.712388980385,-1.8));
#4091 = VECTOR('',#4092,1.);
#4092 = DIRECTION('',(1.,-0.));
#4093 = ( GEOMETRIC_REPRESENTATION_CONTEXT(2) 
PARAMETRIC_REPRESENTATION_CONTEXT() REPRESENTATION_CONTEXT('2D SPACE',''
  ) );
#4094 = PCURVE('',#3970,#4095);
#4095 = DEFINITIONAL_REPRESENTATION('',(#4096),#4104);
#4096 = ( BOUNDED_CURVE() B_SPLINE_CURVE(2,(#4097,#4098,#4099,#4100,
#4101,#4102,#4103),.UNSPECIFIED.,.T.,.F.) B_SPLINE_CURVE_WITH_KNOTS((1,2
    ,2,2,2,1),(-2.094395102393,0.,2.094395102393,4.188790204786,
6.28318530718,8.377580409573),.UNSPECIFIED.) CURVE() 
GEOMETRIC_REPRESENTATION_ITEM() RATIONAL_B_SPLINE_CURVE((1.,0.5,1.,0.5,
1.,0.5,1.)) REPRESENTATION_ITEM('') );
#4097 = CARTESIAN_POINT('',(-20.15,-35.35));
#4098 = CARTESIAN_POINT('',(-25.69256258422,-35.35));
#4099 = CARTESIAN_POINT('',(-22.92128129211,-30.55));
#4100 = CARTESIAN_POINT('',(-20.15,-25.75));
#4101 = CARTESIAN_POINT('',(-17.37871870789,-30.55));
#4102 = CARTESIAN_POINT('',(-14.60743741578,-35.35));
#4103 = CARTESIAN_POINT('',(-20.15,-35.35));
#4104 = ( GEOMETRIC_REPRESENTATION_CONTEXT(2) 
PARAMETRIC_REPRESENTATION_CONTEXT() REPRESENTATION_CONTEXT('2D SPACE',''
  ) );
#4105 = ORIENTED_EDGE('',*,*,#3982,.T.);
#4106 = ORIENTED_EDGE('',*,*,#1099,.F.);
#4107 = ORIENTED_EDGE('',*,*,#4108,.F.);
#4108 = EDGE_CURVE('',#4079,#1074,#4109,.T.);
#4109 = SURFACE_CURVE('',#4110,(#4114,#4121),.PCURVE_S1.);
#4110 = LINE('',#4111,#4112);
#4111 = CARTESIAN_POINT('',(-20.15,-35.35,1.4));
#4112 = VECTOR('',#4113,1.);
#4113 = DIRECTION('',(0.,0.,1.));
#4114 = PCURVE('',#1118,#4115);
#4115 = DEFINITIONAL_REPRESENTATION('',(#4116),#4120);
#4116 = LINE('',#4117,#4118);
#4117 = CARTESIAN_POINT('',(-4.712388980385,0.));
#4118 = VECTOR('',#4119,1.);
#4119 = DIRECTION('',(-0.,-1.));
#4120 = ( GEOMETRIC_REPRESENTATION_CONTEXT(2) 
PARAMETRIC_REPRESENTATION_CONTEXT() REPRESENTATION_CONTEXT('2D SPACE',''
  ) );
#4121 = PCURVE('',#1088,#4122);
#4122 = DEFINITIONAL_REPRESENTATION('',(#4123),#4127);
#4123 = LINE('',#4124,#4125);
#4124 = CARTESIAN_POINT('',(0.,0.));
#4125 = VECTOR('',#4126,1.);
#4126 = DIRECTION('',(0.,-1.));
#4127 = ( GEOMETRIC_REPRESENTATION_CONTEXT(2) 
PARAMETRIC_REPRESENTATION_CONTEXT() REPRESENTATION_CONTEXT('2D SPACE',''
  ) );
#4128 = ADVANCED_FACE('',(#4129),#970,.F.);
#4129 = FACE_BOUND('',#4130,.F.);
#4130 = EDGE_LOOP('',(#4131,#4161,#4189,#4217,#4244,#4265,#4266,#4267,
    #4290,#4318,#4345,#4373,#4396,#4417));
#4131 = ORIENTED_EDGE('',*,*,#4132,.F.);
#4132 = EDGE_CURVE('',#4133,#4135,#4137,.T.);
#4133 = VERTEX_POINT('',#4134);
#4134 = CARTESIAN_POINT('',(-20.15,35.35,1.4));
#4135 = VERTEX_POINT('',#4136);
#4136 = CARTESIAN_POINT('',(-19.,35.35,1.4));
#4137 = SURFACE_CURVE('',#4138,(#4142,#4149),.PCURVE_S1.);
#4138 = LINE('',#4139,#4140);
#4139 = CARTESIAN_POINT('',(0.,35.35,1.4));
#4140 = VECTOR('',#4141,1.);
#4141 = DIRECTION('',(1.,0.,0.));
#4142 = PCURVE('',#970,#4143);
#4143 = DEFINITIONAL_REPRESENTATION('',(#4144),#4148);
#4144 = LINE('',#4145,#4146);
#4145 = CARTESIAN_POINT('',(20.15,0.));
#4146 = VECTOR('',#4147,1.);
#4147 = DIRECTION('',(1.,0.));
#4148 = ( GEOMETRIC_REPRESENTATION_CONTEXT(2) 
PARAMETRIC_REPRESENTATION_CONTEXT() REPRESENTATION_CONTEXT('2D SPACE',''
  ) );
#4149 = PCURVE('',#4150,#4155);
#4150 = PLANE('',#4151);
#4151 = AXIS2_PLACEMENT_3D('',#4152,#4153,#4154);
#4152 = CARTESIAN_POINT('',(1.178668669698E-15,6.2035193142E-16,1.4));
#4153 = DIRECTION('',(0.,0.,1.));
#4154 = DIRECTION('',(1.,0.,-0.));
#4155 = DEFINITIONAL_REPRESENTATION('',(#4156),#4160);
#4156 = LINE('',#4157,#4158);
#4157 = CARTESIAN_POINT('',(-1.178668669698E-15,35.35));
#4158 = VECTOR('',#4159,1.);
#4159 = DIRECTION('',(1.,0.));
#4160 = ( GEOMETRIC_REPRESENTATION_CONTEXT(2) 
PARAMETRIC_REPRESENTATION_CONTEXT() REPRESENTATION_CONTEXT('2D SPACE',''
  ) );
#4161 = ORIENTED_EDGE('',*,*,#4162,.T.);
#4162 = EDGE_CURVE('',#4133,#4163,#4165,.T.);
#4163 = VERTEX_POINT('',#4164);
#4164 = CARTESIAN_POINT('',(-20.15,35.35,2.4));
#4165 = SURFACE_CURVE('',#4166,(#4170,#4177),.PCURVE_S1.);
#4166 = LINE('',#4167,#4168);
#4167 = CARTESIAN_POINT('',(-20.15,35.35,1.4));
#4168 = VECTOR('',#4169,1.);
#4169 = DIRECTION('',(0.,0.,1.));
#4170 = PCURVE('',#970,#4171);
#4171 = DEFINITIONAL_REPRESENTATION('',(#4172),#4176);
#4172 = LINE('',#4173,#4174);
#4173 = CARTESIAN_POINT('',(0.,0.));
#4174 = VECTOR('',#4175,1.);
#4175 = DIRECTION('',(0.,-1.));
#4176 = ( GEOMETRIC_REPRESENTATION_CONTEXT(2) 
PARAMETRIC_REPRESENTATION_CONTEXT() REPRESENTATION_CONTEXT('2D SPACE',''
  ) );
#4177 = PCURVE('',#4178,#4183);
#4178 = CYLINDRICAL_SURFACE('',#4179,3.2);
#4179 = AXIS2_PLACEMENT_3D('',#4180,#4181,#4182);
#4180 = CARTESIAN_POINT('',(-20.15,32.15,1.4));
#4181 = DIRECTION('',(-0.,-0.,-1.));
#4182 = DIRECTION('',(1.,0.,0.));
#4183 = DEFINITIONAL_REPRESENTATION('',(#4184),#4188);
#4184 = LINE('',#4185,#4186);
#4185 = CARTESIAN_POINT('',(-1.570796326795,0.));
#4186 = VECTOR('',#4187,1.);
#4187 = DIRECTION('',(-0.,-1.));
#4188 = ( GEOMETRIC_REPRESENTATION_CONTEXT(2) 
PARAMETRIC_REPRESENTATION_CONTEXT() REPRESENTATION_CONTEXT('2D SPACE',''
  ) );
#4189 = ORIENTED_EDGE('',*,*,#4190,.T.);
#4190 = EDGE_CURVE('',#4163,#4191,#4193,.T.);
#4191 = VERTEX_POINT('',#4192);
#4192 = CARTESIAN_POINT('',(-19.,35.35,2.4));
#4193 = SURFACE_CURVE('',#4194,(#4198,#4205),.PCURVE_S1.);
#4194 = LINE('',#4195,#4196);
#4195 = CARTESIAN_POINT('',(0.,35.35,2.4));
#4196 = VECTOR('',#4197,1.);
#4197 = DIRECTION('',(1.,0.,0.));
#4198 = PCURVE('',#970,#4199);
#4199 = DEFINITIONAL_REPRESENTATION('',(#4200),#4204);
#4200 = LINE('',#4201,#4202);
#4201 = CARTESIAN_POINT('',(20.15,-1.));
#4202 = VECTOR('',#4203,1.);
#4203 = DIRECTION('',(1.,0.));
#4204 = ( GEOMETRIC_REPRESENTATION_CONTEXT(2) 
PARAMETRIC_REPRESENTATION_CONTEXT() REPRESENTATION_CONTEXT('2D SPACE',''
  ) );
#4205 = PCURVE('',#4206,#4211);
#4206 = PLANE('',#4207);
#4207 = AXIS2_PLACEMENT_3D('',#4208,#4209,#4210);
#4208 = CARTESIAN_POINT('',(1.178668669698E-15,6.2035193142E-16,2.4));
#4209 = DIRECTION('',(0.,0.,1.));
#4210 = DIRECTION('',(1.,0.,-0.));
#4211 = DEFINITIONAL_REPRESENTATION('',(#4212),#4216);
#4212 = LINE('',#4213,#4214);
#4213 = CARTESIAN_POINT('',(-1.178668669698E-15,35.35));
#4214 = VECTOR('',#4215,1.);
#4215 = DIRECTION('',(1.,0.));
#4216 = ( GEOMETRIC_REPRESENTATION_CONTEXT(2) 
PARAMETRIC_REPRESENTATION_CONTEXT() REPRESENTATION_CONTEXT('2D SPACE',''
  ) );
#4217 = ORIENTED_EDGE('',*,*,#4218,.F.);
#4218 = EDGE_CURVE('',#4219,#4191,#4221,.T.);
#4219 = VERTEX_POINT('',#4220);
#4220 = CARTESIAN_POINT('',(-19.,35.35,3.2));
#4221 = SURFACE_CURVE('',#4222,(#4226,#4233),.PCURVE_S1.);
#4222 = LINE('',#4223,#4224);
#4223 = CARTESIAN_POINT('',(-19.,35.35,2.15));
#4224 = VECTOR('',#4225,1.);
#4225 = DIRECTION('',(-0.,0.,-1.));
#4226 = PCURVE('',#970,#4227);
#4227 = DEFINITIONAL_REPRESENTATION('',(#4228),#4232);
#4228 = LINE('',#4229,#4230);
#4229 = CARTESIAN_POINT('',(1.15,-0.75));
#4230 = VECTOR('',#4231,1.);
#4231 = DIRECTION('',(0.,1.));
#4232 = ( GEOMETRIC_REPRESENTATION_CONTEXT(2) 
PARAMETRIC_REPRESENTATION_CONTEXT() REPRESENTATION_CONTEXT('2D SPACE',''
  ) );
#4233 = PCURVE('',#4234,#4239);
#4234 = PLANE('',#4235);
#4235 = AXIS2_PLACEMENT_3D('',#4236,#4237,#4238);
#4236 = CARTESIAN_POINT('',(-19.,28.5,1.9));
#4237 = DIRECTION('',(1.,0.,-0.));
#4238 = DIRECTION('',(0.,0.,1.));
#4239 = DEFINITIONAL_REPRESENTATION('',(#4240),#4243);
#4240 = B_SPLINE_CURVE_WITH_KNOTS('',1,(#4241,#4242),.UNSPECIFIED.,.F.,
  .F.,(2,2),(-1.05,-0.25),.PIECEWISE_BEZIER_KNOTS.);
#4241 = CARTESIAN_POINT('',(1.3,-6.85));
#4242 = CARTESIAN_POINT('',(0.5,-6.85));
#4243 = ( GEOMETRIC_REPRESENTATION_CONTEXT(2) 
PARAMETRIC_REPRESENTATION_CONTEXT() REPRESENTATION_CONTEXT('2D SPACE',''
  ) );
#4244 = ORIENTED_EDGE('',*,*,#4245,.F.);
#4245 = EDGE_CURVE('',#4029,#4219,#4246,.T.);
#4246 = SURFACE_CURVE('',#4247,(#4251,#4258),.PCURVE_S1.);
#4247 = LINE('',#4248,#4249);
#4248 = CARTESIAN_POINT('',(0.,35.35,3.2));
#4249 = VECTOR('',#4250,1.);
#4250 = DIRECTION('',(1.,0.,0.));
#4251 = PCURVE('',#970,#4252);
#4252 = DEFINITIONAL_REPRESENTATION('',(#4253),#4257);
#4253 = LINE('',#4254,#4255);
#4254 = CARTESIAN_POINT('',(20.15,-1.8));
#4255 = VECTOR('',#4256,1.);
#4256 = DIRECTION('',(1.,0.));
#4257 = ( GEOMETRIC_REPRESENTATION_CONTEXT(2) 
PARAMETRIC_REPRESENTATION_CONTEXT() REPRESENTATION_CONTEXT('2D SPACE',''
  ) );
#4258 = PCURVE('',#3970,#4259);
#4259 = DEFINITIONAL_REPRESENTATION('',(#4260),#4264);
#4260 = LINE('',#4261,#4262);
#4261 = CARTESIAN_POINT('',(-1.178668669698E-15,35.35));
#4262 = VECTOR('',#4263,1.);
#4263 = DIRECTION('',(1.,0.));
#4264 = ( GEOMETRIC_REPRESENTATION_CONTEXT(2) 
PARAMETRIC_REPRESENTATION_CONTEXT() REPRESENTATION_CONTEXT('2D SPACE',''
  ) );
#4265 = ORIENTED_EDGE('',*,*,#4052,.T.);
#4266 = ORIENTED_EDGE('',*,*,#955,.F.);
#4267 = ORIENTED_EDGE('',*,*,#4268,.F.);
#4268 = EDGE_CURVE('',#4269,#956,#4271,.T.);
#4269 = VERTEX_POINT('',#4270);
#4270 = CARTESIAN_POINT('',(20.15,35.35,3.2));
#4271 = SURFACE_CURVE('',#4272,(#4276,#4283),.PCURVE_S1.);
#4272 = LINE('',#4273,#4274);
#4273 = CARTESIAN_POINT('',(20.15,35.35,1.4));
#4274 = VECTOR('',#4275,1.);
#4275 = DIRECTION('',(0.,0.,1.));
#4276 = PCURVE('',#970,#4277);
#4277 = DEFINITIONAL_REPRESENTATION('',(#4278),#4282);
#4278 = LINE('',#4279,#4280);
#4279 = CARTESIAN_POINT('',(40.3,0.));
#4280 = VECTOR('',#4281,1.);
#4281 = DIRECTION('',(0.,-1.));
#4282 = ( GEOMETRIC_REPRESENTATION_CONTEXT(2) 
PARAMETRIC_REPRESENTATION_CONTEXT() REPRESENTATION_CONTEXT('2D SPACE',''
  ) );
#4283 = PCURVE('',#1002,#4284);
#4284 = DEFINITIONAL_REPRESENTATION('',(#4285),#4289);
#4285 = LINE('',#4286,#4287);
#4286 = CARTESIAN_POINT('',(-1.570796326795,0.));
#4287 = VECTOR('',#4288,1.);
#4288 = DIRECTION('',(-0.,-1.));
#4289 = ( GEOMETRIC_REPRESENTATION_CONTEXT(2) 
PARAMETRIC_REPRESENTATION_CONTEXT() REPRESENTATION_CONTEXT('2D SPACE',''
  ) );
#4290 = ORIENTED_EDGE('',*,*,#4291,.F.);
#4291 = EDGE_CURVE('',#4292,#4269,#4294,.T.);
#4292 = VERTEX_POINT('',#4293);
#4293 = CARTESIAN_POINT('',(9.,35.35,3.2));
#4294 = SURFACE_CURVE('',#4295,(#4299,#4306),.PCURVE_S1.);
#4295 = LINE('',#4296,#4297);
#4296 = CARTESIAN_POINT('',(0.,35.35,3.2));
#4297 = VECTOR('',#4298,1.);
#4298 = DIRECTION('',(1.,0.,0.));
#4299 = PCURVE('',#970,#4300);
#4300 = DEFINITIONAL_REPRESENTATION('',(#4301),#4305);
#4301 = LINE('',#4302,#4303);
#4302 = CARTESIAN_POINT('',(20.15,-1.8));
#4303 = VECTOR('',#4304,1.);
#4304 = DIRECTION('',(1.,0.));
#4305 = ( GEOMETRIC_REPRESENTATION_CONTEXT(2) 
PARAMETRIC_REPRESENTATION_CONTEXT() REPRESENTATION_CONTEXT('2D SPACE',''
  ) );
#4306 = PCURVE('',#4307,#4312);
#4307 = PLANE('',#4308);
#4308 = AXIS2_PLACEMENT_3D('',#4309,#4310,#4311);
#4309 = CARTESIAN_POINT('',(1.178668669698E-15,6.2035193142E-16,3.2));
#4310 = DIRECTION('',(0.,0.,1.));
#4311 = DIRECTION('',(1.,0.,-0.));
#4312 = DEFINITIONAL_REPRESENTATION('',(#4313),#4317);
#4313 = LINE('',#4314,#4315);
#4314 = CARTESIAN_POINT('',(-1.178668669698E-15,35.35));
#4315 = VECTOR('',#4316,1.);
#4316 = DIRECTION('',(1.,0.));
#4317 = ( GEOMETRIC_REPRESENTATION_CONTEXT(2) 
PARAMETRIC_REPRESENTATION_CONTEXT() REPRESENTATION_CONTEXT('2D SPACE',''
  ) );
#4318 = ORIENTED_EDGE('',*,*,#4319,.T.);
#4319 = EDGE_CURVE('',#4292,#4320,#4322,.T.);
#4320 = VERTEX_POINT('',#4321);
#4321 = CARTESIAN_POINT('',(9.,35.35,2.4));
#4322 = SURFACE_CURVE('',#4323,(#4327,#4334),.PCURVE_S1.);
#4323 = LINE('',#4324,#4325);
#4324 = CARTESIAN_POINT('',(9.,35.35,2.15));
#4325 = VECTOR('',#4326,1.);
#4326 = DIRECTION('',(-0.,0.,-1.));
#4327 = PCURVE('',#970,#4328);
#4328 = DEFINITIONAL_REPRESENTATION('',(#4329),#4333);
#4329 = LINE('',#4330,#4331);
#4330 = CARTESIAN_POINT('',(29.15,-0.75));
#4331 = VECTOR('',#4332,1.);
#4332 = DIRECTION('',(0.,1.));
#4333 = ( GEOMETRIC_REPRESENTATION_CONTEXT(2) 
PARAMETRIC_REPRESENTATION_CONTEXT() REPRESENTATION_CONTEXT('2D SPACE',''
  ) );
#4334 = PCURVE('',#4335,#4340);
#4335 = PLANE('',#4336);
#4336 = AXIS2_PLACEMENT_3D('',#4337,#4338,#4339);
#4337 = CARTESIAN_POINT('',(9.,28.5,1.9));
#4338 = DIRECTION('',(1.,0.,-0.));
#4339 = DIRECTION('',(0.,0.,1.));
#4340 = DEFINITIONAL_REPRESENTATION('',(#4341),#4344);
#4341 = B_SPLINE_CURVE_WITH_KNOTS('',1,(#4342,#4343),.UNSPECIFIED.,.F.,
  .F.,(2,2),(-1.05,-0.25),.PIECEWISE_BEZIER_KNOTS.);
#4342 = CARTESIAN_POINT('',(1.3,-6.85));
#4343 = CARTESIAN_POINT('',(0.5,-6.85));
#4344 = ( GEOMETRIC_REPRESENTATION_CONTEXT(2) 
PARAMETRIC_REPRESENTATION_CONTEXT() REPRESENTATION_CONTEXT('2D SPACE',''
  ) );
#4345 = ORIENTED_EDGE('',*,*,#4346,.T.);
#4346 = EDGE_CURVE('',#4320,#4347,#4349,.T.);
#4347 = VERTEX_POINT('',#4348);
#4348 = CARTESIAN_POINT('',(20.15,35.35,2.4));
#4349 = SURFACE_CURVE('',#4350,(#4354,#4361),.PCURVE_S1.);
#4350 = LINE('',#4351,#4352);
#4351 = CARTESIAN_POINT('',(0.,35.35,2.4));
#4352 = VECTOR('',#4353,1.);
#4353 = DIRECTION('',(1.,0.,0.));
#4354 = PCURVE('',#970,#4355);
#4355 = DEFINITIONAL_REPRESENTATION('',(#4356),#4360);
#4356 = LINE('',#4357,#4358);
#4357 = CARTESIAN_POINT('',(20.15,-1.));
#4358 = VECTOR('',#4359,1.);
#4359 = DIRECTION('',(1.,0.));
#4360 = ( GEOMETRIC_REPRESENTATION_CONTEXT(2) 
PARAMETRIC_REPRESENTATION_CONTEXT() REPRESENTATION_CONTEXT('2D SPACE',''
  ) );
#4361 = PCURVE('',#4362,#4367);
#4362 = PLANE('',#4363);
#4363 = AXIS2_PLACEMENT_3D('',#4364,#4365,#4366);
#4364 = CARTESIAN_POINT('',(1.178668669698E-15,6.2035193142E-16,2.4));
#4365 = DIRECTION('',(0.,0.,1.));
#4366 = DIRECTION('',(1.,0.,-0.));
#4367 = DEFINITIONAL_REPRESENTATION('',(#4368),#4372);
#4368 = LINE('',#4369,#4370);
#4369 = CARTESIAN_POINT('',(-1.178668669698E-15,35.35));
#4370 = VECTOR('',#4371,1.);
#4371 = DIRECTION('',(1.,0.));
#4372 = ( GEOMETRIC_REPRESENTATION_CONTEXT(2) 
PARAMETRIC_REPRESENTATION_CONTEXT() REPRESENTATION_CONTEXT('2D SPACE',''
  ) );
#4373 = ORIENTED_EDGE('',*,*,#4374,.F.);
#4374 = EDGE_CURVE('',#4375,#4347,#4377,.T.);
#4375 = VERTEX_POINT('',#4376);
#4376 = CARTESIAN_POINT('',(20.15,35.35,2.2));
#4377 = SURFACE_CURVE('',#4378,(#4382,#4389),.PCURVE_S1.);
#4378 = LINE('',#4379,#4380);
#4379 = CARTESIAN_POINT('',(20.15,35.35,1.4));
#4380 = VECTOR('',#4381,1.);
#4381 = DIRECTION('',(0.,0.,1.));
#4382 = PCURVE('',#970,#4383);
#4383 = DEFINITIONAL_REPRESENTATION('',(#4384),#4388);
#4384 = LINE('',#4385,#4386);
#4385 = CARTESIAN_POINT('',(40.3,0.));
#4386 = VECTOR('',#4387,1.);
#4387 = DIRECTION('',(0.,-1.));
#4388 = ( GEOMETRIC_REPRESENTATION_CONTEXT(2) 
PARAMETRIC_REPRESENTATION_CONTEXT() REPRESENTATION_CONTEXT('2D SPACE',''
  ) );
#4389 = PCURVE('',#1002,#4390);
#4390 = DEFINITIONAL_REPRESENTATION('',(#4391),#4395);
#4391 = LINE('',#4392,#4393);
#4392 = CARTESIAN_POINT('',(-1.570796326795,0.));
#4393 = VECTOR('',#4394,1.);
#4394 = DIRECTION('',(-0.,-1.));
#4395 = ( GEOMETRIC_REPRESENTATION_CONTEXT(2) 
PARAMETRIC_REPRESENTATION_CONTEXT() REPRESENTATION_CONTEXT('2D SPACE',''
  ) );
#4396 = ORIENTED_EDGE('',*,*,#4397,.F.);
#4397 = EDGE_CURVE('',#4398,#4375,#4400,.T.);
#4398 = VERTEX_POINT('',#4399);
#4399 = CARTESIAN_POINT('',(-19.,35.35,2.2));
#4400 = SURFACE_CURVE('',#4401,(#4405,#4411),.PCURVE_S1.);
#4401 = LINE('',#4402,#4403);
#4402 = CARTESIAN_POINT('',(-19.575,35.35,2.2));
#4403 = VECTOR('',#4404,1.);
#4404 = DIRECTION('',(1.,0.,0.));
#4405 = PCURVE('',#970,#4406);
#4406 = DEFINITIONAL_REPRESENTATION('',(#4407),#4410);
#4407 = B_SPLINE_CURVE_WITH_KNOTS('',1,(#4408,#4409),.UNSPECIFIED.,.F.,
  .F.,(2,2),(0.575,39.725),.PIECEWISE_BEZIER_KNOTS.);
#4408 = CARTESIAN_POINT('',(1.15,-0.8));
#4409 = CARTESIAN_POINT('',(40.3,-0.8));
#4410 = ( GEOMETRIC_REPRESENTATION_CONTEXT(2) 
PARAMETRIC_REPRESENTATION_CONTEXT() REPRESENTATION_CONTEXT('2D SPACE',''
  ) );
#4411 = PCURVE('',#3488,#4412);
#4412 = DEFINITIONAL_REPRESENTATION('',(#4413),#4416);
#4413 = B_SPLINE_CURVE_WITH_KNOTS('',1,(#4414,#4415),.UNSPECIFIED.,.F.,
  .F.,(2,2),(0.575,39.725),.PIECEWISE_BEZIER_KNOTS.);
#4414 = CARTESIAN_POINT('',(0.,3.7));
#4415 = CARTESIAN_POINT('',(39.15,3.7));
#4416 = ( GEOMETRIC_REPRESENTATION_CONTEXT(2) 
PARAMETRIC_REPRESENTATION_CONTEXT() REPRESENTATION_CONTEXT('2D SPACE',''
  ) );
#4417 = ORIENTED_EDGE('',*,*,#4418,.T.);
#4418 = EDGE_CURVE('',#4398,#4135,#4419,.T.);
#4419 = SURFACE_CURVE('',#4420,(#4424,#4430),.PCURVE_S1.);
#4420 = LINE('',#4421,#4422);
#4421 = CARTESIAN_POINT('',(-19.,35.35,-1.3));
#4422 = VECTOR('',#4423,1.);
#4423 = DIRECTION('',(-0.,0.,-1.));
#4424 = PCURVE('',#970,#4425);
#4425 = DEFINITIONAL_REPRESENTATION('',(#4426),#4429);
#4426 = B_SPLINE_CURVE_WITH_KNOTS('',1,(#4427,#4428),.UNSPECIFIED.,.F.,
  .F.,(2,2),(-3.5,-2.7),.PIECEWISE_BEZIER_KNOTS.);
#4427 = CARTESIAN_POINT('',(1.15,-0.8));
#4428 = CARTESIAN_POINT('',(1.15,0.));
#4429 = ( GEOMETRIC_REPRESENTATION_CONTEXT(2) 
PARAMETRIC_REPRESENTATION_CONTEXT() REPRESENTATION_CONTEXT('2D SPACE',''
  ) );
#4430 = PCURVE('',#3206,#4431);
#4431 = DEFINITIONAL_REPRESENTATION('',(#4432),#4435);
#4432 = B_SPLINE_CURVE_WITH_KNOTS('',1,(#4433,#4434),.UNSPECIFIED.,.F.,
  .F.,(2,2),(-3.5,-2.7),.PIECEWISE_BEZIER_KNOTS.);
#4433 = CARTESIAN_POINT('',(6.2,-3.7));
#4434 = CARTESIAN_POINT('',(5.4,-3.7));
#4435 = ( GEOMETRIC_REPRESENTATION_CONTEXT(2) 
PARAMETRIC_REPRESENTATION_CONTEXT() REPRESENTATION_CONTEXT('2D SPACE',''
  ) );
#4436 = ADVANCED_FACE('',(#4437),#1088,.T.);
#4437 = FACE_BOUND('',#4438,.T.);
#4438 = EDGE_LOOP('',(#4439,#4462,#4463,#4464));
#4439 = ORIENTED_EDGE('',*,*,#4440,.F.);
#4440 = EDGE_CURVE('',#4079,#4441,#4443,.T.);
#4441 = VERTEX_POINT('',#4442);
#4442 = CARTESIAN_POINT('',(20.15,-35.35,3.2));
#4443 = SURFACE_CURVE('',#4444,(#4448,#4455),.PCURVE_S1.);
#4444 = LINE('',#4445,#4446);
#4445 = CARTESIAN_POINT('',(0.,-35.35,3.2));
#4446 = VECTOR('',#4447,1.);
#4447 = DIRECTION('',(1.,0.,0.));
#4448 = PCURVE('',#1088,#4449);
#4449 = DEFINITIONAL_REPRESENTATION('',(#4450),#4454);
#4450 = LINE('',#4451,#4452);
#4451 = CARTESIAN_POINT('',(20.15,-1.8));
#4452 = VECTOR('',#4453,1.);
#4453 = DIRECTION('',(1.,0.));
#4454 = ( GEOMETRIC_REPRESENTATION_CONTEXT(2) 
PARAMETRIC_REPRESENTATION_CONTEXT() REPRESENTATION_CONTEXT('2D SPACE',''
  ) );
#4455 = PCURVE('',#3970,#4456);
#4456 = DEFINITIONAL_REPRESENTATION('',(#4457),#4461);
#4457 = LINE('',#4458,#4459);
#4458 = CARTESIAN_POINT('',(-1.178668669698E-15,-35.35));
#4459 = VECTOR('',#4460,1.);
#4460 = DIRECTION('',(1.,0.));
#4461 = ( GEOMETRIC_REPRESENTATION_CONTEXT(2) 
PARAMETRIC_REPRESENTATION_CONTEXT() REPRESENTATION_CONTEXT('2D SPACE',''
  ) );
#4462 = ORIENTED_EDGE('',*,*,#4108,.T.);
#4463 = ORIENTED_EDGE('',*,*,#1073,.F.);
#4464 = ORIENTED_EDGE('',*,*,#4465,.F.);
#4465 = EDGE_CURVE('',#4441,#1041,#4466,.T.);
#4466 = SURFACE_CURVE('',#4467,(#4471,#4478),.PCURVE_S1.);
#4467 = LINE('',#4468,#4469);
#4468 = CARTESIAN_POINT('',(20.15,-35.35,1.4));
#4469 = VECTOR('',#4470,1.);
#4470 = DIRECTION('',(0.,0.,1.));
#4471 = PCURVE('',#1088,#4472);
#4472 = DEFINITIONAL_REPRESENTATION('',(#4473),#4477);
#4473 = LINE('',#4474,#4475);
#4474 = CARTESIAN_POINT('',(40.3,0.));
#4475 = VECTOR('',#4476,1.);
#4476 = DIRECTION('',(0.,-1.));
#4477 = ( GEOMETRIC_REPRESENTATION_CONTEXT(2) 
PARAMETRIC_REPRESENTATION_CONTEXT() REPRESENTATION_CONTEXT('2D SPACE',''
  ) );
#4478 = PCURVE('',#1061,#4479);
#4479 = DEFINITIONAL_REPRESENTATION('',(#4480),#4484);
#4480 = LINE('',#4481,#4482);
#4481 = CARTESIAN_POINT('',(-4.712388980385,0.));
#4482 = VECTOR('',#4483,1.);
#4483 = DIRECTION('',(-0.,-1.));
#4484 = ( GEOMETRIC_REPRESENTATION_CONTEXT(2) 
PARAMETRIC_REPRESENTATION_CONTEXT() REPRESENTATION_CONTEXT('2D SPACE',''
  ) );
#4485 = ADVANCED_FACE('',(#4486),#1002,.F.);
#4486 = FACE_BOUND('',#4487,.T.);
#4487 = EDGE_LOOP('',(#4488,#4514,#4535,#4536,#4537,#4561,#4588,#4610,
    #4611,#4639));
#4488 = ORIENTED_EDGE('',*,*,#4489,.F.);
#4489 = EDGE_CURVE('',#4490,#4492,#4494,.T.);
#4490 = VERTEX_POINT('',#4491);
#4491 = CARTESIAN_POINT('',(23.35,32.15,1.4));
#4492 = VERTEX_POINT('',#4493);
#4493 = CARTESIAN_POINT('',(22.,34.761034277829,1.4));
#4494 = SURFACE_CURVE('',#4495,(#4500,#4507),.PCURVE_S1.);
#4495 = CIRCLE('',#4496,3.2);
#4496 = AXIS2_PLACEMENT_3D('',#4497,#4498,#4499);
#4497 = CARTESIAN_POINT('',(20.15,32.15,1.4));
#4498 = DIRECTION('',(0.,0.,1.));
#4499 = DIRECTION('',(1.,0.,0.));
#4500 = PCURVE('',#1002,#4501);
#4501 = DEFINITIONAL_REPRESENTATION('',(#4502),#4506);
#4502 = LINE('',#4503,#4504);
#4503 = CARTESIAN_POINT('',(-0.,0.));
#4504 = VECTOR('',#4505,1.);
#4505 = DIRECTION('',(-1.,0.));
#4506 = ( GEOMETRIC_REPRESENTATION_CONTEXT(2) 
PARAMETRIC_REPRESENTATION_CONTEXT() REPRESENTATION_CONTEXT('2D SPACE',''
  ) );
#4507 = PCURVE('',#4150,#4508);
#4508 = DEFINITIONAL_REPRESENTATION('',(#4509),#4513);
#4509 = CIRCLE('',#4510,3.2);
#4510 = AXIS2_PLACEMENT_2D('',#4511,#4512);
#4511 = CARTESIAN_POINT('',(20.15,32.15));
#4512 = DIRECTION('',(1.,0.));
#4513 = ( GEOMETRIC_REPRESENTATION_CONTEXT(2) 
PARAMETRIC_REPRESENTATION_CONTEXT() REPRESENTATION_CONTEXT('2D SPACE',''
  ) );
#4514 = ORIENTED_EDGE('',*,*,#4515,.T.);
#4515 = EDGE_CURVE('',#4490,#982,#4516,.T.);
#4516 = SURFACE_CURVE('',#4517,(#4521,#4528),.PCURVE_S1.);
#4517 = LINE('',#4518,#4519);
#4518 = CARTESIAN_POINT('',(23.35,32.15,1.4));
#4519 = VECTOR('',#4520,1.);
#4520 = DIRECTION('',(0.,0.,1.));
#4521 = PCURVE('',#1002,#4522);
#4522 = DEFINITIONAL_REPRESENTATION('',(#4523),#4527);
#4523 = LINE('',#4524,#4525);
#4524 = CARTESIAN_POINT('',(-0.,0.));
#4525 = VECTOR('',#4526,1.);
#4526 = DIRECTION('',(-0.,-1.));
#4527 = ( GEOMETRIC_REPRESENTATION_CONTEXT(2) 
PARAMETRIC_REPRESENTATION_CONTEXT() REPRESENTATION_CONTEXT('2D SPACE',''
  ) );
#4528 = PCURVE('',#1029,#4529);
#4529 = DEFINITIONAL_REPRESENTATION('',(#4530),#4534);
#4530 = LINE('',#4531,#4532);
#4531 = CARTESIAN_POINT('',(64.3,0.));
#4532 = VECTOR('',#4533,1.);
#4533 = DIRECTION('',(0.,-1.));
#4534 = ( GEOMETRIC_REPRESENTATION_CONTEXT(2) 
PARAMETRIC_REPRESENTATION_CONTEXT() REPRESENTATION_CONTEXT('2D SPACE',''
  ) );
#4535 = ORIENTED_EDGE('',*,*,#981,.F.);
#4536 = ORIENTED_EDGE('',*,*,#4268,.F.);
#4537 = ORIENTED_EDGE('',*,*,#4538,.F.);
#4538 = EDGE_CURVE('',#4539,#4269,#4541,.T.);
#4539 = VERTEX_POINT('',#4540);
#4540 = CARTESIAN_POINT('',(20.4,35.34021942819,3.2));
#4541 = SURFACE_CURVE('',#4542,(#4547,#4554),.PCURVE_S1.);
#4542 = CIRCLE('',#4543,3.2);
#4543 = AXIS2_PLACEMENT_3D('',#4544,#4545,#4546);
#4544 = CARTESIAN_POINT('',(20.15,32.15,3.2));
#4545 = DIRECTION('',(0.,0.,1.));
#4546 = DIRECTION('',(1.,0.,0.));
#4547 = PCURVE('',#1002,#4548);
#4548 = DEFINITIONAL_REPRESENTATION('',(#4549),#4553);
#4549 = LINE('',#4550,#4551);
#4550 = CARTESIAN_POINT('',(-0.,-1.8));
#4551 = VECTOR('',#4552,1.);
#4552 = DIRECTION('',(-1.,0.));
#4553 = ( GEOMETRIC_REPRESENTATION_CONTEXT(2) 
PARAMETRIC_REPRESENTATION_CONTEXT() REPRESENTATION_CONTEXT('2D SPACE',''
  ) );
#4554 = PCURVE('',#4307,#4555);
#4555 = DEFINITIONAL_REPRESENTATION('',(#4556),#4560);
#4556 = CIRCLE('',#4557,3.2);
#4557 = AXIS2_PLACEMENT_2D('',#4558,#4559);
#4558 = CARTESIAN_POINT('',(20.15,32.15));
#4559 = DIRECTION('',(1.,0.));
#4560 = ( GEOMETRIC_REPRESENTATION_CONTEXT(2) 
PARAMETRIC_REPRESENTATION_CONTEXT() REPRESENTATION_CONTEXT('2D SPACE',''
  ) );
#4561 = ORIENTED_EDGE('',*,*,#4562,.T.);
#4562 = EDGE_CURVE('',#4539,#4563,#4565,.T.);
#4563 = VERTEX_POINT('',#4564);
#4564 = CARTESIAN_POINT('',(20.4,35.34021942819,2.4));
#4565 = SURFACE_CURVE('',#4566,(#4570,#4577),.PCURVE_S1.);
#4566 = LINE('',#4567,#4568);
#4567 = CARTESIAN_POINT('',(20.4,35.34021942819,2.4));
#4568 = VECTOR('',#4569,1.);
#4569 = DIRECTION('',(-0.,-0.,-1.));
#4570 = PCURVE('',#1002,#4571);
#4571 = DEFINITIONAL_REPRESENTATION('',(#4572),#4576);
#4572 = LINE('',#4573,#4574);
#4573 = CARTESIAN_POINT('',(-1.49259163486,-1.));
#4574 = VECTOR('',#4575,1.);
#4575 = DIRECTION('',(-0.,1.));
#4576 = ( GEOMETRIC_REPRESENTATION_CONTEXT(2) 
PARAMETRIC_REPRESENTATION_CONTEXT() REPRESENTATION_CONTEXT('2D SPACE',''
  ) );
#4577 = PCURVE('',#4578,#4583);
#4578 = PLANE('',#4579);
#4579 = AXIS2_PLACEMENT_3D('',#4580,#4581,#4582);
#4580 = CARTESIAN_POINT('',(20.4,-14.5,1.9));
#4581 = DIRECTION('',(1.,0.,-0.));
#4582 = DIRECTION('',(0.,0.,1.));
#4583 = DEFINITIONAL_REPRESENTATION('',(#4584),#4587);
#4584 = B_SPLINE_CURVE_WITH_KNOTS('',1,(#4585,#4586),.UNSPECIFIED.,.F.,
  .F.,(2,2),(-0.8000006,5.999999999062E-07),.PIECEWISE_BEZIER_KNOTS.);
#4585 = CARTESIAN_POINT('',(1.3000006,-49.84021942819));
#4586 = CARTESIAN_POINT('',(0.4999994,-49.84021942819));
#4587 = ( GEOMETRIC_REPRESENTATION_CONTEXT(2) 
PARAMETRIC_REPRESENTATION_CONTEXT() REPRESENTATION_CONTEXT('2D SPACE',''
  ) );
#4588 = ORIENTED_EDGE('',*,*,#4589,.T.);
#4589 = EDGE_CURVE('',#4563,#4347,#4590,.T.);
#4590 = SURFACE_CURVE('',#4591,(#4596,#4603),.PCURVE_S1.);
#4591 = CIRCLE('',#4592,3.2);
#4592 = AXIS2_PLACEMENT_3D('',#4593,#4594,#4595);
#4593 = CARTESIAN_POINT('',(20.15,32.15,2.4));
#4594 = DIRECTION('',(0.,0.,1.));
#4595 = DIRECTION('',(1.,0.,0.));
#4596 = PCURVE('',#1002,#4597);
#4597 = DEFINITIONAL_REPRESENTATION('',(#4598),#4602);
#4598 = LINE('',#4599,#4600);
#4599 = CARTESIAN_POINT('',(-0.,-1.));
#4600 = VECTOR('',#4601,1.);
#4601 = DIRECTION('',(-1.,0.));
#4602 = ( GEOMETRIC_REPRESENTATION_CONTEXT(2) 
PARAMETRIC_REPRESENTATION_CONTEXT() REPRESENTATION_CONTEXT('2D SPACE',''
  ) );
#4603 = PCURVE('',#4362,#4604);
#4604 = DEFINITIONAL_REPRESENTATION('',(#4605),#4609);
#4605 = CIRCLE('',#4606,3.2);
#4606 = AXIS2_PLACEMENT_2D('',#4607,#4608);
#4607 = CARTESIAN_POINT('',(20.15,32.15));
#4608 = DIRECTION('',(1.,0.));
#4609 = ( GEOMETRIC_REPRESENTATION_CONTEXT(2) 
PARAMETRIC_REPRESENTATION_CONTEXT() REPRESENTATION_CONTEXT('2D SPACE',''
  ) );
#4610 = ORIENTED_EDGE('',*,*,#4374,.F.);
#4611 = ORIENTED_EDGE('',*,*,#4612,.T.);
#4612 = EDGE_CURVE('',#4375,#4613,#4615,.T.);
#4613 = VERTEX_POINT('',#4614);
#4614 = CARTESIAN_POINT('',(22.,34.761034277829,2.2));
#4615 = SURFACE_CURVE('',#4616,(#4621,#4628),.PCURVE_S1.);
#4616 = CIRCLE('',#4617,3.2);
#4617 = AXIS2_PLACEMENT_3D('',#4618,#4619,#4620);
#4618 = CARTESIAN_POINT('',(20.15,32.15,2.2));
#4619 = DIRECTION('',(0.,0.,-1.));
#4620 = DIRECTION('',(1.,0.,0.));
#4621 = PCURVE('',#1002,#4622);
#4622 = DEFINITIONAL_REPRESENTATION('',(#4623),#4627);
#4623 = LINE('',#4624,#4625);
#4624 = CARTESIAN_POINT('',(-6.28318530718,-0.8));
#4625 = VECTOR('',#4626,1.);
#4626 = DIRECTION('',(1.,-0.));
#4627 = ( GEOMETRIC_REPRESENTATION_CONTEXT(2) 
PARAMETRIC_REPRESENTATION_CONTEXT() REPRESENTATION_CONTEXT('2D SPACE',''
  ) );
#4628 = PCURVE('',#3488,#4629);
#4629 = DEFINITIONAL_REPRESENTATION('',(#4630),#4638);
#4630 = ( BOUNDED_CURVE() B_SPLINE_CURVE(2,(#4631,#4632,#4633,#4634,
#4635,#4636,#4637),.UNSPECIFIED.,.T.,.F.) B_SPLINE_CURVE_WITH_KNOTS((1,2
    ,2,2,2,1),(-2.094395102393,0.,2.094395102393,4.188790204786,
6.28318530718,8.377580409573),.UNSPECIFIED.) CURVE() 
GEOMETRIC_REPRESENTATION_ITEM() RATIONAL_B_SPLINE_CURVE((1.,0.5,1.,0.5,
1.,0.5,1.)) REPRESENTATION_ITEM('') );
#4631 = CARTESIAN_POINT('',(42.35,0.5));
#4632 = CARTESIAN_POINT('',(42.35,-5.04256258422));
#4633 = CARTESIAN_POINT('',(37.55,-2.27128129211));
#4634 = CARTESIAN_POINT('',(32.75,0.5));
#4635 = CARTESIAN_POINT('',(37.55,3.27128129211));
#4636 = CARTESIAN_POINT('',(42.35,6.04256258422));
#4637 = CARTESIAN_POINT('',(42.35,0.5));
#4638 = ( GEOMETRIC_REPRESENTATION_CONTEXT(2) 
PARAMETRIC_REPRESENTATION_CONTEXT() REPRESENTATION_CONTEXT('2D SPACE',''
  ) );
#4639 = ORIENTED_EDGE('',*,*,#4640,.T.);
#4640 = EDGE_CURVE('',#4613,#4492,#4641,.T.);
#4641 = SURFACE_CURVE('',#4642,(#4646,#4652),.PCURVE_S1.);
#4642 = LINE('',#4643,#4644);
#4643 = CARTESIAN_POINT('',(22.,34.761034277829,1.4));
#4644 = VECTOR('',#4645,1.);
#4645 = DIRECTION('',(-0.,-0.,-1.));
#4646 = PCURVE('',#1002,#4647);
#4647 = DEFINITIONAL_REPRESENTATION('',(#4648),#4651);
#4648 = B_SPLINE_CURVE_WITH_KNOTS('',1,(#4649,#4650),.UNSPECIFIED.,.F.,
  .F.,(2,2),(-1.42,5.999999999062E-07),.PIECEWISE_BEZIER_KNOTS.);
#4649 = CARTESIAN_POINT('',(-0.954367451873,-1.42));
#4650 = CARTESIAN_POINT('',(-0.954367451873,5.999999999062E-07));
#4651 = ( GEOMETRIC_REPRESENTATION_CONTEXT(2) 
PARAMETRIC_REPRESENTATION_CONTEXT() REPRESENTATION_CONTEXT('2D SPACE',''
  ) );
#4652 = PCURVE('',#2430,#4653);
#4653 = DEFINITIONAL_REPRESENTATION('',(#4654),#4657);
#4654 = B_SPLINE_CURVE_WITH_KNOTS('',1,(#4655,#4656),.UNSPECIFIED.,.F.,
  .F.,(2,2),(-1.42,5.999999999062E-07),.PIECEWISE_BEZIER_KNOTS.);
#4655 = CARTESIAN_POINT('',(6.82,-3.111034277829));
#4656 = CARTESIAN_POINT('',(5.3999994,-3.111034277829));
#4657 = ( GEOMETRIC_REPRESENTATION_CONTEXT(2) 
PARAMETRIC_REPRESENTATION_CONTEXT() REPRESENTATION_CONTEXT('2D SPACE',''
  ) );
#4658 = ADVANCED_FACE('',(#4659),#1061,.F.);
#4659 = FACE_BOUND('',#4660,.T.);
#4660 = EDGE_LOOP('',(#4661,#4685,#4686,#4687));
#4661 = ORIENTED_EDGE('',*,*,#4662,.F.);
#4662 = EDGE_CURVE('',#4441,#4663,#4665,.T.);
#4663 = VERTEX_POINT('',#4664);
#4664 = CARTESIAN_POINT('',(23.35,-32.15,3.2));
#4665 = SURFACE_CURVE('',#4666,(#4671,#4678),.PCURVE_S1.);
#4666 = CIRCLE('',#4667,3.2);
#4667 = AXIS2_PLACEMENT_3D('',#4668,#4669,#4670);
#4668 = CARTESIAN_POINT('',(20.15,-32.15,3.2));
#4669 = DIRECTION('',(0.,0.,1.));
#4670 = DIRECTION('',(1.,0.,0.));
#4671 = PCURVE('',#1061,#4672);
#4672 = DEFINITIONAL_REPRESENTATION('',(#4673),#4677);
#4673 = LINE('',#4674,#4675);
#4674 = CARTESIAN_POINT('',(-0.,-1.8));
#4675 = VECTOR('',#4676,1.);
#4676 = DIRECTION('',(-1.,0.));
#4677 = ( GEOMETRIC_REPRESENTATION_CONTEXT(2) 
PARAMETRIC_REPRESENTATION_CONTEXT() REPRESENTATION_CONTEXT('2D SPACE',''
  ) );
#4678 = PCURVE('',#3970,#4679);
#4679 = DEFINITIONAL_REPRESENTATION('',(#4680),#4684);
#4680 = CIRCLE('',#4681,3.2);
#4681 = AXIS2_PLACEMENT_2D('',#4682,#4683);
#4682 = CARTESIAN_POINT('',(20.15,-32.15));
#4683 = DIRECTION('',(1.,0.));
#4684 = ( GEOMETRIC_REPRESENTATION_CONTEXT(2) 
PARAMETRIC_REPRESENTATION_CONTEXT() REPRESENTATION_CONTEXT('2D SPACE',''
  ) );
#4685 = ORIENTED_EDGE('',*,*,#4465,.T.);
#4686 = ORIENTED_EDGE('',*,*,#1040,.F.);
#4687 = ORIENTED_EDGE('',*,*,#4688,.F.);
#4688 = EDGE_CURVE('',#4663,#1015,#4689,.T.);
#4689 = SURFACE_CURVE('',#4690,(#4694,#4701),.PCURVE_S1.);
#4690 = LINE('',#4691,#4692);
#4691 = CARTESIAN_POINT('',(23.35,-32.15,1.4));
#4692 = VECTOR('',#4693,1.);
#4693 = DIRECTION('',(0.,0.,1.));
#4694 = PCURVE('',#1061,#4695);
#4695 = DEFINITIONAL_REPRESENTATION('',(#4696),#4700);
#4696 = LINE('',#4697,#4698);
#4697 = CARTESIAN_POINT('',(-6.28318530718,0.));
#4698 = VECTOR('',#4699,1.);
#4699 = DIRECTION('',(-0.,-1.));
#4700 = ( GEOMETRIC_REPRESENTATION_CONTEXT(2) 
PARAMETRIC_REPRESENTATION_CONTEXT() REPRESENTATION_CONTEXT('2D SPACE',''
  ) );
#4701 = PCURVE('',#1029,#4702);
#4702 = DEFINITIONAL_REPRESENTATION('',(#4703),#4707);
#4703 = LINE('',#4704,#4705);
#4704 = CARTESIAN_POINT('',(0.,0.));
#4705 = VECTOR('',#4706,1.);
#4706 = DIRECTION('',(0.,-1.));
#4707 = ( GEOMETRIC_REPRESENTATION_CONTEXT(2) 
PARAMETRIC_REPRESENTATION_CONTEXT() REPRESENTATION_CONTEXT('2D SPACE',''
  ) );
#4708 = ADVANCED_FACE('',(#4709),#1029,.T.);
#4709 = FACE_BOUND('',#4710,.T.);
#4710 = EDGE_LOOP('',(#4711,#4734,#4762,#4790,#4817,#4838,#4839,#4840));
#4711 = ORIENTED_EDGE('',*,*,#4712,.F.);
#4712 = EDGE_CURVE('',#4713,#4490,#4715,.T.);
#4713 = VERTEX_POINT('',#4714);
#4714 = CARTESIAN_POINT('',(23.35,-32.15,1.4));
#4715 = SURFACE_CURVE('',#4716,(#4720,#4727),.PCURVE_S1.);
#4716 = LINE('',#4717,#4718);
#4717 = CARTESIAN_POINT('',(23.35,0.,1.4));
#4718 = VECTOR('',#4719,1.);
#4719 = DIRECTION('',(0.,1.,0.));
#4720 = PCURVE('',#1029,#4721);
#4721 = DEFINITIONAL_REPRESENTATION('',(#4722),#4726);
#4722 = LINE('',#4723,#4724);
#4723 = CARTESIAN_POINT('',(32.15,0.));
#4724 = VECTOR('',#4725,1.);
#4725 = DIRECTION('',(1.,0.));
#4726 = ( GEOMETRIC_REPRESENTATION_CONTEXT(2) 
PARAMETRIC_REPRESENTATION_CONTEXT() REPRESENTATION_CONTEXT('2D SPACE',''
  ) );
#4727 = PCURVE('',#4150,#4728);
#4728 = DEFINITIONAL_REPRESENTATION('',(#4729),#4733);
#4729 = LINE('',#4730,#4731);
#4730 = CARTESIAN_POINT('',(23.35,-6.2035193142E-16));
#4731 = VECTOR('',#4732,1.);
#4732 = DIRECTION('',(0.,1.));
#4733 = ( GEOMETRIC_REPRESENTATION_CONTEXT(2) 
PARAMETRIC_REPRESENTATION_CONTEXT() REPRESENTATION_CONTEXT('2D SPACE',''
  ) );
#4734 = ORIENTED_EDGE('',*,*,#4735,.T.);
#4735 = EDGE_CURVE('',#4713,#4736,#4738,.T.);
#4736 = VERTEX_POINT('',#4737);
#4737 = CARTESIAN_POINT('',(23.35,-32.15,2.4));
#4738 = SURFACE_CURVE('',#4739,(#4743,#4750),.PCURVE_S1.);
#4739 = LINE('',#4740,#4741);
#4740 = CARTESIAN_POINT('',(23.35,-32.15,1.4));
#4741 = VECTOR('',#4742,1.);
#4742 = DIRECTION('',(0.,0.,1.));
#4743 = PCURVE('',#1029,#4744);
#4744 = DEFINITIONAL_REPRESENTATION('',(#4745),#4749);
#4745 = LINE('',#4746,#4747);
#4746 = CARTESIAN_POINT('',(0.,0.));
#4747 = VECTOR('',#4748,1.);
#4748 = DIRECTION('',(0.,-1.));
#4749 = ( GEOMETRIC_REPRESENTATION_CONTEXT(2) 
PARAMETRIC_REPRESENTATION_CONTEXT() REPRESENTATION_CONTEXT('2D SPACE',''
  ) );
#4750 = PCURVE('',#4751,#4756);
#4751 = CYLINDRICAL_SURFACE('',#4752,3.2);
#4752 = AXIS2_PLACEMENT_3D('',#4753,#4754,#4755);
#4753 = CARTESIAN_POINT('',(20.15,-32.15,1.4));
#4754 = DIRECTION('',(-0.,-0.,-1.));
#4755 = DIRECTION('',(1.,0.,0.));
#4756 = DEFINITIONAL_REPRESENTATION('',(#4757),#4761);
#4757 = LINE('',#4758,#4759);
#4758 = CARTESIAN_POINT('',(-6.28318530718,0.));
#4759 = VECTOR('',#4760,1.);
#4760 = DIRECTION('',(-0.,-1.));
#4761 = ( GEOMETRIC_REPRESENTATION_CONTEXT(2) 
PARAMETRIC_REPRESENTATION_CONTEXT() REPRESENTATION_CONTEXT('2D SPACE',''
  ) );
#4762 = ORIENTED_EDGE('',*,*,#4763,.T.);
#4763 = EDGE_CURVE('',#4736,#4764,#4766,.T.);
#4764 = VERTEX_POINT('',#4765);
#4765 = CARTESIAN_POINT('',(23.35,-14.5,2.4));
#4766 = SURFACE_CURVE('',#4767,(#4771,#4778),.PCURVE_S1.);
#4767 = LINE('',#4768,#4769);
#4768 = CARTESIAN_POINT('',(23.35,0.,2.4));
#4769 = VECTOR('',#4770,1.);
#4770 = DIRECTION('',(0.,1.,0.));
#4771 = PCURVE('',#1029,#4772);
#4772 = DEFINITIONAL_REPRESENTATION('',(#4773),#4777);
#4773 = LINE('',#4774,#4775);
#4774 = CARTESIAN_POINT('',(32.15,-1.));
#4775 = VECTOR('',#4776,1.);
#4776 = DIRECTION('',(1.,0.));
#4777 = ( GEOMETRIC_REPRESENTATION_CONTEXT(2) 
PARAMETRIC_REPRESENTATION_CONTEXT() REPRESENTATION_CONTEXT('2D SPACE',''
  ) );
#4778 = PCURVE('',#4779,#4784);
#4779 = PLANE('',#4780);
#4780 = AXIS2_PLACEMENT_3D('',#4781,#4782,#4783);
#4781 = CARTESIAN_POINT('',(1.178668669698E-15,6.2035193142E-16,2.4));
#4782 = DIRECTION('',(0.,0.,1.));
#4783 = DIRECTION('',(1.,0.,-0.));
#4784 = DEFINITIONAL_REPRESENTATION('',(#4785),#4789);
#4785 = LINE('',#4786,#4787);
#4786 = CARTESIAN_POINT('',(23.35,-6.2035193142E-16));
#4787 = VECTOR('',#4788,1.);
#4788 = DIRECTION('',(0.,1.));
#4789 = ( GEOMETRIC_REPRESENTATION_CONTEXT(2) 
PARAMETRIC_REPRESENTATION_CONTEXT() REPRESENTATION_CONTEXT('2D SPACE',''
  ) );
#4790 = ORIENTED_EDGE('',*,*,#4791,.F.);
#4791 = EDGE_CURVE('',#4792,#4764,#4794,.T.);
#4792 = VERTEX_POINT('',#4793);
#4793 = CARTESIAN_POINT('',(23.35,-14.5,3.2));
#4794 = SURFACE_CURVE('',#4795,(#4799,#4806),.PCURVE_S1.);
#4795 = LINE('',#4796,#4797);
#4796 = CARTESIAN_POINT('',(23.35,-14.5,2.15));
#4797 = VECTOR('',#4798,1.);
#4798 = DIRECTION('',(0.,0.,-1.));
#4799 = PCURVE('',#1029,#4800);
#4800 = DEFINITIONAL_REPRESENTATION('',(#4801),#4805);
#4801 = LINE('',#4802,#4803);
#4802 = CARTESIAN_POINT('',(17.65,-0.75));
#4803 = VECTOR('',#4804,1.);
#4804 = DIRECTION('',(0.,1.));
#4805 = ( GEOMETRIC_REPRESENTATION_CONTEXT(2) 
PARAMETRIC_REPRESENTATION_CONTEXT() REPRESENTATION_CONTEXT('2D SPACE',''
  ) );
#4806 = PCURVE('',#4807,#4812);
#4807 = PLANE('',#4808);
#4808 = AXIS2_PLACEMENT_3D('',#4809,#4810,#4811);
#4809 = CARTESIAN_POINT('',(20.4,-14.5,1.9));
#4810 = DIRECTION('',(-0.,1.,0.));
#4811 = DIRECTION('',(0.,0.,1.));
#4812 = DEFINITIONAL_REPRESENTATION('',(#4813),#4816);
#4813 = B_SPLINE_CURVE_WITH_KNOTS('',1,(#4814,#4815),.UNSPECIFIED.,.F.,
  .F.,(2,2),(-1.05,-0.25),.PIECEWISE_BEZIER_KNOTS.);
#4814 = CARTESIAN_POINT('',(1.3,2.95));
#4815 = CARTESIAN_POINT('',(0.5,2.95));
#4816 = ( GEOMETRIC_REPRESENTATION_CONTEXT(2) 
PARAMETRIC_REPRESENTATION_CONTEXT() REPRESENTATION_CONTEXT('2D SPACE',''
  ) );
#4817 = ORIENTED_EDGE('',*,*,#4818,.F.);
#4818 = EDGE_CURVE('',#4663,#4792,#4819,.T.);
#4819 = SURFACE_CURVE('',#4820,(#4824,#4831),.PCURVE_S1.);
#4820 = LINE('',#4821,#4822);
#4821 = CARTESIAN_POINT('',(23.35,0.,3.2));
#4822 = VECTOR('',#4823,1.);
#4823 = DIRECTION('',(0.,1.,0.));
#4824 = PCURVE('',#1029,#4825);
#4825 = DEFINITIONAL_REPRESENTATION('',(#4826),#4830);
#4826 = LINE('',#4827,#4828);
#4827 = CARTESIAN_POINT('',(32.15,-1.8));
#4828 = VECTOR('',#4829,1.);
#4829 = DIRECTION('',(1.,0.));
#4830 = ( GEOMETRIC_REPRESENTATION_CONTEXT(2) 
PARAMETRIC_REPRESENTATION_CONTEXT() REPRESENTATION_CONTEXT('2D SPACE',''
  ) );
#4831 = PCURVE('',#3970,#4832);
#4832 = DEFINITIONAL_REPRESENTATION('',(#4833),#4837);
#4833 = LINE('',#4834,#4835);
#4834 = CARTESIAN_POINT('',(23.35,-6.2035193142E-16));
#4835 = VECTOR('',#4836,1.);
#4836 = DIRECTION('',(0.,1.));
#4837 = ( GEOMETRIC_REPRESENTATION_CONTEXT(2) 
PARAMETRIC_REPRESENTATION_CONTEXT() REPRESENTATION_CONTEXT('2D SPACE',''
  ) );
#4838 = ORIENTED_EDGE('',*,*,#4688,.T.);
#4839 = ORIENTED_EDGE('',*,*,#1014,.F.);
#4840 = ORIENTED_EDGE('',*,*,#4515,.F.);
#4841 = ADVANCED_FACE('',(#4842),#1149,.F.);
#4842 = FACE_BOUND('',#4843,.F.);
#4843 = EDGE_LOOP('',(#4844,#4845,#4868,#4895));
#4844 = ORIENTED_EDGE('',*,*,#1132,.F.);
#4845 = ORIENTED_EDGE('',*,*,#4846,.F.);
#4846 = EDGE_CURVE('',#4847,#1133,#4849,.T.);
#4847 = VERTEX_POINT('',#4848);
#4848 = CARTESIAN_POINT('',(-22.83553390593,35.685533905933,-1.2));
#4849 = SEAM_CURVE('',#4850,(#4854,#4861),.PCURVE_S1.);
#4850 = LINE('',#4851,#4852);
#4851 = CARTESIAN_POINT('',(-22.83553390593,35.685533905933,-1.2));
#4852 = VECTOR('',#4853,1.);
#4853 = DIRECTION('',(0.,0.,1.));
#4854 = PCURVE('',#1149,#4855);
#4855 = DEFINITIONAL_REPRESENTATION('',(#4856),#4860);
#4856 = LINE('',#4857,#4858);
#4857 = CARTESIAN_POINT('',(6.28318530718,-0.));
#4858 = VECTOR('',#4859,1.);
#4859 = DIRECTION('',(0.,1.));
#4860 = ( GEOMETRIC_REPRESENTATION_CONTEXT(2) 
PARAMETRIC_REPRESENTATION_CONTEXT() REPRESENTATION_CONTEXT('2D SPACE',''
  ) );
#4861 = PCURVE('',#1149,#4862);
#4862 = DEFINITIONAL_REPRESENTATION('',(#4863),#4867);
#4863 = LINE('',#4864,#4865);
#4864 = CARTESIAN_POINT('',(0.,-0.));
#4865 = VECTOR('',#4866,1.);
#4866 = DIRECTION('',(0.,1.));
#4867 = ( GEOMETRIC_REPRESENTATION_CONTEXT(2) 
PARAMETRIC_REPRESENTATION_CONTEXT() REPRESENTATION_CONTEXT('2D SPACE',''
  ) );
#4868 = ORIENTED_EDGE('',*,*,#4869,.T.);
#4869 = EDGE_CURVE('',#4847,#4847,#4870,.T.);
#4870 = SURFACE_CURVE('',#4871,(#4876,#4883),.PCURVE_S1.);
#4871 = CIRCLE('',#4872,0.85);
#4872 = AXIS2_PLACEMENT_3D('',#4873,#4874,#4875);
#4873 = CARTESIAN_POINT('',(-23.68553390593,35.685533905933,-1.2));
#4874 = DIRECTION('',(0.,0.,1.));
#4875 = DIRECTION('',(1.,0.,-0.));
#4876 = PCURVE('',#1149,#4877);
#4877 = DEFINITIONAL_REPRESENTATION('',(#4878),#4882);
#4878 = LINE('',#4879,#4880);
#4879 = CARTESIAN_POINT('',(0.,0.));
#4880 = VECTOR('',#4881,1.);
#4881 = DIRECTION('',(1.,0.));
#4882 = ( GEOMETRIC_REPRESENTATION_CONTEXT(2) 
PARAMETRIC_REPRESENTATION_CONTEXT() REPRESENTATION_CONTEXT('2D SPACE',''
  ) );
#4883 = PCURVE('',#4884,#4889);
#4884 = PLANE('',#4885);
#4885 = AXIS2_PLACEMENT_3D('',#4886,#4887,#4888);
#4886 = CARTESIAN_POINT('',(-23.68553390593,35.685533905933,-1.2));
#4887 = DIRECTION('',(0.,0.,1.));
#4888 = DIRECTION('',(1.,0.,-0.));
#4889 = DEFINITIONAL_REPRESENTATION('',(#4890),#4894);
#4890 = CIRCLE('',#4891,0.85);
#4891 = AXIS2_PLACEMENT_2D('',#4892,#4893);
#4892 = CARTESIAN_POINT('',(0.,0.));
#4893 = DIRECTION('',(1.,0.));
#4894 = ( GEOMETRIC_REPRESENTATION_CONTEXT(2) 
PARAMETRIC_REPRESENTATION_CONTEXT() REPRESENTATION_CONTEXT('2D SPACE',''
  ) );
#4895 = ORIENTED_EDGE('',*,*,#4846,.T.);
#4896 = ADVANCED_FACE('',(#4897),#1180,.F.);
#4897 = FACE_BOUND('',#4898,.F.);
#4898 = EDGE_LOOP('',(#4899,#4900,#4923,#4950));
#4899 = ORIENTED_EDGE('',*,*,#1163,.F.);
#4900 = ORIENTED_EDGE('',*,*,#4901,.F.);
#4901 = EDGE_CURVE('',#4902,#1164,#4904,.T.);
#4902 = VERTEX_POINT('',#4903);
#4903 = CARTESIAN_POINT('',(24.535533905933,35.685533905933,-1.2));
#4904 = SEAM_CURVE('',#4905,(#4909,#4916),.PCURVE_S1.);
#4905 = LINE('',#4906,#4907);
#4906 = CARTESIAN_POINT('',(24.535533905933,35.685533905933,-1.2));
#4907 = VECTOR('',#4908,1.);
#4908 = DIRECTION('',(0.,0.,1.));
#4909 = PCURVE('',#1180,#4910);
#4910 = DEFINITIONAL_REPRESENTATION('',(#4911),#4915);
#4911 = LINE('',#4912,#4913);
#4912 = CARTESIAN_POINT('',(6.28318530718,-0.));
#4913 = VECTOR('',#4914,1.);
#4914 = DIRECTION('',(0.,1.));
#4915 = ( GEOMETRIC_REPRESENTATION_CONTEXT(2) 
PARAMETRIC_REPRESENTATION_CONTEXT() REPRESENTATION_CONTEXT('2D SPACE',''
  ) );
#4916 = PCURVE('',#1180,#4917);
#4917 = DEFINITIONAL_REPRESENTATION('',(#4918),#4922);
#4918 = LINE('',#4919,#4920);
#4919 = CARTESIAN_POINT('',(0.,-0.));
#4920 = VECTOR('',#4921,1.);
#4921 = DIRECTION('',(0.,1.));
#4922 = ( GEOMETRIC_REPRESENTATION_CONTEXT(2) 
PARAMETRIC_REPRESENTATION_CONTEXT() REPRESENTATION_CONTEXT('2D SPACE',''
  ) );
#4923 = ORIENTED_EDGE('',*,*,#4924,.T.);
#4924 = EDGE_CURVE('',#4902,#4902,#4925,.T.);
#4925 = SURFACE_CURVE('',#4926,(#4931,#4938),.PCURVE_S1.);
#4926 = CIRCLE('',#4927,0.85);
#4927 = AXIS2_PLACEMENT_3D('',#4928,#4929,#4930);
#4928 = CARTESIAN_POINT('',(23.685533905933,35.685533905933,-1.2));
#4929 = DIRECTION('',(0.,0.,1.));
#4930 = DIRECTION('',(1.,0.,-0.));
#4931 = PCURVE('',#1180,#4932);
#4932 = DEFINITIONAL_REPRESENTATION('',(#4933),#4937);
#4933 = LINE('',#4934,#4935);
#4934 = CARTESIAN_POINT('',(0.,0.));
#4935 = VECTOR('',#4936,1.);
#4936 = DIRECTION('',(1.,0.));
#4937 = ( GEOMETRIC_REPRESENTATION_CONTEXT(2) 
PARAMETRIC_REPRESENTATION_CONTEXT() REPRESENTATION_CONTEXT('2D SPACE',''
  ) );
#4938 = PCURVE('',#4939,#4944);
#4939 = PLANE('',#4940);
#4940 = AXIS2_PLACEMENT_3D('',#4941,#4942,#4943);
#4941 = CARTESIAN_POINT('',(23.685533905933,35.685533905933,-1.2));
#4942 = DIRECTION('',(0.,0.,1.));
#4943 = DIRECTION('',(1.,0.,-0.));
#4944 = DEFINITIONAL_REPRESENTATION('',(#4945),#4949);
#4945 = CIRCLE('',#4946,0.85);
#4946 = AXIS2_PLACEMENT_2D('',#4947,#4948);
#4947 = CARTESIAN_POINT('',(0.,0.));
#4948 = DIRECTION('',(1.,0.));
#4949 = ( GEOMETRIC_REPRESENTATION_CONTEXT(2) 
PARAMETRIC_REPRESENTATION_CONTEXT() REPRESENTATION_CONTEXT('2D SPACE',''
  ) );
#4950 = ORIENTED_EDGE('',*,*,#4901,.T.);
#4951 = ADVANCED_FACE('',(#4952),#1262,.T.);
#4952 = FACE_BOUND('',#4953,.T.);
#4953 = EDGE_LOOP('',(#4954,#4975,#4976,#4977));
#4954 = ORIENTED_EDGE('',*,*,#4955,.F.);
#4955 = EDGE_CURVE('',#1350,#1219,#4956,.T.);
#4956 = SURFACE_CURVE('',#4957,(#4961,#4968),.PCURVE_S1.);
#4957 = LINE('',#4958,#4959);
#4958 = CARTESIAN_POINT('',(-27.75,-15.2,5.3));
#4959 = VECTOR('',#4960,1.);
#4960 = DIRECTION('',(-0.,1.,0.));
#4961 = PCURVE('',#1262,#4962);
#4962 = DEFINITIONAL_REPRESENTATION('',(#4963),#4967);
#4963 = LINE('',#4964,#4965);
#4964 = CARTESIAN_POINT('',(0.,0.));
#4965 = VECTOR('',#4966,1.);
#4966 = DIRECTION('',(0.,1.));
#4967 = ( GEOMETRIC_REPRESENTATION_CONTEXT(2) 
PARAMETRIC_REPRESENTATION_CONTEXT() REPRESENTATION_CONTEXT('2D SPACE',''
  ) );
#4968 = PCURVE('',#1234,#4969);
#4969 = DEFINITIONAL_REPRESENTATION('',(#4970),#4974);
#4970 = LINE('',#4971,#4972);
#4971 = CARTESIAN_POINT('',(6.8,0.));
#4972 = VECTOR('',#4973,1.);
#4973 = DIRECTION('',(0.,-1.));
#4974 = ( GEOMETRIC_REPRESENTATION_CONTEXT(2) 
PARAMETRIC_REPRESENTATION_CONTEXT() REPRESENTATION_CONTEXT('2D SPACE',''
  ) );
#4975 = ORIENTED_EDGE('',*,*,#1372,.T.);
#4976 = ORIENTED_EDGE('',*,*,#3248,.T.);
#4977 = ORIENTED_EDGE('',*,*,#1246,.F.);
#4978 = ADVANCED_FACE('',(#4979,#4985),#1234,.F.);
#4979 = FACE_BOUND('',#4980,.F.);
#4980 = EDGE_LOOP('',(#4981,#4982,#4983,#4984));
#4981 = ORIENTED_EDGE('',*,*,#1349,.F.);
#4982 = ORIENTED_EDGE('',*,*,#1299,.T.);
#4983 = ORIENTED_EDGE('',*,*,#1218,.T.);
#4984 = ORIENTED_EDGE('',*,*,#4955,.F.);
#4985 = FACE_BOUND('',#4986,.F.);
#4986 = EDGE_LOOP('',(#4987,#5015,#5041,#5067));
#4987 = ORIENTED_EDGE('',*,*,#4988,.T.);
#4988 = EDGE_CURVE('',#4989,#4991,#4993,.T.);
#4989 = VERTEX_POINT('',#4990);
#4990 = CARTESIAN_POINT('',(-27.75,13.5,0.2));
#4991 = VERTEX_POINT('',#4992);
#4992 = CARTESIAN_POINT('',(-27.75,-13.5,0.2));
#4993 = SURFACE_CURVE('',#4994,(#4998,#5004),.PCURVE_S1.);
#4994 = LINE('',#4995,#4996);
#4995 = CARTESIAN_POINT('',(-27.75,-14.35,0.2));
#4996 = VECTOR('',#4997,1.);
#4997 = DIRECTION('',(0.,-1.,0.));
#4998 = PCURVE('',#1234,#4999);
#4999 = DEFINITIONAL_REPRESENTATION('',(#5000),#5003);
#5000 = B_SPLINE_CURVE_WITH_KNOTS('',1,(#5001,#5002),.UNSPECIFIED.,.F.,
  .F.,(2,2),(-27.85,-0.85),.PIECEWISE_BEZIER_KNOTS.);
#5001 = CARTESIAN_POINT('',(1.7,-28.7));
#5002 = CARTESIAN_POINT('',(1.7,-1.7));
#5003 = ( GEOMETRIC_REPRESENTATION_CONTEXT(2) 
PARAMETRIC_REPRESENTATION_CONTEXT() REPRESENTATION_CONTEXT('2D SPACE',''
  ) );
#5004 = PCURVE('',#5005,#5010);
#5005 = PLANE('',#5006);
#5006 = AXIS2_PLACEMENT_3D('',#5007,#5008,#5009);
#5007 = CARTESIAN_POINT('',(-28.75,-13.5,0.2));
#5008 = DIRECTION('',(0.,0.,1.));
#5009 = DIRECTION('',(1.,0.,-0.));
#5010 = DEFINITIONAL_REPRESENTATION('',(#5011),#5014);
#5011 = B_SPLINE_CURVE_WITH_KNOTS('',1,(#5012,#5013),.UNSPECIFIED.,.F.,
  .F.,(2,2),(-27.85,-0.85),.PIECEWISE_BEZIER_KNOTS.);
#5012 = CARTESIAN_POINT('',(1.,27.));
#5013 = CARTESIAN_POINT('',(1.,0.));
#5014 = ( GEOMETRIC_REPRESENTATION_CONTEXT(2) 
PARAMETRIC_REPRESENTATION_CONTEXT() REPRESENTATION_CONTEXT('2D SPACE',''
  ) );
#5015 = ORIENTED_EDGE('',*,*,#5016,.T.);
#5016 = EDGE_CURVE('',#4991,#5017,#5019,.T.);
#5017 = VERTEX_POINT('',#5018);
#5018 = CARTESIAN_POINT('',(-27.75,-13.5,3.6));
#5019 = SURFACE_CURVE('',#5020,(#5024,#5030),.PCURVE_S1.);
#5020 = LINE('',#5021,#5022);
#5021 = CARTESIAN_POINT('',(-27.75,-13.5,-0.65));
#5022 = VECTOR('',#5023,1.);
#5023 = DIRECTION('',(0.,0.,1.));
#5024 = PCURVE('',#1234,#5025);
#5025 = DEFINITIONAL_REPRESENTATION('',(#5026),#5029);
#5026 = B_SPLINE_CURVE_WITH_KNOTS('',1,(#5027,#5028),.UNSPECIFIED.,.F.,
  .F.,(2,2),(0.85,4.25),.PIECEWISE_BEZIER_KNOTS.);
#5027 = CARTESIAN_POINT('',(1.7,-1.7));
#5028 = CARTESIAN_POINT('',(5.1,-1.7));
#5029 = ( GEOMETRIC_REPRESENTATION_CONTEXT(2) 
PARAMETRIC_REPRESENTATION_CONTEXT() REPRESENTATION_CONTEXT('2D SPACE',''
  ) );
#5030 = PCURVE('',#5031,#5036);
#5031 = PLANE('',#5032);
#5032 = AXIS2_PLACEMENT_3D('',#5033,#5034,#5035);
#5033 = CARTESIAN_POINT('',(-28.75,-13.5,0.2));
#5034 = DIRECTION('',(-0.,1.,0.));
#5035 = DIRECTION('',(0.,0.,1.));
#5036 = DEFINITIONAL_REPRESENTATION('',(#5037),#5040);
#5037 = B_SPLINE_CURVE_WITH_KNOTS('',1,(#5038,#5039),.UNSPECIFIED.,.F.,
  .F.,(2,2),(0.85,4.25),.PIECEWISE_BEZIER_KNOTS.);
#5038 = CARTESIAN_POINT('',(0.,1.));
#5039 = CARTESIAN_POINT('',(3.4,1.));
#5040 = ( GEOMETRIC_REPRESENTATION_CONTEXT(2) 
PARAMETRIC_REPRESENTATION_CONTEXT() REPRESENTATION_CONTEXT('2D SPACE',''
  ) );
#5041 = ORIENTED_EDGE('',*,*,#5042,.F.);
#5042 = EDGE_CURVE('',#5043,#5017,#5045,.T.);
#5043 = VERTEX_POINT('',#5044);
#5044 = CARTESIAN_POINT('',(-27.75,13.5,3.6));
#5045 = SURFACE_CURVE('',#5046,(#5050,#5056),.PCURVE_S1.);
#5046 = LINE('',#5047,#5048);
#5047 = CARTESIAN_POINT('',(-27.75,-14.35,3.6));
#5048 = VECTOR('',#5049,1.);
#5049 = DIRECTION('',(0.,-1.,0.));
#5050 = PCURVE('',#1234,#5051);
#5051 = DEFINITIONAL_REPRESENTATION('',(#5052),#5055);
#5052 = B_SPLINE_CURVE_WITH_KNOTS('',1,(#5053,#5054),.UNSPECIFIED.,.F.,
  .F.,(2,2),(-27.85,-0.85),.PIECEWISE_BEZIER_KNOTS.);
#5053 = CARTESIAN_POINT('',(5.1,-28.7));
#5054 = CARTESIAN_POINT('',(5.1,-1.7));
#5055 = ( GEOMETRIC_REPRESENTATION_CONTEXT(2) 
PARAMETRIC_REPRESENTATION_CONTEXT() REPRESENTATION_CONTEXT('2D SPACE',''
  ) );
#5056 = PCURVE('',#5057,#5062);
#5057 = PLANE('',#5058);
#5058 = AXIS2_PLACEMENT_3D('',#5059,#5060,#5061);
#5059 = CARTESIAN_POINT('',(-28.75,-13.5,3.6));
#5060 = DIRECTION('',(0.,0.,1.));
#5061 = DIRECTION('',(1.,0.,-0.));
#5062 = DEFINITIONAL_REPRESENTATION('',(#5063),#5066);
#5063 = B_SPLINE_CURVE_WITH_KNOTS('',1,(#5064,#5065),.UNSPECIFIED.,.F.,
  .F.,(2,2),(-27.85,-0.85),.PIECEWISE_BEZIER_KNOTS.);
#5064 = CARTESIAN_POINT('',(1.,27.));
#5065 = CARTESIAN_POINT('',(1.,0.));
#5066 = ( GEOMETRIC_REPRESENTATION_CONTEXT(2) 
PARAMETRIC_REPRESENTATION_CONTEXT() REPRESENTATION_CONTEXT('2D SPACE',''
  ) );
#5067 = ORIENTED_EDGE('',*,*,#5068,.F.);
#5068 = EDGE_CURVE('',#4989,#5043,#5069,.T.);
#5069 = SURFACE_CURVE('',#5070,(#5074,#5080),.PCURVE_S1.);
#5070 = LINE('',#5071,#5072);
#5071 = CARTESIAN_POINT('',(-27.75,13.5,-0.65));
#5072 = VECTOR('',#5073,1.);
#5073 = DIRECTION('',(0.,0.,1.));
#5074 = PCURVE('',#1234,#5075);
#5075 = DEFINITIONAL_REPRESENTATION('',(#5076),#5079);
#5076 = B_SPLINE_CURVE_WITH_KNOTS('',1,(#5077,#5078),.UNSPECIFIED.,.F.,
  .F.,(2,2),(0.85,4.25),.PIECEWISE_BEZIER_KNOTS.);
#5077 = CARTESIAN_POINT('',(1.7,-28.7));
#5078 = CARTESIAN_POINT('',(5.1,-28.7));
#5079 = ( GEOMETRIC_REPRESENTATION_CONTEXT(2) 
PARAMETRIC_REPRESENTATION_CONTEXT() REPRESENTATION_CONTEXT('2D SPACE',''
  ) );
#5080 = PCURVE('',#5081,#5086);
#5081 = PLANE('',#5082);
#5082 = AXIS2_PLACEMENT_3D('',#5083,#5084,#5085);
#5083 = CARTESIAN_POINT('',(-28.75,13.5,0.2));
#5084 = DIRECTION('',(-0.,1.,0.));
#5085 = DIRECTION('',(0.,0.,1.));
#5086 = DEFINITIONAL_REPRESENTATION('',(#5087),#5090);
#5087 = B_SPLINE_CURVE_WITH_KNOTS('',1,(#5088,#5089),.UNSPECIFIED.,.F.,
  .F.,(2,2),(0.85,4.25),.PIECEWISE_BEZIER_KNOTS.);
#5088 = CARTESIAN_POINT('',(0.,1.));
#5089 = CARTESIAN_POINT('',(3.4,1.));
#5090 = ( GEOMETRIC_REPRESENTATION_CONTEXT(2) 
PARAMETRIC_REPRESENTATION_CONTEXT() REPRESENTATION_CONTEXT('2D SPACE',''
  ) );
#5091 = ADVANCED_FACE('',(#5092),#3206,.T.);
#5092 = FACE_BOUND('',#5093,.T.);
#5093 = EDGE_LOOP('',(#5094,#5117,#5118,#5119,#5140,#5141));
#5094 = ORIENTED_EDGE('',*,*,#5095,.F.);
#5095 = EDGE_CURVE('',#3161,#5096,#5098,.T.);
#5096 = VERTEX_POINT('',#5097);
#5097 = CARTESIAN_POINT('',(-19.,31.65,1.4));
#5098 = SURFACE_CURVE('',#5099,(#5103,#5110),.PCURVE_S1.);
#5099 = LINE('',#5100,#5101);
#5100 = CARTESIAN_POINT('',(-19.,31.65,-4.));
#5101 = VECTOR('',#5102,1.);
#5102 = DIRECTION('',(0.,0.,1.));
#5103 = PCURVE('',#3206,#5104);
#5104 = DEFINITIONAL_REPRESENTATION('',(#5105),#5109);
#5105 = LINE('',#5106,#5107);
#5106 = CARTESIAN_POINT('',(0.,0.));
#5107 = VECTOR('',#5108,1.);
#5108 = DIRECTION('',(1.,0.));
#5109 = ( GEOMETRIC_REPRESENTATION_CONTEXT(2) 
PARAMETRIC_REPRESENTATION_CONTEXT() REPRESENTATION_CONTEXT('2D SPACE',''
  ) );
#5110 = PCURVE('',#3177,#5111);
#5111 = DEFINITIONAL_REPRESENTATION('',(#5112),#5116);
#5112 = LINE('',#5113,#5114);
#5113 = CARTESIAN_POINT('',(0.,0.));
#5114 = VECTOR('',#5115,1.);
#5115 = DIRECTION('',(1.,0.));
#5116 = ( GEOMETRIC_REPRESENTATION_CONTEXT(2) 
PARAMETRIC_REPRESENTATION_CONTEXT() REPRESENTATION_CONTEXT('2D SPACE',''
  ) );
#5117 = ORIENTED_EDGE('',*,*,#3193,.F.);
#5118 = ORIENTED_EDGE('',*,*,#3428,.F.);
#5119 = ORIENTED_EDGE('',*,*,#5120,.F.);
#5120 = EDGE_CURVE('',#4398,#3429,#5121,.T.);
#5121 = SURFACE_CURVE('',#5122,(#5126,#5133),.PCURVE_S1.);
#5122 = LINE('',#5123,#5124);
#5123 = CARTESIAN_POINT('',(-19.,31.65,2.2));
#5124 = VECTOR('',#5125,1.);
#5125 = DIRECTION('',(-0.,1.,0.));
#5126 = PCURVE('',#3206,#5127);
#5127 = DEFINITIONAL_REPRESENTATION('',(#5128),#5132);
#5128 = LINE('',#5129,#5130);
#5129 = CARTESIAN_POINT('',(6.2,0.));
#5130 = VECTOR('',#5131,1.);
#5131 = DIRECTION('',(0.,-1.));
#5132 = ( GEOMETRIC_REPRESENTATION_CONTEXT(2) 
PARAMETRIC_REPRESENTATION_CONTEXT() REPRESENTATION_CONTEXT('2D SPACE',''
  ) );
#5133 = PCURVE('',#3488,#5134);
#5134 = DEFINITIONAL_REPRESENTATION('',(#5135),#5139);
#5135 = LINE('',#5136,#5137);
#5136 = CARTESIAN_POINT('',(0.,0.));
#5137 = VECTOR('',#5138,1.);
#5138 = DIRECTION('',(0.,1.));
#5139 = ( GEOMETRIC_REPRESENTATION_CONTEXT(2) 
PARAMETRIC_REPRESENTATION_CONTEXT() REPRESENTATION_CONTEXT('2D SPACE',''
  ) );
#5140 = ORIENTED_EDGE('',*,*,#4418,.T.);
#5141 = ORIENTED_EDGE('',*,*,#5142,.F.);
#5142 = EDGE_CURVE('',#5096,#4135,#5143,.T.);
#5143 = SURFACE_CURVE('',#5144,(#5148,#5154),.PCURVE_S1.);
#5144 = LINE('',#5145,#5146);
#5145 = CARTESIAN_POINT('',(-19.,15.825,1.4));
#5146 = VECTOR('',#5147,1.);
#5147 = DIRECTION('',(-0.,1.,0.));
#5148 = PCURVE('',#3206,#5149);
#5149 = DEFINITIONAL_REPRESENTATION('',(#5150),#5153);
#5150 = B_SPLINE_CURVE_WITH_KNOTS('',1,(#5151,#5152),.UNSPECIFIED.,.F.,
  .F.,(2,2),(15.825,19.525),.PIECEWISE_BEZIER_KNOTS.);
#5151 = CARTESIAN_POINT('',(5.4,0.));
#5152 = CARTESIAN_POINT('',(5.4,-3.7));
#5153 = ( GEOMETRIC_REPRESENTATION_CONTEXT(2) 
PARAMETRIC_REPRESENTATION_CONTEXT() REPRESENTATION_CONTEXT('2D SPACE',''
  ) );
#5154 = PCURVE('',#4150,#5155);
#5155 = DEFINITIONAL_REPRESENTATION('',(#5156),#5159);
#5156 = B_SPLINE_CURVE_WITH_KNOTS('',1,(#5157,#5158),.UNSPECIFIED.,.F.,
  .F.,(2,2),(15.825,19.525),.PIECEWISE_BEZIER_KNOTS.);
#5157 = CARTESIAN_POINT('',(-19.,31.65));
#5158 = CARTESIAN_POINT('',(-19.,35.35));
#5159 = ( GEOMETRIC_REPRESENTATION_CONTEXT(2) 
PARAMETRIC_REPRESENTATION_CONTEXT() REPRESENTATION_CONTEXT('2D SPACE',''
  ) );
#5160 = ADVANCED_FACE('',(#5161),#3177,.T.);
#5161 = FACE_BOUND('',#5162,.T.);
#5162 = EDGE_LOOP('',(#5163,#5184,#5185,#5186));
#5163 = ORIENTED_EDGE('',*,*,#5164,.F.);
#5164 = EDGE_CURVE('',#2997,#5165,#5167,.T.);
#5165 = VERTEX_POINT('',#5166);
#5166 = CARTESIAN_POINT('',(-18.18073353879,31.65,1.4));
#5167 = SURFACE_CURVE('',#5168,(#5172,#5178),.PCURVE_S1.);
#5168 = LINE('',#5169,#5170);
#5169 = CARTESIAN_POINT('',(-18.18073353879,31.65,-4.123438300723));
#5170 = VECTOR('',#5171,1.);
#5171 = DIRECTION('',(0.,0.,1.));
#5172 = PCURVE('',#3177,#5173);
#5173 = DEFINITIONAL_REPRESENTATION('',(#5174),#5177);
#5174 = B_SPLINE_CURVE_WITH_KNOTS('',1,(#5175,#5176),.UNSPECIFIED.,.F.,
  .F.,(2,2),(2.60608640239,5.82564870793),.PIECEWISE_BEZIER_KNOTS.);
#5175 = CARTESIAN_POINT('',(2.482648101666,0.819266461205));
#5176 = CARTESIAN_POINT('',(5.702210407207,0.819266461205));
#5177 = ( GEOMETRIC_REPRESENTATION_CONTEXT(2) 
PARAMETRIC_REPRESENTATION_CONTEXT() REPRESENTATION_CONTEXT('2D SPACE',''
  ) );
#5178 = PCURVE('',#2786,#5179);
#5179 = DEFINITIONAL_REPRESENTATION('',(#5180),#5183);
#5180 = B_SPLINE_CURVE_WITH_KNOTS('',1,(#5181,#5182),.UNSPECIFIED.,.F.,
  .F.,(2,2),(2.60608640239,5.82564870793),.PIECEWISE_BEZIER_KNOTS.);
#5181 = CARTESIAN_POINT('',(3.304213230784,2.60608640239));
#5182 = CARTESIAN_POINT('',(3.304213230784,5.82564870793));
#5183 = ( GEOMETRIC_REPRESENTATION_CONTEXT(2) 
PARAMETRIC_REPRESENTATION_CONTEXT() REPRESENTATION_CONTEXT('2D SPACE',''
  ) );
#5184 = ORIENTED_EDGE('',*,*,#3160,.T.);
#5185 = ORIENTED_EDGE('',*,*,#5095,.T.);
#5186 = ORIENTED_EDGE('',*,*,#5187,.F.);
#5187 = EDGE_CURVE('',#5165,#5096,#5188,.T.);
#5188 = SURFACE_CURVE('',#5189,(#5193,#5199),.PCURVE_S1.);
#5189 = LINE('',#5190,#5191);
#5190 = CARTESIAN_POINT('',(-9.5,31.65,1.4));
#5191 = VECTOR('',#5192,1.);
#5192 = DIRECTION('',(-1.,-0.,0.));
#5193 = PCURVE('',#3177,#5194);
#5194 = DEFINITIONAL_REPRESENTATION('',(#5195),#5198);
#5195 = B_SPLINE_CURVE_WITH_KNOTS('',1,(#5196,#5197),.UNSPECIFIED.,.F.,
  .F.,(2,2),(-31.5,9.5),.PIECEWISE_BEZIER_KNOTS.);
#5196 = CARTESIAN_POINT('',(5.4,41.));
#5197 = CARTESIAN_POINT('',(5.4,0.));
#5198 = ( GEOMETRIC_REPRESENTATION_CONTEXT(2) 
PARAMETRIC_REPRESENTATION_CONTEXT() REPRESENTATION_CONTEXT('2D SPACE',''
  ) );
#5199 = PCURVE('',#4150,#5200);
#5200 = DEFINITIONAL_REPRESENTATION('',(#5201),#5204);
#5201 = B_SPLINE_CURVE_WITH_KNOTS('',1,(#5202,#5203),.UNSPECIFIED.,.F.,
  .F.,(2,2),(-31.5,9.5),.PIECEWISE_BEZIER_KNOTS.);
#5202 = CARTESIAN_POINT('',(22.,31.65));
#5203 = CARTESIAN_POINT('',(-19.,31.65));
#5204 = ( GEOMETRIC_REPRESENTATION_CONTEXT(2) 
PARAMETRIC_REPRESENTATION_CONTEXT() REPRESENTATION_CONTEXT('2D SPACE',''
  ) );
#5205 = ADVANCED_FACE('',(#5206,#5428,#5475),#2786,.T.);
#5206 = FACE_BOUND('',#5207,.T.);
#5207 = EDGE_LOOP('',(#5208,#5377,#5400,#5427));
#5208 = ORIENTED_EDGE('',*,*,#5209,.T.);
#5209 = EDGE_CURVE('',#5210,#5210,#5212,.T.);
#5210 = VERTEX_POINT('',#5211);
#5211 = CARTESIAN_POINT('',(-7.75,32.5,-0.600878516639));
#5212 = SURFACE_CURVE('',#5213,(#5264,#5318),.PCURVE_S1.);
#5213 = B_SPLINE_CURVE_WITH_KNOTS('',7,(#5214,#5215,#5216,#5217,#5218,
    #5219,#5220,#5221,#5222,#5223,#5224,#5225,#5226,#5227,#5228,#5229,
    #5230,#5231,#5232,#5233,#5234,#5235,#5236,#5237,#5238,#5239,#5240,
    #5241,#5242,#5243,#5244,#5245,#5246,#5247,#5248,#5249,#5250,#5251,
    #5252,#5253,#5254,#5255,#5256,#5257,#5258,#5259,#5260,#5261,#5262,
    #5263),.UNSPECIFIED.,.T.,.F.,(8,6,6,6,6,6,6,6,8),(0.,0.127813249375,
    0.247755764267,0.372139898269,0.50043378115,0.62872798658,
    0.753104788411,0.863109817329,1.),.UNSPECIFIED.);
#5214 = CARTESIAN_POINT('',(-7.75,32.5,-0.600878516639));
#5215 = CARTESIAN_POINT('',(-7.75,33.017770132675,-0.600878516639));
#5216 = CARTESIAN_POINT('',(-7.809574784947,33.534923560006,
    -0.603968953961));
#5217 = CARTESIAN_POINT('',(-7.928467689027,34.047923847729,
    -0.610136327647));
#5218 = CARTESIAN_POINT('',(-8.108246821932,34.552927810586,
    -0.619612644334));
#5219 = CARTESIAN_POINT('',(-8.351834179877,35.044637320841,
    -0.632844914135));
#5220 = CARTESIAN_POINT('',(-8.663170455317,35.515565642749,
    -0.650554530084));
#5221 = CARTESIAN_POINT('',(-9.405981444118,36.365781230076,
    -0.695554973692));
#5222 = CARTESIAN_POINT('',(-9.838938076122,36.760441619354,
    -0.722798078486));
#5223 = CARTESIAN_POINT('',(-10.34542773233,37.114770220896,
    -0.756255289775));
#5224 = CARTESIAN_POINT('',(-10.9197821855,37.407756161064,
    -0.796559851202));
#5225 = CARTESIAN_POINT('',(-11.55114208015,37.620971845922,
    -0.844106343254));
#5226 = CARTESIAN_POINT('',(-12.2246399054,37.738987305957,
    -0.89866737192));
#5227 = CARTESIAN_POINT('',(-13.64409054288,37.760223822109,
    -1.021730078934));
#5228 = CARTESIAN_POINT('',(-14.34587021411,37.654641678531,
    -1.086690953379));
#5229 = CARTESIAN_POINT('',(-15.00532866894,37.445407374911,
    -1.151680223377));
#5230 = CARTESIAN_POINT('',(-15.60534912924,37.149042983665,
    -1.21407823702));
#5231 = CARTESIAN_POINT('',(-16.13334566881,36.785721611012,
    -1.271282597412));
#5232 = CARTESIAN_POINT('',(-16.58271288612,36.37872161033,
    -1.321444050816));
#5233 = CARTESIAN_POINT('',(-17.33619634106,35.516290402607,
    -1.407387258821));
#5234 = CARTESIAN_POINT('',(-17.64741828479,35.045871265219,
    -1.444049391009));
#5235 = CARTESIAN_POINT('',(-17.89117807146,34.554338168473,
    -1.473400284686));
#5236 = CARTESIAN_POINT('',(-18.0712179618,34.049195545272,
    -1.495375300072));
#5237 = CARTESIAN_POINT('',(-18.19032357644,33.535829624533,
    -1.510014694342));
#5238 = CARTESIAN_POINT('',(-18.25,33.018211719312,-1.517349498334));
#5239 = CARTESIAN_POINT('',(-18.25,31.981786977825,-1.517349498334));
#5240 = CARTESIAN_POINT('',(-18.19032324875,31.464147168501,
    -1.510014657325));
#5241 = CARTESIAN_POINT('',(-18.0712086279,30.950772283313,
    -1.495374146114));
#5242 = CARTESIAN_POINT('',(-17.89116501087,30.445647210028,
    -1.473398687597));
#5243 = CARTESIAN_POINT('',(-17.64742041276,29.954145218358,
    -1.444049775581));
#5244 = CARTESIAN_POINT('',(-17.33621985374,29.483736509821,
    -1.407389940705));
#5245 = CARTESIAN_POINT('',(-16.58271288833,28.621278392197,
    -1.321444051068));
#5246 = CARTESIAN_POINT('',(-16.13334565717,28.214278380832,
    -1.271282596195));
#5247 = CARTESIAN_POINT('',(-15.60534915412,27.85095702811,
    -1.214078239493));
#5248 = CARTESIAN_POINT('',(-15.0053286411,27.554592616544,
    -1.151680220722));
#5249 = CARTESIAN_POINT('',(-14.34587023081,27.345358324055,
    -1.086690954905));
#5250 = CARTESIAN_POINT('',(-13.64409053836,27.239776177959,
    -1.021730078543));
#5251 = CARTESIAN_POINT('',(-12.28233548135,27.26014950585,
    -0.903669429457));
#5252 = CARTESIAN_POINT('',(-11.6607877974,27.360252506059,
    -0.853004427149));
#5253 = CARTESIAN_POINT('',(-11.0723664118,27.542372232697,
    -0.808108912285));
#5254 = CARTESIAN_POINT('',(-10.53014261688,27.794849266442,
    -0.769336946682));
#5255 = CARTESIAN_POINT('',(-10.04409642544,28.103101712672,
    -0.736510155682));
#5256 = CARTESIAN_POINT('',(-9.620263887385,28.449892743069,
    -0.709207271302));
#5257 = CARTESIAN_POINT('',(-8.811745077192,29.270598350694,
    -0.659064965656));
#5258 = CARTESIAN_POINT('',(-8.448486240782,29.768528545233,
    -0.638112873213));
#5259 = CARTESIAN_POINT('',(-8.165221010142,30.293263396599,
    -0.622619919904));
#5260 = CARTESIAN_POINT('',(-7.956721952471,30.834757885823,
    -0.61160184765));
#5261 = CARTESIAN_POINT('',(-7.819038760075,31.386117519358,
    -0.604459931675));
#5262 = CARTESIAN_POINT('',(-7.75,31.942619401271,-0.600878516639));
#5263 = CARTESIAN_POINT('',(-7.75,32.5,-0.600878516639));
#5264 = PCURVE('',#2786,#5265);
#5265 = DEFINITIONAL_REPRESENTATION('',(#5266),#5317);
#5266 = B_SPLINE_CURVE_WITH_KNOTS('',7,(#5267,#5268,#5269,#5270,#5271,
    #5272,#5273,#5274,#5275,#5276,#5277,#5278,#5279,#5280,#5281,#5282,
    #5283,#5284,#5285,#5286,#5287,#5288,#5289,#5290,#5291,#5292,#5293,
    #5294,#5295,#5296,#5297,#5298,#5299,#5300,#5301,#5302,#5303,#5304,
    #5305,#5306,#5307,#5308,#5309,#5310,#5311,#5312,#5313,#5314,#5315,
    #5316),.UNSPECIFIED.,.F.,.F.,(8,6,6,6,6,6,6,6,8),(0.,0.127813249375,
    0.247755764267,0.372139898269,0.50043378115,0.62872798658,
    0.753104788411,0.863109817329,1.),.UNSPECIFIED.);
#5267 = CARTESIAN_POINT('',(0.,3.522559784084));
#5268 = CARTESIAN_POINT('',(9.862288241433E-02,3.522559784084));
#5269 = CARTESIAN_POINT('',(0.197128150096,3.519469346763));
#5270 = CARTESIAN_POINT('',(0.296409990003,3.513301973077));
#5271 = CARTESIAN_POINT('',(0.397283088387,3.503825656389));
#5272 = CARTESIAN_POINT('',(0.500570566531,3.490593386589));
#5273 = CARTESIAN_POINT('',(0.6071389559,3.472883770639));
#5274 = CARTESIAN_POINT('',(0.822186044349,3.427883327032));
#5275 = CARTESIAN_POINT('',(0.933055939477,3.400640222237));
#5276 = CARTESIAN_POINT('',(1.049198043414,3.367183010948));
#5277 = CARTESIAN_POINT('',(1.169812738448,3.326878449521));
#5278 = CARTESIAN_POINT('',(1.294486041048,3.27933195747));
#5279 = CARTESIAN_POINT('',(1.423093278016,3.224770928803));
#5280 = CARTESIAN_POINT('',(1.693495085486,3.101708221789));
#5281 = CARTESIAN_POINT('',(1.826851606599,3.036747347344));
#5282 = CARTESIAN_POINT('',(1.956113036974,2.971758077346));
#5283 = CARTESIAN_POINT('',(2.08113061817,2.909360063704));
#5284 = CARTESIAN_POINT('',(2.20143700421,2.852155703312));
#5285 = CARTESIAN_POINT('',(2.316133567511,2.801994249907));
#5286 = CARTESIAN_POINT('',(2.534270382423,2.716051041903));
#5287 = CARTESIAN_POINT('',(2.640751401995,2.679388909714));
#5288 = CARTESIAN_POINT('',(2.744024179751,2.650038016037));
#5289 = CARTESIAN_POINT('',(2.844936488162,2.628063000651));
#5290 = CARTESIAN_POINT('',(2.944291895683,2.613423606381));
#5291 = CARTESIAN_POINT('',(3.042885659435,2.60608880239));
#5292 = CARTESIAN_POINT('',(3.240299895909,2.60608880239));
#5293 = CARTESIAN_POINT('',(3.338897812388,2.613423643399));
#5294 = CARTESIAN_POINT('',(3.438255006075,2.62806415461));
#5295 = CARTESIAN_POINT('',(3.539164452321,2.650039613127));
#5296 = CARTESIAN_POINT('',(3.64243127688,2.679388525142));
#5297 = CARTESIAN_POINT('',(3.748908117731,2.716048360019));
#5298 = CARTESIAN_POINT('',(3.967051739029,2.801994249656));
#5299 = CARTESIAN_POINT('',(4.081748305843,2.852155704529));
#5300 = CARTESIAN_POINT('',(4.202054683385,2.90936006123));
#5301 = CARTESIAN_POINT('',(4.327072276116,2.971758080001));
#5302 = CARTESIAN_POINT('',(4.456333697219,3.036747345818));
#5303 = CARTESIAN_POINT('',(4.589690222555,3.101708222181));
#5304 = CARTESIAN_POINT('',(4.849101165791,3.219768871266));
#5305 = CARTESIAN_POINT('',(4.967763077362,3.270433873574));
#5306 = CARTESIAN_POINT('',(5.083298070285,3.315329388438));
#5307 = CARTESIAN_POINT('',(5.195456037696,3.354101354041));
#5308 = CARTESIAN_POINT('',(5.303781645254,3.386928145041));
#5309 = CARTESIAN_POINT('',(5.407494196045,3.414231029422));
#5310 = CARTESIAN_POINT('',(5.626935693748,3.464373335067));
#5311 = CARTESIAN_POINT('',(5.743059536547,3.48532542751));
#5312 = CARTESIAN_POINT('',(5.855066022846,3.500818380819));
#5313 = CARTESIAN_POINT('',(5.964040663069,3.511836453073));
#5314 = CARTESIAN_POINT('',(6.071017499197,3.518978369048));
#5315 = CARTESIAN_POINT('',(6.177017574088,3.522559784084));
#5316 = CARTESIAN_POINT('',(6.28318530718,3.522559784084));
#5317 = ( GEOMETRIC_REPRESENTATION_CONTEXT(2) 
PARAMETRIC_REPRESENTATION_CONTEXT() REPRESENTATION_CONTEXT('2D SPACE',''
  ) );
#5318 = PCURVE('',#5319,#5324);
#5319 = CYLINDRICAL_SURFACE('',#5320,149.6);
#5320 = AXIS2_PLACEMENT_3D('',#5321,#5322,#5323);
#5321 = CARTESIAN_POINT('',(0.,111.45,-150.));
#5322 = DIRECTION('',(0.,-1.,2.22044604925E-16));
#5323 = DIRECTION('',(1.,0.,0.));
#5324 = DEFINITIONAL_REPRESENTATION('',(#5325),#5376);
#5325 = B_SPLINE_CURVE_WITH_KNOTS('',7,(#5326,#5327,#5328,#5329,#5330,
    #5331,#5332,#5333,#5334,#5335,#5336,#5337,#5338,#5339,#5340,#5341,
    #5342,#5343,#5344,#5345,#5346,#5347,#5348,#5349,#5350,#5351,#5352,
    #5353,#5354,#5355,#5356,#5357,#5358,#5359,#5360,#5361,#5362,#5363,
    #5364,#5365,#5366,#5367,#5368,#5369,#5370,#5371,#5372,#5373,#5374,
    #5375),.UNSPECIFIED.,.T.,.F.,(8,6,6,6,6,6,6,6,8),(0.,0.127813249375,
    0.247755764267,0.372139898269,0.50043378115,0.62872798658,
    0.753104788411,0.863109817329,1.),.UNSPECIFIED.);
#5326 = CARTESIAN_POINT('',(1.622624339421,78.95));
#5327 = CARTESIAN_POINT('',(1.622624339421,78.432229867325));
#5328 = CARTESIAN_POINT('',(1.623023102034,77.915076439994));
#5329 = CARTESIAN_POINT('',(1.623818909324,77.40207615227));
#5330 = CARTESIAN_POINT('',(1.625022309128,76.897072189415));
#5331 = CARTESIAN_POINT('',(1.62665296334,76.405362679158));
#5332 = CARTESIAN_POINT('',(1.628737438186,75.934434357251));
#5333 = CARTESIAN_POINT('',(1.633711855517,75.084218769924));
#5334 = CARTESIAN_POINT('',(1.636611666357,74.689558380646));
#5335 = CARTESIAN_POINT('',(1.640004643933,74.335229779105));
#5336 = CARTESIAN_POINT('',(1.643853286371,74.042243838935));
#5337 = CARTESIAN_POINT('',(1.648085452139,73.829028154078));
#5338 = CARTESIAN_POINT('',(1.652602119891,73.711012694043));
#5339 = CARTESIAN_POINT('',(1.662126018689,73.689776177891));
#5340 = CARTESIAN_POINT('',(1.666837034257,73.795358321469));
#5341 = CARTESIAN_POINT('',(1.671266412319,74.004592625088));
#5342 = CARTESIAN_POINT('',(1.675298796197,74.300957016335));
#5343 = CARTESIAN_POINT('',(1.678848808121,74.664278388988));
#5344 = CARTESIAN_POINT('',(1.681871247291,75.071278389671));
#5345 = CARTESIAN_POINT('',(1.68694055884,75.933709597393));
#5346 = CARTESIAN_POINT('',(1.689035290009,76.404128734781));
#5347 = CARTESIAN_POINT('',(1.690676465335,76.895661831527));
#5348 = CARTESIAN_POINT('',(1.691888871282,77.400804454728));
#5349 = CARTESIAN_POINT('',(1.692691023184,77.914170375467));
#5350 = CARTESIAN_POINT('',(1.693092931546,78.431788280688));
#5351 = CARTESIAN_POINT('',(1.693092931546,79.468213022175));
#5352 = CARTESIAN_POINT('',(1.692691020981,79.985852831499));
#5353 = CARTESIAN_POINT('',(1.69188880841,80.499227716688));
#5354 = CARTESIAN_POINT('',(1.690676377388,81.004352789972));
#5355 = CARTESIAN_POINT('',(1.689035304433,81.495854781642));
#5356 = CARTESIAN_POINT('',(1.686940717029,81.966263490179));
#5357 = CARTESIAN_POINT('',(1.681871247306,82.828721607803));
#5358 = CARTESIAN_POINT('',(1.678848808043,83.235721619168));
#5359 = CARTESIAN_POINT('',(1.675298796364,83.599042971891));
#5360 = CARTESIAN_POINT('',(1.671266412132,83.895407383456));
#5361 = CARTESIAN_POINT('',(1.666837034369,84.104641675946));
#5362 = CARTESIAN_POINT('',(1.662126018659,84.210223822041));
#5363 = CARTESIAN_POINT('',(1.652989232209,84.18985049415));
#5364 = CARTESIAN_POINT('',(1.64882077644,84.08974749394));
#5365 = CARTESIAN_POINT('',(1.644876128656,83.907627767304));
#5366 = CARTESIAN_POINT('',(1.641242441937,83.655150733556));
#5367 = CARTESIAN_POINT('',(1.637986094268,83.346898287329));
#5368 = CARTESIAN_POINT('',(1.635147124948,83.000107256931));
#5369 = CARTESIAN_POINT('',(1.629732204039,82.179401649306));
#5370 = CARTESIAN_POINT('',(1.627299990302,81.681471454767));
#5371 = CARTESIAN_POINT('',(1.62540368252,81.1567366034));
#5372 = CARTESIAN_POINT('',(1.624008028649,80.615242114178));
#5373 = CARTESIAN_POINT('',(1.623086448966,80.063882480642));
#5374 = CARTESIAN_POINT('',(1.622624339421,79.507380598729));
#5375 = CARTESIAN_POINT('',(1.622624339421,78.95));
#5376 = ( GEOMETRIC_REPRESENTATION_CONTEXT(2) 
PARAMETRIC_REPRESENTATION_CONTEXT() REPRESENTATION_CONTEXT('2D SPACE',''
  ) );
#5377 = ORIENTED_EDGE('',*,*,#5378,.T.);
#5378 = EDGE_CURVE('',#5210,#5379,#5381,.T.);
#5379 = VERTEX_POINT('',#5380);
#5380 = CARTESIAN_POINT('',(-7.75,32.5,2.));
#5381 = SEAM_CURVE('',#5382,(#5386,#5393),.PCURVE_S1.);
#5382 = LINE('',#5383,#5384);
#5383 = CARTESIAN_POINT('',(-7.75,32.5,-4.123438300723));
#5384 = VECTOR('',#5385,1.);
#5385 = DIRECTION('',(0.,0.,1.));
#5386 = PCURVE('',#2786,#5387);
#5387 = DEFINITIONAL_REPRESENTATION('',(#5388),#5392);
#5388 = LINE('',#5389,#5390);
#5389 = CARTESIAN_POINT('',(0.,-0.));
#5390 = VECTOR('',#5391,1.);
#5391 = DIRECTION('',(0.,1.));
#5392 = ( GEOMETRIC_REPRESENTATION_CONTEXT(2) 
PARAMETRIC_REPRESENTATION_CONTEXT() REPRESENTATION_CONTEXT('2D SPACE',''
  ) );
#5393 = PCURVE('',#2786,#5394);
#5394 = DEFINITIONAL_REPRESENTATION('',(#5395),#5399);
#5395 = LINE('',#5396,#5397);
#5396 = CARTESIAN_POINT('',(6.28318530718,-0.));
#5397 = VECTOR('',#5398,1.);
#5398 = DIRECTION('',(0.,1.));
#5399 = ( GEOMETRIC_REPRESENTATION_CONTEXT(2) 
PARAMETRIC_REPRESENTATION_CONTEXT() REPRESENTATION_CONTEXT('2D SPACE',''
  ) );
#5400 = ORIENTED_EDGE('',*,*,#5401,.F.);
#5401 = EDGE_CURVE('',#5379,#5379,#5402,.T.);
#5402 = SURFACE_CURVE('',#5403,(#5408,#5415),.PCURVE_S1.);
#5403 = CIRCLE('',#5404,5.25);
#5404 = AXIS2_PLACEMENT_3D('',#5405,#5406,#5407);
#5405 = CARTESIAN_POINT('',(-13.,32.5,2.));
#5406 = DIRECTION('',(0.,0.,1.));
#5407 = DIRECTION('',(1.,0.,-0.));
#5408 = PCURVE('',#2786,#5409);
#5409 = DEFINITIONAL_REPRESENTATION('',(#5410),#5414);
#5410 = LINE('',#5411,#5412);
#5411 = CARTESIAN_POINT('',(0.,6.123438300723));
#5412 = VECTOR('',#5413,1.);
#5413 = DIRECTION('',(1.,0.));
#5414 = ( GEOMETRIC_REPRESENTATION_CONTEXT(2) 
PARAMETRIC_REPRESENTATION_CONTEXT() REPRESENTATION_CONTEXT('2D SPACE',''
  ) );
#5415 = PCURVE('',#5416,#5421);
#5416 = PLANE('',#5417);
#5417 = AXIS2_PLACEMENT_3D('',#5418,#5419,#5420);
#5418 = CARTESIAN_POINT('',(-13.,32.5,2.));
#5419 = DIRECTION('',(0.,0.,1.));
#5420 = DIRECTION('',(1.,0.,-0.));
#5421 = DEFINITIONAL_REPRESENTATION('',(#5422),#5426);
#5422 = CIRCLE('',#5423,5.25);
#5423 = AXIS2_PLACEMENT_2D('',#5424,#5425);
#5424 = CARTESIAN_POINT('',(0.,0.));
#5425 = DIRECTION('',(1.,0.));
#5426 = ( GEOMETRIC_REPRESENTATION_CONTEXT(2) 
PARAMETRIC_REPRESENTATION_CONTEXT() REPRESENTATION_CONTEXT('2D SPACE',''
  ) );
#5427 = ORIENTED_EDGE('',*,*,#5378,.F.);
#5428 = FACE_BOUND('',#5429,.T.);
#5429 = EDGE_LOOP('',(#5430,#5431,#5432,#5456));
#5430 = ORIENTED_EDGE('',*,*,#2996,.F.);
#5431 = ORIENTED_EDGE('',*,*,#5164,.T.);
#5432 = ORIENTED_EDGE('',*,*,#5433,.T.);
#5433 = EDGE_CURVE('',#5165,#5434,#5436,.T.);
#5434 = VERTEX_POINT('',#5435);
#5435 = CARTESIAN_POINT('',(-17.85412195973,30.5,1.4));
#5436 = SURFACE_CURVE('',#5437,(#5442,#5449),.PCURVE_S1.);
#5437 = CIRCLE('',#5438,5.25);
#5438 = AXIS2_PLACEMENT_3D('',#5439,#5440,#5441);
#5439 = CARTESIAN_POINT('',(-13.,32.5,1.4));
#5440 = DIRECTION('',(0.,0.,1.));
#5441 = DIRECTION('',(1.,0.,-0.));
#5442 = PCURVE('',#2786,#5443);
#5443 = DEFINITIONAL_REPRESENTATION('',(#5444),#5448);
#5444 = LINE('',#5445,#5446);
#5445 = CARTESIAN_POINT('',(0.,5.523438300723));
#5446 = VECTOR('',#5447,1.);
#5447 = DIRECTION('',(1.,0.));
#5448 = ( GEOMETRIC_REPRESENTATION_CONTEXT(2) 
PARAMETRIC_REPRESENTATION_CONTEXT() REPRESENTATION_CONTEXT('2D SPACE',''
  ) );
#5449 = PCURVE('',#4150,#5450);
#5450 = DEFINITIONAL_REPRESENTATION('',(#5451),#5455);
#5451 = CIRCLE('',#5452,5.25);
#5452 = AXIS2_PLACEMENT_2D('',#5453,#5454);
#5453 = CARTESIAN_POINT('',(-13.,32.5));
#5454 = DIRECTION('',(1.,0.));
#5455 = ( GEOMETRIC_REPRESENTATION_CONTEXT(2) 
PARAMETRIC_REPRESENTATION_CONTEXT() REPRESENTATION_CONTEXT('2D SPACE',''
  ) );
#5456 = ORIENTED_EDGE('',*,*,#5457,.F.);
#5457 = EDGE_CURVE('',#2964,#5434,#5458,.T.);
#5458 = SURFACE_CURVE('',#5459,(#5463,#5469),.PCURVE_S1.);
#5459 = LINE('',#5460,#5461);
#5460 = CARTESIAN_POINT('',(-17.85412195973,30.5,-4.123438300723));
#5461 = VECTOR('',#5462,1.);
#5462 = DIRECTION('',(0.,0.,1.));
#5463 = PCURVE('',#2786,#5464);
#5464 = DEFINITIONAL_REPRESENTATION('',(#5465),#5468);
#5465 = B_SPLINE_CURVE_WITH_KNOTS('',1,(#5466,#5467),.UNSPECIFIED.,.F.,
  .F.,(2,2),(2.791130427803,5.771829925534),.PIECEWISE_BEZIER_KNOTS.);
#5466 = CARTESIAN_POINT('',(3.532418784165,2.791130427803));
#5467 = CARTESIAN_POINT('',(3.532418784165,5.771829925534));
#5468 = ( GEOMETRIC_REPRESENTATION_CONTEXT(2) 
PARAMETRIC_REPRESENTATION_CONTEXT() REPRESENTATION_CONTEXT('2D SPACE',''
  ) );
#5469 = PCURVE('',#2980,#5470);
#5470 = DEFINITIONAL_REPRESENTATION('',(#5471),#5474);
#5471 = B_SPLINE_CURVE_WITH_KNOTS('',1,(#5472,#5473),.UNSPECIFIED.,.F.,
  .F.,(2,2),(2.791130427803,5.771829925534),.PIECEWISE_BEZIER_KNOTS.);
#5472 = CARTESIAN_POINT('',(1.391130427803,0.145878040263));
#5473 = CARTESIAN_POINT('',(4.371829925534,0.145878040263));
#5474 = ( GEOMETRIC_REPRESENTATION_CONTEXT(2) 
PARAMETRIC_REPRESENTATION_CONTEXT() REPRESENTATION_CONTEXT('2D SPACE',''
  ) );
#5475 = FACE_BOUND('',#5476,.T.);
#5476 = EDGE_LOOP('',(#5477,#5478,#5499,#5523));
#5477 = ORIENTED_EDGE('',*,*,#2676,.F.);
#5478 = ORIENTED_EDGE('',*,*,#5479,.T.);
#5479 = EDGE_CURVE('',#2677,#5480,#5482,.T.);
#5480 = VERTEX_POINT('',#5481);
#5481 = CARTESIAN_POINT('',(-8.145878040263,30.5,1.4));
#5482 = SURFACE_CURVE('',#5483,(#5487,#5493),.PCURVE_S1.);
#5483 = LINE('',#5484,#5485);
#5484 = CARTESIAN_POINT('',(-8.145878040263,30.5,-4.123438300723));
#5485 = VECTOR('',#5486,1.);
#5486 = DIRECTION('',(0.,0.,1.));
#5487 = PCURVE('',#2786,#5488);
#5488 = DEFINITIONAL_REPRESENTATION('',(#5489),#5492);
#5489 = B_SPLINE_CURVE_WITH_KNOTS('',1,(#5490,#5491),.UNSPECIFIED.,.F.,
  .F.,(2,2),(2.791130427803,5.771829925534),.PIECEWISE_BEZIER_KNOTS.);
#5490 = CARTESIAN_POINT('',(5.892359176604,2.791130427803));
#5491 = CARTESIAN_POINT('',(5.892359176604,5.771829925534));
#5492 = ( GEOMETRIC_REPRESENTATION_CONTEXT(2) 
PARAMETRIC_REPRESENTATION_CONTEXT() REPRESENTATION_CONTEXT('2D SPACE',''
  ) );
#5493 = PCURVE('',#2862,#5494);
#5494 = DEFINITIONAL_REPRESENTATION('',(#5495),#5498);
#5495 = B_SPLINE_CURVE_WITH_KNOTS('',1,(#5496,#5497),.UNSPECIFIED.,.F.,
  .F.,(2,2),(2.791130427803,5.771829925534),.PIECEWISE_BEZIER_KNOTS.);
#5496 = CARTESIAN_POINT('',(1.391130427803,9.854121959737));
#5497 = CARTESIAN_POINT('',(4.371829925534,9.854121959737));
#5498 = ( GEOMETRIC_REPRESENTATION_CONTEXT(2) 
PARAMETRIC_REPRESENTATION_CONTEXT() REPRESENTATION_CONTEXT('2D SPACE',''
  ) );
#5499 = ORIENTED_EDGE('',*,*,#5500,.T.);
#5500 = EDGE_CURVE('',#5480,#5501,#5503,.T.);
#5501 = VERTEX_POINT('',#5502);
#5502 = CARTESIAN_POINT('',(-7.819266461205,31.65,1.4));
#5503 = SURFACE_CURVE('',#5504,(#5509,#5516),.PCURVE_S1.);
#5504 = CIRCLE('',#5505,5.25);
#5505 = AXIS2_PLACEMENT_3D('',#5506,#5507,#5508);
#5506 = CARTESIAN_POINT('',(-13.,32.5,1.4));
#5507 = DIRECTION('',(0.,0.,1.));
#5508 = DIRECTION('',(1.,0.,-0.));
#5509 = PCURVE('',#2786,#5510);
#5510 = DEFINITIONAL_REPRESENTATION('',(#5511),#5515);
#5511 = LINE('',#5512,#5513);
#5512 = CARTESIAN_POINT('',(0.,5.523438300723));
#5513 = VECTOR('',#5514,1.);
#5514 = DIRECTION('',(1.,0.));
#5515 = ( GEOMETRIC_REPRESENTATION_CONTEXT(2) 
PARAMETRIC_REPRESENTATION_CONTEXT() REPRESENTATION_CONTEXT('2D SPACE',''
  ) );
#5516 = PCURVE('',#4150,#5517);
#5517 = DEFINITIONAL_REPRESENTATION('',(#5518),#5522);
#5518 = CIRCLE('',#5519,5.25);
#5519 = AXIS2_PLACEMENT_2D('',#5520,#5521);
#5520 = CARTESIAN_POINT('',(-13.,32.5));
#5521 = DIRECTION('',(1.,0.));
#5522 = ( GEOMETRIC_REPRESENTATION_CONTEXT(2) 
PARAMETRIC_REPRESENTATION_CONTEXT() REPRESENTATION_CONTEXT('2D SPACE',''
  ) );
#5523 = ORIENTED_EDGE('',*,*,#5524,.F.);
#5524 = EDGE_CURVE('',#2644,#5501,#5525,.T.);
#5525 = SURFACE_CURVE('',#5526,(#5530,#5536),.PCURVE_S1.);
#5526 = LINE('',#5527,#5528);
#5527 = CARTESIAN_POINT('',(-7.819266461205,31.65,-4.123438300723));
#5528 = VECTOR('',#5529,1.);
#5529 = DIRECTION('',(0.,0.,1.));
#5530 = PCURVE('',#2786,#5531);
#5531 = DEFINITIONAL_REPRESENTATION('',(#5532),#5535);
#5532 = B_SPLINE_CURVE_WITH_KNOTS('',1,(#5533,#5534),.UNSPECIFIED.,.F.,
  .F.,(2,2),(2.60608640239,5.82564870793),.PIECEWISE_BEZIER_KNOTS.);
#5533 = CARTESIAN_POINT('',(6.120564729985,2.60608640239));
#5534 = CARTESIAN_POINT('',(6.120564729985,5.82564870793));
#5535 = ( GEOMETRIC_REPRESENTATION_CONTEXT(2) 
PARAMETRIC_REPRESENTATION_CONTEXT() REPRESENTATION_CONTEXT('2D SPACE',''
  ) );
#5536 = PCURVE('',#2660,#5537);
#5537 = DEFINITIONAL_REPRESENTATION('',(#5538),#5541);
#5538 = B_SPLINE_CURVE_WITH_KNOTS('',1,(#5539,#5540),.UNSPECIFIED.,.F.,
  .F.,(2,2),(2.60608640239,5.82564870793),.PIECEWISE_BEZIER_KNOTS.);
#5539 = CARTESIAN_POINT('',(2.482648101666,11.180733538795));
#5540 = CARTESIAN_POINT('',(5.702210407207,11.180733538795));
#5541 = ( GEOMETRIC_REPRESENTATION_CONTEXT(2) 
PARAMETRIC_REPRESENTATION_CONTEXT() REPRESENTATION_CONTEXT('2D SPACE',''
  ) );
#5542 = ADVANCED_FACE('',(#5543),#2980,.F.);
#5543 = FACE_BOUND('',#5544,.F.);
#5544 = EDGE_LOOP('',(#5545,#5546,#5547,#5570));
#5545 = ORIENTED_EDGE('',*,*,#5457,.F.);
#5546 = ORIENTED_EDGE('',*,*,#2963,.T.);
#5547 = ORIENTED_EDGE('',*,*,#5548,.T.);
#5548 = EDGE_CURVE('',#2938,#5549,#5551,.T.);
#5549 = VERTEX_POINT('',#5550);
#5550 = CARTESIAN_POINT('',(-18.,30.5,1.4));
#5551 = SURFACE_CURVE('',#5552,(#5556,#5563),.PCURVE_S1.);
#5552 = LINE('',#5553,#5554);
#5553 = CARTESIAN_POINT('',(-18.,30.5,-2.723438300723));
#5554 = VECTOR('',#5555,1.);
#5555 = DIRECTION('',(0.,0.,1.));
#5556 = PCURVE('',#2980,#5557);
#5557 = DEFINITIONAL_REPRESENTATION('',(#5558),#5562);
#5558 = LINE('',#5559,#5560);
#5559 = CARTESIAN_POINT('',(0.,0.));
#5560 = VECTOR('',#5561,1.);
#5561 = DIRECTION('',(1.,0.));
#5562 = ( GEOMETRIC_REPRESENTATION_CONTEXT(2) 
PARAMETRIC_REPRESENTATION_CONTEXT() REPRESENTATION_CONTEXT('2D SPACE',''
  ) );
#5563 = PCURVE('',#2952,#5564);
#5564 = DEFINITIONAL_REPRESENTATION('',(#5565),#5569);
#5565 = LINE('',#5566,#5567);
#5566 = CARTESIAN_POINT('',(0.,-15.5));
#5567 = VECTOR('',#5568,1.);
#5568 = DIRECTION('',(1.,0.));
#5569 = ( GEOMETRIC_REPRESENTATION_CONTEXT(2) 
PARAMETRIC_REPRESENTATION_CONTEXT() REPRESENTATION_CONTEXT('2D SPACE',''
  ) );
#5570 = ORIENTED_EDGE('',*,*,#5571,.F.);
#5571 = EDGE_CURVE('',#5434,#5549,#5572,.T.);
#5572 = SURFACE_CURVE('',#5573,(#5577,#5583),.PCURVE_S1.);
#5573 = LINE('',#5574,#5575);
#5574 = CARTESIAN_POINT('',(-9.,30.5,1.4));
#5575 = VECTOR('',#5576,1.);
#5576 = DIRECTION('',(-1.,-0.,0.));
#5577 = PCURVE('',#2980,#5578);
#5578 = DEFINITIONAL_REPRESENTATION('',(#5579),#5582);
#5579 = B_SPLINE_CURVE_WITH_KNOTS('',1,(#5580,#5581),.UNSPECIFIED.,.F.,
  .F.,(2,2),(-17.,9.),.PIECEWISE_BEZIER_KNOTS.);
#5580 = CARTESIAN_POINT('',(4.123438300723,26.));
#5581 = CARTESIAN_POINT('',(4.123438300723,0.));
#5582 = ( GEOMETRIC_REPRESENTATION_CONTEXT(2) 
PARAMETRIC_REPRESENTATION_CONTEXT() REPRESENTATION_CONTEXT('2D SPACE',''
  ) );
#5583 = PCURVE('',#4150,#5584);
#5584 = DEFINITIONAL_REPRESENTATION('',(#5585),#5588);
#5585 = B_SPLINE_CURVE_WITH_KNOTS('',1,(#5586,#5587),.UNSPECIFIED.,.F.,
  .F.,(2,2),(-17.,9.),.PIECEWISE_BEZIER_KNOTS.);
#5586 = CARTESIAN_POINT('',(8.,30.5));
#5587 = CARTESIAN_POINT('',(-18.,30.5));
#5588 = ( GEOMETRIC_REPRESENTATION_CONTEXT(2) 
PARAMETRIC_REPRESENTATION_CONTEXT() REPRESENTATION_CONTEXT('2D SPACE',''
  ) );
#5589 = ADVANCED_FACE('',(#5590),#2952,.T.);
#5590 = FACE_BOUND('',#5591,.T.);
#5591 = EDGE_LOOP('',(#5592,#5615,#5616,#5617));
#5592 = ORIENTED_EDGE('',*,*,#5593,.F.);
#5593 = EDGE_CURVE('',#2905,#5594,#5596,.T.);
#5594 = VERTEX_POINT('',#5595);
#5595 = CARTESIAN_POINT('',(-18.,15.,1.4));
#5596 = SURFACE_CURVE('',#5597,(#5601,#5608),.PCURVE_S1.);
#5597 = LINE('',#5598,#5599);
#5598 = CARTESIAN_POINT('',(-18.,15.,-2.723438300723));
#5599 = VECTOR('',#5600,1.);
#5600 = DIRECTION('',(0.,0.,1.));
#5601 = PCURVE('',#2952,#5602);
#5602 = DEFINITIONAL_REPRESENTATION('',(#5603),#5607);
#5603 = LINE('',#5604,#5605);
#5604 = CARTESIAN_POINT('',(0.,0.));
#5605 = VECTOR('',#5606,1.);
#5606 = DIRECTION('',(1.,0.));
#5607 = ( GEOMETRIC_REPRESENTATION_CONTEXT(2) 
PARAMETRIC_REPRESENTATION_CONTEXT() REPRESENTATION_CONTEXT('2D SPACE',''
  ) );
#5608 = PCURVE('',#2921,#5609);
#5609 = DEFINITIONAL_REPRESENTATION('',(#5610),#5614);
#5610 = LINE('',#5611,#5612);
#5611 = CARTESIAN_POINT('',(0.,0.));
#5612 = VECTOR('',#5613,1.);
#5613 = DIRECTION('',(1.,0.));
#5614 = ( GEOMETRIC_REPRESENTATION_CONTEXT(2) 
PARAMETRIC_REPRESENTATION_CONTEXT() REPRESENTATION_CONTEXT('2D SPACE',''
  ) );
#5615 = ORIENTED_EDGE('',*,*,#2937,.F.);
#5616 = ORIENTED_EDGE('',*,*,#5548,.T.);
#5617 = ORIENTED_EDGE('',*,*,#5618,.F.);
#5618 = EDGE_CURVE('',#5594,#5549,#5619,.T.);
#5619 = SURFACE_CURVE('',#5620,(#5624,#5630),.PCURVE_S1.);
#5620 = LINE('',#5621,#5622);
#5621 = CARTESIAN_POINT('',(-18.,7.5,1.4));
#5622 = VECTOR('',#5623,1.);
#5623 = DIRECTION('',(-0.,1.,0.));
#5624 = PCURVE('',#2952,#5625);
#5625 = DEFINITIONAL_REPRESENTATION('',(#5626),#5629);
#5626 = B_SPLINE_CURVE_WITH_KNOTS('',1,(#5627,#5628),.UNSPECIFIED.,.F.,
  .F.,(2,2),(7.5,23.),.PIECEWISE_BEZIER_KNOTS.);
#5627 = CARTESIAN_POINT('',(4.123438300723,0.));
#5628 = CARTESIAN_POINT('',(4.123438300723,-15.5));
#5629 = ( GEOMETRIC_REPRESENTATION_CONTEXT(2) 
PARAMETRIC_REPRESENTATION_CONTEXT() REPRESENTATION_CONTEXT('2D SPACE',''
  ) );
#5630 = PCURVE('',#4150,#5631);
#5631 = DEFINITIONAL_REPRESENTATION('',(#5632),#5635);
#5632 = B_SPLINE_CURVE_WITH_KNOTS('',1,(#5633,#5634),.UNSPECIFIED.,.F.,
  .F.,(2,2),(7.5,23.),.PIECEWISE_BEZIER_KNOTS.);
#5633 = CARTESIAN_POINT('',(-18.,15.));
#5634 = CARTESIAN_POINT('',(-18.,30.5));
#5635 = ( GEOMETRIC_REPRESENTATION_CONTEXT(2) 
PARAMETRIC_REPRESENTATION_CONTEXT() REPRESENTATION_CONTEXT('2D SPACE',''
  ) );
#5636 = ADVANCED_FACE('',(#5637),#2921,.T.);
#5637 = FACE_BOUND('',#5638,.T.);
#5638 = EDGE_LOOP('',(#5639,#5662,#5663,#5664));
#5639 = ORIENTED_EDGE('',*,*,#5640,.F.);
#5640 = EDGE_CURVE('',#2879,#5641,#5643,.T.);
#5641 = VERTEX_POINT('',#5642);
#5642 = CARTESIAN_POINT('',(8.,15.,1.4));
#5643 = SURFACE_CURVE('',#5644,(#5648,#5655),.PCURVE_S1.);
#5644 = LINE('',#5645,#5646);
#5645 = CARTESIAN_POINT('',(8.,15.,-2.723438300723));
#5646 = VECTOR('',#5647,1.);
#5647 = DIRECTION('',(0.,0.,1.));
#5648 = PCURVE('',#2921,#5649);
#5649 = DEFINITIONAL_REPRESENTATION('',(#5650),#5654);
#5650 = LINE('',#5651,#5652);
#5651 = CARTESIAN_POINT('',(0.,26.));
#5652 = VECTOR('',#5653,1.);
#5653 = DIRECTION('',(1.,0.));
#5654 = ( GEOMETRIC_REPRESENTATION_CONTEXT(2) 
PARAMETRIC_REPRESENTATION_CONTEXT() REPRESENTATION_CONTEXT('2D SPACE',''
  ) );
#5655 = PCURVE('',#2893,#5656);
#5656 = DEFINITIONAL_REPRESENTATION('',(#5657),#5661);
#5657 = LINE('',#5658,#5659);
#5658 = CARTESIAN_POINT('',(0.,0.));
#5659 = VECTOR('',#5660,1.);
#5660 = DIRECTION('',(1.,0.));
#5661 = ( GEOMETRIC_REPRESENTATION_CONTEXT(2) 
PARAMETRIC_REPRESENTATION_CONTEXT() REPRESENTATION_CONTEXT('2D SPACE',''
  ) );
#5662 = ORIENTED_EDGE('',*,*,#2904,.T.);
#5663 = ORIENTED_EDGE('',*,*,#5593,.T.);
#5664 = ORIENTED_EDGE('',*,*,#5665,.F.);
#5665 = EDGE_CURVE('',#5641,#5594,#5666,.T.);
#5666 = SURFACE_CURVE('',#5667,(#5671,#5677),.PCURVE_S1.);
#5667 = LINE('',#5668,#5669);
#5668 = CARTESIAN_POINT('',(-9.,15.,1.4));
#5669 = VECTOR('',#5670,1.);
#5670 = DIRECTION('',(-1.,-0.,0.));
#5671 = PCURVE('',#2921,#5672);
#5672 = DEFINITIONAL_REPRESENTATION('',(#5673),#5676);
#5673 = B_SPLINE_CURVE_WITH_KNOTS('',1,(#5674,#5675),.UNSPECIFIED.,.F.,
  .F.,(2,2),(-17.,9.),.PIECEWISE_BEZIER_KNOTS.);
#5674 = CARTESIAN_POINT('',(4.123438300723,26.));
#5675 = CARTESIAN_POINT('',(4.123438300723,0.));
#5676 = ( GEOMETRIC_REPRESENTATION_CONTEXT(2) 
PARAMETRIC_REPRESENTATION_CONTEXT() REPRESENTATION_CONTEXT('2D SPACE',''
  ) );
#5677 = PCURVE('',#4150,#5678);
#5678 = DEFINITIONAL_REPRESENTATION('',(#5679),#5682);
#5679 = B_SPLINE_CURVE_WITH_KNOTS('',1,(#5680,#5681),.UNSPECIFIED.,.F.,
  .F.,(2,2),(-17.,9.),.PIECEWISE_BEZIER_KNOTS.);
#5680 = CARTESIAN_POINT('',(8.,15.));
#5681 = CARTESIAN_POINT('',(-18.,15.));
#5682 = ( GEOMETRIC_REPRESENTATION_CONTEXT(2) 
PARAMETRIC_REPRESENTATION_CONTEXT() REPRESENTATION_CONTEXT('2D SPACE',''
  ) );
#5683 = ADVANCED_FACE('',(#5684),#2893,.F.);
#5684 = FACE_BOUND('',#5685,.F.);
#5685 = EDGE_LOOP('',(#5686,#5687,#5688,#5711));
#5686 = ORIENTED_EDGE('',*,*,#5640,.F.);
#5687 = ORIENTED_EDGE('',*,*,#2878,.F.);
#5688 = ORIENTED_EDGE('',*,*,#5689,.T.);
#5689 = EDGE_CURVE('',#2846,#5690,#5692,.T.);
#5690 = VERTEX_POINT('',#5691);
#5691 = CARTESIAN_POINT('',(8.,30.5,1.4));
#5692 = SURFACE_CURVE('',#5693,(#5697,#5704),.PCURVE_S1.);
#5693 = LINE('',#5694,#5695);
#5694 = CARTESIAN_POINT('',(8.,30.5,-2.723438300723));
#5695 = VECTOR('',#5696,1.);
#5696 = DIRECTION('',(0.,0.,1.));
#5697 = PCURVE('',#2893,#5698);
#5698 = DEFINITIONAL_REPRESENTATION('',(#5699),#5703);
#5699 = LINE('',#5700,#5701);
#5700 = CARTESIAN_POINT('',(0.,-15.5));
#5701 = VECTOR('',#5702,1.);
#5702 = DIRECTION('',(1.,0.));
#5703 = ( GEOMETRIC_REPRESENTATION_CONTEXT(2) 
PARAMETRIC_REPRESENTATION_CONTEXT() REPRESENTATION_CONTEXT('2D SPACE',''
  ) );
#5704 = PCURVE('',#2862,#5705);
#5705 = DEFINITIONAL_REPRESENTATION('',(#5706),#5710);
#5706 = LINE('',#5707,#5708);
#5707 = CARTESIAN_POINT('',(0.,26.));
#5708 = VECTOR('',#5709,1.);
#5709 = DIRECTION('',(1.,0.));
#5710 = ( GEOMETRIC_REPRESENTATION_CONTEXT(2) 
PARAMETRIC_REPRESENTATION_CONTEXT() REPRESENTATION_CONTEXT('2D SPACE',''
  ) );
#5711 = ORIENTED_EDGE('',*,*,#5712,.F.);
#5712 = EDGE_CURVE('',#5641,#5690,#5713,.T.);
#5713 = SURFACE_CURVE('',#5714,(#5718,#5724),.PCURVE_S1.);
#5714 = LINE('',#5715,#5716);
#5715 = CARTESIAN_POINT('',(8.,7.5,1.4));
#5716 = VECTOR('',#5717,1.);
#5717 = DIRECTION('',(-0.,1.,0.));
#5718 = PCURVE('',#2893,#5719);
#5719 = DEFINITIONAL_REPRESENTATION('',(#5720),#5723);
#5720 = B_SPLINE_CURVE_WITH_KNOTS('',1,(#5721,#5722),.UNSPECIFIED.,.F.,
  .F.,(2,2),(7.5,23.),.PIECEWISE_BEZIER_KNOTS.);
#5721 = CARTESIAN_POINT('',(4.123438300723,0.));
#5722 = CARTESIAN_POINT('',(4.123438300723,-15.5));
#5723 = ( GEOMETRIC_REPRESENTATION_CONTEXT(2) 
PARAMETRIC_REPRESENTATION_CONTEXT() REPRESENTATION_CONTEXT('2D SPACE',''
  ) );
#5724 = PCURVE('',#4150,#5725);
#5725 = DEFINITIONAL_REPRESENTATION('',(#5726),#5729);
#5726 = B_SPLINE_CURVE_WITH_KNOTS('',1,(#5727,#5728),.UNSPECIFIED.,.F.,
  .F.,(2,2),(7.5,23.),.PIECEWISE_BEZIER_KNOTS.);
#5727 = CARTESIAN_POINT('',(8.,15.));
#5728 = CARTESIAN_POINT('',(8.,30.5));
#5729 = ( GEOMETRIC_REPRESENTATION_CONTEXT(2) 
PARAMETRIC_REPRESENTATION_CONTEXT() REPRESENTATION_CONTEXT('2D SPACE',''
  ) );
#5730 = ADVANCED_FACE('',(#5731),#2862,.F.);
#5731 = FACE_BOUND('',#5732,.F.);
#5732 = EDGE_LOOP('',(#5733,#5734,#5735,#5736));
#5733 = ORIENTED_EDGE('',*,*,#5689,.F.);
#5734 = ORIENTED_EDGE('',*,*,#2845,.T.);
#5735 = ORIENTED_EDGE('',*,*,#5479,.T.);
#5736 = ORIENTED_EDGE('',*,*,#5737,.F.);
#5737 = EDGE_CURVE('',#5690,#5480,#5738,.T.);
#5738 = SURFACE_CURVE('',#5739,(#5743,#5749),.PCURVE_S1.);
#5739 = LINE('',#5740,#5741);
#5740 = CARTESIAN_POINT('',(-9.,30.5,1.4));
#5741 = VECTOR('',#5742,1.);
#5742 = DIRECTION('',(-1.,-0.,0.));
#5743 = PCURVE('',#2862,#5744);
#5744 = DEFINITIONAL_REPRESENTATION('',(#5745),#5748);
#5745 = B_SPLINE_CURVE_WITH_KNOTS('',1,(#5746,#5747),.UNSPECIFIED.,.F.,
  .F.,(2,2),(-17.,9.),.PIECEWISE_BEZIER_KNOTS.);
#5746 = CARTESIAN_POINT('',(4.123438300723,26.));
#5747 = CARTESIAN_POINT('',(4.123438300723,0.));
#5748 = ( GEOMETRIC_REPRESENTATION_CONTEXT(2) 
PARAMETRIC_REPRESENTATION_CONTEXT() REPRESENTATION_CONTEXT('2D SPACE',''
  ) );
#5749 = PCURVE('',#4150,#5750);
#5750 = DEFINITIONAL_REPRESENTATION('',(#5751),#5754);
#5751 = B_SPLINE_CURVE_WITH_KNOTS('',1,(#5752,#5753),.UNSPECIFIED.,.F.,
  .F.,(2,2),(-17.,9.),.PIECEWISE_BEZIER_KNOTS.);
#5752 = CARTESIAN_POINT('',(8.,30.5));
#5753 = CARTESIAN_POINT('',(-18.,30.5));
#5754 = ( GEOMETRIC_REPRESENTATION_CONTEXT(2) 
PARAMETRIC_REPRESENTATION_CONTEXT() REPRESENTATION_CONTEXT('2D SPACE',''
  ) );
#5755 = ADVANCED_FACE('',(#5756),#2660,.T.);
#5756 = FACE_BOUND('',#5757,.T.);
#5757 = EDGE_LOOP('',(#5758,#5779,#5780,#5781));
#5758 = ORIENTED_EDGE('',*,*,#5759,.F.);
#5759 = EDGE_CURVE('',#2475,#5760,#5762,.T.);
#5760 = VERTEX_POINT('',#5761);
#5761 = CARTESIAN_POINT('',(7.819266461205,31.65,1.4));
#5762 = SURFACE_CURVE('',#5763,(#5767,#5773),.PCURVE_S1.);
#5763 = LINE('',#5764,#5765);
#5764 = CARTESIAN_POINT('',(7.819266461205,31.65,-4.123438300723));
#5765 = VECTOR('',#5766,1.);
#5766 = DIRECTION('',(0.,0.,1.));
#5767 = PCURVE('',#2660,#5768);
#5768 = DEFINITIONAL_REPRESENTATION('',(#5769),#5772);
#5769 = B_SPLINE_CURVE_WITH_KNOTS('',1,(#5770,#5771),.UNSPECIFIED.,.F.,
  .F.,(2,2),(2.60608640239,5.82564870793),.PIECEWISE_BEZIER_KNOTS.);
#5770 = CARTESIAN_POINT('',(2.482648101666,26.819266461205));
#5771 = CARTESIAN_POINT('',(5.702210407207,26.819266461205));
#5772 = ( GEOMETRIC_REPRESENTATION_CONTEXT(2) 
PARAMETRIC_REPRESENTATION_CONTEXT() REPRESENTATION_CONTEXT('2D SPACE',''
  ) );
#5773 = PCURVE('',#2584,#5774);
#5774 = DEFINITIONAL_REPRESENTATION('',(#5775),#5778);
#5775 = B_SPLINE_CURVE_WITH_KNOTS('',1,(#5776,#5777),.UNSPECIFIED.,.F.,
  .F.,(2,2),(2.60608640239,5.82564870793),.PIECEWISE_BEZIER_KNOTS.);
#5776 = CARTESIAN_POINT('',(3.304213230784,2.60608640239));
#5777 = CARTESIAN_POINT('',(3.304213230784,5.82564870793));
#5778 = ( GEOMETRIC_REPRESENTATION_CONTEXT(2) 
PARAMETRIC_REPRESENTATION_CONTEXT() REPRESENTATION_CONTEXT('2D SPACE',''
  ) );
#5779 = ORIENTED_EDGE('',*,*,#2643,.T.);
#5780 = ORIENTED_EDGE('',*,*,#5524,.T.);
#5781 = ORIENTED_EDGE('',*,*,#5782,.F.);
#5782 = EDGE_CURVE('',#5760,#5501,#5783,.T.);
#5783 = SURFACE_CURVE('',#5784,(#5788,#5794),.PCURVE_S1.);
#5784 = LINE('',#5785,#5786);
#5785 = CARTESIAN_POINT('',(-9.5,31.65,1.4));
#5786 = VECTOR('',#5787,1.);
#5787 = DIRECTION('',(-1.,-0.,0.));
#5788 = PCURVE('',#2660,#5789);
#5789 = DEFINITIONAL_REPRESENTATION('',(#5790),#5793);
#5790 = B_SPLINE_CURVE_WITH_KNOTS('',1,(#5791,#5792),.UNSPECIFIED.,.F.,
  .F.,(2,2),(-31.5,9.5),.PIECEWISE_BEZIER_KNOTS.);
#5791 = CARTESIAN_POINT('',(5.4,41.));
#5792 = CARTESIAN_POINT('',(5.4,0.));
#5793 = ( GEOMETRIC_REPRESENTATION_CONTEXT(2) 
PARAMETRIC_REPRESENTATION_CONTEXT() REPRESENTATION_CONTEXT('2D SPACE',''
  ) );
#5794 = PCURVE('',#4150,#5795);
#5795 = DEFINITIONAL_REPRESENTATION('',(#5796),#5799);
#5796 = B_SPLINE_CURVE_WITH_KNOTS('',1,(#5797,#5798),.UNSPECIFIED.,.F.,
  .F.,(2,2),(-31.5,9.5),.PIECEWISE_BEZIER_KNOTS.);
#5797 = CARTESIAN_POINT('',(22.,31.65));
#5798 = CARTESIAN_POINT('',(-19.,31.65));
#5799 = ( GEOMETRIC_REPRESENTATION_CONTEXT(2) 
PARAMETRIC_REPRESENTATION_CONTEXT() REPRESENTATION_CONTEXT('2D SPACE',''
  ) );
#5800 = ADVANCED_FACE('',(#5801,#6023),#2584,.T.);
#5801 = FACE_BOUND('',#5802,.T.);
#5802 = EDGE_LOOP('',(#5803,#5972,#5995,#6022));
#5803 = ORIENTED_EDGE('',*,*,#5804,.T.);
#5804 = EDGE_CURVE('',#5805,#5805,#5807,.T.);
#5805 = VERTEX_POINT('',#5806);
#5806 = CARTESIAN_POINT('',(18.25,32.5,-1.517349498334));
#5807 = SURFACE_CURVE('',#5808,(#5859,#5913),.PCURVE_S1.);
#5808 = B_SPLINE_CURVE_WITH_KNOTS('',7,(#5809,#5810,#5811,#5812,#5813,
    #5814,#5815,#5816,#5817,#5818,#5819,#5820,#5821,#5822,#5823,#5824,
    #5825,#5826,#5827,#5828,#5829,#5830,#5831,#5832,#5833,#5834,#5835,
    #5836,#5837,#5838,#5839,#5840,#5841,#5842,#5843,#5844,#5845,#5846,
    #5847,#5848,#5849,#5850,#5851,#5852,#5853,#5854,#5855,#5856,#5857,
    #5858),.UNSPECIFIED.,.T.,.F.,(8,6,6,6,6,6,6,6,8),(0.,0.128309007514,
    0.252700159433,0.372649443038,0.500461714413,0.628274497879,
    0.748216576161,0.862597322441,1.),.UNSPECIFIED.);
#5809 = CARTESIAN_POINT('',(18.25,32.5,-1.517349498334));
#5810 = CARTESIAN_POINT('',(18.25,33.018213022175,-1.517349498334));
#5811 = CARTESIAN_POINT('',(18.190323248757,33.535852831499,
    -1.510014657325));
#5812 = CARTESIAN_POINT('',(18.071208627907,34.049227716687,
    -1.495374146114));
#5813 = CARTESIAN_POINT('',(17.891165010874,34.554352789974,
    -1.473398687597));
#5814 = CARTESIAN_POINT('',(17.647420412768,35.045854781641,
    -1.444049775581));
#5815 = CARTESIAN_POINT('',(17.336219853744,35.516263490179,
    -1.407389940705));
#5816 = CARTESIAN_POINT('',(16.582712888392,36.378721607736,
    -1.321444051074));
#5817 = CARTESIAN_POINT('',(16.133345657117,36.785721619263,
    -1.271282596188));
#5818 = CARTESIAN_POINT('',(15.605349154038,37.149042971893,
    -1.214078239485));
#5819 = CARTESIAN_POINT('',(15.005328641177,37.445407383389,
    -1.151680220731));
#5820 = CARTESIAN_POINT('',(14.345870230899,37.654641675976,
    -1.086690954912));
#5821 = CARTESIAN_POINT('',(13.644090538275,37.76022382204,
    -1.021730078535));
#5822 = CARTESIAN_POINT('',(12.224639901729,37.738987305902,
    -0.898667371602));
#5823 = CARTESIAN_POINT('',(11.551142093356,37.620971848244,
    -0.844106344341));
#5824 = CARTESIAN_POINT('',(10.919782163802,37.407756153986,
    -0.796559849498));
#5825 = CARTESIAN_POINT('',(10.345427751724,37.114770230475,
    -0.756255291221));
#5826 = CARTESIAN_POINT('',(9.838938066906,36.760441612699,
    -0.722798077846));
#5827 = CARTESIAN_POINT('',(9.405981445944,36.365781232166,
    -0.695554973802));
#5828 = CARTESIAN_POINT('',(8.663195009546,35.515593747326,
    -0.650556017611));
#5829 = CARTESIAN_POINT('',(8.351836752278,35.044654959301,
    -0.632844923583));
#5830 = CARTESIAN_POINT('',(8.108233375574,34.552913131553,
    -0.619611937579));
#5831 = CARTESIAN_POINT('',(7.928457834047,34.047890363454,
    -0.610135823165));
#5832 = CARTESIAN_POINT('',(7.809574280343,33.534898817428,
    -0.603968924543));
#5833 = CARTESIAN_POINT('',(7.75,33.017768058193,-0.600878516639));
#5834 = CARTESIAN_POINT('',(7.75,31.982229867325,-0.600878516639));
#5835 = CARTESIAN_POINT('',(7.809574784947,31.465076439994,
    -0.603968953961));
#5836 = CARTESIAN_POINT('',(7.928467689027,30.952076152271,
    -0.610136327647));
#5837 = CARTESIAN_POINT('',(8.108246821931,30.447072189416,
    -0.619612644334));
#5838 = CARTESIAN_POINT('',(8.351834179878,29.955362679157,
    -0.632844914135));
#5839 = CARTESIAN_POINT('',(8.663170455316,29.484434357252,
    -0.650554530084));
#5840 = CARTESIAN_POINT('',(9.405981445944,28.634218767834,
    -0.695554973802));
#5841 = CARTESIAN_POINT('',(9.838938066906,28.239558387302,
    -0.722798077846));
#5842 = CARTESIAN_POINT('',(10.345427751726,27.885229769524,
    -0.75625529122));
#5843 = CARTESIAN_POINT('',(10.9197821638,27.592243846015,
    -0.796559849498));
#5844 = CARTESIAN_POINT('',(11.551142093356,27.379028151756,
    -0.844106344341));
#5845 = CARTESIAN_POINT('',(12.22463990173,27.261012694098,
    -0.898667371602));
#5846 = CARTESIAN_POINT('',(13.585976852559,27.240645621527,
    -1.01669177196));
#5847 = CARTESIAN_POINT('',(14.235120035373,27.329095517077,
    -1.076453446603));
#5848 = CARTESIAN_POINT('',(14.851057102657,27.50724671726,
    -1.136534094461));
#5849 = CARTESIAN_POINT('',(15.418737330095,27.76259503857,
    -1.194794932209));
#5850 = CARTESIAN_POINT('',(15.926524818502,28.079063030058,
    -1.249041004916));
#5851 = CARTESIAN_POINT('',(16.367463114564,28.437434754218,
    -1.297590216343));
#5852 = CARTESIAN_POINT('',(17.187462960335,29.269794450978,
    -1.389926646894));
#5853 = CARTESIAN_POINT('',(17.550536031011,29.767080029713,
    -1.43240216549));
#5854 = CARTESIAN_POINT('',(17.834002255868,30.291535586931,
    -1.466425823911));
#5855 = CARTESIAN_POINT('',(18.042849652298,30.833160051381,
    -1.491888388696));
#5856 = CARTESIAN_POINT('',(18.180827035582,31.384975926304,
    -1.508847517149));
#5857 = CARTESIAN_POINT('',(18.25,31.942077939404,-1.517349498334));
#5858 = CARTESIAN_POINT('',(18.25,32.5,-1.517349498334));
#5859 = PCURVE('',#2584,#5860);
#5860 = DEFINITIONAL_REPRESENTATION('',(#5861),#5912);
#5861 = B_SPLINE_CURVE_WITH_KNOTS('',7,(#5862,#5863,#5864,#5865,#5866,
    #5867,#5868,#5869,#5870,#5871,#5872,#5873,#5874,#5875,#5876,#5877,
    #5878,#5879,#5880,#5881,#5882,#5883,#5884,#5885,#5886,#5887,#5888,
    #5889,#5890,#5891,#5892,#5893,#5894,#5895,#5896,#5897,#5898,#5899,
    #5900,#5901,#5902,#5903,#5904,#5905,#5906,#5907,#5908,#5909,#5910,
    #5911),.UNSPECIFIED.,.F.,.F.,(8,6,6,6,6,6,6,6,8),(0.,0.128309007514,
    0.252700159433,0.372649443038,0.500461714413,0.628274497879,
    0.748216576161,0.862597322441,1.),.UNSPECIFIED.);
#5862 = CARTESIAN_POINT('',(0.,2.60608880239));
#5863 = CARTESIAN_POINT('',(9.870724231908E-02,2.60608880239));
#5864 = CARTESIAN_POINT('',(0.197305158799,2.613423643399));
#5865 = CARTESIAN_POINT('',(0.296662352484,2.62806415461));
#5866 = CARTESIAN_POINT('',(0.397571798732,2.650039613127));
#5867 = CARTESIAN_POINT('',(0.50083862329,2.679388525142));
#5868 = CARTESIAN_POINT('',(0.607315464142,2.716048360019));
#5869 = CARTESIAN_POINT('',(0.825459085423,2.801994249649));
#5870 = CARTESIAN_POINT('',(0.940155652273,2.852155704535));
#5871 = CARTESIAN_POINT('',(1.060462029804,2.909360061238));
#5872 = CARTESIAN_POINT('',(1.185479622514,2.971758079992));
#5873 = CARTESIAN_POINT('',(1.314741043613,3.036747345811));
#5874 = CARTESIAN_POINT('',(1.448097568983,3.101708222188));
#5875 = CARTESIAN_POINT('',(1.718499376273,3.224770929122));
#5876 = CARTESIAN_POINT('',(1.847106609881,3.279331956382));
#5877 = CARTESIAN_POINT('',(1.971779919763,3.326878451226));
#5878 = CARTESIAN_POINT('',(2.09239460577,3.367183009503));
#5879 = CARTESIAN_POINT('',(2.208536716402,3.400640222877));
#5880 = CARTESIAN_POINT('',(2.319406608713,3.427883326921));
#5881 = CARTESIAN_POINT('',(2.534446589131,3.472882283112));
#5882 = CARTESIAN_POINT('',(2.641019237607,3.49059337714));
#5883 = CARTESIAN_POINT('',(2.744312926578,3.503826363144));
#5884 = CARTESIAN_POINT('',(2.845189108811,3.513302477559));
#5885 = CARTESIAN_POINT('',(2.944469196328,3.51946937618));
#5886 = CARTESIAN_POINT('',(3.042970166315,3.522559784084));
#5887 = CARTESIAN_POINT('',(3.240215536004,3.522559784084));
#5888 = CARTESIAN_POINT('',(3.338720803686,3.519469346763));
#5889 = CARTESIAN_POINT('',(3.438002643593,3.513301973076));
#5890 = CARTESIAN_POINT('',(3.538875741976,3.503825656389));
#5891 = CARTESIAN_POINT('',(3.642163220121,3.490593386589));
#5892 = CARTESIAN_POINT('',(3.74873160949,3.472883770639));
#5893 = CARTESIAN_POINT('',(3.963778698467,3.427883326921));
#5894 = CARTESIAN_POINT('',(4.074648590777,3.400640222877));
#5895 = CARTESIAN_POINT('',(4.19079070141,3.367183009503));
#5896 = CARTESIAN_POINT('',(4.311405387416,3.326878451225));
#5897 = CARTESIAN_POINT('',(4.436078697298,3.279331956382));
#5898 = CARTESIAN_POINT('',(4.564685930906,3.224770929122));
#5899 = CARTESIAN_POINT('',(4.824017225957,3.106746528763));
#5900 = CARTESIAN_POINT('',(4.947397580915,3.046984854121));
#5901 = CARTESIAN_POINT('',(5.067511891641,2.986904206262));
#5902 = CARTESIAN_POINT('',(5.184084915328,2.928643368514));
#5903 = CARTESIAN_POINT('',(5.296592493477,2.874397295807));
#5904 = CARTESIAN_POINT('',(5.404163160279,2.82584808438));
#5905 = CARTESIAN_POINT('',(5.626720745834,2.73351165383));
#5906 = CARTESIAN_POINT('',(5.74273227566,2.691036135233));
#5907 = CARTESIAN_POINT('',(5.854712242987,2.657012476812));
#5908 = CARTESIAN_POINT('',(5.963730647383,2.631549912027));
#5909 = CARTESIAN_POINT('',(6.070800043532,2.614590783574));
#5910 = CARTESIAN_POINT('',(6.176914438495,2.60608880239));
#5911 = CARTESIAN_POINT('',(6.28318530718,2.60608880239));
#5912 = ( GEOMETRIC_REPRESENTATION_CONTEXT(2) 
PARAMETRIC_REPRESENTATION_CONTEXT() REPRESENTATION_CONTEXT('2D SPACE',''
  ) );
#5913 = PCURVE('',#5914,#5919);
#5914 = CYLINDRICAL_SURFACE('',#5915,149.6);
#5915 = AXIS2_PLACEMENT_3D('',#5916,#5917,#5918);
#5916 = CARTESIAN_POINT('',(0.,111.45,-150.));
#5917 = DIRECTION('',(0.,-1.,2.22044604925E-16));
#5918 = DIRECTION('',(1.,0.,0.));
#5919 = DEFINITIONAL_REPRESENTATION('',(#5920),#5971);
#5920 = B_SPLINE_CURVE_WITH_KNOTS('',7,(#5921,#5922,#5923,#5924,#5925,
    #5926,#5927,#5928,#5929,#5930,#5931,#5932,#5933,#5934,#5935,#5936,
    #5937,#5938,#5939,#5940,#5941,#5942,#5943,#5944,#5945,#5946,#5947,
    #5948,#5949,#5950,#5951,#5952,#5953,#5954,#5955,#5956,#5957,#5958,
    #5959,#5960,#5961,#5962,#5963,#5964,#5965,#5966,#5967,#5968,#5969,
    #5970),.UNSPECIFIED.,.T.,.F.,(8,6,6,6,6,6,6,6,8),(0.,0.128309007514,
    0.252700159433,0.372649443038,0.500461714413,0.628274497879,
    0.748216576161,0.862597322441,1.),.UNSPECIFIED.);
#5921 = CARTESIAN_POINT('',(1.448499722044,78.95));
#5922 = CARTESIAN_POINT('',(1.448499722044,78.431786977825));
#5923 = CARTESIAN_POINT('',(1.448901632609,77.914147168501));
#5924 = CARTESIAN_POINT('',(1.44970384518,77.400772283313));
#5925 = CARTESIAN_POINT('',(1.450916276201,76.895647210026));
#5926 = CARTESIAN_POINT('',(1.452557349157,76.404145218359));
#5927 = CARTESIAN_POINT('',(1.454651936561,75.933736509821));
#5928 = CARTESIAN_POINT('',(1.459721406284,75.071278392265));
#5929 = CARTESIAN_POINT('',(1.462743845547,74.664278380738));
#5930 = CARTESIAN_POINT('',(1.466293857226,74.300957028106));
#5931 = CARTESIAN_POINT('',(1.470326241457,74.004592616611));
#5932 = CARTESIAN_POINT('',(1.47475561922,73.795358324024));
#5933 = CARTESIAN_POINT('',(1.479466634932,73.68977617796));
#5934 = CARTESIAN_POINT('',(1.488990533724,73.711012694098));
#5935 = CARTESIAN_POINT('',(1.493507201362,73.829028151756));
#5936 = CARTESIAN_POINT('',(1.497739367364,74.042243846015));
#5937 = CARTESIAN_POINT('',(1.501588009527,74.335229769525));
#5938 = CARTESIAN_POINT('',(1.504980987294,74.689558387302));
#5939 = CARTESIAN_POINT('',(1.507880798061,75.084218767834));
#5940 = CARTESIAN_POINT('',(1.512855050971,75.934406252674));
#5941 = CARTESIAN_POINT('',(1.514939673082,76.4053450407));
#5942 = CARTESIAN_POINT('',(1.516570434461,76.897086868446));
#5943 = CARTESIAN_POINT('',(1.517773810232,77.402109636546));
#5944 = CARTESIAN_POINT('',(1.518569554933,77.915101182572));
#5945 = CARTESIAN_POINT('',(1.518968314169,78.432231941807));
#5946 = CARTESIAN_POINT('',(1.518968314169,79.467770132675));
#5947 = CARTESIAN_POINT('',(1.518569551556,79.984923560006));
#5948 = CARTESIAN_POINT('',(1.517773744265,80.497923847729));
#5949 = CARTESIAN_POINT('',(1.516570344462,81.002927810584));
#5950 = CARTESIAN_POINT('',(1.514939690249,81.494637320843));
#5951 = CARTESIAN_POINT('',(1.512855215404,81.965565642748));
#5952 = CARTESIAN_POINT('',(1.507880798061,82.815781232166));
#5953 = CARTESIAN_POINT('',(1.504980987294,83.210441612698));
#5954 = CARTESIAN_POINT('',(1.501588009527,83.564770230476));
#5955 = CARTESIAN_POINT('',(1.497739367364,83.857756153984));
#5956 = CARTESIAN_POINT('',(1.493507201362,84.070971848244));
#5957 = CARTESIAN_POINT('',(1.488990533724,84.188987305902));
#5958 = CARTESIAN_POINT('',(1.479856552585,84.209354378473));
#5959 = CARTESIAN_POINT('',(1.475499072158,84.120904482923));
#5960 = CARTESIAN_POINT('',(1.471362400407,83.942753282741));
#5961 = CARTESIAN_POINT('',(1.467547882534,83.687404961429));
#5962 = CARTESIAN_POINT('',(1.464134296876,83.370936969942));
#5963 = CARTESIAN_POINT('',(1.461169045488,83.012565245782));
#5964 = CARTESIAN_POINT('',(1.455653121285,82.180205549022));
#5965 = CARTESIAN_POINT('',(1.453209633381,81.682919970287));
#5966 = CARTESIAN_POINT('',(1.451301212231,81.158464413068));
#5967 = CARTESIAN_POINT('',(1.449894837184,80.616839948619));
#5968 = CARTESIAN_POINT('',(1.448965587606,80.065024073696));
#5969 = CARTESIAN_POINT('',(1.448499722044,79.507922060596));
#5970 = CARTESIAN_POINT('',(1.448499722044,78.95));
#5971 = ( GEOMETRIC_REPRESENTATION_CONTEXT(2) 
PARAMETRIC_REPRESENTATION_CONTEXT() REPRESENTATION_CONTEXT('2D SPACE',''
  ) );
#5972 = ORIENTED_EDGE('',*,*,#5973,.T.);
#5973 = EDGE_CURVE('',#5805,#5974,#5976,.T.);
#5974 = VERTEX_POINT('',#5975);
#5975 = CARTESIAN_POINT('',(18.25,32.5,2.));
#5976 = SEAM_CURVE('',#5977,(#5981,#5988),.PCURVE_S1.);
#5977 = LINE('',#5978,#5979);
#5978 = CARTESIAN_POINT('',(18.25,32.5,-4.123438300723));
#5979 = VECTOR('',#5980,1.);
#5980 = DIRECTION('',(0.,0.,1.));
#5981 = PCURVE('',#2584,#5982);
#5982 = DEFINITIONAL_REPRESENTATION('',(#5983),#5987);
#5983 = LINE('',#5984,#5985);
#5984 = CARTESIAN_POINT('',(0.,-0.));
#5985 = VECTOR('',#5986,1.);
#5986 = DIRECTION('',(0.,1.));
#5987 = ( GEOMETRIC_REPRESENTATION_CONTEXT(2) 
PARAMETRIC_REPRESENTATION_CONTEXT() REPRESENTATION_CONTEXT('2D SPACE',''
  ) );
#5988 = PCURVE('',#2584,#5989);
#5989 = DEFINITIONAL_REPRESENTATION('',(#5990),#5994);
#5990 = LINE('',#5991,#5992);
#5991 = CARTESIAN_POINT('',(6.28318530718,-0.));
#5992 = VECTOR('',#5993,1.);
#5993 = DIRECTION('',(0.,1.));
#5994 = ( GEOMETRIC_REPRESENTATION_CONTEXT(2) 
PARAMETRIC_REPRESENTATION_CONTEXT() REPRESENTATION_CONTEXT('2D SPACE',''
  ) );
#5995 = ORIENTED_EDGE('',*,*,#5996,.F.);
#5996 = EDGE_CURVE('',#5974,#5974,#5997,.T.);
#5997 = SURFACE_CURVE('',#5998,(#6003,#6010),.PCURVE_S1.);
#5998 = CIRCLE('',#5999,5.25);
#5999 = AXIS2_PLACEMENT_3D('',#6000,#6001,#6002);
#6000 = CARTESIAN_POINT('',(13.,32.5,2.));
#6001 = DIRECTION('',(0.,0.,1.));
#6002 = DIRECTION('',(1.,0.,-0.));
#6003 = PCURVE('',#2584,#6004);
#6004 = DEFINITIONAL_REPRESENTATION('',(#6005),#6009);
#6005 = LINE('',#6006,#6007);
#6006 = CARTESIAN_POINT('',(0.,6.123438300723));
#6007 = VECTOR('',#6008,1.);
#6008 = DIRECTION('',(1.,0.));
#6009 = ( GEOMETRIC_REPRESENTATION_CONTEXT(2) 
PARAMETRIC_REPRESENTATION_CONTEXT() REPRESENTATION_CONTEXT('2D SPACE',''
  ) );
#6010 = PCURVE('',#6011,#6016);
#6011 = PLANE('',#6012);
#6012 = AXIS2_PLACEMENT_3D('',#6013,#6014,#6015);
#6013 = CARTESIAN_POINT('',(13.,32.5,2.));
#6014 = DIRECTION('',(0.,0.,1.));
#6015 = DIRECTION('',(1.,0.,-0.));
#6016 = DEFINITIONAL_REPRESENTATION('',(#6017),#6021);
#6017 = CIRCLE('',#6018,5.25);
#6018 = AXIS2_PLACEMENT_2D('',#6019,#6020);
#6019 = CARTESIAN_POINT('',(0.,0.));
#6020 = DIRECTION('',(1.,0.));
#6021 = ( GEOMETRIC_REPRESENTATION_CONTEXT(2) 
PARAMETRIC_REPRESENTATION_CONTEXT() REPRESENTATION_CONTEXT('2D SPACE',''
  ) );
#6022 = ORIENTED_EDGE('',*,*,#5973,.F.);
#6023 = FACE_BOUND('',#6024,.T.);
#6024 = EDGE_LOOP('',(#6025,#6026,#6027,#6051));
#6025 = ORIENTED_EDGE('',*,*,#2474,.F.);
#6026 = ORIENTED_EDGE('',*,*,#5759,.T.);
#6027 = ORIENTED_EDGE('',*,*,#6028,.T.);
#6028 = EDGE_CURVE('',#5760,#6029,#6031,.T.);
#6029 = VERTEX_POINT('',#6030);
#6030 = CARTESIAN_POINT('',(18.180733538795,31.65,1.4));
#6031 = SURFACE_CURVE('',#6032,(#6037,#6044),.PCURVE_S1.);
#6032 = CIRCLE('',#6033,5.25);
#6033 = AXIS2_PLACEMENT_3D('',#6034,#6035,#6036);
#6034 = CARTESIAN_POINT('',(13.,32.5,1.4));
#6035 = DIRECTION('',(0.,0.,1.));
#6036 = DIRECTION('',(1.,0.,-0.));
#6037 = PCURVE('',#2584,#6038);
#6038 = DEFINITIONAL_REPRESENTATION('',(#6039),#6043);
#6039 = LINE('',#6040,#6041);
#6040 = CARTESIAN_POINT('',(0.,5.523438300723));
#6041 = VECTOR('',#6042,1.);
#6042 = DIRECTION('',(1.,0.));
#6043 = ( GEOMETRIC_REPRESENTATION_CONTEXT(2) 
PARAMETRIC_REPRESENTATION_CONTEXT() REPRESENTATION_CONTEXT('2D SPACE',''
  ) );
#6044 = PCURVE('',#4150,#6045);
#6045 = DEFINITIONAL_REPRESENTATION('',(#6046),#6050);
#6046 = CIRCLE('',#6047,5.25);
#6047 = AXIS2_PLACEMENT_2D('',#6048,#6049);
#6048 = CARTESIAN_POINT('',(13.,32.5));
#6049 = DIRECTION('',(1.,0.));
#6050 = ( GEOMETRIC_REPRESENTATION_CONTEXT(2) 
PARAMETRIC_REPRESENTATION_CONTEXT() REPRESENTATION_CONTEXT('2D SPACE',''
  ) );
#6051 = ORIENTED_EDGE('',*,*,#6052,.F.);
#6052 = EDGE_CURVE('',#2442,#6029,#6053,.T.);
#6053 = SURFACE_CURVE('',#6054,(#6058,#6064),.PCURVE_S1.);
#6054 = LINE('',#6055,#6056);
#6055 = CARTESIAN_POINT('',(18.180733538795,31.65,-4.123438300723));
#6056 = VECTOR('',#6057,1.);
#6057 = DIRECTION('',(0.,0.,1.));
#6058 = PCURVE('',#2584,#6059);
#6059 = DEFINITIONAL_REPRESENTATION('',(#6060),#6063);
#6060 = B_SPLINE_CURVE_WITH_KNOTS('',1,(#6061,#6062),.UNSPECIFIED.,.F.,
  .F.,(2,2),(2.60608640239,5.82564870793),.PIECEWISE_BEZIER_KNOTS.);
#6061 = CARTESIAN_POINT('',(6.120564729985,2.60608640239));
#6062 = CARTESIAN_POINT('',(6.120564729985,5.82564870793));
#6063 = ( GEOMETRIC_REPRESENTATION_CONTEXT(2) 
PARAMETRIC_REPRESENTATION_CONTEXT() REPRESENTATION_CONTEXT('2D SPACE',''
  ) );
#6064 = PCURVE('',#2458,#6065);
#6065 = DEFINITIONAL_REPRESENTATION('',(#6066),#6069);
#6066 = B_SPLINE_CURVE_WITH_KNOTS('',1,(#6067,#6068),.UNSPECIFIED.,.F.,
  .F.,(2,2),(2.60608640239,5.82564870793),.PIECEWISE_BEZIER_KNOTS.);
#6067 = CARTESIAN_POINT('',(2.482648101666,37.180733538795));
#6068 = CARTESIAN_POINT('',(5.702210407207,37.180733538795));
#6069 = ( GEOMETRIC_REPRESENTATION_CONTEXT(2) 
PARAMETRIC_REPRESENTATION_CONTEXT() REPRESENTATION_CONTEXT('2D SPACE',''
  ) );
#6070 = ADVANCED_FACE('',(#6071),#2458,.T.);
#6071 = FACE_BOUND('',#6072,.T.);
#6072 = EDGE_LOOP('',(#6073,#6096,#6097,#6098));
#6073 = ORIENTED_EDGE('',*,*,#6074,.F.);
#6074 = EDGE_CURVE('',#2416,#6075,#6077,.T.);
#6075 = VERTEX_POINT('',#6076);
#6076 = CARTESIAN_POINT('',(22.,31.65,1.4));
#6077 = SURFACE_CURVE('',#6078,(#6082,#6089),.PCURVE_S1.);
#6078 = LINE('',#6079,#6080);
#6079 = CARTESIAN_POINT('',(22.,31.65,-4.));
#6080 = VECTOR('',#6081,1.);
#6081 = DIRECTION('',(0.,0.,1.));
#6082 = PCURVE('',#2458,#6083);
#6083 = DEFINITIONAL_REPRESENTATION('',(#6084),#6088);
#6084 = LINE('',#6085,#6086);
#6085 = CARTESIAN_POINT('',(0.,41.));
#6086 = VECTOR('',#6087,1.);
#6087 = DIRECTION('',(1.,0.));
#6088 = ( GEOMETRIC_REPRESENTATION_CONTEXT(2) 
PARAMETRIC_REPRESENTATION_CONTEXT() REPRESENTATION_CONTEXT('2D SPACE',''
  ) );
#6089 = PCURVE('',#2430,#6090);
#6090 = DEFINITIONAL_REPRESENTATION('',(#6091),#6095);
#6091 = LINE('',#6092,#6093);
#6092 = CARTESIAN_POINT('',(0.,0.));
#6093 = VECTOR('',#6094,1.);
#6094 = DIRECTION('',(1.,0.));
#6095 = ( GEOMETRIC_REPRESENTATION_CONTEXT(2) 
PARAMETRIC_REPRESENTATION_CONTEXT() REPRESENTATION_CONTEXT('2D SPACE',''
  ) );
#6096 = ORIENTED_EDGE('',*,*,#2441,.T.);
#6097 = ORIENTED_EDGE('',*,*,#6052,.T.);
#6098 = ORIENTED_EDGE('',*,*,#6099,.F.);
#6099 = EDGE_CURVE('',#6075,#6029,#6100,.T.);
#6100 = SURFACE_CURVE('',#6101,(#6105,#6111),.PCURVE_S1.);
#6101 = LINE('',#6102,#6103);
#6102 = CARTESIAN_POINT('',(-9.5,31.65,1.4));
#6103 = VECTOR('',#6104,1.);
#6104 = DIRECTION('',(-1.,-0.,0.));
#6105 = PCURVE('',#2458,#6106);
#6106 = DEFINITIONAL_REPRESENTATION('',(#6107),#6110);
#6107 = B_SPLINE_CURVE_WITH_KNOTS('',1,(#6108,#6109),.UNSPECIFIED.,.F.,
  .F.,(2,2),(-31.5,9.5),.PIECEWISE_BEZIER_KNOTS.);
#6108 = CARTESIAN_POINT('',(5.4,41.));
#6109 = CARTESIAN_POINT('',(5.4,0.));
#6110 = ( GEOMETRIC_REPRESENTATION_CONTEXT(2) 
PARAMETRIC_REPRESENTATION_CONTEXT() REPRESENTATION_CONTEXT('2D SPACE',''
  ) );
#6111 = PCURVE('',#4150,#6112);
#6112 = DEFINITIONAL_REPRESENTATION('',(#6113),#6116);
#6113 = B_SPLINE_CURVE_WITH_KNOTS('',1,(#6114,#6115),.UNSPECIFIED.,.F.,
  .F.,(2,2),(-31.5,9.5),.PIECEWISE_BEZIER_KNOTS.);
#6114 = CARTESIAN_POINT('',(22.,31.65));
#6115 = CARTESIAN_POINT('',(-19.,31.65));
#6116 = ( GEOMETRIC_REPRESENTATION_CONTEXT(2) 
PARAMETRIC_REPRESENTATION_CONTEXT() REPRESENTATION_CONTEXT('2D SPACE',''
  ) );
#6117 = ADVANCED_FACE('',(#6118),#2430,.F.);
#6118 = FACE_BOUND('',#6119,.F.);
#6119 = EDGE_LOOP('',(#6120,#6121,#6122,#6145,#6166,#6167));
#6120 = ORIENTED_EDGE('',*,*,#6074,.F.);
#6121 = ORIENTED_EDGE('',*,*,#2415,.F.);
#6122 = ORIENTED_EDGE('',*,*,#6123,.T.);
#6123 = EDGE_CURVE('',#2383,#6124,#6126,.T.);
#6124 = VERTEX_POINT('',#6125);
#6125 = CARTESIAN_POINT('',(22.,37.65,2.2));
#6126 = SURFACE_CURVE('',#6127,(#6131,#6138),.PCURVE_S1.);
#6127 = LINE('',#6128,#6129);
#6128 = CARTESIAN_POINT('',(22.,37.65,-4.));
#6129 = VECTOR('',#6130,1.);
#6130 = DIRECTION('',(0.,0.,1.));
#6131 = PCURVE('',#2430,#6132);
#6132 = DEFINITIONAL_REPRESENTATION('',(#6133),#6137);
#6133 = LINE('',#6134,#6135);
#6134 = CARTESIAN_POINT('',(0.,-6.));
#6135 = VECTOR('',#6136,1.);
#6136 = DIRECTION('',(1.,0.));
#6137 = ( GEOMETRIC_REPRESENTATION_CONTEXT(2) 
PARAMETRIC_REPRESENTATION_CONTEXT() REPRESENTATION_CONTEXT('2D SPACE',''
  ) );
#6138 = PCURVE('',#2399,#6139);
#6139 = DEFINITIONAL_REPRESENTATION('',(#6140),#6144);
#6140 = LINE('',#6141,#6142);
#6141 = CARTESIAN_POINT('',(0.,41.));
#6142 = VECTOR('',#6143,1.);
#6143 = DIRECTION('',(1.,0.));
#6144 = ( GEOMETRIC_REPRESENTATION_CONTEXT(2) 
PARAMETRIC_REPRESENTATION_CONTEXT() REPRESENTATION_CONTEXT('2D SPACE',''
  ) );
#6145 = ORIENTED_EDGE('',*,*,#6146,.F.);
#6146 = EDGE_CURVE('',#4613,#6124,#6147,.T.);
#6147 = SURFACE_CURVE('',#6148,(#6152,#6159),.PCURVE_S1.);
#6148 = LINE('',#6149,#6150);
#6149 = CARTESIAN_POINT('',(22.,31.65,2.2));
#6150 = VECTOR('',#6151,1.);
#6151 = DIRECTION('',(-0.,1.,0.));
#6152 = PCURVE('',#2430,#6153);
#6153 = DEFINITIONAL_REPRESENTATION('',(#6154),#6158);
#6154 = LINE('',#6155,#6156);
#6155 = CARTESIAN_POINT('',(6.2,0.));
#6156 = VECTOR('',#6157,1.);
#6157 = DIRECTION('',(0.,-1.));
#6158 = ( GEOMETRIC_REPRESENTATION_CONTEXT(2) 
PARAMETRIC_REPRESENTATION_CONTEXT() REPRESENTATION_CONTEXT('2D SPACE',''
  ) );
#6159 = PCURVE('',#3488,#6160);
#6160 = DEFINITIONAL_REPRESENTATION('',(#6161),#6165);
#6161 = LINE('',#6162,#6163);
#6162 = CARTESIAN_POINT('',(41.,0.));
#6163 = VECTOR('',#6164,1.);
#6164 = DIRECTION('',(0.,1.));
#6165 = ( GEOMETRIC_REPRESENTATION_CONTEXT(2) 
PARAMETRIC_REPRESENTATION_CONTEXT() REPRESENTATION_CONTEXT('2D SPACE',''
  ) );
#6166 = ORIENTED_EDGE('',*,*,#4640,.T.);
#6167 = ORIENTED_EDGE('',*,*,#6168,.F.);
#6168 = EDGE_CURVE('',#6075,#4492,#6169,.T.);
#6169 = SURFACE_CURVE('',#6170,(#6174,#6180),.PCURVE_S1.);
#6170 = LINE('',#6171,#6172);
#6171 = CARTESIAN_POINT('',(22.,15.825,1.4));
#6172 = VECTOR('',#6173,1.);
#6173 = DIRECTION('',(-0.,1.,0.));
#6174 = PCURVE('',#2430,#6175);
#6175 = DEFINITIONAL_REPRESENTATION('',(#6176),#6179);
#6176 = B_SPLINE_CURVE_WITH_KNOTS('',1,(#6177,#6178),.UNSPECIFIED.,.F.,
  .F.,(2,2),(15.825,19.525),.PIECEWISE_BEZIER_KNOTS.);
#6177 = CARTESIAN_POINT('',(5.4,0.));
#6178 = CARTESIAN_POINT('',(5.4,-3.7));
#6179 = ( GEOMETRIC_REPRESENTATION_CONTEXT(2) 
PARAMETRIC_REPRESENTATION_CONTEXT() REPRESENTATION_CONTEXT('2D SPACE',''
  ) );
#6180 = PCURVE('',#4150,#6181);
#6181 = DEFINITIONAL_REPRESENTATION('',(#6182),#6185);
#6182 = B_SPLINE_CURVE_WITH_KNOTS('',1,(#6183,#6184),.UNSPECIFIED.,.F.,
  .F.,(2,2),(15.825,19.525),.PIECEWISE_BEZIER_KNOTS.);
#6183 = CARTESIAN_POINT('',(22.,31.65));
#6184 = CARTESIAN_POINT('',(22.,35.35));
#6185 = ( GEOMETRIC_REPRESENTATION_CONTEXT(2) 
PARAMETRIC_REPRESENTATION_CONTEXT() REPRESENTATION_CONTEXT('2D SPACE',''
  ) );
#6186 = ADVANCED_FACE('',(#6187),#2399,.F.);
#6187 = FACE_BOUND('',#6188,.F.);
#6188 = EDGE_LOOP('',(#6189,#6190,#6191,#6192));
#6189 = ORIENTED_EDGE('',*,*,#6123,.F.);
#6190 = ORIENTED_EDGE('',*,*,#2382,.T.);
#6191 = ORIENTED_EDGE('',*,*,#3712,.T.);
#6192 = ORIENTED_EDGE('',*,*,#6193,.T.);
#6193 = EDGE_CURVE('',#3713,#6124,#6194,.T.);
#6194 = SURFACE_CURVE('',#6195,(#6199,#6206),.PCURVE_S1.);
#6195 = LINE('',#6196,#6197);
#6196 = CARTESIAN_POINT('',(-19.,37.65,2.2));
#6197 = VECTOR('',#6198,1.);
#6198 = DIRECTION('',(1.,0.,-0.));
#6199 = PCURVE('',#2399,#6200);
#6200 = DEFINITIONAL_REPRESENTATION('',(#6201),#6205);
#6201 = LINE('',#6202,#6203);
#6202 = CARTESIAN_POINT('',(6.2,0.));
#6203 = VECTOR('',#6204,1.);
#6204 = DIRECTION('',(0.,1.));
#6205 = ( GEOMETRIC_REPRESENTATION_CONTEXT(2) 
PARAMETRIC_REPRESENTATION_CONTEXT() REPRESENTATION_CONTEXT('2D SPACE',''
  ) );
#6206 = PCURVE('',#3488,#6207);
#6207 = DEFINITIONAL_REPRESENTATION('',(#6208),#6212);
#6208 = LINE('',#6209,#6210);
#6209 = CARTESIAN_POINT('',(0.,6.));
#6210 = VECTOR('',#6211,1.);
#6211 = DIRECTION('',(1.,0.));
#6212 = ( GEOMETRIC_REPRESENTATION_CONTEXT(2) 
PARAMETRIC_REPRESENTATION_CONTEXT() REPRESENTATION_CONTEXT('2D SPACE',''
  ) );
#6213 = ADVANCED_FACE('',(#6214),#3488,.F.);
#6214 = FACE_BOUND('',#6215,.F.);
#6215 = EDGE_LOOP('',(#6216,#6217,#6218,#6219,#6220,#6221,#6222,#6223));
#6216 = ORIENTED_EDGE('',*,*,#5120,.F.);
#6217 = ORIENTED_EDGE('',*,*,#4397,.T.);
#6218 = ORIENTED_EDGE('',*,*,#4612,.T.);
#6219 = ORIENTED_EDGE('',*,*,#6146,.T.);
#6220 = ORIENTED_EDGE('',*,*,#6193,.F.);
#6221 = ORIENTED_EDGE('',*,*,#3733,.T.);
#6222 = ORIENTED_EDGE('',*,*,#3550,.F.);
#6223 = ORIENTED_EDGE('',*,*,#3475,.F.);
#6224 = ADVANCED_FACE('',(#6225),#3675,.T.);
#6225 = FACE_BOUND('',#6226,.T.);
#6226 = EDGE_LOOP('',(#6227,#6250,#6251,#6252,#6275));
#6227 = ORIENTED_EDGE('',*,*,#6228,.F.);
#6228 = EDGE_CURVE('',#3634,#6229,#6231,.T.);
#6229 = VERTEX_POINT('',#6230);
#6230 = CARTESIAN_POINT('',(27.75,15.2,-1.5));
#6231 = SURFACE_CURVE('',#6232,(#6236,#6243),.PCURVE_S1.);
#6232 = LINE('',#6233,#6234);
#6233 = CARTESIAN_POINT('',(25.15,15.2,-1.5));
#6234 = VECTOR('',#6235,1.);
#6235 = DIRECTION('',(1.,0.,-0.));
#6236 = PCURVE('',#3675,#6237);
#6237 = DEFINITIONAL_REPRESENTATION('',(#6238),#6242);
#6238 = LINE('',#6239,#6240);
#6239 = CARTESIAN_POINT('',(0.,0.));
#6240 = VECTOR('',#6241,1.);
#6241 = DIRECTION('',(0.,1.));
#6242 = ( GEOMETRIC_REPRESENTATION_CONTEXT(2) 
PARAMETRIC_REPRESENTATION_CONTEXT() REPRESENTATION_CONTEXT('2D SPACE',''
  ) );
#6243 = PCURVE('',#3649,#6244);
#6244 = DEFINITIONAL_REPRESENTATION('',(#6245),#6249);
#6245 = LINE('',#6246,#6247);
#6246 = CARTESIAN_POINT('',(0.,30.4));
#6247 = VECTOR('',#6248,1.);
#6248 = DIRECTION('',(1.,0.));
#6249 = ( GEOMETRIC_REPRESENTATION_CONTEXT(2) 
PARAMETRIC_REPRESENTATION_CONTEXT() REPRESENTATION_CONTEXT('2D SPACE',''
  ) );
#6250 = ORIENTED_EDGE('',*,*,#3661,.T.);
#6251 = ORIENTED_EDGE('',*,*,#3783,.T.);
#6252 = ORIENTED_EDGE('',*,*,#6253,.T.);
#6253 = EDGE_CURVE('',#3784,#6254,#6256,.T.);
#6254 = VERTEX_POINT('',#6255);
#6255 = CARTESIAN_POINT('',(27.75,15.2,5.3));
#6256 = SURFACE_CURVE('',#6257,(#6261,#6268),.PCURVE_S1.);
#6257 = LINE('',#6258,#6259);
#6258 = CARTESIAN_POINT('',(25.15,15.2,5.3));
#6259 = VECTOR('',#6260,1.);
#6260 = DIRECTION('',(1.,0.,-0.));
#6261 = PCURVE('',#3675,#6262);
#6262 = DEFINITIONAL_REPRESENTATION('',(#6263),#6267);
#6263 = LINE('',#6264,#6265);
#6264 = CARTESIAN_POINT('',(6.8,0.));
#6265 = VECTOR('',#6266,1.);
#6266 = DIRECTION('',(0.,1.));
#6267 = ( GEOMETRIC_REPRESENTATION_CONTEXT(2) 
PARAMETRIC_REPRESENTATION_CONTEXT() REPRESENTATION_CONTEXT('2D SPACE',''
  ) );
#6268 = PCURVE('',#3820,#6269);
#6269 = DEFINITIONAL_REPRESENTATION('',(#6270),#6274);
#6270 = LINE('',#6271,#6272);
#6271 = CARTESIAN_POINT('',(0.,30.4));
#6272 = VECTOR('',#6273,1.);
#6273 = DIRECTION('',(1.,0.));
#6274 = ( GEOMETRIC_REPRESENTATION_CONTEXT(2) 
PARAMETRIC_REPRESENTATION_CONTEXT() REPRESENTATION_CONTEXT('2D SPACE',''
  ) );
#6275 = ORIENTED_EDGE('',*,*,#6276,.F.);
#6276 = EDGE_CURVE('',#6229,#6254,#6277,.T.);
#6277 = SURFACE_CURVE('',#6278,(#6282,#6289),.PCURVE_S1.);
#6278 = LINE('',#6279,#6280);
#6279 = CARTESIAN_POINT('',(27.75,15.2,-1.5));
#6280 = VECTOR('',#6281,1.);
#6281 = DIRECTION('',(0.,0.,1.));
#6282 = PCURVE('',#3675,#6283);
#6283 = DEFINITIONAL_REPRESENTATION('',(#6284),#6288);
#6284 = LINE('',#6285,#6286);
#6285 = CARTESIAN_POINT('',(0.,2.6));
#6286 = VECTOR('',#6287,1.);
#6287 = DIRECTION('',(1.,0.));
#6288 = ( GEOMETRIC_REPRESENTATION_CONTEXT(2) 
PARAMETRIC_REPRESENTATION_CONTEXT() REPRESENTATION_CONTEXT('2D SPACE',''
  ) );
#6289 = PCURVE('',#6290,#6295);
#6290 = PLANE('',#6291);
#6291 = AXIS2_PLACEMENT_3D('',#6292,#6293,#6294);
#6292 = CARTESIAN_POINT('',(27.75,-15.2,-1.5));
#6293 = DIRECTION('',(1.,0.,-0.));
#6294 = DIRECTION('',(0.,0.,1.));
#6295 = DEFINITIONAL_REPRESENTATION('',(#6296),#6300);
#6296 = LINE('',#6297,#6298);
#6297 = CARTESIAN_POINT('',(0.,-30.4));
#6298 = VECTOR('',#6299,1.);
#6299 = DIRECTION('',(1.,0.));
#6300 = ( GEOMETRIC_REPRESENTATION_CONTEXT(2) 
PARAMETRIC_REPRESENTATION_CONTEXT() REPRESENTATION_CONTEXT('2D SPACE',''
  ) );
#6301 = ADVANCED_FACE('',(#6302),#3649,.F.);
#6302 = FACE_BOUND('',#6303,.F.);
#6303 = EDGE_LOOP('',(#6304,#6305,#6328,#6349));
#6304 = ORIENTED_EDGE('',*,*,#3633,.F.);
#6305 = ORIENTED_EDGE('',*,*,#6306,.T.);
#6306 = EDGE_CURVE('',#3606,#6307,#6309,.T.);
#6307 = VERTEX_POINT('',#6308);
#6308 = CARTESIAN_POINT('',(27.75,-15.2,-1.5));
#6309 = SURFACE_CURVE('',#6310,(#6314,#6321),.PCURVE_S1.);
#6310 = LINE('',#6311,#6312);
#6311 = CARTESIAN_POINT('',(25.15,-15.2,-1.5));
#6312 = VECTOR('',#6313,1.);
#6313 = DIRECTION('',(1.,0.,-0.));
#6314 = PCURVE('',#3649,#6315);
#6315 = DEFINITIONAL_REPRESENTATION('',(#6316),#6320);
#6316 = LINE('',#6317,#6318);
#6317 = CARTESIAN_POINT('',(0.,0.));
#6318 = VECTOR('',#6319,1.);
#6319 = DIRECTION('',(1.,0.));
#6320 = ( GEOMETRIC_REPRESENTATION_CONTEXT(2) 
PARAMETRIC_REPRESENTATION_CONTEXT() REPRESENTATION_CONTEXT('2D SPACE',''
  ) );
#6321 = PCURVE('',#3621,#6322);
#6322 = DEFINITIONAL_REPRESENTATION('',(#6323),#6327);
#6323 = LINE('',#6324,#6325);
#6324 = CARTESIAN_POINT('',(0.,0.));
#6325 = VECTOR('',#6326,1.);
#6326 = DIRECTION('',(0.,1.));
#6327 = ( GEOMETRIC_REPRESENTATION_CONTEXT(2) 
PARAMETRIC_REPRESENTATION_CONTEXT() REPRESENTATION_CONTEXT('2D SPACE',''
  ) );
#6328 = ORIENTED_EDGE('',*,*,#6329,.T.);
#6329 = EDGE_CURVE('',#6307,#6229,#6330,.T.);
#6330 = SURFACE_CURVE('',#6331,(#6335,#6342),.PCURVE_S1.);
#6331 = LINE('',#6332,#6333);
#6332 = CARTESIAN_POINT('',(27.75,-15.2,-1.5));
#6333 = VECTOR('',#6334,1.);
#6334 = DIRECTION('',(-0.,1.,0.));
#6335 = PCURVE('',#3649,#6336);
#6336 = DEFINITIONAL_REPRESENTATION('',(#6337),#6341);
#6337 = LINE('',#6338,#6339);
#6338 = CARTESIAN_POINT('',(2.6,0.));
#6339 = VECTOR('',#6340,1.);
#6340 = DIRECTION('',(0.,1.));
#6341 = ( GEOMETRIC_REPRESENTATION_CONTEXT(2) 
PARAMETRIC_REPRESENTATION_CONTEXT() REPRESENTATION_CONTEXT('2D SPACE',''
  ) );
#6342 = PCURVE('',#6290,#6343);
#6343 = DEFINITIONAL_REPRESENTATION('',(#6344),#6348);
#6344 = LINE('',#6345,#6346);
#6345 = CARTESIAN_POINT('',(0.,0.));
#6346 = VECTOR('',#6347,1.);
#6347 = DIRECTION('',(0.,-1.));
#6348 = ( GEOMETRIC_REPRESENTATION_CONTEXT(2) 
PARAMETRIC_REPRESENTATION_CONTEXT() REPRESENTATION_CONTEXT('2D SPACE',''
  ) );
#6349 = ORIENTED_EDGE('',*,*,#6228,.F.);
#6350 = ADVANCED_FACE('',(#6351),#3621,.F.);
#6351 = FACE_BOUND('',#6352,.F.);
#6352 = EDGE_LOOP('',(#6353,#6354,#6355,#6356,#6379));
#6353 = ORIENTED_EDGE('',*,*,#6306,.F.);
#6354 = ORIENTED_EDGE('',*,*,#3605,.T.);
#6355 = ORIENTED_EDGE('',*,*,#3759,.T.);
#6356 = ORIENTED_EDGE('',*,*,#6357,.T.);
#6357 = EDGE_CURVE('',#3760,#6358,#6360,.T.);
#6358 = VERTEX_POINT('',#6359);
#6359 = CARTESIAN_POINT('',(27.75,-15.2,5.3));
#6360 = SURFACE_CURVE('',#6361,(#6365,#6372),.PCURVE_S1.);
#6361 = LINE('',#6362,#6363);
#6362 = CARTESIAN_POINT('',(25.15,-15.2,5.3));
#6363 = VECTOR('',#6364,1.);
#6364 = DIRECTION('',(1.,0.,-0.));
#6365 = PCURVE('',#3621,#6366);
#6366 = DEFINITIONAL_REPRESENTATION('',(#6367),#6371);
#6367 = LINE('',#6368,#6369);
#6368 = CARTESIAN_POINT('',(6.8,0.));
#6369 = VECTOR('',#6370,1.);
#6370 = DIRECTION('',(0.,1.));
#6371 = ( GEOMETRIC_REPRESENTATION_CONTEXT(2) 
PARAMETRIC_REPRESENTATION_CONTEXT() REPRESENTATION_CONTEXT('2D SPACE',''
  ) );
#6372 = PCURVE('',#3820,#6373);
#6373 = DEFINITIONAL_REPRESENTATION('',(#6374),#6378);
#6374 = LINE('',#6375,#6376);
#6375 = CARTESIAN_POINT('',(0.,0.));
#6376 = VECTOR('',#6377,1.);
#6377 = DIRECTION('',(1.,0.));
#6378 = ( GEOMETRIC_REPRESENTATION_CONTEXT(2) 
PARAMETRIC_REPRESENTATION_CONTEXT() REPRESENTATION_CONTEXT('2D SPACE',''
  ) );
#6379 = ORIENTED_EDGE('',*,*,#6380,.F.);
#6380 = EDGE_CURVE('',#6307,#6358,#6381,.T.);
#6381 = SURFACE_CURVE('',#6382,(#6386,#6393),.PCURVE_S1.);
#6382 = LINE('',#6383,#6384);
#6383 = CARTESIAN_POINT('',(27.75,-15.2,-1.5));
#6384 = VECTOR('',#6385,1.);
#6385 = DIRECTION('',(0.,0.,1.));
#6386 = PCURVE('',#3621,#6387);
#6387 = DEFINITIONAL_REPRESENTATION('',(#6388),#6392);
#6388 = LINE('',#6389,#6390);
#6389 = CARTESIAN_POINT('',(0.,2.6));
#6390 = VECTOR('',#6391,1.);
#6391 = DIRECTION('',(1.,0.));
#6392 = ( GEOMETRIC_REPRESENTATION_CONTEXT(2) 
PARAMETRIC_REPRESENTATION_CONTEXT() REPRESENTATION_CONTEXT('2D SPACE',''
  ) );
#6393 = PCURVE('',#6290,#6394);
#6394 = DEFINITIONAL_REPRESENTATION('',(#6395),#6399);
#6395 = LINE('',#6396,#6397);
#6396 = CARTESIAN_POINT('',(0.,0.));
#6397 = VECTOR('',#6398,1.);
#6398 = DIRECTION('',(1.,0.));
#6399 = ( GEOMETRIC_REPRESENTATION_CONTEXT(2) 
PARAMETRIC_REPRESENTATION_CONTEXT() REPRESENTATION_CONTEXT('2D SPACE',''
  ) );
#6400 = ADVANCED_FACE('',(#6401),#3820,.T.);
#6401 = FACE_BOUND('',#6402,.T.);
#6402 = EDGE_LOOP('',(#6403,#6404,#6405,#6426));
#6403 = ORIENTED_EDGE('',*,*,#3806,.F.);
#6404 = ORIENTED_EDGE('',*,*,#6357,.T.);
#6405 = ORIENTED_EDGE('',*,*,#6406,.T.);
#6406 = EDGE_CURVE('',#6358,#6254,#6407,.T.);
#6407 = SURFACE_CURVE('',#6408,(#6412,#6419),.PCURVE_S1.);
#6408 = LINE('',#6409,#6410);
#6409 = CARTESIAN_POINT('',(27.75,-15.2,5.3));
#6410 = VECTOR('',#6411,1.);
#6411 = DIRECTION('',(-0.,1.,0.));
#6412 = PCURVE('',#3820,#6413);
#6413 = DEFINITIONAL_REPRESENTATION('',(#6414),#6418);
#6414 = LINE('',#6415,#6416);
#6415 = CARTESIAN_POINT('',(2.6,0.));
#6416 = VECTOR('',#6417,1.);
#6417 = DIRECTION('',(0.,1.));
#6418 = ( GEOMETRIC_REPRESENTATION_CONTEXT(2) 
PARAMETRIC_REPRESENTATION_CONTEXT() REPRESENTATION_CONTEXT('2D SPACE',''
  ) );
#6419 = PCURVE('',#6290,#6420);
#6420 = DEFINITIONAL_REPRESENTATION('',(#6421),#6425);
#6421 = LINE('',#6422,#6423);
#6422 = CARTESIAN_POINT('',(6.8,0.));
#6423 = VECTOR('',#6424,1.);
#6424 = DIRECTION('',(0.,-1.));
#6425 = ( GEOMETRIC_REPRESENTATION_CONTEXT(2) 
PARAMETRIC_REPRESENTATION_CONTEXT() REPRESENTATION_CONTEXT('2D SPACE',''
  ) );
#6426 = ORIENTED_EDGE('',*,*,#6253,.F.);
#6427 = ADVANCED_FACE('',(#6428),#3881,.T.);
#6428 = FACE_BOUND('',#6429,.F.);
#6429 = EDGE_LOOP('',(#6430));
#6430 = ORIENTED_EDGE('',*,*,#3866,.F.);
#6431 = ADVANCED_FACE('',(#6432),#3936,.T.);
#6432 = FACE_BOUND('',#6433,.F.);
#6433 = EDGE_LOOP('',(#6434));
#6434 = ORIENTED_EDGE('',*,*,#3921,.F.);
#6435 = ADVANCED_FACE('',(#6436,#6775,#6806),#3970,.T.);
#6436 = FACE_BOUND('',#6437,.T.);
#6437 = EDGE_LOOP('',(#6438,#6439,#6440,#6441,#6442,#6443,#6465,#6493,
    #6526,#6554,#6583,#6611,#6640,#6664,#6692,#6725,#6753,#6773,#6774));
#6438 = ORIENTED_EDGE('',*,*,#3952,.F.);
#6439 = ORIENTED_EDGE('',*,*,#4078,.F.);
#6440 = ORIENTED_EDGE('',*,*,#4440,.T.);
#6441 = ORIENTED_EDGE('',*,*,#4662,.T.);
#6442 = ORIENTED_EDGE('',*,*,#4818,.T.);
#6443 = ORIENTED_EDGE('',*,*,#6444,.T.);
#6444 = EDGE_CURVE('',#4792,#6445,#6447,.T.);
#6445 = VERTEX_POINT('',#6446);
#6446 = CARTESIAN_POINT('',(21.65,-14.5,3.2));
#6447 = SURFACE_CURVE('',#6448,(#6452,#6459),.PCURVE_S1.);
#6448 = LINE('',#6449,#6450);
#6449 = CARTESIAN_POINT('',(10.2,-14.5,3.2));
#6450 = VECTOR('',#6451,1.);
#6451 = DIRECTION('',(-1.,-0.,0.));
#6452 = PCURVE('',#3970,#6453);
#6453 = DEFINITIONAL_REPRESENTATION('',(#6454),#6458);
#6454 = LINE('',#6455,#6456);
#6455 = CARTESIAN_POINT('',(10.2,-14.5));
#6456 = VECTOR('',#6457,1.);
#6457 = DIRECTION('',(-1.,0.));
#6458 = ( GEOMETRIC_REPRESENTATION_CONTEXT(2) 
PARAMETRIC_REPRESENTATION_CONTEXT() REPRESENTATION_CONTEXT('2D SPACE',''
  ) );
#6459 = PCURVE('',#4807,#6460);
#6460 = DEFINITIONAL_REPRESENTATION('',(#6461),#6464);
#6461 = B_SPLINE_CURVE_WITH_KNOTS('',1,(#6462,#6463),.UNSPECIFIED.,.F.,
  .F.,(2,2),(-13.15,-10.2),.PIECEWISE_BEZIER_KNOTS.);
#6462 = CARTESIAN_POINT('',(1.3,2.95));
#6463 = CARTESIAN_POINT('',(1.3,0.));
#6464 = ( GEOMETRIC_REPRESENTATION_CONTEXT(2) 
PARAMETRIC_REPRESENTATION_CONTEXT() REPRESENTATION_CONTEXT('2D SPACE',''
  ) );
#6465 = ORIENTED_EDGE('',*,*,#6466,.F.);
#6466 = EDGE_CURVE('',#6467,#6445,#6469,.T.);
#6467 = VERTEX_POINT('',#6468);
#6468 = CARTESIAN_POINT('',(21.65,-32.15,3.2));
#6469 = SURFACE_CURVE('',#6470,(#6474,#6481),.PCURVE_S1.);
#6470 = LINE('',#6471,#6472);
#6471 = CARTESIAN_POINT('',(21.65,0.,3.2));
#6472 = VECTOR('',#6473,1.);
#6473 = DIRECTION('',(0.,1.,0.));
#6474 = PCURVE('',#3970,#6475);
#6475 = DEFINITIONAL_REPRESENTATION('',(#6476),#6480);
#6476 = LINE('',#6477,#6478);
#6477 = CARTESIAN_POINT('',(21.65,-6.2035193142E-16));
#6478 = VECTOR('',#6479,1.);
#6479 = DIRECTION('',(0.,1.));
#6480 = ( GEOMETRIC_REPRESENTATION_CONTEXT(2) 
PARAMETRIC_REPRESENTATION_CONTEXT() REPRESENTATION_CONTEXT('2D SPACE',''
  ) );
#6481 = PCURVE('',#6482,#6487);
#6482 = PLANE('',#6483);
#6483 = AXIS2_PLACEMENT_3D('',#6484,#6485,#6486);
#6484 = CARTESIAN_POINT('',(21.65,-32.15,2.4));
#6485 = DIRECTION('',(-1.,0.,0.));
#6486 = DIRECTION('',(0.,1.,0.));
#6487 = DEFINITIONAL_REPRESENTATION('',(#6488),#6492);
#6488 = LINE('',#6489,#6490);
#6489 = CARTESIAN_POINT('',(32.15,-0.8));
#6490 = VECTOR('',#6491,1.);
#6491 = DIRECTION('',(1.,0.));
#6492 = ( GEOMETRIC_REPRESENTATION_CONTEXT(2) 
PARAMETRIC_REPRESENTATION_CONTEXT() REPRESENTATION_CONTEXT('2D SPACE',''
  ) );
#6493 = ORIENTED_EDGE('',*,*,#6494,.T.);
#6494 = EDGE_CURVE('',#6467,#6495,#6497,.T.);
#6495 = VERTEX_POINT('',#6496);
#6496 = CARTESIAN_POINT('',(20.15,-33.65,3.2));
#6497 = SURFACE_CURVE('',#6498,(#6503,#6514),.PCURVE_S1.);
#6498 = CIRCLE('',#6499,1.5);
#6499 = AXIS2_PLACEMENT_3D('',#6500,#6501,#6502);
#6500 = CARTESIAN_POINT('',(20.15,-32.15,3.2));
#6501 = DIRECTION('',(0.,0.,-1.));
#6502 = DIRECTION('',(-1.,0.,0.));
#6503 = PCURVE('',#3970,#6504);
#6504 = DEFINITIONAL_REPRESENTATION('',(#6505),#6513);
#6505 = ( BOUNDED_CURVE() B_SPLINE_CURVE(2,(#6506,#6507,#6508,#6509,
#6510,#6511,#6512),.UNSPECIFIED.,.T.,.F.) B_SPLINE_CURVE_WITH_KNOTS((1,2
    ,2,2,2,1),(-2.094395102393,0.,2.094395102393,4.188790204786,
6.28318530718,8.377580409573),.UNSPECIFIED.) CURVE() 
GEOMETRIC_REPRESENTATION_ITEM() RATIONAL_B_SPLINE_CURVE((1.,0.5,1.,0.5,
1.,0.5,1.)) REPRESENTATION_ITEM('') );
#6506 = CARTESIAN_POINT('',(18.65,-32.15));
#6507 = CARTESIAN_POINT('',(18.65,-29.55192378864));
#6508 = CARTESIAN_POINT('',(20.9,-30.85096189432));
#6509 = CARTESIAN_POINT('',(23.15,-32.15));
#6510 = CARTESIAN_POINT('',(20.9,-33.44903810567));
#6511 = CARTESIAN_POINT('',(18.65,-34.74807621135));
#6512 = CARTESIAN_POINT('',(18.65,-32.15));
#6513 = ( GEOMETRIC_REPRESENTATION_CONTEXT(2) 
PARAMETRIC_REPRESENTATION_CONTEXT() REPRESENTATION_CONTEXT('2D SPACE',''
  ) );
#6514 = PCURVE('',#6515,#6520);
#6515 = CYLINDRICAL_SURFACE('',#6516,1.5);
#6516 = AXIS2_PLACEMENT_3D('',#6517,#6518,#6519);
#6517 = CARTESIAN_POINT('',(20.15,-32.15,2.4));
#6518 = DIRECTION('',(0.,0.,-1.));
#6519 = DIRECTION('',(-1.,0.,0.));
#6520 = DEFINITIONAL_REPRESENTATION('',(#6521),#6525);
#6521 = LINE('',#6522,#6523);
#6522 = CARTESIAN_POINT('',(0.,-0.8));
#6523 = VECTOR('',#6524,1.);
#6524 = DIRECTION('',(1.,0.));
#6525 = ( GEOMETRIC_REPRESENTATION_CONTEXT(2) 
PARAMETRIC_REPRESENTATION_CONTEXT() REPRESENTATION_CONTEXT('2D SPACE',''
  ) );
#6526 = ORIENTED_EDGE('',*,*,#6527,.F.);
#6527 = EDGE_CURVE('',#6528,#6495,#6530,.T.);
#6528 = VERTEX_POINT('',#6529);
#6529 = CARTESIAN_POINT('',(-19.95567314356,-33.65,3.2));
#6530 = SURFACE_CURVE('',#6531,(#6535,#6542),.PCURVE_S1.);
#6531 = LINE('',#6532,#6533);
#6532 = CARTESIAN_POINT('',(0.,-33.65,3.2));
#6533 = VECTOR('',#6534,1.);
#6534 = DIRECTION('',(1.,0.,0.));
#6535 = PCURVE('',#3970,#6536);
#6536 = DEFINITIONAL_REPRESENTATION('',(#6537),#6541);
#6537 = LINE('',#6538,#6539);
#6538 = CARTESIAN_POINT('',(-1.178668669698E-15,-33.65));
#6539 = VECTOR('',#6540,1.);
#6540 = DIRECTION('',(1.,0.));
#6541 = ( GEOMETRIC_REPRESENTATION_CONTEXT(2) 
PARAMETRIC_REPRESENTATION_CONTEXT() REPRESENTATION_CONTEXT('2D SPACE',''
  ) );
#6542 = PCURVE('',#6543,#6548);
#6543 = PLANE('',#6544);
#6544 = AXIS2_PLACEMENT_3D('',#6545,#6546,#6547);
#6545 = CARTESIAN_POINT('',(-20.15,-33.65,2.4));
#6546 = DIRECTION('',(0.,1.,0.));
#6547 = DIRECTION('',(1.,0.,0.));
#6548 = DEFINITIONAL_REPRESENTATION('',(#6549),#6553);
#6549 = LINE('',#6550,#6551);
#6550 = CARTESIAN_POINT('',(20.15,-0.8));
#6551 = VECTOR('',#6552,1.);
#6552 = DIRECTION('',(1.,0.));
#6553 = ( GEOMETRIC_REPRESENTATION_CONTEXT(2) 
PARAMETRIC_REPRESENTATION_CONTEXT() REPRESENTATION_CONTEXT('2D SPACE',''
  ) );
#6554 = ORIENTED_EDGE('',*,*,#6555,.T.);
#6555 = EDGE_CURVE('',#6528,#6556,#6558,.T.);
#6556 = VERTEX_POINT('',#6557);
#6557 = CARTESIAN_POINT('',(-21.65,-29.43940556793,3.2));
#6558 = SURFACE_CURVE('',#6559,(#6564,#6571),.PCURVE_S1.);
#6559 = CIRCLE('',#6560,2.3);
#6560 = AXIS2_PLACEMENT_3D('',#6561,#6562,#6563);
#6561 = CARTESIAN_POINT('',(-21.15,-31.6844,3.2));
#6562 = DIRECTION('',(-0.,0.,1.));
#6563 = DIRECTION('',(0.519272546276,-0.854608695652,0.));
#6564 = PCURVE('',#3970,#6565);
#6565 = DEFINITIONAL_REPRESENTATION('',(#6566),#6570);
#6566 = CIRCLE('',#6567,2.3);
#6567 = AXIS2_PLACEMENT_2D('',#6568,#6569);
#6568 = CARTESIAN_POINT('',(-21.15,-31.6844));
#6569 = DIRECTION('',(0.519272546276,-0.854608695652));
#6570 = ( GEOMETRIC_REPRESENTATION_CONTEXT(2) 
PARAMETRIC_REPRESENTATION_CONTEXT() REPRESENTATION_CONTEXT('2D SPACE',''
  ) );
#6571 = PCURVE('',#6572,#6577);
#6572 = CYLINDRICAL_SURFACE('',#6573,2.3);
#6573 = AXIS2_PLACEMENT_3D('',#6574,#6575,#6576);
#6574 = CARTESIAN_POINT('',(-21.15,-31.6844,1.4));
#6575 = DIRECTION('',(0.,0.,1.));
#6576 = DIRECTION('',(1.,0.,-0.));
#6577 = DEFINITIONAL_REPRESENTATION('',(#6578),#6582);
#6578 = LINE('',#6579,#6580);
#6579 = CARTESIAN_POINT('',(5.258388498096,1.8));
#6580 = VECTOR('',#6581,1.);
#6581 = DIRECTION('',(1.,0.));
#6582 = ( GEOMETRIC_REPRESENTATION_CONTEXT(2) 
PARAMETRIC_REPRESENTATION_CONTEXT() REPRESENTATION_CONTEXT('2D SPACE',''
  ) );
#6583 = ORIENTED_EDGE('',*,*,#6584,.T.);
#6584 = EDGE_CURVE('',#6556,#6585,#6587,.T.);
#6585 = VERTEX_POINT('',#6586);
#6586 = CARTESIAN_POINT('',(-21.65,-28.61817345763,3.2));
#6587 = SURFACE_CURVE('',#6588,(#6592,#6599),.PCURVE_S1.);
#6588 = LINE('',#6589,#6590);
#6589 = CARTESIAN_POINT('',(-21.65,0.,3.2));
#6590 = VECTOR('',#6591,1.);
#6591 = DIRECTION('',(0.,1.,0.));
#6592 = PCURVE('',#3970,#6593);
#6593 = DEFINITIONAL_REPRESENTATION('',(#6594),#6598);
#6594 = LINE('',#6595,#6596);
#6595 = CARTESIAN_POINT('',(-21.65,-6.2035193142E-16));
#6596 = VECTOR('',#6597,1.);
#6597 = DIRECTION('',(0.,1.));
#6598 = ( GEOMETRIC_REPRESENTATION_CONTEXT(2) 
PARAMETRIC_REPRESENTATION_CONTEXT() REPRESENTATION_CONTEXT('2D SPACE',''
  ) );
#6599 = PCURVE('',#6600,#6605);
#6600 = PLANE('',#6601);
#6601 = AXIS2_PLACEMENT_3D('',#6602,#6603,#6604);
#6602 = CARTESIAN_POINT('',(-21.65,-32.15,2.4));
#6603 = DIRECTION('',(-1.,0.,0.));
#6604 = DIRECTION('',(0.,1.,0.));
#6605 = DEFINITIONAL_REPRESENTATION('',(#6606),#6610);
#6606 = LINE('',#6607,#6608);
#6607 = CARTESIAN_POINT('',(32.15,-0.8));
#6608 = VECTOR('',#6609,1.);
#6609 = DIRECTION('',(1.,0.));
#6610 = ( GEOMETRIC_REPRESENTATION_CONTEXT(2) 
PARAMETRIC_REPRESENTATION_CONTEXT() REPRESENTATION_CONTEXT('2D SPACE',''
  ) );
#6611 = ORIENTED_EDGE('',*,*,#6612,.T.);
#6612 = EDGE_CURVE('',#6585,#6613,#6615,.T.);
#6613 = VERTEX_POINT('',#6614);
#6614 = CARTESIAN_POINT('',(-18.1,-26.6875,3.2));
#6615 = SURFACE_CURVE('',#6616,(#6621,#6628),.PCURVE_S1.);
#6616 = CIRCLE('',#6617,2.3);
#6617 = AXIS2_PLACEMENT_3D('',#6618,#6619,#6620);
#6618 = CARTESIAN_POINT('',(-20.4,-26.6875,3.2));
#6619 = DIRECTION('',(0.,0.,1.));
#6620 = DIRECTION('',(1.,0.,-0.));
#6621 = PCURVE('',#3970,#6622);
#6622 = DEFINITIONAL_REPRESENTATION('',(#6623),#6627);
#6623 = CIRCLE('',#6624,2.3);
#6624 = AXIS2_PLACEMENT_2D('',#6625,#6626);
#6625 = CARTESIAN_POINT('',(-20.4,-26.6875));
#6626 = DIRECTION('',(1.,0.));
#6627 = ( GEOMETRIC_REPRESENTATION_CONTEXT(2) 
PARAMETRIC_REPRESENTATION_CONTEXT() REPRESENTATION_CONTEXT('2D SPACE',''
  ) );
#6628 = PCURVE('',#6629,#6634);
#6629 = CYLINDRICAL_SURFACE('',#6630,2.3);
#6630 = AXIS2_PLACEMENT_3D('',#6631,#6632,#6633);
#6631 = CARTESIAN_POINT('',(-20.4,-26.6875,1.4));
#6632 = DIRECTION('',(0.,0.,1.));
#6633 = DIRECTION('',(1.,0.,-0.));
#6634 = DEFINITIONAL_REPRESENTATION('',(#6635),#6639);
#6635 = LINE('',#6636,#6637);
#6636 = CARTESIAN_POINT('',(0.,1.8));
#6637 = VECTOR('',#6638,1.);
#6638 = DIRECTION('',(1.,0.));
#6639 = ( GEOMETRIC_REPRESENTATION_CONTEXT(2) 
PARAMETRIC_REPRESENTATION_CONTEXT() REPRESENTATION_CONTEXT('2D SPACE',''
  ) );
#6640 = ORIENTED_EDGE('',*,*,#6641,.T.);
#6641 = EDGE_CURVE('',#6613,#6642,#6644,.T.);
#6642 = VERTEX_POINT('',#6643);
#6643 = CARTESIAN_POINT('',(-21.65,-24.75682654236,3.2));
#6644 = SURFACE_CURVE('',#6645,(#6650,#6657),.PCURVE_S1.);
#6645 = CIRCLE('',#6646,2.3);
#6646 = AXIS2_PLACEMENT_3D('',#6647,#6648,#6649);
#6647 = CARTESIAN_POINT('',(-20.4,-26.6875,3.2));
#6648 = DIRECTION('',(0.,0.,1.));
#6649 = DIRECTION('',(1.,0.,-0.));
#6650 = PCURVE('',#3970,#6651);
#6651 = DEFINITIONAL_REPRESENTATION('',(#6652),#6656);
#6652 = CIRCLE('',#6653,2.3);
#6653 = AXIS2_PLACEMENT_2D('',#6654,#6655);
#6654 = CARTESIAN_POINT('',(-20.4,-26.6875));
#6655 = DIRECTION('',(1.,0.));
#6656 = ( GEOMETRIC_REPRESENTATION_CONTEXT(2) 
PARAMETRIC_REPRESENTATION_CONTEXT() REPRESENTATION_CONTEXT('2D SPACE',''
  ) );
#6657 = PCURVE('',#6629,#6658);
#6658 = DEFINITIONAL_REPRESENTATION('',(#6659),#6663);
#6659 = LINE('',#6660,#6661);
#6660 = CARTESIAN_POINT('',(0.,1.8));
#6661 = VECTOR('',#6662,1.);
#6662 = DIRECTION('',(1.,0.));
#6663 = ( GEOMETRIC_REPRESENTATION_CONTEXT(2) 
PARAMETRIC_REPRESENTATION_CONTEXT() REPRESENTATION_CONTEXT('2D SPACE',''
  ) );
#6664 = ORIENTED_EDGE('',*,*,#6665,.T.);
#6665 = EDGE_CURVE('',#6642,#6666,#6668,.T.);
#6666 = VERTEX_POINT('',#6667);
#6667 = CARTESIAN_POINT('',(-21.65,32.15,3.2));
#6668 = SURFACE_CURVE('',#6669,(#6673,#6680),.PCURVE_S1.);
#6669 = LINE('',#6670,#6671);
#6670 = CARTESIAN_POINT('',(-21.65,0.,3.2));
#6671 = VECTOR('',#6672,1.);
#6672 = DIRECTION('',(0.,1.,0.));
#6673 = PCURVE('',#3970,#6674);
#6674 = DEFINITIONAL_REPRESENTATION('',(#6675),#6679);
#6675 = LINE('',#6676,#6677);
#6676 = CARTESIAN_POINT('',(-21.65,-6.2035193142E-16));
#6677 = VECTOR('',#6678,1.);
#6678 = DIRECTION('',(0.,1.));
#6679 = ( GEOMETRIC_REPRESENTATION_CONTEXT(2) 
PARAMETRIC_REPRESENTATION_CONTEXT() REPRESENTATION_CONTEXT('2D SPACE',''
  ) );
#6680 = PCURVE('',#6681,#6686);
#6681 = PLANE('',#6682);
#6682 = AXIS2_PLACEMENT_3D('',#6683,#6684,#6685);
#6683 = CARTESIAN_POINT('',(-21.65,-32.15,2.4));
#6684 = DIRECTION('',(-1.,0.,0.));
#6685 = DIRECTION('',(0.,1.,0.));
#6686 = DEFINITIONAL_REPRESENTATION('',(#6687),#6691);
#6687 = LINE('',#6688,#6689);
#6688 = CARTESIAN_POINT('',(32.15,-0.8));
#6689 = VECTOR('',#6690,1.);
#6690 = DIRECTION('',(1.,0.));
#6691 = ( GEOMETRIC_REPRESENTATION_CONTEXT(2) 
PARAMETRIC_REPRESENTATION_CONTEXT() REPRESENTATION_CONTEXT('2D SPACE',''
  ) );
#6692 = ORIENTED_EDGE('',*,*,#6693,.T.);
#6693 = EDGE_CURVE('',#6666,#6694,#6696,.T.);
#6694 = VERTEX_POINT('',#6695);
#6695 = CARTESIAN_POINT('',(-20.15,33.65,3.2));
#6696 = SURFACE_CURVE('',#6697,(#6702,#6713),.PCURVE_S1.);
#6697 = CIRCLE('',#6698,1.5);
#6698 = AXIS2_PLACEMENT_3D('',#6699,#6700,#6701);
#6699 = CARTESIAN_POINT('',(-20.15,32.15,3.2));
#6700 = DIRECTION('',(0.,0.,-1.));
#6701 = DIRECTION('',(-1.,0.,0.));
#6702 = PCURVE('',#3970,#6703);
#6703 = DEFINITIONAL_REPRESENTATION('',(#6704),#6712);
#6704 = ( BOUNDED_CURVE() B_SPLINE_CURVE(2,(#6705,#6706,#6707,#6708,
#6709,#6710,#6711),.UNSPECIFIED.,.T.,.F.) B_SPLINE_CURVE_WITH_KNOTS((1,2
    ,2,2,2,1),(-2.094395102393,0.,2.094395102393,4.188790204786,
6.28318530718,8.377580409573),.UNSPECIFIED.) CURVE() 
GEOMETRIC_REPRESENTATION_ITEM() RATIONAL_B_SPLINE_CURVE((1.,0.5,1.,0.5,
1.,0.5,1.)) REPRESENTATION_ITEM('') );
#6705 = CARTESIAN_POINT('',(-21.65,32.15));
#6706 = CARTESIAN_POINT('',(-21.65,34.748076211353));
#6707 = CARTESIAN_POINT('',(-19.4,33.449038105677));
#6708 = CARTESIAN_POINT('',(-17.15,32.15));
#6709 = CARTESIAN_POINT('',(-19.4,30.850961894323));
#6710 = CARTESIAN_POINT('',(-21.65,29.551923788647));
#6711 = CARTESIAN_POINT('',(-21.65,32.15));
#6712 = ( GEOMETRIC_REPRESENTATION_CONTEXT(2) 
PARAMETRIC_REPRESENTATION_CONTEXT() REPRESENTATION_CONTEXT('2D SPACE',''
  ) );
#6713 = PCURVE('',#6714,#6719);
#6714 = CYLINDRICAL_SURFACE('',#6715,1.5);
#6715 = AXIS2_PLACEMENT_3D('',#6716,#6717,#6718);
#6716 = CARTESIAN_POINT('',(-20.15,32.15,2.4));
#6717 = DIRECTION('',(0.,0.,-1.));
#6718 = DIRECTION('',(-1.,0.,0.));
#6719 = DEFINITIONAL_REPRESENTATION('',(#6720),#6724);
#6720 = LINE('',#6721,#6722);
#6721 = CARTESIAN_POINT('',(0.,-0.8));
#6722 = VECTOR('',#6723,1.);
#6723 = DIRECTION('',(1.,0.));
#6724 = ( GEOMETRIC_REPRESENTATION_CONTEXT(2) 
PARAMETRIC_REPRESENTATION_CONTEXT() REPRESENTATION_CONTEXT('2D SPACE',''
  ) );
#6725 = ORIENTED_EDGE('',*,*,#6726,.T.);
#6726 = EDGE_CURVE('',#6694,#6727,#6729,.T.);
#6727 = VERTEX_POINT('',#6728);
#6728 = CARTESIAN_POINT('',(-19.,33.65,3.2));
#6729 = SURFACE_CURVE('',#6730,(#6734,#6741),.PCURVE_S1.);
#6730 = LINE('',#6731,#6732);
#6731 = CARTESIAN_POINT('',(0.,33.65,3.2));
#6732 = VECTOR('',#6733,1.);
#6733 = DIRECTION('',(1.,0.,0.));
#6734 = PCURVE('',#3970,#6735);
#6735 = DEFINITIONAL_REPRESENTATION('',(#6736),#6740);
#6736 = LINE('',#6737,#6738);
#6737 = CARTESIAN_POINT('',(-1.178668669698E-15,33.65));
#6738 = VECTOR('',#6739,1.);
#6739 = DIRECTION('',(1.,0.));
#6740 = ( GEOMETRIC_REPRESENTATION_CONTEXT(2) 
PARAMETRIC_REPRESENTATION_CONTEXT() REPRESENTATION_CONTEXT('2D SPACE',''
  ) );
#6741 = PCURVE('',#6742,#6747);
#6742 = PLANE('',#6743);
#6743 = AXIS2_PLACEMENT_3D('',#6744,#6745,#6746);
#6744 = CARTESIAN_POINT('',(-20.15,33.65,2.4));
#6745 = DIRECTION('',(0.,1.,0.));
#6746 = DIRECTION('',(1.,0.,0.));
#6747 = DEFINITIONAL_REPRESENTATION('',(#6748),#6752);
#6748 = LINE('',#6749,#6750);
#6749 = CARTESIAN_POINT('',(20.15,-0.8));
#6750 = VECTOR('',#6751,1.);
#6751 = DIRECTION('',(1.,0.));
#6752 = ( GEOMETRIC_REPRESENTATION_CONTEXT(2) 
PARAMETRIC_REPRESENTATION_CONTEXT() REPRESENTATION_CONTEXT('2D SPACE',''
  ) );
#6753 = ORIENTED_EDGE('',*,*,#6754,.T.);
#6754 = EDGE_CURVE('',#6727,#4219,#6755,.T.);
#6755 = SURFACE_CURVE('',#6756,(#6760,#6767),.PCURVE_S1.);
#6756 = LINE('',#6757,#6758);
#6757 = CARTESIAN_POINT('',(-19.,14.25,3.2));
#6758 = VECTOR('',#6759,1.);
#6759 = DIRECTION('',(-0.,1.,0.));
#6760 = PCURVE('',#3970,#6761);
#6761 = DEFINITIONAL_REPRESENTATION('',(#6762),#6766);
#6762 = LINE('',#6763,#6764);
#6763 = CARTESIAN_POINT('',(-19.,14.25));
#6764 = VECTOR('',#6765,1.);
#6765 = DIRECTION('',(0.,1.));
#6766 = ( GEOMETRIC_REPRESENTATION_CONTEXT(2) 
PARAMETRIC_REPRESENTATION_CONTEXT() REPRESENTATION_CONTEXT('2D SPACE',''
  ) );
#6767 = PCURVE('',#4234,#6768);
#6768 = DEFINITIONAL_REPRESENTATION('',(#6769),#6772);
#6769 = B_SPLINE_CURVE_WITH_KNOTS('',1,(#6770,#6771),.UNSPECIFIED.,.F.,
  .F.,(2,2),(14.25,21.1),.PIECEWISE_BEZIER_KNOTS.);
#6770 = CARTESIAN_POINT('',(1.3,0.));
#6771 = CARTESIAN_POINT('',(1.3,-6.85));
#6772 = ( GEOMETRIC_REPRESENTATION_CONTEXT(2) 
PARAMETRIC_REPRESENTATION_CONTEXT() REPRESENTATION_CONTEXT('2D SPACE',''
  ) );
#6773 = ORIENTED_EDGE('',*,*,#4245,.F.);
#6774 = ORIENTED_EDGE('',*,*,#4028,.T.);
#6775 = FACE_BOUND('',#6776,.T.);
#6776 = EDGE_LOOP('',(#6777));
#6777 = ORIENTED_EDGE('',*,*,#6778,.F.);
#6778 = EDGE_CURVE('',#6779,#6779,#6781,.T.);
#6779 = VERTEX_POINT('',#6780);
#6780 = CARTESIAN_POINT('',(-20.2,-31.6844,3.2));
#6781 = SURFACE_CURVE('',#6782,(#6787,#6794),.PCURVE_S1.);
#6782 = CIRCLE('',#6783,0.95);
#6783 = AXIS2_PLACEMENT_3D('',#6784,#6785,#6786);
#6784 = CARTESIAN_POINT('',(-21.15,-31.6844,3.2));
#6785 = DIRECTION('',(0.,0.,1.));
#6786 = DIRECTION('',(1.,0.,-0.));
#6787 = PCURVE('',#3970,#6788);
#6788 = DEFINITIONAL_REPRESENTATION('',(#6789),#6793);
#6789 = CIRCLE('',#6790,0.95);
#6790 = AXIS2_PLACEMENT_2D('',#6791,#6792);
#6791 = CARTESIAN_POINT('',(-21.15,-31.6844));
#6792 = DIRECTION('',(1.,0.));
#6793 = ( GEOMETRIC_REPRESENTATION_CONTEXT(2) 
PARAMETRIC_REPRESENTATION_CONTEXT() REPRESENTATION_CONTEXT('2D SPACE',''
  ) );
#6794 = PCURVE('',#6795,#6800);
#6795 = CYLINDRICAL_SURFACE('',#6796,0.95);
#6796 = AXIS2_PLACEMENT_3D('',#6797,#6798,#6799);
#6797 = CARTESIAN_POINT('',(-21.15,-31.6844,3.2));
#6798 = DIRECTION('',(0.,0.,1.));
#6799 = DIRECTION('',(1.,0.,-0.));
#6800 = DEFINITIONAL_REPRESENTATION('',(#6801),#6805);
#6801 = LINE('',#6802,#6803);
#6802 = CARTESIAN_POINT('',(0.,0.));
#6803 = VECTOR('',#6804,1.);
#6804 = DIRECTION('',(1.,0.));
#6805 = ( GEOMETRIC_REPRESENTATION_CONTEXT(2) 
PARAMETRIC_REPRESENTATION_CONTEXT() REPRESENTATION_CONTEXT('2D SPACE',''
  ) );
#6806 = FACE_BOUND('',#6807,.T.);
#6807 = EDGE_LOOP('',(#6808));
#6808 = ORIENTED_EDGE('',*,*,#6809,.F.);
#6809 = EDGE_CURVE('',#6810,#6810,#6812,.T.);
#6810 = VERTEX_POINT('',#6811);
#6811 = CARTESIAN_POINT('',(-19.45,-26.6875,3.2));
#6812 = SURFACE_CURVE('',#6813,(#6818,#6825),.PCURVE_S1.);
#6813 = CIRCLE('',#6814,0.95);
#6814 = AXIS2_PLACEMENT_3D('',#6815,#6816,#6817);
#6815 = CARTESIAN_POINT('',(-20.4,-26.6875,3.2));
#6816 = DIRECTION('',(0.,0.,1.));
#6817 = DIRECTION('',(1.,0.,-0.));
#6818 = PCURVE('',#3970,#6819);
#6819 = DEFINITIONAL_REPRESENTATION('',(#6820),#6824);
#6820 = CIRCLE('',#6821,0.95);
#6821 = AXIS2_PLACEMENT_2D('',#6822,#6823);
#6822 = CARTESIAN_POINT('',(-20.4,-26.6875));
#6823 = DIRECTION('',(1.,0.));
#6824 = ( GEOMETRIC_REPRESENTATION_CONTEXT(2) 
PARAMETRIC_REPRESENTATION_CONTEXT() REPRESENTATION_CONTEXT('2D SPACE',''
  ) );
#6825 = PCURVE('',#6826,#6831);
#6826 = CYLINDRICAL_SURFACE('',#6827,0.95);
#6827 = AXIS2_PLACEMENT_3D('',#6828,#6829,#6830);
#6828 = CARTESIAN_POINT('',(-20.4,-26.6875,3.2));
#6829 = DIRECTION('',(0.,0.,1.));
#6830 = DIRECTION('',(1.,0.,-0.));
#6831 = DEFINITIONAL_REPRESENTATION('',(#6832),#6836);
#6832 = LINE('',#6833,#6834);
#6833 = CARTESIAN_POINT('',(0.,0.));
#6834 = VECTOR('',#6835,1.);
#6835 = DIRECTION('',(1.,0.));
#6836 = ( GEOMETRIC_REPRESENTATION_CONTEXT(2) 
PARAMETRIC_REPRESENTATION_CONTEXT() REPRESENTATION_CONTEXT('2D SPACE',''
  ) );
#6837 = ADVANCED_FACE('',(#6838,#7015),#4150,.T.);
#6838 = FACE_BOUND('',#6839,.T.);
#6839 = EDGE_LOOP('',(#6840,#6870,#6898,#6927,#6955,#6977,#6978,#6979,
    #6980,#6981,#6982,#6983,#6984,#6985,#6986,#6987,#6988,#6989,#6990,
    #6991,#6992,#6993));
#6840 = ORIENTED_EDGE('',*,*,#6841,.F.);
#6841 = EDGE_CURVE('',#6842,#6844,#6846,.T.);
#6842 = VERTEX_POINT('',#6843);
#6843 = CARTESIAN_POINT('',(-23.35,-31.01357960675,1.4));
#6844 = VERTEX_POINT('',#6845);
#6845 = CARTESIAN_POINT('',(-23.35,32.15,1.4));
#6846 = SURFACE_CURVE('',#6847,(#6851,#6858),.PCURVE_S1.);
#6847 = LINE('',#6848,#6849);
#6848 = CARTESIAN_POINT('',(-23.35,0.,1.4));
#6849 = VECTOR('',#6850,1.);
#6850 = DIRECTION('',(0.,1.,0.));
#6851 = PCURVE('',#4150,#6852);
#6852 = DEFINITIONAL_REPRESENTATION('',(#6853),#6857);
#6853 = LINE('',#6854,#6855);
#6854 = CARTESIAN_POINT('',(-23.35,-6.2035193142E-16));
#6855 = VECTOR('',#6856,1.);
#6856 = DIRECTION('',(0.,1.));
#6857 = ( GEOMETRIC_REPRESENTATION_CONTEXT(2) 
PARAMETRIC_REPRESENTATION_CONTEXT() REPRESENTATION_CONTEXT('2D SPACE',''
  ) );
#6858 = PCURVE('',#6859,#6864);
#6859 = PLANE('',#6860);
#6860 = AXIS2_PLACEMENT_3D('',#6861,#6862,#6863);
#6861 = CARTESIAN_POINT('',(-23.35,-32.15,1.4));
#6862 = DIRECTION('',(-1.,0.,0.));
#6863 = DIRECTION('',(0.,1.,0.));
#6864 = DEFINITIONAL_REPRESENTATION('',(#6865),#6869);
#6865 = LINE('',#6866,#6867);
#6866 = CARTESIAN_POINT('',(32.15,0.));
#6867 = VECTOR('',#6868,1.);
#6868 = DIRECTION('',(1.,0.));
#6869 = ( GEOMETRIC_REPRESENTATION_CONTEXT(2) 
PARAMETRIC_REPRESENTATION_CONTEXT() REPRESENTATION_CONTEXT('2D SPACE',''
  ) );
#6870 = ORIENTED_EDGE('',*,*,#6871,.T.);
#6871 = EDGE_CURVE('',#6842,#6872,#6874,.T.);
#6872 = VERTEX_POINT('',#6873);
#6873 = CARTESIAN_POINT('',(-23.34155621411,-32.38231214372,1.4));
#6874 = SURFACE_CURVE('',#6875,(#6880,#6891),.PCURVE_S1.);
#6875 = CIRCLE('',#6876,2.3);
#6876 = AXIS2_PLACEMENT_3D('',#6877,#6878,#6879);
#6877 = CARTESIAN_POINT('',(-21.15,-31.6844,1.4));
#6878 = DIRECTION('',(0.,0.,-1.));
#6879 = DIRECTION('',(-0.95652173913,0.291661040543,0.));
#6880 = PCURVE('',#4150,#6881);
#6881 = DEFINITIONAL_REPRESENTATION('',(#6882),#6890);
#6882 = ( BOUNDED_CURVE() B_SPLINE_CURVE(2,(#6883,#6884,#6885,#6886,
#6887,#6888,#6889),.UNSPECIFIED.,.T.,.F.) B_SPLINE_CURVE_WITH_KNOTS((1,2
    ,2,2,2,1),(-2.094395102393,0.,2.094395102393,4.188790204786,
6.28318530718,8.377580409573),.UNSPECIFIED.) CURVE() 
GEOMETRIC_REPRESENTATION_ITEM() RATIONAL_B_SPLINE_CURVE((1.,0.5,1.,0.5,
1.,0.5,1.)) REPRESENTATION_ITEM('') );
#6883 = CARTESIAN_POINT('',(-23.35,-31.01357960675));
#6884 = CARTESIAN_POINT('',(-22.18810499613,-27.20306783009));
#6885 = CARTESIAN_POINT('',(-19.46905249806,-30.11455430829));
#6886 = CARTESIAN_POINT('',(-16.75,-33.0260407865));
#6887 = CARTESIAN_POINT('',(-20.63094750193,-33.92506608495));
#6888 = CARTESIAN_POINT('',(-24.51189500386,-34.8240913834));
#6889 = CARTESIAN_POINT('',(-23.35,-31.01357960675));
#6890 = ( GEOMETRIC_REPRESENTATION_CONTEXT(2) 
PARAMETRIC_REPRESENTATION_CONTEXT() REPRESENTATION_CONTEXT('2D SPACE',''
  ) );
#6891 = PCURVE('',#6572,#6892);
#6892 = DEFINITIONAL_REPRESENTATION('',(#6893),#6897);
#6893 = LINE('',#6894,#6895);
#6894 = CARTESIAN_POINT('',(9.128815039272,0.));
#6895 = VECTOR('',#6896,1.);
#6896 = DIRECTION('',(-1.,-0.));
#6897 = ( GEOMETRIC_REPRESENTATION_CONTEXT(2) 
PARAMETRIC_REPRESENTATION_CONTEXT() REPRESENTATION_CONTEXT('2D SPACE',''
  ) );
#6898 = ORIENTED_EDGE('',*,*,#6899,.T.);
#6899 = EDGE_CURVE('',#6872,#6900,#6902,.T.);
#6900 = VERTEX_POINT('',#6901);
#6901 = CARTESIAN_POINT('',(-20.15,-35.35,1.4));
#6902 = SURFACE_CURVE('',#6903,(#6908,#6915),.PCURVE_S1.);
#6903 = CIRCLE('',#6904,3.2);
#6904 = AXIS2_PLACEMENT_3D('',#6905,#6906,#6907);
#6905 = CARTESIAN_POINT('',(-20.15,-32.15,1.4));
#6906 = DIRECTION('',(0.,0.,1.));
#6907 = DIRECTION('',(1.,0.,0.));
#6908 = PCURVE('',#4150,#6909);
#6909 = DEFINITIONAL_REPRESENTATION('',(#6910),#6914);
#6910 = CIRCLE('',#6911,3.2);
#6911 = AXIS2_PLACEMENT_2D('',#6912,#6913);
#6912 = CARTESIAN_POINT('',(-20.15,-32.15));
#6913 = DIRECTION('',(1.,0.));
#6914 = ( GEOMETRIC_REPRESENTATION_CONTEXT(2) 
PARAMETRIC_REPRESENTATION_CONTEXT() REPRESENTATION_CONTEXT('2D SPACE',''
  ) );
#6915 = PCURVE('',#6916,#6921);
#6916 = CYLINDRICAL_SURFACE('',#6917,3.2);
#6917 = AXIS2_PLACEMENT_3D('',#6918,#6919,#6920);
#6918 = CARTESIAN_POINT('',(-20.15,-32.15,1.4));
#6919 = DIRECTION('',(-0.,-0.,-1.));
#6920 = DIRECTION('',(1.,0.,0.));
#6921 = DEFINITIONAL_REPRESENTATION('',(#6922),#6926);
#6922 = LINE('',#6923,#6924);
#6923 = CARTESIAN_POINT('',(-0.,0.));
#6924 = VECTOR('',#6925,1.);
#6925 = DIRECTION('',(-1.,0.));
#6926 = ( GEOMETRIC_REPRESENTATION_CONTEXT(2) 
PARAMETRIC_REPRESENTATION_CONTEXT() REPRESENTATION_CONTEXT('2D SPACE',''
  ) );
#6927 = ORIENTED_EDGE('',*,*,#6928,.T.);
#6928 = EDGE_CURVE('',#6900,#6929,#6931,.T.);
#6929 = VERTEX_POINT('',#6930);
#6930 = CARTESIAN_POINT('',(20.15,-35.35,1.4));
#6931 = SURFACE_CURVE('',#6932,(#6936,#6943),.PCURVE_S1.);
#6932 = LINE('',#6933,#6934);
#6933 = CARTESIAN_POINT('',(0.,-35.35,1.4));
#6934 = VECTOR('',#6935,1.);
#6935 = DIRECTION('',(1.,0.,0.));
#6936 = PCURVE('',#4150,#6937);
#6937 = DEFINITIONAL_REPRESENTATION('',(#6938),#6942);
#6938 = LINE('',#6939,#6940);
#6939 = CARTESIAN_POINT('',(-1.178668669698E-15,-35.35));
#6940 = VECTOR('',#6941,1.);
#6941 = DIRECTION('',(1.,0.));
#6942 = ( GEOMETRIC_REPRESENTATION_CONTEXT(2) 
PARAMETRIC_REPRESENTATION_CONTEXT() REPRESENTATION_CONTEXT('2D SPACE',''
  ) );
#6943 = PCURVE('',#6944,#6949);
#6944 = PLANE('',#6945);
#6945 = AXIS2_PLACEMENT_3D('',#6946,#6947,#6948);
#6946 = CARTESIAN_POINT('',(-20.15,-35.35,1.4));
#6947 = DIRECTION('',(0.,1.,0.));
#6948 = DIRECTION('',(1.,0.,0.));
#6949 = DEFINITIONAL_REPRESENTATION('',(#6950),#6954);
#6950 = LINE('',#6951,#6952);
#6951 = CARTESIAN_POINT('',(20.15,0.));
#6952 = VECTOR('',#6953,1.);
#6953 = DIRECTION('',(1.,0.));
#6954 = ( GEOMETRIC_REPRESENTATION_CONTEXT(2) 
PARAMETRIC_REPRESENTATION_CONTEXT() REPRESENTATION_CONTEXT('2D SPACE',''
  ) );
#6955 = ORIENTED_EDGE('',*,*,#6956,.T.);
#6956 = EDGE_CURVE('',#6929,#4713,#6957,.T.);
#6957 = SURFACE_CURVE('',#6958,(#6963,#6970),.PCURVE_S1.);
#6958 = CIRCLE('',#6959,3.2);
#6959 = AXIS2_PLACEMENT_3D('',#6960,#6961,#6962);
#6960 = CARTESIAN_POINT('',(20.15,-32.15,1.4));
#6961 = DIRECTION('',(0.,0.,1.));
#6962 = DIRECTION('',(1.,0.,0.));
#6963 = PCURVE('',#4150,#6964);
#6964 = DEFINITIONAL_REPRESENTATION('',(#6965),#6969);
#6965 = CIRCLE('',#6966,3.2);
#6966 = AXIS2_PLACEMENT_2D('',#6967,#6968);
#6967 = CARTESIAN_POINT('',(20.15,-32.15));
#6968 = DIRECTION('',(1.,0.));
#6969 = ( GEOMETRIC_REPRESENTATION_CONTEXT(2) 
PARAMETRIC_REPRESENTATION_CONTEXT() REPRESENTATION_CONTEXT('2D SPACE',''
  ) );
#6970 = PCURVE('',#4751,#6971);
#6971 = DEFINITIONAL_REPRESENTATION('',(#6972),#6976);
#6972 = LINE('',#6973,#6974);
#6973 = CARTESIAN_POINT('',(-0.,0.));
#6974 = VECTOR('',#6975,1.);
#6975 = DIRECTION('',(-1.,0.));
#6976 = ( GEOMETRIC_REPRESENTATION_CONTEXT(2) 
PARAMETRIC_REPRESENTATION_CONTEXT() REPRESENTATION_CONTEXT('2D SPACE',''
  ) );
#6977 = ORIENTED_EDGE('',*,*,#4712,.T.);
#6978 = ORIENTED_EDGE('',*,*,#4489,.T.);
#6979 = ORIENTED_EDGE('',*,*,#6168,.F.);
#6980 = ORIENTED_EDGE('',*,*,#6099,.T.);
#6981 = ORIENTED_EDGE('',*,*,#6028,.F.);
#6982 = ORIENTED_EDGE('',*,*,#5782,.T.);
#6983 = ORIENTED_EDGE('',*,*,#5500,.F.);
#6984 = ORIENTED_EDGE('',*,*,#5737,.F.);
#6985 = ORIENTED_EDGE('',*,*,#5712,.F.);
#6986 = ORIENTED_EDGE('',*,*,#5665,.T.);
#6987 = ORIENTED_EDGE('',*,*,#5618,.T.);
#6988 = ORIENTED_EDGE('',*,*,#5571,.F.);
#6989 = ORIENTED_EDGE('',*,*,#5433,.F.);
#6990 = ORIENTED_EDGE('',*,*,#5187,.T.);
#6991 = ORIENTED_EDGE('',*,*,#5142,.T.);
#6992 = ORIENTED_EDGE('',*,*,#4132,.F.);
#6993 = ORIENTED_EDGE('',*,*,#6994,.T.);
#6994 = EDGE_CURVE('',#4133,#6844,#6995,.T.);
#6995 = SURFACE_CURVE('',#6996,(#7001,#7008),.PCURVE_S1.);
#6996 = CIRCLE('',#6997,3.2);
#6997 = AXIS2_PLACEMENT_3D('',#6998,#6999,#7000);
#6998 = CARTESIAN_POINT('',(-20.15,32.15,1.4));
#6999 = DIRECTION('',(0.,0.,1.));
#7000 = DIRECTION('',(1.,0.,0.));
#7001 = PCURVE('',#4150,#7002);
#7002 = DEFINITIONAL_REPRESENTATION('',(#7003),#7007);
#7003 = CIRCLE('',#7004,3.2);
#7004 = AXIS2_PLACEMENT_2D('',#7005,#7006);
#7005 = CARTESIAN_POINT('',(-20.15,32.15));
#7006 = DIRECTION('',(1.,0.));
#7007 = ( GEOMETRIC_REPRESENTATION_CONTEXT(2) 
PARAMETRIC_REPRESENTATION_CONTEXT() REPRESENTATION_CONTEXT('2D SPACE',''
  ) );
#7008 = PCURVE('',#4178,#7009);
#7009 = DEFINITIONAL_REPRESENTATION('',(#7010),#7014);
#7010 = LINE('',#7011,#7012);
#7011 = CARTESIAN_POINT('',(-0.,0.));
#7012 = VECTOR('',#7013,1.);
#7013 = DIRECTION('',(-1.,0.));
#7014 = ( GEOMETRIC_REPRESENTATION_CONTEXT(2) 
PARAMETRIC_REPRESENTATION_CONTEXT() REPRESENTATION_CONTEXT('2D SPACE',''
  ) );
#7015 = FACE_BOUND('',#7016,.T.);
#7016 = EDGE_LOOP('',(#7017));
#7017 = ORIENTED_EDGE('',*,*,#7018,.F.);
#7018 = EDGE_CURVE('',#7019,#7019,#7021,.T.);
#7019 = VERTEX_POINT('',#7020);
#7020 = CARTESIAN_POINT('',(-18.1,-26.6875,1.4));
#7021 = SURFACE_CURVE('',#7022,(#7027,#7034),.PCURVE_S1.);
#7022 = CIRCLE('',#7023,2.3);
#7023 = AXIS2_PLACEMENT_3D('',#7024,#7025,#7026);
#7024 = CARTESIAN_POINT('',(-20.4,-26.6875,1.4));
#7025 = DIRECTION('',(0.,0.,1.));
#7026 = DIRECTION('',(1.,0.,-0.));
#7027 = PCURVE('',#4150,#7028);
#7028 = DEFINITIONAL_REPRESENTATION('',(#7029),#7033);
#7029 = CIRCLE('',#7030,2.3);
#7030 = AXIS2_PLACEMENT_2D('',#7031,#7032);
#7031 = CARTESIAN_POINT('',(-20.4,-26.6875));
#7032 = DIRECTION('',(1.,0.));
#7033 = ( GEOMETRIC_REPRESENTATION_CONTEXT(2) 
PARAMETRIC_REPRESENTATION_CONTEXT() REPRESENTATION_CONTEXT('2D SPACE',''
  ) );
#7034 = PCURVE('',#6629,#7035);
#7035 = DEFINITIONAL_REPRESENTATION('',(#7036),#7040);
#7036 = LINE('',#7037,#7038);
#7037 = CARTESIAN_POINT('',(0.,0.));
#7038 = VECTOR('',#7039,1.);
#7039 = DIRECTION('',(1.,0.));
#7040 = ( GEOMETRIC_REPRESENTATION_CONTEXT(2) 
PARAMETRIC_REPRESENTATION_CONTEXT() REPRESENTATION_CONTEXT('2D SPACE',''
  ) );
#7041 = ADVANCED_FACE('',(#7042),#4362,.F.);
#7042 = FACE_BOUND('',#7043,.F.);
#7043 = EDGE_LOOP('',(#7044,#7045,#7066,#7094,#7127,#7146));
#7044 = ORIENTED_EDGE('',*,*,#4346,.F.);
#7045 = ORIENTED_EDGE('',*,*,#7046,.F.);
#7046 = EDGE_CURVE('',#7047,#4320,#7049,.T.);
#7047 = VERTEX_POINT('',#7048);
#7048 = CARTESIAN_POINT('',(9.,33.65,2.4));
#7049 = SURFACE_CURVE('',#7050,(#7054,#7060),.PCURVE_S1.);
#7050 = LINE('',#7051,#7052);
#7051 = CARTESIAN_POINT('',(9.,14.25,2.4));
#7052 = VECTOR('',#7053,1.);
#7053 = DIRECTION('',(-0.,1.,0.));
#7054 = PCURVE('',#4362,#7055);
#7055 = DEFINITIONAL_REPRESENTATION('',(#7056),#7059);
#7056 = B_SPLINE_CURVE_WITH_KNOTS('',1,(#7057,#7058),.UNSPECIFIED.,.F.,
  .F.,(2,2),(14.25,21.1),.PIECEWISE_BEZIER_KNOTS.);
#7057 = CARTESIAN_POINT('',(9.,28.5));
#7058 = CARTESIAN_POINT('',(9.,35.35));
#7059 = ( GEOMETRIC_REPRESENTATION_CONTEXT(2) 
PARAMETRIC_REPRESENTATION_CONTEXT() REPRESENTATION_CONTEXT('2D SPACE',''
  ) );
#7060 = PCURVE('',#4335,#7061);
#7061 = DEFINITIONAL_REPRESENTATION('',(#7062),#7065);
#7062 = B_SPLINE_CURVE_WITH_KNOTS('',1,(#7063,#7064),.UNSPECIFIED.,.F.,
  .F.,(2,2),(14.25,21.1),.PIECEWISE_BEZIER_KNOTS.);
#7063 = CARTESIAN_POINT('',(0.5,0.));
#7064 = CARTESIAN_POINT('',(0.5,-6.85));
#7065 = ( GEOMETRIC_REPRESENTATION_CONTEXT(2) 
PARAMETRIC_REPRESENTATION_CONTEXT() REPRESENTATION_CONTEXT('2D SPACE',''
  ) );
#7066 = ORIENTED_EDGE('',*,*,#7067,.T.);
#7067 = EDGE_CURVE('',#7047,#7068,#7070,.T.);
#7068 = VERTEX_POINT('',#7069);
#7069 = CARTESIAN_POINT('',(20.15,33.65,2.4));
#7070 = SURFACE_CURVE('',#7071,(#7075,#7082),.PCURVE_S1.);
#7071 = LINE('',#7072,#7073);
#7072 = CARTESIAN_POINT('',(0.,33.65,2.4));
#7073 = VECTOR('',#7074,1.);
#7074 = DIRECTION('',(1.,0.,0.));
#7075 = PCURVE('',#4362,#7076);
#7076 = DEFINITIONAL_REPRESENTATION('',(#7077),#7081);
#7077 = LINE('',#7078,#7079);
#7078 = CARTESIAN_POINT('',(-1.178668669698E-15,33.65));
#7079 = VECTOR('',#7080,1.);
#7080 = DIRECTION('',(1.,0.));
#7081 = ( GEOMETRIC_REPRESENTATION_CONTEXT(2) 
PARAMETRIC_REPRESENTATION_CONTEXT() REPRESENTATION_CONTEXT('2D SPACE',''
  ) );
#7082 = PCURVE('',#7083,#7088);
#7083 = PLANE('',#7084);
#7084 = AXIS2_PLACEMENT_3D('',#7085,#7086,#7087);
#7085 = CARTESIAN_POINT('',(-20.15,33.65,2.4));
#7086 = DIRECTION('',(0.,1.,0.));
#7087 = DIRECTION('',(1.,0.,0.));
#7088 = DEFINITIONAL_REPRESENTATION('',(#7089),#7093);
#7089 = LINE('',#7090,#7091);
#7090 = CARTESIAN_POINT('',(20.15,0.));
#7091 = VECTOR('',#7092,1.);
#7092 = DIRECTION('',(1.,0.));
#7093 = ( GEOMETRIC_REPRESENTATION_CONTEXT(2) 
PARAMETRIC_REPRESENTATION_CONTEXT() REPRESENTATION_CONTEXT('2D SPACE',''
  ) );
#7094 = ORIENTED_EDGE('',*,*,#7095,.T.);
#7095 = EDGE_CURVE('',#7068,#7096,#7098,.T.);
#7096 = VERTEX_POINT('',#7097);
#7097 = CARTESIAN_POINT('',(20.4,33.629019945775,2.4));
#7098 = SURFACE_CURVE('',#7099,(#7104,#7115),.PCURVE_S1.);
#7099 = CIRCLE('',#7100,1.5);
#7100 = AXIS2_PLACEMENT_3D('',#7101,#7102,#7103);
#7101 = CARTESIAN_POINT('',(20.15,32.15,2.4));
#7102 = DIRECTION('',(0.,0.,-1.));
#7103 = DIRECTION('',(-1.,0.,0.));
#7104 = PCURVE('',#4362,#7105);
#7105 = DEFINITIONAL_REPRESENTATION('',(#7106),#7114);
#7106 = ( BOUNDED_CURVE() B_SPLINE_CURVE(2,(#7107,#7108,#7109,#7110,
#7111,#7112,#7113),.UNSPECIFIED.,.T.,.F.) B_SPLINE_CURVE_WITH_KNOTS((1,2
    ,2,2,2,1),(-2.094395102393,0.,2.094395102393,4.188790204786,
6.28318530718,8.377580409573),.UNSPECIFIED.) CURVE() 
GEOMETRIC_REPRESENTATION_ITEM() RATIONAL_B_SPLINE_CURVE((1.,0.5,1.,0.5,
1.,0.5,1.)) REPRESENTATION_ITEM('') );
#7107 = CARTESIAN_POINT('',(18.65,32.15));
#7108 = CARTESIAN_POINT('',(18.65,34.748076211353));
#7109 = CARTESIAN_POINT('',(20.9,33.449038105677));
#7110 = CARTESIAN_POINT('',(23.15,32.15));
#7111 = CARTESIAN_POINT('',(20.9,30.850961894323));
#7112 = CARTESIAN_POINT('',(18.65,29.551923788647));
#7113 = CARTESIAN_POINT('',(18.65,32.15));
#7114 = ( GEOMETRIC_REPRESENTATION_CONTEXT(2) 
PARAMETRIC_REPRESENTATION_CONTEXT() REPRESENTATION_CONTEXT('2D SPACE',''
  ) );
#7115 = PCURVE('',#7116,#7121);
#7116 = CYLINDRICAL_SURFACE('',#7117,1.5);
#7117 = AXIS2_PLACEMENT_3D('',#7118,#7119,#7120);
#7118 = CARTESIAN_POINT('',(20.15,32.15,2.4));
#7119 = DIRECTION('',(0.,0.,-1.));
#7120 = DIRECTION('',(-1.,0.,0.));
#7121 = DEFINITIONAL_REPRESENTATION('',(#7122),#7126);
#7122 = LINE('',#7123,#7124);
#7123 = CARTESIAN_POINT('',(0.,0.));
#7124 = VECTOR('',#7125,1.);
#7125 = DIRECTION('',(1.,0.));
#7126 = ( GEOMETRIC_REPRESENTATION_CONTEXT(2) 
PARAMETRIC_REPRESENTATION_CONTEXT() REPRESENTATION_CONTEXT('2D SPACE',''
  ) );
#7127 = ORIENTED_EDGE('',*,*,#7128,.T.);
#7128 = EDGE_CURVE('',#7096,#4563,#7129,.T.);
#7129 = SURFACE_CURVE('',#7130,(#7134,#7140),.PCURVE_S1.);
#7130 = LINE('',#7131,#7132);
#7131 = CARTESIAN_POINT('',(20.4,-7.25,2.4));
#7132 = VECTOR('',#7133,1.);
#7133 = DIRECTION('',(-0.,1.,0.));
#7134 = PCURVE('',#4362,#7135);
#7135 = DEFINITIONAL_REPRESENTATION('',(#7136),#7139);
#7136 = B_SPLINE_CURVE_WITH_KNOTS('',1,(#7137,#7138),.UNSPECIFIED.,.F.,
  .F.,(2,2),(-7.25,42.6),.PIECEWISE_BEZIER_KNOTS.);
#7137 = CARTESIAN_POINT('',(20.4,-14.5));
#7138 = CARTESIAN_POINT('',(20.4,35.35));
#7139 = ( GEOMETRIC_REPRESENTATION_CONTEXT(2) 
PARAMETRIC_REPRESENTATION_CONTEXT() REPRESENTATION_CONTEXT('2D SPACE',''
  ) );
#7140 = PCURVE('',#4578,#7141);
#7141 = DEFINITIONAL_REPRESENTATION('',(#7142),#7145);
#7142 = B_SPLINE_CURVE_WITH_KNOTS('',1,(#7143,#7144),.UNSPECIFIED.,.F.,
  .F.,(2,2),(-7.25,42.6),.PIECEWISE_BEZIER_KNOTS.);
#7143 = CARTESIAN_POINT('',(0.5,0.));
#7144 = CARTESIAN_POINT('',(0.5,-49.85));
#7145 = ( GEOMETRIC_REPRESENTATION_CONTEXT(2) 
PARAMETRIC_REPRESENTATION_CONTEXT() REPRESENTATION_CONTEXT('2D SPACE',''
  ) );
#7146 = ORIENTED_EDGE('',*,*,#4589,.T.);
#7147 = ADVANCED_FACE('',(#7148),#4335,.F.);
#7148 = FACE_BOUND('',#7149,.F.);
#7149 = EDGE_LOOP('',(#7150,#7171,#7172,#7173));
#7150 = ORIENTED_EDGE('',*,*,#7151,.T.);
#7151 = EDGE_CURVE('',#7152,#7047,#7154,.T.);
#7152 = VERTEX_POINT('',#7153);
#7153 = CARTESIAN_POINT('',(9.,33.65,3.2));
#7154 = SURFACE_CURVE('',#7155,(#7159,#7165),.PCURVE_S1.);
#7155 = LINE('',#7156,#7157);
#7156 = CARTESIAN_POINT('',(9.,33.65,2.15));
#7157 = VECTOR('',#7158,1.);
#7158 = DIRECTION('',(-0.,0.,-1.));
#7159 = PCURVE('',#4335,#7160);
#7160 = DEFINITIONAL_REPRESENTATION('',(#7161),#7164);
#7161 = B_SPLINE_CURVE_WITH_KNOTS('',1,(#7162,#7163),.UNSPECIFIED.,.F.,
  .F.,(2,2),(-1.05,-0.25),.PIECEWISE_BEZIER_KNOTS.);
#7162 = CARTESIAN_POINT('',(1.3,-5.15));
#7163 = CARTESIAN_POINT('',(0.5,-5.15));
#7164 = ( GEOMETRIC_REPRESENTATION_CONTEXT(2) 
PARAMETRIC_REPRESENTATION_CONTEXT() REPRESENTATION_CONTEXT('2D SPACE',''
  ) );
#7165 = PCURVE('',#7083,#7166);
#7166 = DEFINITIONAL_REPRESENTATION('',(#7167),#7170);
#7167 = B_SPLINE_CURVE_WITH_KNOTS('',1,(#7168,#7169),.UNSPECIFIED.,.F.,
  .F.,(2,2),(-1.05,-0.25),.PIECEWISE_BEZIER_KNOTS.);
#7168 = CARTESIAN_POINT('',(29.15,-0.8));
#7169 = CARTESIAN_POINT('',(29.15,0.));
#7170 = ( GEOMETRIC_REPRESENTATION_CONTEXT(2) 
PARAMETRIC_REPRESENTATION_CONTEXT() REPRESENTATION_CONTEXT('2D SPACE',''
  ) );
#7171 = ORIENTED_EDGE('',*,*,#7046,.T.);
#7172 = ORIENTED_EDGE('',*,*,#4319,.F.);
#7173 = ORIENTED_EDGE('',*,*,#7174,.F.);
#7174 = EDGE_CURVE('',#7152,#4292,#7175,.T.);
#7175 = SURFACE_CURVE('',#7176,(#7180,#7186),.PCURVE_S1.);
#7176 = LINE('',#7177,#7178);
#7177 = CARTESIAN_POINT('',(9.,14.25,3.2));
#7178 = VECTOR('',#7179,1.);
#7179 = DIRECTION('',(-0.,1.,0.));
#7180 = PCURVE('',#4335,#7181);
#7181 = DEFINITIONAL_REPRESENTATION('',(#7182),#7185);
#7182 = B_SPLINE_CURVE_WITH_KNOTS('',1,(#7183,#7184),.UNSPECIFIED.,.F.,
  .F.,(2,2),(14.25,21.1),.PIECEWISE_BEZIER_KNOTS.);
#7183 = CARTESIAN_POINT('',(1.3,0.));
#7184 = CARTESIAN_POINT('',(1.3,-6.85));
#7185 = ( GEOMETRIC_REPRESENTATION_CONTEXT(2) 
PARAMETRIC_REPRESENTATION_CONTEXT() REPRESENTATION_CONTEXT('2D SPACE',''
  ) );
#7186 = PCURVE('',#4307,#7187);
#7187 = DEFINITIONAL_REPRESENTATION('',(#7188),#7191);
#7188 = B_SPLINE_CURVE_WITH_KNOTS('',1,(#7189,#7190),.UNSPECIFIED.,.F.,
  .F.,(2,2),(14.25,21.1),.PIECEWISE_BEZIER_KNOTS.);
#7189 = CARTESIAN_POINT('',(9.,28.5));
#7190 = CARTESIAN_POINT('',(9.,35.35));
#7191 = ( GEOMETRIC_REPRESENTATION_CONTEXT(2) 
PARAMETRIC_REPRESENTATION_CONTEXT() REPRESENTATION_CONTEXT('2D SPACE',''
  ) );
#7192 = ADVANCED_FACE('',(#7193),#4307,.T.);
#7193 = FACE_BOUND('',#7194,.T.);
#7194 = EDGE_LOOP('',(#7195,#7196,#7197,#7220,#7248,#7267));
#7195 = ORIENTED_EDGE('',*,*,#4291,.F.);
#7196 = ORIENTED_EDGE('',*,*,#7174,.F.);
#7197 = ORIENTED_EDGE('',*,*,#7198,.T.);
#7198 = EDGE_CURVE('',#7152,#7199,#7201,.T.);
#7199 = VERTEX_POINT('',#7200);
#7200 = CARTESIAN_POINT('',(20.15,33.65,3.2));
#7201 = SURFACE_CURVE('',#7202,(#7206,#7213),.PCURVE_S1.);
#7202 = LINE('',#7203,#7204);
#7203 = CARTESIAN_POINT('',(0.,33.65,3.2));
#7204 = VECTOR('',#7205,1.);
#7205 = DIRECTION('',(1.,0.,0.));
#7206 = PCURVE('',#4307,#7207);
#7207 = DEFINITIONAL_REPRESENTATION('',(#7208),#7212);
#7208 = LINE('',#7209,#7210);
#7209 = CARTESIAN_POINT('',(-1.178668669698E-15,33.65));
#7210 = VECTOR('',#7211,1.);
#7211 = DIRECTION('',(1.,0.));
#7212 = ( GEOMETRIC_REPRESENTATION_CONTEXT(2) 
PARAMETRIC_REPRESENTATION_CONTEXT() REPRESENTATION_CONTEXT('2D SPACE',''
  ) );
#7213 = PCURVE('',#7083,#7214);
#7214 = DEFINITIONAL_REPRESENTATION('',(#7215),#7219);
#7215 = LINE('',#7216,#7217);
#7216 = CARTESIAN_POINT('',(20.15,-0.8));
#7217 = VECTOR('',#7218,1.);
#7218 = DIRECTION('',(1.,0.));
#7219 = ( GEOMETRIC_REPRESENTATION_CONTEXT(2) 
PARAMETRIC_REPRESENTATION_CONTEXT() REPRESENTATION_CONTEXT('2D SPACE',''
  ) );
#7220 = ORIENTED_EDGE('',*,*,#7221,.T.);
#7221 = EDGE_CURVE('',#7199,#7222,#7224,.T.);
#7222 = VERTEX_POINT('',#7223);
#7223 = CARTESIAN_POINT('',(20.4,33.629019945775,3.2));
#7224 = SURFACE_CURVE('',#7225,(#7230,#7241),.PCURVE_S1.);
#7225 = CIRCLE('',#7226,1.5);
#7226 = AXIS2_PLACEMENT_3D('',#7227,#7228,#7229);
#7227 = CARTESIAN_POINT('',(20.15,32.15,3.2));
#7228 = DIRECTION('',(0.,0.,-1.));
#7229 = DIRECTION('',(-1.,0.,0.));
#7230 = PCURVE('',#4307,#7231);
#7231 = DEFINITIONAL_REPRESENTATION('',(#7232),#7240);
#7232 = ( BOUNDED_CURVE() B_SPLINE_CURVE(2,(#7233,#7234,#7235,#7236,
#7237,#7238,#7239),.UNSPECIFIED.,.T.,.F.) B_SPLINE_CURVE_WITH_KNOTS((1,2
    ,2,2,2,1),(-2.094395102393,0.,2.094395102393,4.188790204786,
6.28318530718,8.377580409573),.UNSPECIFIED.) CURVE() 
GEOMETRIC_REPRESENTATION_ITEM() RATIONAL_B_SPLINE_CURVE((1.,0.5,1.,0.5,
1.,0.5,1.)) REPRESENTATION_ITEM('') );
#7233 = CARTESIAN_POINT('',(18.65,32.15));
#7234 = CARTESIAN_POINT('',(18.65,34.748076211353));
#7235 = CARTESIAN_POINT('',(20.9,33.449038105677));
#7236 = CARTESIAN_POINT('',(23.15,32.15));
#7237 = CARTESIAN_POINT('',(20.9,30.850961894323));
#7238 = CARTESIAN_POINT('',(18.65,29.551923788647));
#7239 = CARTESIAN_POINT('',(18.65,32.15));
#7240 = ( GEOMETRIC_REPRESENTATION_CONTEXT(2) 
PARAMETRIC_REPRESENTATION_CONTEXT() REPRESENTATION_CONTEXT('2D SPACE',''
  ) );
#7241 = PCURVE('',#7116,#7242);
#7242 = DEFINITIONAL_REPRESENTATION('',(#7243),#7247);
#7243 = LINE('',#7244,#7245);
#7244 = CARTESIAN_POINT('',(0.,-0.8));
#7245 = VECTOR('',#7246,1.);
#7246 = DIRECTION('',(1.,0.));
#7247 = ( GEOMETRIC_REPRESENTATION_CONTEXT(2) 
PARAMETRIC_REPRESENTATION_CONTEXT() REPRESENTATION_CONTEXT('2D SPACE',''
  ) );
#7248 = ORIENTED_EDGE('',*,*,#7249,.T.);
#7249 = EDGE_CURVE('',#7222,#4539,#7250,.T.);
#7250 = SURFACE_CURVE('',#7251,(#7255,#7261),.PCURVE_S1.);
#7251 = LINE('',#7252,#7253);
#7252 = CARTESIAN_POINT('',(20.4,-7.25,3.2));
#7253 = VECTOR('',#7254,1.);
#7254 = DIRECTION('',(-0.,1.,0.));
#7255 = PCURVE('',#4307,#7256);
#7256 = DEFINITIONAL_REPRESENTATION('',(#7257),#7260);
#7257 = B_SPLINE_CURVE_WITH_KNOTS('',1,(#7258,#7259),.UNSPECIFIED.,.F.,
  .F.,(2,2),(-7.25,42.6),.PIECEWISE_BEZIER_KNOTS.);
#7258 = CARTESIAN_POINT('',(20.4,-14.5));
#7259 = CARTESIAN_POINT('',(20.4,35.35));
#7260 = ( GEOMETRIC_REPRESENTATION_CONTEXT(2) 
PARAMETRIC_REPRESENTATION_CONTEXT() REPRESENTATION_CONTEXT('2D SPACE',''
  ) );
#7261 = PCURVE('',#4578,#7262);
#7262 = DEFINITIONAL_REPRESENTATION('',(#7263),#7266);
#7263 = B_SPLINE_CURVE_WITH_KNOTS('',1,(#7264,#7265),.UNSPECIFIED.,.F.,
  .F.,(2,2),(-7.25,42.6),.PIECEWISE_BEZIER_KNOTS.);
#7264 = CARTESIAN_POINT('',(1.3,0.));
#7265 = CARTESIAN_POINT('',(1.3,-49.85));
#7266 = ( GEOMETRIC_REPRESENTATION_CONTEXT(2) 
PARAMETRIC_REPRESENTATION_CONTEXT() REPRESENTATION_CONTEXT('2D SPACE',''
  ) );
#7267 = ORIENTED_EDGE('',*,*,#4538,.T.);
#7268 = ADVANCED_FACE('',(#7269),#4234,.T.);
#7269 = FACE_BOUND('',#7270,.T.);
#7270 = EDGE_LOOP('',(#7271,#7292,#7311,#7312));
#7271 = ORIENTED_EDGE('',*,*,#7272,.T.);
#7272 = EDGE_CURVE('',#6727,#7273,#7275,.T.);
#7273 = VERTEX_POINT('',#7274);
#7274 = CARTESIAN_POINT('',(-19.,33.65,2.4));
#7275 = SURFACE_CURVE('',#7276,(#7280,#7286),.PCURVE_S1.);
#7276 = LINE('',#7277,#7278);
#7277 = CARTESIAN_POINT('',(-19.,33.65,2.15));
#7278 = VECTOR('',#7279,1.);
#7279 = DIRECTION('',(-0.,0.,-1.));
#7280 = PCURVE('',#4234,#7281);
#7281 = DEFINITIONAL_REPRESENTATION('',(#7282),#7285);
#7282 = B_SPLINE_CURVE_WITH_KNOTS('',1,(#7283,#7284),.UNSPECIFIED.,.F.,
  .F.,(2,2),(-1.05,-0.25),.PIECEWISE_BEZIER_KNOTS.);
#7283 = CARTESIAN_POINT('',(1.3,-5.15));
#7284 = CARTESIAN_POINT('',(0.5,-5.15));
#7285 = ( GEOMETRIC_REPRESENTATION_CONTEXT(2) 
PARAMETRIC_REPRESENTATION_CONTEXT() REPRESENTATION_CONTEXT('2D SPACE',''
  ) );
#7286 = PCURVE('',#6742,#7287);
#7287 = DEFINITIONAL_REPRESENTATION('',(#7288),#7291);
#7288 = B_SPLINE_CURVE_WITH_KNOTS('',1,(#7289,#7290),.UNSPECIFIED.,.F.,
  .F.,(2,2),(-1.05,-0.25),.PIECEWISE_BEZIER_KNOTS.);
#7289 = CARTESIAN_POINT('',(1.15,-0.8));
#7290 = CARTESIAN_POINT('',(1.15,0.));
#7291 = ( GEOMETRIC_REPRESENTATION_CONTEXT(2) 
PARAMETRIC_REPRESENTATION_CONTEXT() REPRESENTATION_CONTEXT('2D SPACE',''
  ) );
#7292 = ORIENTED_EDGE('',*,*,#7293,.T.);
#7293 = EDGE_CURVE('',#7273,#4191,#7294,.T.);
#7294 = SURFACE_CURVE('',#7295,(#7299,#7305),.PCURVE_S1.);
#7295 = LINE('',#7296,#7297);
#7296 = CARTESIAN_POINT('',(-19.,14.25,2.4));
#7297 = VECTOR('',#7298,1.);
#7298 = DIRECTION('',(-0.,1.,0.));
#7299 = PCURVE('',#4234,#7300);
#7300 = DEFINITIONAL_REPRESENTATION('',(#7301),#7304);
#7301 = B_SPLINE_CURVE_WITH_KNOTS('',1,(#7302,#7303),.UNSPECIFIED.,.F.,
  .F.,(2,2),(14.25,21.1),.PIECEWISE_BEZIER_KNOTS.);
#7302 = CARTESIAN_POINT('',(0.5,0.));
#7303 = CARTESIAN_POINT('',(0.5,-6.85));
#7304 = ( GEOMETRIC_REPRESENTATION_CONTEXT(2) 
PARAMETRIC_REPRESENTATION_CONTEXT() REPRESENTATION_CONTEXT('2D SPACE',''
  ) );
#7305 = PCURVE('',#4206,#7306);
#7306 = DEFINITIONAL_REPRESENTATION('',(#7307),#7310);
#7307 = B_SPLINE_CURVE_WITH_KNOTS('',1,(#7308,#7309),.UNSPECIFIED.,.F.,
  .F.,(2,2),(14.25,21.1),.PIECEWISE_BEZIER_KNOTS.);
#7308 = CARTESIAN_POINT('',(-19.,28.5));
#7309 = CARTESIAN_POINT('',(-19.,35.35));
#7310 = ( GEOMETRIC_REPRESENTATION_CONTEXT(2) 
PARAMETRIC_REPRESENTATION_CONTEXT() REPRESENTATION_CONTEXT('2D SPACE',''
  ) );
#7311 = ORIENTED_EDGE('',*,*,#4218,.F.);
#7312 = ORIENTED_EDGE('',*,*,#6754,.F.);
#7313 = ADVANCED_FACE('',(#7314),#4206,.F.);
#7314 = FACE_BOUND('',#7315,.F.);
#7315 = EDGE_LOOP('',(#7316,#7341,#7364,#7387,#7411,#7434,#7462,#7483,
    #7484,#7485));
#7316 = ORIENTED_EDGE('',*,*,#7317,.F.);
#7317 = EDGE_CURVE('',#7318,#7320,#7322,.T.);
#7318 = VERTEX_POINT('',#7319);
#7319 = CARTESIAN_POINT('',(-23.35,-31.01357960675,2.4));
#7320 = VERTEX_POINT('',#7321);
#7321 = CARTESIAN_POINT('',(-23.35,32.15,2.4));
#7322 = SURFACE_CURVE('',#7323,(#7327,#7334),.PCURVE_S1.);
#7323 = LINE('',#7324,#7325);
#7324 = CARTESIAN_POINT('',(-23.35,0.,2.4));
#7325 = VECTOR('',#7326,1.);
#7326 = DIRECTION('',(0.,1.,0.));
#7327 = PCURVE('',#4206,#7328);
#7328 = DEFINITIONAL_REPRESENTATION('',(#7329),#7333);
#7329 = LINE('',#7330,#7331);
#7330 = CARTESIAN_POINT('',(-23.35,-6.2035193142E-16));
#7331 = VECTOR('',#7332,1.);
#7332 = DIRECTION('',(0.,1.));
#7333 = ( GEOMETRIC_REPRESENTATION_CONTEXT(2) 
PARAMETRIC_REPRESENTATION_CONTEXT() REPRESENTATION_CONTEXT('2D SPACE',''
  ) );
#7334 = PCURVE('',#6859,#7335);
#7335 = DEFINITIONAL_REPRESENTATION('',(#7336),#7340);
#7336 = LINE('',#7337,#7338);
#7337 = CARTESIAN_POINT('',(32.15,-1.));
#7338 = VECTOR('',#7339,1.);
#7339 = DIRECTION('',(1.,0.));
#7340 = ( GEOMETRIC_REPRESENTATION_CONTEXT(2) 
PARAMETRIC_REPRESENTATION_CONTEXT() REPRESENTATION_CONTEXT('2D SPACE',''
  ) );
#7341 = ORIENTED_EDGE('',*,*,#7342,.F.);
#7342 = EDGE_CURVE('',#7343,#7318,#7345,.T.);
#7343 = VERTEX_POINT('',#7344);
#7344 = CARTESIAN_POINT('',(-21.65,-29.43940556793,2.4));
#7345 = SURFACE_CURVE('',#7346,(#7351,#7358),.PCURVE_S1.);
#7346 = CIRCLE('',#7347,2.3);
#7347 = AXIS2_PLACEMENT_3D('',#7348,#7349,#7350);
#7348 = CARTESIAN_POINT('',(-21.15,-31.6844,2.4));
#7349 = DIRECTION('',(0.,0.,1.));
#7350 = DIRECTION('',(1.,0.,-0.));
#7351 = PCURVE('',#4206,#7352);
#7352 = DEFINITIONAL_REPRESENTATION('',(#7353),#7357);
#7353 = CIRCLE('',#7354,2.3);
#7354 = AXIS2_PLACEMENT_2D('',#7355,#7356);
#7355 = CARTESIAN_POINT('',(-21.15,-31.6844));
#7356 = DIRECTION('',(1.,0.));
#7357 = ( GEOMETRIC_REPRESENTATION_CONTEXT(2) 
PARAMETRIC_REPRESENTATION_CONTEXT() REPRESENTATION_CONTEXT('2D SPACE',''
  ) );
#7358 = PCURVE('',#6572,#7359);
#7359 = DEFINITIONAL_REPRESENTATION('',(#7360),#7363);
#7360 = B_SPLINE_CURVE_WITH_KNOTS('',1,(#7361,#7362),.UNSPECIFIED.,.F.,
  .F.,(2,2),(1.789937385792,2.845629732092),.PIECEWISE_BEZIER_KNOTS.);
#7361 = CARTESIAN_POINT('',(8.073122692972,1.));
#7362 = CARTESIAN_POINT('',(9.128815039272,1.));
#7363 = ( GEOMETRIC_REPRESENTATION_CONTEXT(2) 
PARAMETRIC_REPRESENTATION_CONTEXT() REPRESENTATION_CONTEXT('2D SPACE',''
  ) );
#7364 = ORIENTED_EDGE('',*,*,#7365,.T.);
#7365 = EDGE_CURVE('',#7343,#7366,#7368,.T.);
#7366 = VERTEX_POINT('',#7367);
#7367 = CARTESIAN_POINT('',(-21.65,-28.61817345763,2.4));
#7368 = SURFACE_CURVE('',#7369,(#7373,#7380),.PCURVE_S1.);
#7369 = LINE('',#7370,#7371);
#7370 = CARTESIAN_POINT('',(-21.65,0.,2.4));
#7371 = VECTOR('',#7372,1.);
#7372 = DIRECTION('',(0.,1.,0.));
#7373 = PCURVE('',#4206,#7374);
#7374 = DEFINITIONAL_REPRESENTATION('',(#7375),#7379);
#7375 = LINE('',#7376,#7377);
#7376 = CARTESIAN_POINT('',(-21.65,-6.2035193142E-16));
#7377 = VECTOR('',#7378,1.);
#7378 = DIRECTION('',(0.,1.));
#7379 = ( GEOMETRIC_REPRESENTATION_CONTEXT(2) 
PARAMETRIC_REPRESENTATION_CONTEXT() REPRESENTATION_CONTEXT('2D SPACE',''
  ) );
#7380 = PCURVE('',#6600,#7381);
#7381 = DEFINITIONAL_REPRESENTATION('',(#7382),#7386);
#7382 = LINE('',#7383,#7384);
#7383 = CARTESIAN_POINT('',(32.15,0.));
#7384 = VECTOR('',#7385,1.);
#7385 = DIRECTION('',(1.,0.));
#7386 = ( GEOMETRIC_REPRESENTATION_CONTEXT(2) 
PARAMETRIC_REPRESENTATION_CONTEXT() REPRESENTATION_CONTEXT('2D SPACE',''
  ) );
#7387 = ORIENTED_EDGE('',*,*,#7388,.F.);
#7388 = EDGE_CURVE('',#7389,#7366,#7391,.T.);
#7389 = VERTEX_POINT('',#7390);
#7390 = CARTESIAN_POINT('',(-21.65,-24.75682654236,2.4));
#7391 = SURFACE_CURVE('',#7392,(#7397,#7404),.PCURVE_S1.);
#7392 = CIRCLE('',#7393,2.3);
#7393 = AXIS2_PLACEMENT_3D('',#7394,#7395,#7396);
#7394 = CARTESIAN_POINT('',(-20.4,-26.6875,2.4));
#7395 = DIRECTION('',(0.,0.,1.));
#7396 = DIRECTION('',(1.,0.,-0.));
#7397 = PCURVE('',#4206,#7398);
#7398 = DEFINITIONAL_REPRESENTATION('',(#7399),#7403);
#7399 = CIRCLE('',#7400,2.3);
#7400 = AXIS2_PLACEMENT_2D('',#7401,#7402);
#7401 = CARTESIAN_POINT('',(-20.4,-26.6875));
#7402 = DIRECTION('',(1.,0.));
#7403 = ( GEOMETRIC_REPRESENTATION_CONTEXT(2) 
PARAMETRIC_REPRESENTATION_CONTEXT() REPRESENTATION_CONTEXT('2D SPACE',''
  ) );
#7404 = PCURVE('',#6629,#7405);
#7405 = DEFINITIONAL_REPRESENTATION('',(#7406),#7410);
#7406 = LINE('',#7407,#7408);
#7407 = CARTESIAN_POINT('',(0.,1.));
#7408 = VECTOR('',#7409,1.);
#7409 = DIRECTION('',(1.,0.));
#7410 = ( GEOMETRIC_REPRESENTATION_CONTEXT(2) 
PARAMETRIC_REPRESENTATION_CONTEXT() REPRESENTATION_CONTEXT('2D SPACE',''
  ) );
#7411 = ORIENTED_EDGE('',*,*,#7412,.T.);
#7412 = EDGE_CURVE('',#7389,#7413,#7415,.T.);
#7413 = VERTEX_POINT('',#7414);
#7414 = CARTESIAN_POINT('',(-21.65,32.15,2.4));
#7415 = SURFACE_CURVE('',#7416,(#7420,#7427),.PCURVE_S1.);
#7416 = LINE('',#7417,#7418);
#7417 = CARTESIAN_POINT('',(-21.65,0.,2.4));
#7418 = VECTOR('',#7419,1.);
#7419 = DIRECTION('',(0.,1.,0.));
#7420 = PCURVE('',#4206,#7421);
#7421 = DEFINITIONAL_REPRESENTATION('',(#7422),#7426);
#7422 = LINE('',#7423,#7424);
#7423 = CARTESIAN_POINT('',(-21.65,-6.2035193142E-16));
#7424 = VECTOR('',#7425,1.);
#7425 = DIRECTION('',(0.,1.));
#7426 = ( GEOMETRIC_REPRESENTATION_CONTEXT(2) 
PARAMETRIC_REPRESENTATION_CONTEXT() REPRESENTATION_CONTEXT('2D SPACE',''
  ) );
#7427 = PCURVE('',#6681,#7428);
#7428 = DEFINITIONAL_REPRESENTATION('',(#7429),#7433);
#7429 = LINE('',#7430,#7431);
#7430 = CARTESIAN_POINT('',(32.15,0.));
#7431 = VECTOR('',#7432,1.);
#7432 = DIRECTION('',(1.,0.));
#7433 = ( GEOMETRIC_REPRESENTATION_CONTEXT(2) 
PARAMETRIC_REPRESENTATION_CONTEXT() REPRESENTATION_CONTEXT('2D SPACE',''
  ) );
#7434 = ORIENTED_EDGE('',*,*,#7435,.T.);
#7435 = EDGE_CURVE('',#7413,#7436,#7438,.T.);
#7436 = VERTEX_POINT('',#7437);
#7437 = CARTESIAN_POINT('',(-20.15,33.65,2.4));
#7438 = SURFACE_CURVE('',#7439,(#7444,#7455),.PCURVE_S1.);
#7439 = CIRCLE('',#7440,1.5);
#7440 = AXIS2_PLACEMENT_3D('',#7441,#7442,#7443);
#7441 = CARTESIAN_POINT('',(-20.15,32.15,2.4));
#7442 = DIRECTION('',(0.,0.,-1.));
#7443 = DIRECTION('',(-1.,0.,0.));
#7444 = PCURVE('',#4206,#7445);
#7445 = DEFINITIONAL_REPRESENTATION('',(#7446),#7454);
#7446 = ( BOUNDED_CURVE() B_SPLINE_CURVE(2,(#7447,#7448,#7449,#7450,
#7451,#7452,#7453),.UNSPECIFIED.,.T.,.F.) B_SPLINE_CURVE_WITH_KNOTS((1,2
    ,2,2,2,1),(-2.094395102393,0.,2.094395102393,4.188790204786,
6.28318530718,8.377580409573),.UNSPECIFIED.) CURVE() 
GEOMETRIC_REPRESENTATION_ITEM() RATIONAL_B_SPLINE_CURVE((1.,0.5,1.,0.5,
1.,0.5,1.)) REPRESENTATION_ITEM('') );
#7447 = CARTESIAN_POINT('',(-21.65,32.15));
#7448 = CARTESIAN_POINT('',(-21.65,34.748076211353));
#7449 = CARTESIAN_POINT('',(-19.4,33.449038105677));
#7450 = CARTESIAN_POINT('',(-17.15,32.15));
#7451 = CARTESIAN_POINT('',(-19.4,30.850961894323));
#7452 = CARTESIAN_POINT('',(-21.65,29.551923788647));
#7453 = CARTESIAN_POINT('',(-21.65,32.15));
#7454 = ( GEOMETRIC_REPRESENTATION_CONTEXT(2) 
PARAMETRIC_REPRESENTATION_CONTEXT() REPRESENTATION_CONTEXT('2D SPACE',''
  ) );
#7455 = PCURVE('',#6714,#7456);
#7456 = DEFINITIONAL_REPRESENTATION('',(#7457),#7461);
#7457 = LINE('',#7458,#7459);
#7458 = CARTESIAN_POINT('',(0.,0.));
#7459 = VECTOR('',#7460,1.);
#7460 = DIRECTION('',(1.,0.));
#7461 = ( GEOMETRIC_REPRESENTATION_CONTEXT(2) 
PARAMETRIC_REPRESENTATION_CONTEXT() REPRESENTATION_CONTEXT('2D SPACE',''
  ) );
#7462 = ORIENTED_EDGE('',*,*,#7463,.T.);
#7463 = EDGE_CURVE('',#7436,#7273,#7464,.T.);
#7464 = SURFACE_CURVE('',#7465,(#7469,#7476),.PCURVE_S1.);
#7465 = LINE('',#7466,#7467);
#7466 = CARTESIAN_POINT('',(0.,33.65,2.4));
#7467 = VECTOR('',#7468,1.);
#7468 = DIRECTION('',(1.,0.,0.));
#7469 = PCURVE('',#4206,#7470);
#7470 = DEFINITIONAL_REPRESENTATION('',(#7471),#7475);
#7471 = LINE('',#7472,#7473);
#7472 = CARTESIAN_POINT('',(-1.178668669698E-15,33.65));
#7473 = VECTOR('',#7474,1.);
#7474 = DIRECTION('',(1.,0.));
#7475 = ( GEOMETRIC_REPRESENTATION_CONTEXT(2) 
PARAMETRIC_REPRESENTATION_CONTEXT() REPRESENTATION_CONTEXT('2D SPACE',''
  ) );
#7476 = PCURVE('',#6742,#7477);
#7477 = DEFINITIONAL_REPRESENTATION('',(#7478),#7482);
#7478 = LINE('',#7479,#7480);
#7479 = CARTESIAN_POINT('',(20.15,0.));
#7480 = VECTOR('',#7481,1.);
#7481 = DIRECTION('',(1.,0.));
#7482 = ( GEOMETRIC_REPRESENTATION_CONTEXT(2) 
PARAMETRIC_REPRESENTATION_CONTEXT() REPRESENTATION_CONTEXT('2D SPACE',''
  ) );
#7483 = ORIENTED_EDGE('',*,*,#7293,.T.);
#7484 = ORIENTED_EDGE('',*,*,#4190,.F.);
#7485 = ORIENTED_EDGE('',*,*,#7486,.T.);
#7486 = EDGE_CURVE('',#4163,#7320,#7487,.T.);
#7487 = SURFACE_CURVE('',#7488,(#7493,#7500),.PCURVE_S1.);
#7488 = CIRCLE('',#7489,3.2);
#7489 = AXIS2_PLACEMENT_3D('',#7490,#7491,#7492);
#7490 = CARTESIAN_POINT('',(-20.15,32.15,2.4));
#7491 = DIRECTION('',(0.,0.,1.));
#7492 = DIRECTION('',(1.,0.,0.));
#7493 = PCURVE('',#4206,#7494);
#7494 = DEFINITIONAL_REPRESENTATION('',(#7495),#7499);
#7495 = CIRCLE('',#7496,3.2);
#7496 = AXIS2_PLACEMENT_2D('',#7497,#7498);
#7497 = CARTESIAN_POINT('',(-20.15,32.15));
#7498 = DIRECTION('',(1.,0.));
#7499 = ( GEOMETRIC_REPRESENTATION_CONTEXT(2) 
PARAMETRIC_REPRESENTATION_CONTEXT() REPRESENTATION_CONTEXT('2D SPACE',''
  ) );
#7500 = PCURVE('',#4178,#7501);
#7501 = DEFINITIONAL_REPRESENTATION('',(#7502),#7506);
#7502 = LINE('',#7503,#7504);
#7503 = CARTESIAN_POINT('',(-0.,-1.));
#7504 = VECTOR('',#7505,1.);
#7505 = DIRECTION('',(-1.,0.));
#7506 = ( GEOMETRIC_REPRESENTATION_CONTEXT(2) 
PARAMETRIC_REPRESENTATION_CONTEXT() REPRESENTATION_CONTEXT('2D SPACE',''
  ) );
#7507 = ADVANCED_FACE('',(#7508),#4178,.F.);
#7508 = FACE_BOUND('',#7509,.T.);
#7509 = EDGE_LOOP('',(#7510,#7511,#7512,#7513));
#7510 = ORIENTED_EDGE('',*,*,#6994,.F.);
#7511 = ORIENTED_EDGE('',*,*,#4162,.T.);
#7512 = ORIENTED_EDGE('',*,*,#7486,.T.);
#7513 = ORIENTED_EDGE('',*,*,#7514,.F.);
#7514 = EDGE_CURVE('',#6844,#7320,#7515,.T.);
#7515 = SURFACE_CURVE('',#7516,(#7520,#7527),.PCURVE_S1.);
#7516 = LINE('',#7517,#7518);
#7517 = CARTESIAN_POINT('',(-23.35,32.15,1.4));
#7518 = VECTOR('',#7519,1.);
#7519 = DIRECTION('',(0.,0.,1.));
#7520 = PCURVE('',#4178,#7521);
#7521 = DEFINITIONAL_REPRESENTATION('',(#7522),#7526);
#7522 = LINE('',#7523,#7524);
#7523 = CARTESIAN_POINT('',(-3.14159265359,0.));
#7524 = VECTOR('',#7525,1.);
#7525 = DIRECTION('',(-0.,-1.));
#7526 = ( GEOMETRIC_REPRESENTATION_CONTEXT(2) 
PARAMETRIC_REPRESENTATION_CONTEXT() REPRESENTATION_CONTEXT('2D SPACE',''
  ) );
#7527 = PCURVE('',#6859,#7528);
#7528 = DEFINITIONAL_REPRESENTATION('',(#7529),#7533);
#7529 = LINE('',#7530,#7531);
#7530 = CARTESIAN_POINT('',(64.3,0.));
#7531 = VECTOR('',#7532,1.);
#7532 = DIRECTION('',(0.,-1.));
#7533 = ( GEOMETRIC_REPRESENTATION_CONTEXT(2) 
PARAMETRIC_REPRESENTATION_CONTEXT() REPRESENTATION_CONTEXT('2D SPACE',''
  ) );
#7534 = ADVANCED_FACE('',(#7535),#4578,.T.);
#7535 = FACE_BOUND('',#7536,.T.);
#7536 = EDGE_LOOP('',(#7537,#7556,#7557,#7558));
#7537 = ORIENTED_EDGE('',*,*,#7538,.T.);
#7538 = EDGE_CURVE('',#7222,#7096,#7539,.T.);
#7539 = SURFACE_CURVE('',#7540,(#7544,#7550),.PCURVE_S1.);
#7540 = LINE('',#7541,#7542);
#7541 = CARTESIAN_POINT('',(20.4,33.629019945775,2.4));
#7542 = VECTOR('',#7543,1.);
#7543 = DIRECTION('',(0.,0.,-1.));
#7544 = PCURVE('',#4578,#7545);
#7545 = DEFINITIONAL_REPRESENTATION('',(#7546),#7549);
#7546 = B_SPLINE_CURVE_WITH_KNOTS('',1,(#7547,#7548),.UNSPECIFIED.,.F.,
  .F.,(2,2),(-0.8000006,5.999999999062E-07),.PIECEWISE_BEZIER_KNOTS.);
#7547 = CARTESIAN_POINT('',(1.3000006,-48.12901994577));
#7548 = CARTESIAN_POINT('',(0.4999994,-48.12901994577));
#7549 = ( GEOMETRIC_REPRESENTATION_CONTEXT(2) 
PARAMETRIC_REPRESENTATION_CONTEXT() REPRESENTATION_CONTEXT('2D SPACE',''
  ) );
#7550 = PCURVE('',#7116,#7551);
#7551 = DEFINITIONAL_REPRESENTATION('',(#7552),#7555);
#7552 = B_SPLINE_CURVE_WITH_KNOTS('',1,(#7553,#7554),.UNSPECIFIED.,.F.,
  .F.,(2,2),(-0.8000006,5.999999999062E-07),.PIECEWISE_BEZIER_KNOTS.);
#7553 = CARTESIAN_POINT('',(1.738244406015,-0.8000006));
#7554 = CARTESIAN_POINT('',(1.738244406015,5.999999999062E-07));
#7555 = ( GEOMETRIC_REPRESENTATION_CONTEXT(2) 
PARAMETRIC_REPRESENTATION_CONTEXT() REPRESENTATION_CONTEXT('2D SPACE',''
  ) );
#7556 = ORIENTED_EDGE('',*,*,#7128,.T.);
#7557 = ORIENTED_EDGE('',*,*,#4562,.F.);
#7558 = ORIENTED_EDGE('',*,*,#7249,.F.);
#7559 = ADVANCED_FACE('',(#7560),#4807,.T.);
#7560 = FACE_BOUND('',#7561,.T.);
#7561 = EDGE_LOOP('',(#7562,#7563,#7584,#7603));
#7562 = ORIENTED_EDGE('',*,*,#4791,.T.);
#7563 = ORIENTED_EDGE('',*,*,#7564,.T.);
#7564 = EDGE_CURVE('',#4764,#7565,#7567,.T.);
#7565 = VERTEX_POINT('',#7566);
#7566 = CARTESIAN_POINT('',(21.65,-14.5,2.4));
#7567 = SURFACE_CURVE('',#7568,(#7572,#7578),.PCURVE_S1.);
#7568 = LINE('',#7569,#7570);
#7569 = CARTESIAN_POINT('',(10.2,-14.5,2.4));
#7570 = VECTOR('',#7571,1.);
#7571 = DIRECTION('',(-1.,-0.,0.));
#7572 = PCURVE('',#4807,#7573);
#7573 = DEFINITIONAL_REPRESENTATION('',(#7574),#7577);
#7574 = B_SPLINE_CURVE_WITH_KNOTS('',1,(#7575,#7576),.UNSPECIFIED.,.F.,
  .F.,(2,2),(-13.15,-10.2),.PIECEWISE_BEZIER_KNOTS.);
#7575 = CARTESIAN_POINT('',(0.5,2.95));
#7576 = CARTESIAN_POINT('',(0.5,0.));
#7577 = ( GEOMETRIC_REPRESENTATION_CONTEXT(2) 
PARAMETRIC_REPRESENTATION_CONTEXT() REPRESENTATION_CONTEXT('2D SPACE',''
  ) );
#7578 = PCURVE('',#4779,#7579);
#7579 = DEFINITIONAL_REPRESENTATION('',(#7580),#7583);
#7580 = B_SPLINE_CURVE_WITH_KNOTS('',1,(#7581,#7582),.UNSPECIFIED.,.F.,
  .F.,(2,2),(-13.15,-10.2),.PIECEWISE_BEZIER_KNOTS.);
#7581 = CARTESIAN_POINT('',(23.35,-14.5));
#7582 = CARTESIAN_POINT('',(20.4,-14.5));
#7583 = ( GEOMETRIC_REPRESENTATION_CONTEXT(2) 
PARAMETRIC_REPRESENTATION_CONTEXT() REPRESENTATION_CONTEXT('2D SPACE',''
  ) );
#7584 = ORIENTED_EDGE('',*,*,#7585,.F.);
#7585 = EDGE_CURVE('',#6445,#7565,#7586,.T.);
#7586 = SURFACE_CURVE('',#7587,(#7591,#7597),.PCURVE_S1.);
#7587 = LINE('',#7588,#7589);
#7588 = CARTESIAN_POINT('',(21.65,-14.5,2.15));
#7589 = VECTOR('',#7590,1.);
#7590 = DIRECTION('',(0.,0.,-1.));
#7591 = PCURVE('',#4807,#7592);
#7592 = DEFINITIONAL_REPRESENTATION('',(#7593),#7596);
#7593 = B_SPLINE_CURVE_WITH_KNOTS('',1,(#7594,#7595),.UNSPECIFIED.,.F.,
  .F.,(2,2),(-1.05,-0.25),.PIECEWISE_BEZIER_KNOTS.);
#7594 = CARTESIAN_POINT('',(1.3,1.25));
#7595 = CARTESIAN_POINT('',(0.5,1.25));
#7596 = ( GEOMETRIC_REPRESENTATION_CONTEXT(2) 
PARAMETRIC_REPRESENTATION_CONTEXT() REPRESENTATION_CONTEXT('2D SPACE',''
  ) );
#7597 = PCURVE('',#6482,#7598);
#7598 = DEFINITIONAL_REPRESENTATION('',(#7599),#7602);
#7599 = B_SPLINE_CURVE_WITH_KNOTS('',1,(#7600,#7601),.UNSPECIFIED.,.F.,
  .F.,(2,2),(-1.05,-0.25),.PIECEWISE_BEZIER_KNOTS.);
#7600 = CARTESIAN_POINT('',(17.65,-0.8));
#7601 = CARTESIAN_POINT('',(17.65,0.));
#7602 = ( GEOMETRIC_REPRESENTATION_CONTEXT(2) 
PARAMETRIC_REPRESENTATION_CONTEXT() REPRESENTATION_CONTEXT('2D SPACE',''
  ) );
#7603 = ORIENTED_EDGE('',*,*,#6444,.F.);
#7604 = ADVANCED_FACE('',(#7605),#4779,.F.);
#7605 = FACE_BOUND('',#7606,.F.);
#7606 = EDGE_LOOP('',(#7607,#7632,#7656,#7679,#7701,#7702,#7703,#7726,
    #7754));
#7607 = ORIENTED_EDGE('',*,*,#7608,.F.);
#7608 = EDGE_CURVE('',#7609,#7611,#7613,.T.);
#7609 = VERTEX_POINT('',#7610);
#7610 = CARTESIAN_POINT('',(-23.34155621411,-32.38231214372,2.4));
#7611 = VERTEX_POINT('',#7612);
#7612 = CARTESIAN_POINT('',(-19.95567314356,-33.65,2.4));
#7613 = SURFACE_CURVE('',#7614,(#7619,#7626),.PCURVE_S1.);
#7614 = CIRCLE('',#7615,2.3);
#7615 = AXIS2_PLACEMENT_3D('',#7616,#7617,#7618);
#7616 = CARTESIAN_POINT('',(-21.15,-31.6844,2.4));
#7617 = DIRECTION('',(0.,0.,1.));
#7618 = DIRECTION('',(1.,0.,-0.));
#7619 = PCURVE('',#4779,#7620);
#7620 = DEFINITIONAL_REPRESENTATION('',(#7621),#7625);
#7621 = CIRCLE('',#7622,2.3);
#7622 = AXIS2_PLACEMENT_2D('',#7623,#7624);
#7623 = CARTESIAN_POINT('',(-21.15,-31.6844));
#7624 = DIRECTION('',(1.,0.));
#7625 = ( GEOMETRIC_REPRESENTATION_CONTEXT(2) 
PARAMETRIC_REPRESENTATION_CONTEXT() REPRESENTATION_CONTEXT('2D SPACE',''
  ) );
#7626 = PCURVE('',#6572,#7627);
#7627 = DEFINITIONAL_REPRESENTATION('',(#7628),#7631);
#7628 = B_SPLINE_CURVE_WITH_KNOTS('',1,(#7629,#7630),.UNSPECIFIED.,.F.,
  .F.,(2,2),(3.44989352796,5.258388498096),.PIECEWISE_BEZIER_KNOTS.);
#7629 = CARTESIAN_POINT('',(3.44989352796,1.));
#7630 = CARTESIAN_POINT('',(5.258388498096,1.));
#7631 = ( GEOMETRIC_REPRESENTATION_CONTEXT(2) 
PARAMETRIC_REPRESENTATION_CONTEXT() REPRESENTATION_CONTEXT('2D SPACE',''
  ) );
#7632 = ORIENTED_EDGE('',*,*,#7633,.T.);
#7633 = EDGE_CURVE('',#7609,#7634,#7636,.T.);
#7634 = VERTEX_POINT('',#7635);
#7635 = CARTESIAN_POINT('',(-20.15,-35.35,2.4));
#7636 = SURFACE_CURVE('',#7637,(#7642,#7649),.PCURVE_S1.);
#7637 = CIRCLE('',#7638,3.2);
#7638 = AXIS2_PLACEMENT_3D('',#7639,#7640,#7641);
#7639 = CARTESIAN_POINT('',(-20.15,-32.15,2.4));
#7640 = DIRECTION('',(0.,0.,1.));
#7641 = DIRECTION('',(1.,0.,0.));
#7642 = PCURVE('',#4779,#7643);
#7643 = DEFINITIONAL_REPRESENTATION('',(#7644),#7648);
#7644 = CIRCLE('',#7645,3.2);
#7645 = AXIS2_PLACEMENT_2D('',#7646,#7647);
#7646 = CARTESIAN_POINT('',(-20.15,-32.15));
#7647 = DIRECTION('',(1.,0.));
#7648 = ( GEOMETRIC_REPRESENTATION_CONTEXT(2) 
PARAMETRIC_REPRESENTATION_CONTEXT() REPRESENTATION_CONTEXT('2D SPACE',''
  ) );
#7649 = PCURVE('',#6916,#7650);
#7650 = DEFINITIONAL_REPRESENTATION('',(#7651),#7655);
#7651 = LINE('',#7652,#7653);
#7652 = CARTESIAN_POINT('',(-0.,-1.));
#7653 = VECTOR('',#7654,1.);
#7654 = DIRECTION('',(-1.,0.));
#7655 = ( GEOMETRIC_REPRESENTATION_CONTEXT(2) 
PARAMETRIC_REPRESENTATION_CONTEXT() REPRESENTATION_CONTEXT('2D SPACE',''
  ) );
#7656 = ORIENTED_EDGE('',*,*,#7657,.T.);
#7657 = EDGE_CURVE('',#7634,#7658,#7660,.T.);
#7658 = VERTEX_POINT('',#7659);
#7659 = CARTESIAN_POINT('',(20.15,-35.35,2.4));
#7660 = SURFACE_CURVE('',#7661,(#7665,#7672),.PCURVE_S1.);
#7661 = LINE('',#7662,#7663);
#7662 = CARTESIAN_POINT('',(0.,-35.35,2.4));
#7663 = VECTOR('',#7664,1.);
#7664 = DIRECTION('',(1.,0.,0.));
#7665 = PCURVE('',#4779,#7666);
#7666 = DEFINITIONAL_REPRESENTATION('',(#7667),#7671);
#7667 = LINE('',#7668,#7669);
#7668 = CARTESIAN_POINT('',(-1.178668669698E-15,-35.35));
#7669 = VECTOR('',#7670,1.);
#7670 = DIRECTION('',(1.,0.));
#7671 = ( GEOMETRIC_REPRESENTATION_CONTEXT(2) 
PARAMETRIC_REPRESENTATION_CONTEXT() REPRESENTATION_CONTEXT('2D SPACE',''
  ) );
#7672 = PCURVE('',#6944,#7673);
#7673 = DEFINITIONAL_REPRESENTATION('',(#7674),#7678);
#7674 = LINE('',#7675,#7676);
#7675 = CARTESIAN_POINT('',(20.15,-1.));
#7676 = VECTOR('',#7677,1.);
#7677 = DIRECTION('',(1.,0.));
#7678 = ( GEOMETRIC_REPRESENTATION_CONTEXT(2) 
PARAMETRIC_REPRESENTATION_CONTEXT() REPRESENTATION_CONTEXT('2D SPACE',''
  ) );
#7679 = ORIENTED_EDGE('',*,*,#7680,.T.);
#7680 = EDGE_CURVE('',#7658,#4736,#7681,.T.);
#7681 = SURFACE_CURVE('',#7682,(#7687,#7694),.PCURVE_S1.);
#7682 = CIRCLE('',#7683,3.2);
#7683 = AXIS2_PLACEMENT_3D('',#7684,#7685,#7686);
#7684 = CARTESIAN_POINT('',(20.15,-32.15,2.4));
#7685 = DIRECTION('',(0.,0.,1.));
#7686 = DIRECTION('',(1.,0.,0.));
#7687 = PCURVE('',#4779,#7688);
#7688 = DEFINITIONAL_REPRESENTATION('',(#7689),#7693);
#7689 = CIRCLE('',#7690,3.2);
#7690 = AXIS2_PLACEMENT_2D('',#7691,#7692);
#7691 = CARTESIAN_POINT('',(20.15,-32.15));
#7692 = DIRECTION('',(1.,0.));
#7693 = ( GEOMETRIC_REPRESENTATION_CONTEXT(2) 
PARAMETRIC_REPRESENTATION_CONTEXT() REPRESENTATION_CONTEXT('2D SPACE',''
  ) );
#7694 = PCURVE('',#4751,#7695);
#7695 = DEFINITIONAL_REPRESENTATION('',(#7696),#7700);
#7696 = LINE('',#7697,#7698);
#7697 = CARTESIAN_POINT('',(-0.,-1.));
#7698 = VECTOR('',#7699,1.);
#7699 = DIRECTION('',(-1.,0.));
#7700 = ( GEOMETRIC_REPRESENTATION_CONTEXT(2) 
PARAMETRIC_REPRESENTATION_CONTEXT() REPRESENTATION_CONTEXT('2D SPACE',''
  ) );
#7701 = ORIENTED_EDGE('',*,*,#4763,.T.);
#7702 = ORIENTED_EDGE('',*,*,#7564,.T.);
#7703 = ORIENTED_EDGE('',*,*,#7704,.F.);
#7704 = EDGE_CURVE('',#7705,#7565,#7707,.T.);
#7705 = VERTEX_POINT('',#7706);
#7706 = CARTESIAN_POINT('',(21.65,-32.15,2.4));
#7707 = SURFACE_CURVE('',#7708,(#7712,#7719),.PCURVE_S1.);
#7708 = LINE('',#7709,#7710);
#7709 = CARTESIAN_POINT('',(21.65,0.,2.4));
#7710 = VECTOR('',#7711,1.);
#7711 = DIRECTION('',(0.,1.,0.));
#7712 = PCURVE('',#4779,#7713);
#7713 = DEFINITIONAL_REPRESENTATION('',(#7714),#7718);
#7714 = LINE('',#7715,#7716);
#7715 = CARTESIAN_POINT('',(21.65,-6.2035193142E-16));
#7716 = VECTOR('',#7717,1.);
#7717 = DIRECTION('',(0.,1.));
#7718 = ( GEOMETRIC_REPRESENTATION_CONTEXT(2) 
PARAMETRIC_REPRESENTATION_CONTEXT() REPRESENTATION_CONTEXT('2D SPACE',''
  ) );
#7719 = PCURVE('',#6482,#7720);
#7720 = DEFINITIONAL_REPRESENTATION('',(#7721),#7725);
#7721 = LINE('',#7722,#7723);
#7722 = CARTESIAN_POINT('',(32.15,0.));
#7723 = VECTOR('',#7724,1.);
#7724 = DIRECTION('',(1.,0.));
#7725 = ( GEOMETRIC_REPRESENTATION_CONTEXT(2) 
PARAMETRIC_REPRESENTATION_CONTEXT() REPRESENTATION_CONTEXT('2D SPACE',''
  ) );
#7726 = ORIENTED_EDGE('',*,*,#7727,.T.);
#7727 = EDGE_CURVE('',#7705,#7728,#7730,.T.);
#7728 = VERTEX_POINT('',#7729);
#7729 = CARTESIAN_POINT('',(20.15,-33.65,2.4));
#7730 = SURFACE_CURVE('',#7731,(#7736,#7747),.PCURVE_S1.);
#7731 = CIRCLE('',#7732,1.5);
#7732 = AXIS2_PLACEMENT_3D('',#7733,#7734,#7735);
#7733 = CARTESIAN_POINT('',(20.15,-32.15,2.4));
#7734 = DIRECTION('',(0.,0.,-1.));
#7735 = DIRECTION('',(-1.,0.,0.));
#7736 = PCURVE('',#4779,#7737);
#7737 = DEFINITIONAL_REPRESENTATION('',(#7738),#7746);
#7738 = ( BOUNDED_CURVE() B_SPLINE_CURVE(2,(#7739,#7740,#7741,#7742,
#7743,#7744,#7745),.UNSPECIFIED.,.T.,.F.) B_SPLINE_CURVE_WITH_KNOTS((1,2
    ,2,2,2,1),(-2.094395102393,0.,2.094395102393,4.188790204786,
6.28318530718,8.377580409573),.UNSPECIFIED.) CURVE() 
GEOMETRIC_REPRESENTATION_ITEM() RATIONAL_B_SPLINE_CURVE((1.,0.5,1.,0.5,
1.,0.5,1.)) REPRESENTATION_ITEM('') );
#7739 = CARTESIAN_POINT('',(18.65,-32.15));
#7740 = CARTESIAN_POINT('',(18.65,-29.55192378864));
#7741 = CARTESIAN_POINT('',(20.9,-30.85096189432));
#7742 = CARTESIAN_POINT('',(23.15,-32.15));
#7743 = CARTESIAN_POINT('',(20.9,-33.44903810567));
#7744 = CARTESIAN_POINT('',(18.65,-34.74807621135));
#7745 = CARTESIAN_POINT('',(18.65,-32.15));
#7746 = ( GEOMETRIC_REPRESENTATION_CONTEXT(2) 
PARAMETRIC_REPRESENTATION_CONTEXT() REPRESENTATION_CONTEXT('2D SPACE',''
  ) );
#7747 = PCURVE('',#6515,#7748);
#7748 = DEFINITIONAL_REPRESENTATION('',(#7749),#7753);
#7749 = LINE('',#7750,#7751);
#7750 = CARTESIAN_POINT('',(0.,0.));
#7751 = VECTOR('',#7752,1.);
#7752 = DIRECTION('',(1.,0.));
#7753 = ( GEOMETRIC_REPRESENTATION_CONTEXT(2) 
PARAMETRIC_REPRESENTATION_CONTEXT() REPRESENTATION_CONTEXT('2D SPACE',''
  ) );
#7754 = ORIENTED_EDGE('',*,*,#7755,.F.);
#7755 = EDGE_CURVE('',#7611,#7728,#7756,.T.);
#7756 = SURFACE_CURVE('',#7757,(#7761,#7768),.PCURVE_S1.);
#7757 = LINE('',#7758,#7759);
#7758 = CARTESIAN_POINT('',(0.,-33.65,2.4));
#7759 = VECTOR('',#7760,1.);
#7760 = DIRECTION('',(1.,0.,0.));
#7761 = PCURVE('',#4779,#7762);
#7762 = DEFINITIONAL_REPRESENTATION('',(#7763),#7767);
#7763 = LINE('',#7764,#7765);
#7764 = CARTESIAN_POINT('',(-1.178668669698E-15,-33.65));
#7765 = VECTOR('',#7766,1.);
#7766 = DIRECTION('',(1.,0.));
#7767 = ( GEOMETRIC_REPRESENTATION_CONTEXT(2) 
PARAMETRIC_REPRESENTATION_CONTEXT() REPRESENTATION_CONTEXT('2D SPACE',''
  ) );
#7768 = PCURVE('',#6543,#7769);
#7769 = DEFINITIONAL_REPRESENTATION('',(#7770),#7774);
#7770 = LINE('',#7771,#7772);
#7771 = CARTESIAN_POINT('',(20.15,0.));
#7772 = VECTOR('',#7773,1.);
#7773 = DIRECTION('',(1.,0.));
#7774 = ( GEOMETRIC_REPRESENTATION_CONTEXT(2) 
PARAMETRIC_REPRESENTATION_CONTEXT() REPRESENTATION_CONTEXT('2D SPACE',''
  ) );
#7775 = ADVANCED_FACE('',(#7776),#4751,.F.);
#7776 = FACE_BOUND('',#7777,.T.);
#7777 = EDGE_LOOP('',(#7778,#7779,#7800,#7801));
#7778 = ORIENTED_EDGE('',*,*,#6956,.F.);
#7779 = ORIENTED_EDGE('',*,*,#7780,.T.);
#7780 = EDGE_CURVE('',#6929,#7658,#7781,.T.);
#7781 = SURFACE_CURVE('',#7782,(#7786,#7793),.PCURVE_S1.);
#7782 = LINE('',#7783,#7784);
#7783 = CARTESIAN_POINT('',(20.15,-35.35,1.4));
#7784 = VECTOR('',#7785,1.);
#7785 = DIRECTION('',(0.,0.,1.));
#7786 = PCURVE('',#4751,#7787);
#7787 = DEFINITIONAL_REPRESENTATION('',(#7788),#7792);
#7788 = LINE('',#7789,#7790);
#7789 = CARTESIAN_POINT('',(-4.712388980385,0.));
#7790 = VECTOR('',#7791,1.);
#7791 = DIRECTION('',(-0.,-1.));
#7792 = ( GEOMETRIC_REPRESENTATION_CONTEXT(2) 
PARAMETRIC_REPRESENTATION_CONTEXT() REPRESENTATION_CONTEXT('2D SPACE',''
  ) );
#7793 = PCURVE('',#6944,#7794);
#7794 = DEFINITIONAL_REPRESENTATION('',(#7795),#7799);
#7795 = LINE('',#7796,#7797);
#7796 = CARTESIAN_POINT('',(40.3,0.));
#7797 = VECTOR('',#7798,1.);
#7798 = DIRECTION('',(0.,-1.));
#7799 = ( GEOMETRIC_REPRESENTATION_CONTEXT(2) 
PARAMETRIC_REPRESENTATION_CONTEXT() REPRESENTATION_CONTEXT('2D SPACE',''
  ) );
#7800 = ORIENTED_EDGE('',*,*,#7680,.T.);
#7801 = ORIENTED_EDGE('',*,*,#4735,.F.);
#7802 = ADVANCED_FACE('',(#7803),#4884,.T.);
#7803 = FACE_BOUND('',#7804,.F.);
#7804 = EDGE_LOOP('',(#7805));
#7805 = ORIENTED_EDGE('',*,*,#4869,.F.);
#7806 = ADVANCED_FACE('',(#7807),#4939,.T.);
#7807 = FACE_BOUND('',#7808,.F.);
#7808 = EDGE_LOOP('',(#7809));
#7809 = ORIENTED_EDGE('',*,*,#4924,.F.);
#7810 = ADVANCED_FACE('',(#7811),#5005,.T.);
#7811 = FACE_BOUND('',#7812,.T.);
#7812 = EDGE_LOOP('',(#7813,#7836,#7837,#7860));
#7813 = ORIENTED_EDGE('',*,*,#7814,.F.);
#7814 = EDGE_CURVE('',#4989,#7815,#7817,.T.);
#7815 = VERTEX_POINT('',#7816);
#7816 = CARTESIAN_POINT('',(-25.15,13.5,0.2));
#7817 = SURFACE_CURVE('',#7818,(#7822,#7829),.PCURVE_S1.);
#7818 = LINE('',#7819,#7820);
#7819 = CARTESIAN_POINT('',(-28.75,13.5,0.2));
#7820 = VECTOR('',#7821,1.);
#7821 = DIRECTION('',(1.,0.,-0.));
#7822 = PCURVE('',#5005,#7823);
#7823 = DEFINITIONAL_REPRESENTATION('',(#7824),#7828);
#7824 = LINE('',#7825,#7826);
#7825 = CARTESIAN_POINT('',(0.,27.));
#7826 = VECTOR('',#7827,1.);
#7827 = DIRECTION('',(1.,0.));
#7828 = ( GEOMETRIC_REPRESENTATION_CONTEXT(2) 
PARAMETRIC_REPRESENTATION_CONTEXT() REPRESENTATION_CONTEXT('2D SPACE',''
  ) );
#7829 = PCURVE('',#5081,#7830);
#7830 = DEFINITIONAL_REPRESENTATION('',(#7831),#7835);
#7831 = LINE('',#7832,#7833);
#7832 = CARTESIAN_POINT('',(0.,0.));
#7833 = VECTOR('',#7834,1.);
#7834 = DIRECTION('',(0.,1.));
#7835 = ( GEOMETRIC_REPRESENTATION_CONTEXT(2) 
PARAMETRIC_REPRESENTATION_CONTEXT() REPRESENTATION_CONTEXT('2D SPACE',''
  ) );
#7836 = ORIENTED_EDGE('',*,*,#4988,.T.);
#7837 = ORIENTED_EDGE('',*,*,#7838,.T.);
#7838 = EDGE_CURVE('',#4991,#7839,#7841,.T.);
#7839 = VERTEX_POINT('',#7840);
#7840 = CARTESIAN_POINT('',(-25.15,-13.5,0.2));
#7841 = SURFACE_CURVE('',#7842,(#7846,#7853),.PCURVE_S1.);
#7842 = LINE('',#7843,#7844);
#7843 = CARTESIAN_POINT('',(-28.75,-13.5,0.2));
#7844 = VECTOR('',#7845,1.);
#7845 = DIRECTION('',(1.,0.,-0.));
#7846 = PCURVE('',#5005,#7847);
#7847 = DEFINITIONAL_REPRESENTATION('',(#7848),#7852);
#7848 = LINE('',#7849,#7850);
#7849 = CARTESIAN_POINT('',(0.,0.));
#7850 = VECTOR('',#7851,1.);
#7851 = DIRECTION('',(1.,0.));
#7852 = ( GEOMETRIC_REPRESENTATION_CONTEXT(2) 
PARAMETRIC_REPRESENTATION_CONTEXT() REPRESENTATION_CONTEXT('2D SPACE',''
  ) );
#7853 = PCURVE('',#5031,#7854);
#7854 = DEFINITIONAL_REPRESENTATION('',(#7855),#7859);
#7855 = LINE('',#7856,#7857);
#7856 = CARTESIAN_POINT('',(0.,0.));
#7857 = VECTOR('',#7858,1.);
#7858 = DIRECTION('',(0.,1.));
#7859 = ( GEOMETRIC_REPRESENTATION_CONTEXT(2) 
PARAMETRIC_REPRESENTATION_CONTEXT() REPRESENTATION_CONTEXT('2D SPACE',''
  ) );
#7860 = ORIENTED_EDGE('',*,*,#7861,.T.);
#7861 = EDGE_CURVE('',#7839,#7815,#7862,.T.);
#7862 = SURFACE_CURVE('',#7863,(#7867,#7874),.PCURVE_S1.);
#7863 = LINE('',#7864,#7865);
#7864 = CARTESIAN_POINT('',(-25.15,-13.5,0.2));
#7865 = VECTOR('',#7866,1.);
#7866 = DIRECTION('',(-0.,1.,0.));
#7867 = PCURVE('',#5005,#7868);
#7868 = DEFINITIONAL_REPRESENTATION('',(#7869),#7873);
#7869 = LINE('',#7870,#7871);
#7870 = CARTESIAN_POINT('',(3.6,0.));
#7871 = VECTOR('',#7872,1.);
#7872 = DIRECTION('',(0.,1.));
#7873 = ( GEOMETRIC_REPRESENTATION_CONTEXT(2) 
PARAMETRIC_REPRESENTATION_CONTEXT() REPRESENTATION_CONTEXT('2D SPACE',''
  ) );
#7874 = PCURVE('',#7875,#7880);
#7875 = PLANE('',#7876);
#7876 = AXIS2_PLACEMENT_3D('',#7877,#7878,#7879);
#7877 = CARTESIAN_POINT('',(-25.15,-32.15,-2.723438300723));
#7878 = DIRECTION('',(-1.,0.,0.));
#7879 = DIRECTION('',(0.,1.,0.));
#7880 = DEFINITIONAL_REPRESENTATION('',(#7881),#7885);
#7881 = LINE('',#7882,#7883);
#7882 = CARTESIAN_POINT('',(18.65,-2.923438300723));
#7883 = VECTOR('',#7884,1.);
#7884 = DIRECTION('',(1.,0.));
#7885 = ( GEOMETRIC_REPRESENTATION_CONTEXT(2) 
PARAMETRIC_REPRESENTATION_CONTEXT() REPRESENTATION_CONTEXT('2D SPACE',''
  ) );
#7886 = ADVANCED_FACE('',(#7887),#5081,.F.);
#7887 = FACE_BOUND('',#7888,.F.);
#7888 = EDGE_LOOP('',(#7889,#7890,#7891,#7914));
#7889 = ORIENTED_EDGE('',*,*,#7814,.F.);
#7890 = ORIENTED_EDGE('',*,*,#5068,.T.);
#7891 = ORIENTED_EDGE('',*,*,#7892,.T.);
#7892 = EDGE_CURVE('',#5043,#7893,#7895,.T.);
#7893 = VERTEX_POINT('',#7894);
#7894 = CARTESIAN_POINT('',(-25.15,13.5,3.6));
#7895 = SURFACE_CURVE('',#7896,(#7900,#7907),.PCURVE_S1.);
#7896 = LINE('',#7897,#7898);
#7897 = CARTESIAN_POINT('',(-28.75,13.5,3.6));
#7898 = VECTOR('',#7899,1.);
#7899 = DIRECTION('',(1.,0.,-0.));
#7900 = PCURVE('',#5081,#7901);
#7901 = DEFINITIONAL_REPRESENTATION('',(#7902),#7906);
#7902 = LINE('',#7903,#7904);
#7903 = CARTESIAN_POINT('',(3.4,0.));
#7904 = VECTOR('',#7905,1.);
#7905 = DIRECTION('',(0.,1.));
#7906 = ( GEOMETRIC_REPRESENTATION_CONTEXT(2) 
PARAMETRIC_REPRESENTATION_CONTEXT() REPRESENTATION_CONTEXT('2D SPACE',''
  ) );
#7907 = PCURVE('',#5057,#7908);
#7908 = DEFINITIONAL_REPRESENTATION('',(#7909),#7913);
#7909 = LINE('',#7910,#7911);
#7910 = CARTESIAN_POINT('',(0.,27.));
#7911 = VECTOR('',#7912,1.);
#7912 = DIRECTION('',(1.,0.));
#7913 = ( GEOMETRIC_REPRESENTATION_CONTEXT(2) 
PARAMETRIC_REPRESENTATION_CONTEXT() REPRESENTATION_CONTEXT('2D SPACE',''
  ) );
#7914 = ORIENTED_EDGE('',*,*,#7915,.F.);
#7915 = EDGE_CURVE('',#7815,#7893,#7916,.T.);
#7916 = SURFACE_CURVE('',#7917,(#7921,#7928),.PCURVE_S1.);
#7917 = LINE('',#7918,#7919);
#7918 = CARTESIAN_POINT('',(-25.15,13.5,0.2));
#7919 = VECTOR('',#7920,1.);
#7920 = DIRECTION('',(0.,0.,1.));
#7921 = PCURVE('',#5081,#7922);
#7922 = DEFINITIONAL_REPRESENTATION('',(#7923),#7927);
#7923 = LINE('',#7924,#7925);
#7924 = CARTESIAN_POINT('',(0.,3.6));
#7925 = VECTOR('',#7926,1.);
#7926 = DIRECTION('',(1.,0.));
#7927 = ( GEOMETRIC_REPRESENTATION_CONTEXT(2) 
PARAMETRIC_REPRESENTATION_CONTEXT() REPRESENTATION_CONTEXT('2D SPACE',''
  ) );
#7928 = PCURVE('',#7875,#7929);
#7929 = DEFINITIONAL_REPRESENTATION('',(#7930),#7934);
#7930 = LINE('',#7931,#7932);
#7931 = CARTESIAN_POINT('',(45.65,-2.923438300723));
#7932 = VECTOR('',#7933,1.);
#7933 = DIRECTION('',(0.,-1.));
#7934 = ( GEOMETRIC_REPRESENTATION_CONTEXT(2) 
PARAMETRIC_REPRESENTATION_CONTEXT() REPRESENTATION_CONTEXT('2D SPACE',''
  ) );
#7935 = ADVANCED_FACE('',(#7936),#5057,.F.);
#7936 = FACE_BOUND('',#7937,.F.);
#7937 = EDGE_LOOP('',(#7938,#7939,#7940,#7963));
#7938 = ORIENTED_EDGE('',*,*,#7892,.F.);
#7939 = ORIENTED_EDGE('',*,*,#5042,.T.);
#7940 = ORIENTED_EDGE('',*,*,#7941,.T.);
#7941 = EDGE_CURVE('',#5017,#7942,#7944,.T.);
#7942 = VERTEX_POINT('',#7943);
#7943 = CARTESIAN_POINT('',(-25.15,-13.5,3.6));
#7944 = SURFACE_CURVE('',#7945,(#7949,#7956),.PCURVE_S1.);
#7945 = LINE('',#7946,#7947);
#7946 = CARTESIAN_POINT('',(-28.75,-13.5,3.6));
#7947 = VECTOR('',#7948,1.);
#7948 = DIRECTION('',(1.,0.,-0.));
#7949 = PCURVE('',#5057,#7950);
#7950 = DEFINITIONAL_REPRESENTATION('',(#7951),#7955);
#7951 = LINE('',#7952,#7953);
#7952 = CARTESIAN_POINT('',(0.,0.));
#7953 = VECTOR('',#7954,1.);
#7954 = DIRECTION('',(1.,0.));
#7955 = ( GEOMETRIC_REPRESENTATION_CONTEXT(2) 
PARAMETRIC_REPRESENTATION_CONTEXT() REPRESENTATION_CONTEXT('2D SPACE',''
  ) );
#7956 = PCURVE('',#5031,#7957);
#7957 = DEFINITIONAL_REPRESENTATION('',(#7958),#7962);
#7958 = LINE('',#7959,#7960);
#7959 = CARTESIAN_POINT('',(3.4,0.));
#7960 = VECTOR('',#7961,1.);
#7961 = DIRECTION('',(0.,1.));
#7962 = ( GEOMETRIC_REPRESENTATION_CONTEXT(2) 
PARAMETRIC_REPRESENTATION_CONTEXT() REPRESENTATION_CONTEXT('2D SPACE',''
  ) );
#7963 = ORIENTED_EDGE('',*,*,#7964,.T.);
#7964 = EDGE_CURVE('',#7942,#7893,#7965,.T.);
#7965 = SURFACE_CURVE('',#7966,(#7970,#7977),.PCURVE_S1.);
#7966 = LINE('',#7967,#7968);
#7967 = CARTESIAN_POINT('',(-25.15,-13.5,3.6));
#7968 = VECTOR('',#7969,1.);
#7969 = DIRECTION('',(-0.,1.,0.));
#7970 = PCURVE('',#5057,#7971);
#7971 = DEFINITIONAL_REPRESENTATION('',(#7972),#7976);
#7972 = LINE('',#7973,#7974);
#7973 = CARTESIAN_POINT('',(3.6,0.));
#7974 = VECTOR('',#7975,1.);
#7975 = DIRECTION('',(0.,1.));
#7976 = ( GEOMETRIC_REPRESENTATION_CONTEXT(2) 
PARAMETRIC_REPRESENTATION_CONTEXT() REPRESENTATION_CONTEXT('2D SPACE',''
  ) );
#7977 = PCURVE('',#7875,#7978);
#7978 = DEFINITIONAL_REPRESENTATION('',(#7979),#7983);
#7979 = LINE('',#7980,#7981);
#7980 = CARTESIAN_POINT('',(18.65,-6.323438300723));
#7981 = VECTOR('',#7982,1.);
#7982 = DIRECTION('',(1.,0.));
#7983 = ( GEOMETRIC_REPRESENTATION_CONTEXT(2) 
PARAMETRIC_REPRESENTATION_CONTEXT() REPRESENTATION_CONTEXT('2D SPACE',''
  ) );
#7984 = ADVANCED_FACE('',(#7985),#5031,.T.);
#7985 = FACE_BOUND('',#7986,.T.);
#7986 = EDGE_LOOP('',(#7987,#7988,#7989,#7990));
#7987 = ORIENTED_EDGE('',*,*,#7838,.F.);
#7988 = ORIENTED_EDGE('',*,*,#5016,.T.);
#7989 = ORIENTED_EDGE('',*,*,#7941,.T.);
#7990 = ORIENTED_EDGE('',*,*,#7991,.F.);
#7991 = EDGE_CURVE('',#7839,#7942,#7992,.T.);
#7992 = SURFACE_CURVE('',#7993,(#7997,#8004),.PCURVE_S1.);
#7993 = LINE('',#7994,#7995);
#7994 = CARTESIAN_POINT('',(-25.15,-13.5,0.2));
#7995 = VECTOR('',#7996,1.);
#7996 = DIRECTION('',(0.,0.,1.));
#7997 = PCURVE('',#5031,#7998);
#7998 = DEFINITIONAL_REPRESENTATION('',(#7999),#8003);
#7999 = LINE('',#8000,#8001);
#8000 = CARTESIAN_POINT('',(0.,3.6));
#8001 = VECTOR('',#8002,1.);
#8002 = DIRECTION('',(1.,0.));
#8003 = ( GEOMETRIC_REPRESENTATION_CONTEXT(2) 
PARAMETRIC_REPRESENTATION_CONTEXT() REPRESENTATION_CONTEXT('2D SPACE',''
  ) );
#8004 = PCURVE('',#7875,#8005);
#8005 = DEFINITIONAL_REPRESENTATION('',(#8006),#8010);
#8006 = LINE('',#8007,#8008);
#8007 = CARTESIAN_POINT('',(18.65,-2.923438300723));
#8008 = VECTOR('',#8009,1.);
#8009 = DIRECTION('',(0.,-1.));
#8010 = ( GEOMETRIC_REPRESENTATION_CONTEXT(2) 
PARAMETRIC_REPRESENTATION_CONTEXT() REPRESENTATION_CONTEXT('2D SPACE',''
  ) );
#8011 = ADVANCED_FACE('',(#8012,#8015),#5319,.F.);
#8012 = FACE_BOUND('',#8013,.F.);
#8013 = EDGE_LOOP('',(#8014));
#8014 = ORIENTED_EDGE('',*,*,#5209,.T.);
#8015 = FACE_BOUND('',#8016,.F.);
#8016 = EDGE_LOOP('',(#8017));
#8017 = ORIENTED_EDGE('',*,*,#8018,.F.);
#8018 = EDGE_CURVE('',#8019,#8019,#8021,.T.);
#8019 = VERTEX_POINT('',#8020);
#8020 = CARTESIAN_POINT('',(-11.,32.5,-0.804959867963));
#8021 = SURFACE_CURVE('',#8022,(#8067,#8115),.PCURVE_S1.);
#8022 = B_SPLINE_CURVE_WITH_KNOTS('',7,(#8023,#8024,#8025,#8026,#8027,
    #8028,#8029,#8030,#8031,#8032,#8033,#8034,#8035,#8036,#8037,#8038,
    #8039,#8040,#8041,#8042,#8043,#8044,#8045,#8046,#8047,#8048,#8049,
    #8050,#8051,#8052,#8053,#8054,#8055,#8056,#8057,#8058,#8059,#8060,
    #8061,#8062,#8063,#8064,#8065,#8066),.UNSPECIFIED.,.T.,.F.,(8,6,6,6,
    6,6,6,8),(0.,0.153243085877,0.285609291976,0.421736555419,
    0.589330045889,0.714900852195,0.837582252903,1.),.UNSPECIFIED.);
#8023 = CARTESIAN_POINT('',(-11.,32.5,-0.804959867963));
#8024 = CARTESIAN_POINT('',(-11.,32.738599879028,-0.804959867963));
#8025 = CARTESIAN_POINT('',(-11.03320943369,32.977036220235,
    -0.80740839606));
#8026 = CARTESIAN_POINT('',(-11.09954369194,33.212536698479,
    -0.812299002979));
#8027 = CARTESIAN_POINT('',(-11.20009096842,33.442022642849,
    -0.819759445571));
#8028 = CARTESIAN_POINT('',(-11.3365863035,33.661174474546,
    -0.830009155169));
#8029 = CARTESIAN_POINT('',(-11.51114453016,33.863984092566,
    -0.843372142266));
#8030 = CARTESIAN_POINT('',(-11.91000446856,34.193949729978,
    -0.874729924169));
#8031 = CARTESIAN_POINT('',(-12.13118249348,34.33335204676,
    -0.892387744724));
#8032 = CARTESIAN_POINT('',(-12.384273758,34.442899627776,
    -0.913012806435));
#8033 = CARTESIAN_POINT('',(-12.66007699733,34.51131723251,
    -0.936094065169));
#8034 = CARTESIAN_POINT('',(-12.94614590144,34.532530602811,
    -0.960762361509));
#8035 = CARTESIAN_POINT('',(-13.22920617364,34.506021599917,
    -0.985837547835));
#8036 = CARTESIAN_POINT('',(-13.77317326773,34.366354588677,
    -1.035116942178));
#8037 = CARTESIAN_POINT('',(-14.02332851332,34.253298517897,
    -1.058379669704));
#8038 = CARTESIAN_POINT('',(-14.24358895613,34.107923722754,
    -1.079333976835));
#8039 = CARTESIAN_POINT('',(-14.43222964706,33.938410898382,
    -1.097595641085));
#8040 = CARTESIAN_POINT('',(-14.58887991912,33.751849638187,
    -1.112954494945));
#8041 = CARTESIAN_POINT('',(-14.71418482474,33.554441130752,
    -1.125348129603));
#8042 = CARTESIAN_POINT('',(-14.92719139684,33.101779123443,
    -1.146538808316));
#8043 = CARTESIAN_POINT('',(-15.00098215301,32.840562859173,
    -1.153989117919));
#8044 = CARTESIAN_POINT('',(-15.0335312957,32.573852396976,
    -1.157299483399));
#8045 = CARTESIAN_POINT('',(-15.02579451729,32.30557355818,
    -1.156513923787));
#8046 = CARTESIAN_POINT('',(-14.97743355366,32.039755408739,
    -1.151604185292));
#8047 = CARTESIAN_POINT('',(-14.88706704193,31.781062991151,
    -1.142506099933));
#8048 = CARTESIAN_POINT('',(-14.65187282897,31.35324630598,
    -1.119199119163));
#8049 = CARTESIAN_POINT('',(-14.52523790203,31.175845500204,
    -1.106730333514));
#8050 = CARTESIAN_POINT('',(-14.37163276945,31.009040484213,
    -1.091743434986));
#8051 = CARTESIAN_POINT('',(-14.19079815819,30.858116795757,
    -1.074321041614));
#8052 = CARTESIAN_POINT('',(-13.98335977751,30.728917356807,
    -1.054666273633));
#8053 = CARTESIAN_POINT('',(-13.75104064564,30.627962719828,
    -1.033111890358));
#8054 = CARTESIAN_POINT('',(-13.24955568278,30.499203265986,
    -0.987681062813));
#8055 = CARTESIAN_POINT('',(-12.98797440431,30.471468002198,
    -0.964468751176));
#8056 = CARTESIAN_POINT('',(-12.72244998843,30.484583561288,
    -0.941479728955));
#8057 = CARTESIAN_POINT('',(-12.46403026529,30.538722536073,
    -0.91970833025));
#8058 = CARTESIAN_POINT('',(-12.22329588417,30.629502264676,
    -0.899927742116));
#8059 = CARTESIAN_POINT('',(-12.00851123723,30.748222797189,
    -0.882630934614));
#8060 = CARTESIAN_POINT('',(-11.58072391644,31.059028478681,
    -0.848712377804));
#8061 = CARTESIAN_POINT('',(-11.38187908921,31.268926651782,
    -0.83341392201));
#8062 = CARTESIAN_POINT('',(-11.22672164633,31.499233667511,
    -0.821736322849));
#8063 = CARTESIAN_POINT('',(-11.11268820492,31.742229215691,
    -0.813268021136));
#8064 = CARTESIAN_POINT('',(-11.03759699432,31.992439727518,
    -0.807731914588));
#8065 = CARTESIAN_POINT('',(-11.,32.246128054947,-0.804959867963));
#8066 = CARTESIAN_POINT('',(-11.,32.5,-0.804959867963));
#8067 = PCURVE('',#5319,#8068);
#8068 = DEFINITIONAL_REPRESENTATION('',(#8069),#8114);
#8069 = B_SPLINE_CURVE_WITH_KNOTS('',7,(#8070,#8071,#8072,#8073,#8074,
    #8075,#8076,#8077,#8078,#8079,#8080,#8081,#8082,#8083,#8084,#8085,
    #8086,#8087,#8088,#8089,#8090,#8091,#8092,#8093,#8094,#8095,#8096,
    #8097,#8098,#8099,#8100,#8101,#8102,#8103,#8104,#8105,#8106,#8107,
    #8108,#8109,#8110,#8111,#8112,#8113),.UNSPECIFIED.,.T.,.F.,(8,6,6,6,
    6,6,6,8),(0.,0.153243085877,0.285609291976,0.421736555419,
    0.589330045889,0.714900852195,0.837582252903,1.),.UNSPECIFIED.);
#8070 = CARTESIAN_POINT('',(1.64439215732,78.95));
#8071 = CARTESIAN_POINT('',(1.64439215732,78.711400120972));
#8072 = CARTESIAN_POINT('',(1.644614748071,78.472963779765));
#8073 = CARTESIAN_POINT('',(1.645059362362,78.237463301521));
#8074 = CARTESIAN_POINT('',(1.645733317314,78.00797735715));
#8075 = CARTESIAN_POINT('',(1.646648287313,77.788825525454));
#8076 = CARTESIAN_POINT('',(1.647818531965,77.586015907434));
#8077 = CARTESIAN_POINT('',(1.650492934979,77.256050270022));
#8078 = CARTESIAN_POINT('',(1.651976100719,77.11664795324));
#8079 = CARTESIAN_POINT('',(1.653673492026,77.007100372224));
#8080 = CARTESIAN_POINT('',(1.655523531786,76.93868276749));
#8081 = CARTESIAN_POINT('',(1.657442844814,76.91746939719));
#8082 = CARTESIAN_POINT('',(1.659342364883,76.943978400083));
#8083 = CARTESIAN_POINT('',(1.662993399022,77.083645411323));
#8084 = CARTESIAN_POINT('',(1.664672769617,77.196701482103));
#8085 = CARTESIAN_POINT('',(1.666151741874,77.342076277246));
#8086 = CARTESIAN_POINT('',(1.667418602081,77.511589101618));
#8087 = CARTESIAN_POINT('',(1.668470749811,77.698150361813));
#8088 = CARTESIAN_POINT('',(1.669312436367,77.895558869248));
#8089 = CARTESIAN_POINT('',(1.67074330562,78.348220876557));
#8090 = CARTESIAN_POINT('',(1.671239066553,78.609437140827));
#8091 = CARTESIAN_POINT('',(1.671457763623,78.876147603024));
#8092 = CARTESIAN_POINT('',(1.671405781262,79.14442644182));
#8093 = CARTESIAN_POINT('',(1.671080850892,79.410244591261));
#8094 = CARTESIAN_POINT('',(1.67047374365,79.668937008849));
#8095 = CARTESIAN_POINT('',(1.668893889274,80.09675369402));
#8096 = CARTESIAN_POINT('',(1.668043305881,80.274154499796));
#8097 = CARTESIAN_POINT('',(1.667011658732,80.440959515787));
#8098 = CARTESIAN_POINT('',(1.665797275797,80.591883204243));
#8099 = CARTESIAN_POINT('',(1.66440444903,80.721082643193));
#8100 = CARTESIAN_POINT('',(1.662844847832,80.822037280172));
#8101 = CARTESIAN_POINT('',(1.659478948058,80.950796734014));
#8102 = CARTESIAN_POINT('',(1.657723542101,80.978531997802));
#8103 = CARTESIAN_POINT('',(1.655942013102,80.965416438712));
#8104 = CARTESIAN_POINT('',(1.654208496713,80.911277463927));
#8105 = CARTESIAN_POINT('',(1.652593889952,80.820497735324));
#8106 = CARTESIAN_POINT('',(1.651153516844,80.701777202811));
#8107 = CARTESIAN_POINT('',(1.648285001553,80.390971521319));
#8108 = CARTESIAN_POINT('',(1.646951900487,80.181073348218));
#8109 = CARTESIAN_POINT('',(1.645911819657,79.950766332489));
#8110 = CARTESIAN_POINT('',(1.64514746518,79.707770784309));
#8111 = CARTESIAN_POINT('',(1.644644156307,79.457560272482));
#8112 = CARTESIAN_POINT('',(1.64439215732,79.203871945053));
#8113 = CARTESIAN_POINT('',(1.64439215732,78.95));
#8114 = ( GEOMETRIC_REPRESENTATION_CONTEXT(2) 
PARAMETRIC_REPRESENTATION_CONTEXT() REPRESENTATION_CONTEXT('2D SPACE',''
  ) );
#8115 = PCURVE('',#8116,#8121);
#8116 = CYLINDRICAL_SURFACE('',#8117,2.);
#8117 = AXIS2_PLACEMENT_3D('',#8118,#8119,#8120);
#8118 = CARTESIAN_POINT('',(-13.,32.5,-4.123438300723));
#8119 = DIRECTION('',(0.,0.,1.));
#8120 = DIRECTION('',(1.,0.,-0.));
#8121 = DEFINITIONAL_REPRESENTATION('',(#8122),#8167);
#8122 = B_SPLINE_CURVE_WITH_KNOTS('',7,(#8123,#8124,#8125,#8126,#8127,
    #8128,#8129,#8130,#8131,#8132,#8133,#8134,#8135,#8136,#8137,#8138,
    #8139,#8140,#8141,#8142,#8143,#8144,#8145,#8146,#8147,#8148,#8149,
    #8150,#8151,#8152,#8153,#8154,#8155,#8156,#8157,#8158,#8159,#8160,
    #8161,#8162,#8163,#8164,#8165,#8166),.UNSPECIFIED.,.F.,.F.,(8,6,6,6,
    6,6,6,8),(0.,0.153243085877,0.285609291976,0.421736555419,
    0.589330045889,0.714900852195,0.837582252903,1.),.UNSPECIFIED.);
#8123 = CARTESIAN_POINT('',(0.,3.31847843276));
#8124 = CARTESIAN_POINT('',(0.119299939514,3.31847843276));
#8125 = CARTESIAN_POINT('',(0.238517530178,3.316029904663));
#8126 = CARTESIAN_POINT('',(0.359043862085,3.311139297744));
#8127 = CARTESIAN_POINT('',(0.482083248258,3.303678855152));
#8128 = CARTESIAN_POINT('',(0.608884076427,3.293429145554));
#8129 = CARTESIAN_POINT('',(0.74077260608,3.280066158458));
#8130 = CARTESIAN_POINT('',(0.999600044895,3.248708376554));
#8131 = CARTESIAN_POINT('',(1.129241052905,3.231050555999));
#8132 = CARTESIAN_POINT('',(1.264470529374,3.210425494288));
#8133 = CARTESIAN_POINT('',(1.403067422586,3.187344235555));
#8134 = CARTESIAN_POINT('',(1.543308752018,3.162675939214));
#8135 = CARTESIAN_POINT('',(1.683687716523,3.137600752888));
#8136 = CARTESIAN_POINT('',(1.964493286931,3.088321358545));
#8137 = CARTESIAN_POINT('',(2.099700177667,3.065058631019));
#8138 = CARTESIAN_POINT('',(2.229155069652,3.044104323888));
#8139 = CARTESIAN_POINT('',(2.353614987933,3.025842659638));
#8140 = CARTESIAN_POINT('',(2.473672939896,3.010483805778));
#8141 = CARTESIAN_POINT('',(2.589658452063,2.99809017112));
#8142 = CARTESIAN_POINT('',(2.839795760666,2.976899492408));
#8143 = CARTESIAN_POINT('',(2.973683252357,2.969449182804));
#8144 = CARTESIAN_POINT('',(3.105568056163,2.966138817324));
#8145 = CARTESIAN_POINT('',(3.237031614414,2.966924376936));
#8146 = CARTESIAN_POINT('',(3.369587160153,2.971834115431));
#8147 = CARTESIAN_POINT('',(3.504701389492,2.98093220079));
#8148 = CARTESIAN_POINT('',(3.748803537127,3.004239181561));
#8149 = CARTESIAN_POINT('',(3.857035243513,3.016707967209));
#8150 = CARTESIAN_POINT('',(3.96899056177,3.031694865737));
#8151 = CARTESIAN_POINT('',(4.084863053345,3.049117259109));
#8152 = CARTESIAN_POINT('',(4.205053423056,3.068772027091));
#8153 = CARTESIAN_POINT('',(4.330117276739,3.090326410366));
#8154 = CARTESIAN_POINT('',(4.588992809054,3.13575723791));
#8155 = CARTESIAN_POINT('',(4.719122587894,3.158969549547));
#8156 = CARTESIAN_POINT('',(4.849505613173,3.181958571769));
#8157 = CARTESIAN_POINT('',(4.978706066244,3.203729970473));
#8158 = CARTESIAN_POINT('',(5.105164534546,3.223510558607));
#8159 = CARTESIAN_POINT('',(5.22693873795,3.24080736611));
#8160 = CARTESIAN_POINT('',(5.491325842152,3.27472592292));
#8161 = CARTESIAN_POINT('',(5.633449482882,3.290024378714));
#8162 = CARTESIAN_POINT('',(5.769468258047,3.301701977874));
#8163 = CARTESIAN_POINT('',(5.900955500049,3.310170279587));
#8164 = CARTESIAN_POINT('',(6.029406166452,3.315706386135));
#8165 = CARTESIAN_POINT('',(6.156249334653,3.31847843276));
#8166 = CARTESIAN_POINT('',(6.28318530718,3.31847843276));
#8167 = ( GEOMETRIC_REPRESENTATION_CONTEXT(2) 
PARAMETRIC_REPRESENTATION_CONTEXT() REPRESENTATION_CONTEXT('2D SPACE',''
  ) );
#8168 = ADVANCED_FACE('',(#8169),#5416,.T.);
#8169 = FACE_BOUND('',#8170,.T.);
#8170 = EDGE_LOOP('',(#8171));
#8171 = ORIENTED_EDGE('',*,*,#5401,.T.);
#8172 = ADVANCED_FACE('',(#8173,#8176),#5914,.F.);
#8173 = FACE_BOUND('',#8174,.F.);
#8174 = EDGE_LOOP('',(#8175));
#8175 = ORIENTED_EDGE('',*,*,#5804,.T.);
#8176 = FACE_BOUND('',#8177,.F.);
#8177 = EDGE_LOOP('',(#8178));
#8178 = ORIENTED_EDGE('',*,*,#8179,.F.);
#8179 = EDGE_CURVE('',#8180,#8180,#8182,.T.);
#8180 = VERTEX_POINT('',#8181);
#8181 = CARTESIAN_POINT('',(15.,32.5,-1.153904989079));
#8182 = SURFACE_CURVE('',#8183,(#8228,#8276),.PCURVE_S1.);
#8183 = B_SPLINE_CURVE_WITH_KNOTS('',7,(#8184,#8185,#8186,#8187,#8188,
    #8189,#8190,#8191,#8192,#8193,#8194,#8195,#8196,#8197,#8198,#8199,
    #8200,#8201,#8202,#8203,#8204,#8205,#8206,#8207,#8208,#8209,#8210,
    #8211,#8212,#8213,#8214,#8215,#8216,#8217,#8218,#8219,#8220,#8221,
    #8222,#8223,#8224,#8225,#8226,#8227),.UNSPECIFIED.,.T.,.F.,(8,6,6,6,
    6,6,6,8),(0.,0.153309828816,0.285744037643,0.421731386877,
    0.589314729615,0.714752808225,0.837495220514,1.),.UNSPECIFIED.);
#8184 = CARTESIAN_POINT('',(15.,32.5,-1.153904989079));
#8185 = CARTESIAN_POINT('',(15.,32.738697713001,-1.153904989079));
#8186 = CARTESIAN_POINT('',(14.966763323139,32.977237912224,
    -1.150555585213));
#8187 = CARTESIAN_POINT('',(14.900371614451,33.212811824832,
    -1.143864794019));
#8188 = CARTESIAN_POINT('',(14.799759356612,33.442310445458,
    -1.133773171879));
#8189 = CARTESIAN_POINT('',(14.663230044591,33.66140561369,
    -1.120202087942));
#8190 = CARTESIAN_POINT('',(14.488710265448,33.864104216083,
    -1.103111408654));
#8191 = CARTESIAN_POINT('',(14.090106512779,34.193857918226,
    -1.064902251109));
#8192 = CARTESIAN_POINT('',(13.869112493173,34.333160269663,
    -1.043988329924));
#8193 = CARTESIAN_POINT('',(13.616229309448,34.442688410503,
    -1.020476853925));
#8194 = CARTESIAN_POINT('',(13.340577346999,34.511188881433,
    -0.995454419316));
#8195 = CARTESIAN_POINT('',(13.054512226799,34.532545305964,
    -0.970214800582));
#8196 = CARTESIAN_POINT('',(12.771241527818,34.506136550114,
    -0.945888836388));
#8197 = CARTESIAN_POINT('',(12.226791954786,34.366345659338,
    -0.900227448662));
#8198 = CARTESIAN_POINT('',(11.976590093187,34.253265333673,
    -0.879843369375));
#8199 = CARTESIAN_POINT('',(11.756285142452,34.107845990913,
    -0.862365189398));
#8200 = CARTESIAN_POINT('',(11.567625051094,33.938278076541,
    -0.847711676659));
#8201 = CARTESIAN_POINT('',(11.410995068311,33.751680506518,
    -0.835738896049));
#8202 = CARTESIAN_POINT('',(11.285748291753,33.554298996064,
    -0.826272291917));
#8203 = CARTESIAN_POINT('',(11.072777219513,33.101712429801,
    -0.810296920946));
#8204 = CARTESIAN_POINT('',(10.999011835541,32.840494311751,
    -0.80487233543));
#8205 = CARTESIAN_POINT('',(10.966488414556,32.573842876972,
    -0.802504317199));
#8206 = CARTESIAN_POINT('',(10.974217647518,32.3056421349,
    -0.803068361008));
#8207 = CARTESIAN_POINT('',(11.022542011244,32.039870625017,
    -0.80659547556));
#8208 = CARTESIAN_POINT('',(11.112882520128,31.781154737415,
    -0.813264543075));
#8209 = CARTESIAN_POINT('',(11.348064535908,31.353360238829,
    -0.830996433752));
#8210 = CARTESIAN_POINT('',(11.474654873407,31.175974694575,
    -0.840620627965));
#8211 = CARTESIAN_POINT('',(11.628252092609,31.00913508809,
    -0.852434588645));
#8212 = CARTESIAN_POINT('',(11.809111954807,30.858165971943,
    -0.866565510516));
#8213 = CARTESIAN_POINT('',(12.016591798411,30.728934137309,
    -0.883105734329));
#8214 = CARTESIAN_POINT('',(12.248945964508,30.627966157758,
    -0.902085440435));
#8215 = CARTESIAN_POINT('',(12.750843022891,30.499100895768,
    -0.944178073649));
#8216 = CARTESIAN_POINT('',(13.012622714372,30.471441655591,
    -0.966618496697));
#8217 = CARTESIAN_POINT('',(13.278164772982,30.48467806118,
    -0.989954852841));
#8218 = CARTESIAN_POINT('',(13.536469916459,30.538898247569,
    -1.013257577328));
#8219 = CARTESIAN_POINT('',(13.777024413132,30.629678721682,
    -1.035460074345));
#8220 = CARTESIAN_POINT('',(13.991627559085,30.748323638618,
    -1.055619442004));
#8221 = CARTESIAN_POINT('',(14.419101711436,31.058901789924,
    -1.096308472161));
#8222 = CARTESIAN_POINT('',(14.617897159098,31.268670520534,
    -1.115699659366));
#8223 = CARTESIAN_POINT('',(14.773093466964,31.498905629034,
    -1.131099460783));
#8224 = CARTESIAN_POINT('',(14.88720602179,31.741909511651,
    -1.142537914917));
#8225 = CARTESIAN_POINT('',(14.962368750386,31.992202722726,
    -1.15011274917));
#8226 = CARTESIAN_POINT('',(15.,32.246012449218,-1.153904989079));
#8227 = CARTESIAN_POINT('',(15.,32.5,-1.153904989079));
#8228 = PCURVE('',#5914,#8229);
#8229 = DEFINITIONAL_REPRESENTATION('',(#8230),#8275);
#8230 = B_SPLINE_CURVE_WITH_KNOTS('',7,(#8231,#8232,#8233,#8234,#8235,
    #8236,#8237,#8238,#8239,#8240,#8241,#8242,#8243,#8244,#8245,#8246,
    #8247,#8248,#8249,#8250,#8251,#8252,#8253,#8254,#8255,#8256,#8257,
    #8258,#8259,#8260,#8261,#8262,#8263,#8264,#8265,#8266,#8267,#8268,
    #8269,#8270,#8271,#8272,#8273,#8274),.UNSPECIFIED.,.T.,.F.,(8,6,6,6,
    6,6,6,8),(0.,0.153309828816,0.285744037643,0.421731386877,
    0.589314729615,0.714752808225,0.837495220514,1.),.UNSPECIFIED.);
#8231 = CARTESIAN_POINT('',(1.470360175313,78.95));
#8232 = CARTESIAN_POINT('',(1.470360175313,78.711302286999));
#8233 = CARTESIAN_POINT('',(1.470583470885,78.472762087777));
#8234 = CARTESIAN_POINT('',(1.471029513649,78.237188175168));
#8235 = CARTESIAN_POINT('',(1.471705429991,78.007689554542));
#8236 = CARTESIAN_POINT('',(1.472622555797,77.78859438631));
#8237 = CARTESIAN_POINT('',(1.473794709912,77.585895783917));
#8238 = CARTESIAN_POINT('',(1.476471386932,77.256142081774));
#8239 = CARTESIAN_POINT('',(1.477955218786,77.116839730337));
#8240 = CARTESIAN_POINT('',(1.47965290111,77.007311589497));
#8241 = CARTESIAN_POINT('',(1.481503061095,76.938811118567));
#8242 = CARTESIAN_POINT('',(1.483422680796,76.917454694036));
#8243 = CARTESIAN_POINT('',(1.485323166913,76.943863449886));
#8244 = CARTESIAN_POINT('',(1.488975312375,77.083654340662));
#8245 = CARTESIAN_POINT('',(1.490653321242,77.196734666327));
#8246 = CARTESIAN_POINT('',(1.492130570631,77.342154009087));
#8247 = CARTESIAN_POINT('',(1.493395464015,77.511721923459));
#8248 = CARTESIAN_POINT('',(1.49444550955,77.698319493482));
#8249 = CARTESIAN_POINT('',(1.495285108537,77.895701003936));
#8250 = CARTESIAN_POINT('',(1.496712711501,78.348287570199));
#8251 = CARTESIAN_POINT('',(1.497207126572,78.609505688249));
#8252 = CARTESIAN_POINT('',(1.497425104835,78.876157123028));
#8253 = CARTESIAN_POINT('',(1.497373301425,79.144357865099));
#8254 = CARTESIAN_POINT('',(1.4970494181,79.410129374983));
#8255 = CARTESIAN_POINT('',(1.496443895208,79.668845262585));
#8256 = CARTESIAN_POINT('',(1.494867360921,80.096639761171));
#8257 = CARTESIAN_POINT('',(1.494018727016,80.274025305425));
#8258 = CARTESIAN_POINT('',(1.492988975808,80.44086491191));
#8259 = CARTESIAN_POINT('',(1.491776336762,80.591834028057));
#8260 = CARTESIAN_POINT('',(1.490385043098,80.721065862692));
#8261 = CARTESIAN_POINT('',(1.488826704184,80.822033842242));
#8262 = CARTESIAN_POINT('',(1.485459999249,80.950899104232));
#8263 = CARTESIAN_POINT('',(1.483703720408,80.978558344409));
#8264 = CARTESIAN_POINT('',(1.481921872165,80.96532193882));
#8265 = CARTESIAN_POINT('',(1.480188229257,80.91110175243));
#8266 = CARTESIAN_POINT('',(1.478573413537,80.820321278318));
#8267 = CARTESIAN_POINT('',(1.477132586252,80.701676361382));
#8268 = CARTESIAN_POINT('',(1.474262223459,80.391098210076));
#8269 = CARTESIAN_POINT('',(1.4729270737,80.181329479466));
#8270 = CARTESIAN_POINT('',(1.471884571674,79.951094370966));
#8271 = CARTESIAN_POINT('',(1.471117964761,79.708090488349));
#8272 = CARTESIAN_POINT('',(1.470612995141,79.457797277274));
#8273 = CARTESIAN_POINT('',(1.470360175313,79.203987550782));
#8274 = CARTESIAN_POINT('',(1.470360175313,78.95));
#8275 = ( GEOMETRIC_REPRESENTATION_CONTEXT(2) 
PARAMETRIC_REPRESENTATION_CONTEXT() REPRESENTATION_CONTEXT('2D SPACE',''
  ) );
#8276 = PCURVE('',#8277,#8282);
#8277 = CYLINDRICAL_SURFACE('',#8278,2.);
#8278 = AXIS2_PLACEMENT_3D('',#8279,#8280,#8281);
#8279 = CARTESIAN_POINT('',(13.,32.5,-4.123438300723));
#8280 = DIRECTION('',(0.,0.,1.));
#8281 = DIRECTION('',(1.,0.,-0.));
#8282 = DEFINITIONAL_REPRESENTATION('',(#8283),#8328);
#8283 = B_SPLINE_CURVE_WITH_KNOTS('',7,(#8284,#8285,#8286,#8287,#8288,
    #8289,#8290,#8291,#8292,#8293,#8294,#8295,#8296,#8297,#8298,#8299,
    #8300,#8301,#8302,#8303,#8304,#8305,#8306,#8307,#8308,#8309,#8310,
    #8311,#8312,#8313,#8314,#8315,#8316,#8317,#8318,#8319,#8320,#8321,
    #8322,#8323,#8324,#8325,#8326,#8327),.UNSPECIFIED.,.F.,.F.,(8,6,6,6,
    6,6,6,8),(0.,0.153309828816,0.285744037643,0.421731386877,
    0.589314729615,0.714752808225,0.837495220514,1.),.UNSPECIFIED.);
#8284 = CARTESIAN_POINT('',(0.,2.969533311644));
#8285 = CARTESIAN_POINT('',(0.119348856501,2.969533311644));
#8286 = CARTESIAN_POINT('',(0.238618385266,2.972882715511));
#8287 = CARTESIAN_POINT('',(0.359184803716,2.979573506704));
#8288 = CARTESIAN_POINT('',(0.48224147985,2.989665128844));
#8289 = CARTESIAN_POINT('',(0.60902850721,3.003236212781));
#8290 = CARTESIAN_POINT('',(0.740866831838,3.020326892069));
#8291 = CARTESIAN_POINT('',(0.99952802709,3.058536049614));
#8292 = CARTESIAN_POINT('',(1.129066264942,3.079449970799));
#8293 = CARTESIAN_POINT('',(1.264204440574,3.102961446798));
#8294 = CARTESIAN_POINT('',(1.402744774953,3.127983881407));
#8295 = CARTESIAN_POINT('',(1.542988188351,3.153223500142));
#8296 = CARTESIAN_POINT('',(1.683456605,3.177549464336));
#8297 = CARTESIAN_POINT('',(1.964511239688,3.223210852062));
#8298 = CARTESIAN_POINT('',(2.09974372412,3.243594931348));
#8299 = CARTESIAN_POINT('',(2.229227476765,3.261073111325));
#8300 = CARTESIAN_POINT('',(2.353710814088,3.275726624065));
#8301 = CARTESIAN_POINT('',(2.473776079765,3.287699404674));
#8302 = CARTESIAN_POINT('',(2.589736994525,3.297166008807));
#8303 = CARTESIAN_POINT('',(2.839832615025,3.313141379777));
#8304 = CARTESIAN_POINT('',(2.973715540825,3.318565965293));
#8305 = CARTESIAN_POINT('',(3.105571615746,3.320933983524));
#8306 = CARTESIAN_POINT('',(3.236999551684,3.320369939715));
#8307 = CARTESIAN_POINT('',(3.369530782008,3.316842825163));
#8308 = CARTESIAN_POINT('',(3.50464904123,3.310173757649));
#8309 = CARTESIAN_POINT('',(3.748738529721,3.292441866971));
#8310 = CARTESIAN_POINT('',(3.856952806037,3.282817672758));
#8311 = CARTESIAN_POINT('',(3.968917905441,3.271003712078));
#8312 = CARTESIAN_POINT('',(4.084812826476,3.256872790207));
#8313 = CARTESIAN_POINT('',(4.205027885581,3.240332566394));
#8314 = CARTESIAN_POINT('',(4.330110364658,3.221352860288));
#8315 = CARTESIAN_POINT('',(4.589198628075,3.179260227074));
#8316 = CARTESIAN_POINT('',(4.719415042885,3.156819804026));
#8317 = CARTESIAN_POINT('',(4.849808131434,3.133483447882));
#8318 = CARTESIAN_POINT('',(4.978965432877,3.110180723395));
#8319 = CARTESIAN_POINT('',(5.105345962727,3.087978226379));
#8320 = CARTESIAN_POINT('',(5.227024518793,3.067818858719));
#8321 = CARTESIAN_POINT('',(5.491218074258,3.027129828562));
#8322 = CARTESIAN_POINT('',(5.63328367862,3.007738641357));
#8323 = CARTESIAN_POINT('',(5.769285193476,2.992338839941));
#8324 = CARTESIAN_POINT('',(5.900791145899,2.980900385806));
#8325 = CARTESIAN_POINT('',(6.02928764717,2.973325551554));
#8326 = CARTESIAN_POINT('',(6.156191531789,2.969533311644));
#8327 = CARTESIAN_POINT('',(6.28318530718,2.969533311644));
#8328 = ( GEOMETRIC_REPRESENTATION_CONTEXT(2) 
PARAMETRIC_REPRESENTATION_CONTEXT() REPRESENTATION_CONTEXT('2D SPACE',''
  ) );
#8329 = ADVANCED_FACE('',(#8330),#6011,.T.);
#8330 = FACE_BOUND('',#8331,.T.);
#8331 = EDGE_LOOP('',(#8332));
#8332 = ORIENTED_EDGE('',*,*,#5996,.T.);
#8333 = ADVANCED_FACE('',(#8334,#8340),#6290,.T.);
#8334 = FACE_BOUND('',#8335,.T.);
#8335 = EDGE_LOOP('',(#8336,#8337,#8338,#8339));
#8336 = ORIENTED_EDGE('',*,*,#6380,.F.);
#8337 = ORIENTED_EDGE('',*,*,#6329,.T.);
#8338 = ORIENTED_EDGE('',*,*,#6276,.T.);
#8339 = ORIENTED_EDGE('',*,*,#6406,.F.);
#8340 = FACE_BOUND('',#8341,.T.);
#8341 = EDGE_LOOP('',(#8342,#8370,#8396,#8422));
#8342 = ORIENTED_EDGE('',*,*,#8343,.T.);
#8343 = EDGE_CURVE('',#8344,#8346,#8348,.T.);
#8344 = VERTEX_POINT('',#8345);
#8345 = CARTESIAN_POINT('',(27.75,13.5,0.2));
#8346 = VERTEX_POINT('',#8347);
#8347 = CARTESIAN_POINT('',(27.75,-13.5,0.2));
#8348 = SURFACE_CURVE('',#8349,(#8353,#8359),.PCURVE_S1.);
#8349 = LINE('',#8350,#8351);
#8350 = CARTESIAN_POINT('',(27.75,-14.35,0.2));
#8351 = VECTOR('',#8352,1.);
#8352 = DIRECTION('',(0.,-1.,0.));
#8353 = PCURVE('',#6290,#8354);
#8354 = DEFINITIONAL_REPRESENTATION('',(#8355),#8358);
#8355 = B_SPLINE_CURVE_WITH_KNOTS('',1,(#8356,#8357),.UNSPECIFIED.,.F.,
  .F.,(2,2),(-27.85,-0.85),.PIECEWISE_BEZIER_KNOTS.);
#8356 = CARTESIAN_POINT('',(1.7,-28.7));
#8357 = CARTESIAN_POINT('',(1.7,-1.7));
#8358 = ( GEOMETRIC_REPRESENTATION_CONTEXT(2) 
PARAMETRIC_REPRESENTATION_CONTEXT() REPRESENTATION_CONTEXT('2D SPACE',''
  ) );
#8359 = PCURVE('',#8360,#8365);
#8360 = PLANE('',#8361);
#8361 = AXIS2_PLACEMENT_3D('',#8362,#8363,#8364);
#8362 = CARTESIAN_POINT('',(25.15,-13.5,0.2));
#8363 = DIRECTION('',(0.,0.,1.));
#8364 = DIRECTION('',(1.,0.,-0.));
#8365 = DEFINITIONAL_REPRESENTATION('',(#8366),#8369);
#8366 = B_SPLINE_CURVE_WITH_KNOTS('',1,(#8367,#8368),.UNSPECIFIED.,.F.,
  .F.,(2,2),(-27.85,-0.85),.PIECEWISE_BEZIER_KNOTS.);
#8367 = CARTESIAN_POINT('',(2.6,27.));
#8368 = CARTESIAN_POINT('',(2.6,0.));
#8369 = ( GEOMETRIC_REPRESENTATION_CONTEXT(2) 
PARAMETRIC_REPRESENTATION_CONTEXT() REPRESENTATION_CONTEXT('2D SPACE',''
  ) );
#8370 = ORIENTED_EDGE('',*,*,#8371,.T.);
#8371 = EDGE_CURVE('',#8346,#8372,#8374,.T.);
#8372 = VERTEX_POINT('',#8373);
#8373 = CARTESIAN_POINT('',(27.75,-13.5,3.6));
#8374 = SURFACE_CURVE('',#8375,(#8379,#8385),.PCURVE_S1.);
#8375 = LINE('',#8376,#8377);
#8376 = CARTESIAN_POINT('',(27.75,-13.5,-0.65));
#8377 = VECTOR('',#8378,1.);
#8378 = DIRECTION('',(0.,0.,1.));
#8379 = PCURVE('',#6290,#8380);
#8380 = DEFINITIONAL_REPRESENTATION('',(#8381),#8384);
#8381 = B_SPLINE_CURVE_WITH_KNOTS('',1,(#8382,#8383),.UNSPECIFIED.,.F.,
  .F.,(2,2),(0.85,4.25),.PIECEWISE_BEZIER_KNOTS.);
#8382 = CARTESIAN_POINT('',(1.7,-1.7));
#8383 = CARTESIAN_POINT('',(5.1,-1.7));
#8384 = ( GEOMETRIC_REPRESENTATION_CONTEXT(2) 
PARAMETRIC_REPRESENTATION_CONTEXT() REPRESENTATION_CONTEXT('2D SPACE',''
  ) );
#8385 = PCURVE('',#8386,#8391);
#8386 = PLANE('',#8387);
#8387 = AXIS2_PLACEMENT_3D('',#8388,#8389,#8390);
#8388 = CARTESIAN_POINT('',(25.15,-13.5,0.2));
#8389 = DIRECTION('',(-0.,1.,0.));
#8390 = DIRECTION('',(0.,0.,1.));
#8391 = DEFINITIONAL_REPRESENTATION('',(#8392),#8395);
#8392 = B_SPLINE_CURVE_WITH_KNOTS('',1,(#8393,#8394),.UNSPECIFIED.,.F.,
  .F.,(2,2),(0.85,4.25),.PIECEWISE_BEZIER_KNOTS.);
#8393 = CARTESIAN_POINT('',(0.,2.6));
#8394 = CARTESIAN_POINT('',(3.4,2.6));
#8395 = ( GEOMETRIC_REPRESENTATION_CONTEXT(2) 
PARAMETRIC_REPRESENTATION_CONTEXT() REPRESENTATION_CONTEXT('2D SPACE',''
  ) );
#8396 = ORIENTED_EDGE('',*,*,#8397,.F.);
#8397 = EDGE_CURVE('',#8398,#8372,#8400,.T.);
#8398 = VERTEX_POINT('',#8399);
#8399 = CARTESIAN_POINT('',(27.75,13.5,3.6));
#8400 = SURFACE_CURVE('',#8401,(#8405,#8411),.PCURVE_S1.);
#8401 = LINE('',#8402,#8403);
#8402 = CARTESIAN_POINT('',(27.75,-14.35,3.6));
#8403 = VECTOR('',#8404,1.);
#8404 = DIRECTION('',(0.,-1.,0.));
#8405 = PCURVE('',#6290,#8406);
#8406 = DEFINITIONAL_REPRESENTATION('',(#8407),#8410);
#8407 = B_SPLINE_CURVE_WITH_KNOTS('',1,(#8408,#8409),.UNSPECIFIED.,.F.,
  .F.,(2,2),(-27.85,-0.85),.PIECEWISE_BEZIER_KNOTS.);
#8408 = CARTESIAN_POINT('',(5.1,-28.7));
#8409 = CARTESIAN_POINT('',(5.1,-1.7));
#8410 = ( GEOMETRIC_REPRESENTATION_CONTEXT(2) 
PARAMETRIC_REPRESENTATION_CONTEXT() REPRESENTATION_CONTEXT('2D SPACE',''
  ) );
#8411 = PCURVE('',#8412,#8417);
#8412 = PLANE('',#8413);
#8413 = AXIS2_PLACEMENT_3D('',#8414,#8415,#8416);
#8414 = CARTESIAN_POINT('',(25.15,-13.5,3.6));
#8415 = DIRECTION('',(0.,0.,1.));
#8416 = DIRECTION('',(1.,0.,-0.));
#8417 = DEFINITIONAL_REPRESENTATION('',(#8418),#8421);
#8418 = B_SPLINE_CURVE_WITH_KNOTS('',1,(#8419,#8420),.UNSPECIFIED.,.F.,
  .F.,(2,2),(-27.85,-0.85),.PIECEWISE_BEZIER_KNOTS.);
#8419 = CARTESIAN_POINT('',(2.6,27.));
#8420 = CARTESIAN_POINT('',(2.6,0.));
#8421 = ( GEOMETRIC_REPRESENTATION_CONTEXT(2) 
PARAMETRIC_REPRESENTATION_CONTEXT() REPRESENTATION_CONTEXT('2D SPACE',''
  ) );
#8422 = ORIENTED_EDGE('',*,*,#8423,.F.);
#8423 = EDGE_CURVE('',#8344,#8398,#8424,.T.);
#8424 = SURFACE_CURVE('',#8425,(#8429,#8435),.PCURVE_S1.);
#8425 = LINE('',#8426,#8427);
#8426 = CARTESIAN_POINT('',(27.75,13.5,-0.65));
#8427 = VECTOR('',#8428,1.);
#8428 = DIRECTION('',(0.,0.,1.));
#8429 = PCURVE('',#6290,#8430);
#8430 = DEFINITIONAL_REPRESENTATION('',(#8431),#8434);
#8431 = B_SPLINE_CURVE_WITH_KNOTS('',1,(#8432,#8433),.UNSPECIFIED.,.F.,
  .F.,(2,2),(0.85,4.25),.PIECEWISE_BEZIER_KNOTS.);
#8432 = CARTESIAN_POINT('',(1.7,-28.7));
#8433 = CARTESIAN_POINT('',(5.1,-28.7));
#8434 = ( GEOMETRIC_REPRESENTATION_CONTEXT(2) 
PARAMETRIC_REPRESENTATION_CONTEXT() REPRESENTATION_CONTEXT('2D SPACE',''
  ) );
#8435 = PCURVE('',#8436,#8441);
#8436 = PLANE('',#8437);
#8437 = AXIS2_PLACEMENT_3D('',#8438,#8439,#8440);
#8438 = CARTESIAN_POINT('',(25.15,13.5,0.2));
#8439 = DIRECTION('',(-0.,1.,0.));
#8440 = DIRECTION('',(0.,0.,1.));
#8441 = DEFINITIONAL_REPRESENTATION('',(#8442),#8445);
#8442 = B_SPLINE_CURVE_WITH_KNOTS('',1,(#8443,#8444),.UNSPECIFIED.,.F.,
  .F.,(2,2),(0.85,4.25),.PIECEWISE_BEZIER_KNOTS.);
#8443 = CARTESIAN_POINT('',(0.,2.6));
#8444 = CARTESIAN_POINT('',(3.4,2.6));
#8445 = ( GEOMETRIC_REPRESENTATION_CONTEXT(2) 
PARAMETRIC_REPRESENTATION_CONTEXT() REPRESENTATION_CONTEXT('2D SPACE',''
  ) );
#8446 = ADVANCED_FACE('',(#8447),#6742,.F.);
#8447 = FACE_BOUND('',#8448,.F.);
#8448 = EDGE_LOOP('',(#8449,#8450,#8471,#8472));
#8449 = ORIENTED_EDGE('',*,*,#7463,.F.);
#8450 = ORIENTED_EDGE('',*,*,#8451,.T.);
#8451 = EDGE_CURVE('',#7436,#6694,#8452,.T.);
#8452 = SURFACE_CURVE('',#8453,(#8457,#8464),.PCURVE_S1.);
#8453 = LINE('',#8454,#8455);
#8454 = CARTESIAN_POINT('',(-20.15,33.65,2.4));
#8455 = VECTOR('',#8456,1.);
#8456 = DIRECTION('',(0.,0.,1.));
#8457 = PCURVE('',#6742,#8458);
#8458 = DEFINITIONAL_REPRESENTATION('',(#8459),#8463);
#8459 = LINE('',#8460,#8461);
#8460 = CARTESIAN_POINT('',(0.,0.));
#8461 = VECTOR('',#8462,1.);
#8462 = DIRECTION('',(0.,-1.));
#8463 = ( GEOMETRIC_REPRESENTATION_CONTEXT(2) 
PARAMETRIC_REPRESENTATION_CONTEXT() REPRESENTATION_CONTEXT('2D SPACE',''
  ) );
#8464 = PCURVE('',#6714,#8465);
#8465 = DEFINITIONAL_REPRESENTATION('',(#8466),#8470);
#8466 = LINE('',#8467,#8468);
#8467 = CARTESIAN_POINT('',(1.570796326795,0.));
#8468 = VECTOR('',#8469,1.);
#8469 = DIRECTION('',(0.,-1.));
#8470 = ( GEOMETRIC_REPRESENTATION_CONTEXT(2) 
PARAMETRIC_REPRESENTATION_CONTEXT() REPRESENTATION_CONTEXT('2D SPACE',''
  ) );
#8471 = ORIENTED_EDGE('',*,*,#6726,.T.);
#8472 = ORIENTED_EDGE('',*,*,#7272,.T.);
#8473 = ADVANCED_FACE('',(#8474),#6714,.F.);
#8474 = FACE_BOUND('',#8475,.F.);
#8475 = EDGE_LOOP('',(#8476,#8497,#8498,#8499));
#8476 = ORIENTED_EDGE('',*,*,#8477,.T.);
#8477 = EDGE_CURVE('',#7413,#6666,#8478,.T.);
#8478 = SURFACE_CURVE('',#8479,(#8483,#8490),.PCURVE_S1.);
#8479 = LINE('',#8480,#8481);
#8480 = CARTESIAN_POINT('',(-21.65,32.15,2.4));
#8481 = VECTOR('',#8482,1.);
#8482 = DIRECTION('',(0.,0.,1.));
#8483 = PCURVE('',#6714,#8484);
#8484 = DEFINITIONAL_REPRESENTATION('',(#8485),#8489);
#8485 = LINE('',#8486,#8487);
#8486 = CARTESIAN_POINT('',(0.,0.));
#8487 = VECTOR('',#8488,1.);
#8488 = DIRECTION('',(0.,-1.));
#8489 = ( GEOMETRIC_REPRESENTATION_CONTEXT(2) 
PARAMETRIC_REPRESENTATION_CONTEXT() REPRESENTATION_CONTEXT('2D SPACE',''
  ) );
#8490 = PCURVE('',#6681,#8491);
#8491 = DEFINITIONAL_REPRESENTATION('',(#8492),#8496);
#8492 = LINE('',#8493,#8494);
#8493 = CARTESIAN_POINT('',(64.3,0.));
#8494 = VECTOR('',#8495,1.);
#8495 = DIRECTION('',(0.,-1.));
#8496 = ( GEOMETRIC_REPRESENTATION_CONTEXT(2) 
PARAMETRIC_REPRESENTATION_CONTEXT() REPRESENTATION_CONTEXT('2D SPACE',''
  ) );
#8497 = ORIENTED_EDGE('',*,*,#6693,.T.);
#8498 = ORIENTED_EDGE('',*,*,#8451,.F.);
#8499 = ORIENTED_EDGE('',*,*,#7435,.F.);
#8500 = ADVANCED_FACE('',(#8501),#6482,.T.);
#8501 = FACE_BOUND('',#8502,.T.);
#8502 = EDGE_LOOP('',(#8503,#8504,#8525,#8526));
#8503 = ORIENTED_EDGE('',*,*,#7704,.F.);
#8504 = ORIENTED_EDGE('',*,*,#8505,.T.);
#8505 = EDGE_CURVE('',#7705,#6467,#8506,.T.);
#8506 = SURFACE_CURVE('',#8507,(#8511,#8518),.PCURVE_S1.);
#8507 = LINE('',#8508,#8509);
#8508 = CARTESIAN_POINT('',(21.65,-32.15,2.4));
#8509 = VECTOR('',#8510,1.);
#8510 = DIRECTION('',(0.,0.,1.));
#8511 = PCURVE('',#6482,#8512);
#8512 = DEFINITIONAL_REPRESENTATION('',(#8513),#8517);
#8513 = LINE('',#8514,#8515);
#8514 = CARTESIAN_POINT('',(0.,0.));
#8515 = VECTOR('',#8516,1.);
#8516 = DIRECTION('',(0.,-1.));
#8517 = ( GEOMETRIC_REPRESENTATION_CONTEXT(2) 
PARAMETRIC_REPRESENTATION_CONTEXT() REPRESENTATION_CONTEXT('2D SPACE',''
  ) );
#8518 = PCURVE('',#6515,#8519);
#8519 = DEFINITIONAL_REPRESENTATION('',(#8520),#8524);
#8520 = LINE('',#8521,#8522);
#8521 = CARTESIAN_POINT('',(3.14159265359,0.));
#8522 = VECTOR('',#8523,1.);
#8523 = DIRECTION('',(0.,-1.));
#8524 = ( GEOMETRIC_REPRESENTATION_CONTEXT(2) 
PARAMETRIC_REPRESENTATION_CONTEXT() REPRESENTATION_CONTEXT('2D SPACE',''
  ) );
#8525 = ORIENTED_EDGE('',*,*,#6466,.T.);
#8526 = ORIENTED_EDGE('',*,*,#7585,.T.);
#8527 = ADVANCED_FACE('',(#8528),#6681,.F.);
#8528 = FACE_BOUND('',#8529,.F.);
#8529 = EDGE_LOOP('',(#8530,#8531,#8550,#8551));
#8530 = ORIENTED_EDGE('',*,*,#7412,.F.);
#8531 = ORIENTED_EDGE('',*,*,#8532,.T.);
#8532 = EDGE_CURVE('',#7389,#6642,#8533,.T.);
#8533 = SURFACE_CURVE('',#8534,(#8538,#8544),.PCURVE_S1.);
#8534 = LINE('',#8535,#8536);
#8535 = CARTESIAN_POINT('',(-21.65,-24.75682654236,1.4));
#8536 = VECTOR('',#8537,1.);
#8537 = DIRECTION('',(0.,0.,1.));
#8538 = PCURVE('',#6681,#8539);
#8539 = DEFINITIONAL_REPRESENTATION('',(#8540),#8543);
#8540 = B_SPLINE_CURVE_WITH_KNOTS('',1,(#8541,#8542),.UNSPECIFIED.,.F.,
  .F.,(2,2),(0.92,1.8000024),.PIECEWISE_BEZIER_KNOTS.);
#8541 = CARTESIAN_POINT('',(7.393173457631,8.E-02));
#8542 = CARTESIAN_POINT('',(7.393173457631,-0.8000024));
#8543 = ( GEOMETRIC_REPRESENTATION_CONTEXT(2) 
PARAMETRIC_REPRESENTATION_CONTEXT() REPRESENTATION_CONTEXT('2D SPACE',''
  ) );
#8544 = PCURVE('',#6629,#8545);
#8545 = DEFINITIONAL_REPRESENTATION('',(#8546),#8549);
#8546 = B_SPLINE_CURVE_WITH_KNOTS('',1,(#8547,#8548),.UNSPECIFIED.,.F.,
  .F.,(2,2),(0.92,1.8000024),.PIECEWISE_BEZIER_KNOTS.);
#8547 = CARTESIAN_POINT('',(2.145371536485,0.92));
#8548 = CARTESIAN_POINT('',(2.145371536485,1.8000024));
#8549 = ( GEOMETRIC_REPRESENTATION_CONTEXT(2) 
PARAMETRIC_REPRESENTATION_CONTEXT() REPRESENTATION_CONTEXT('2D SPACE',''
  ) );
#8550 = ORIENTED_EDGE('',*,*,#6665,.T.);
#8551 = ORIENTED_EDGE('',*,*,#8477,.F.);
#8552 = ADVANCED_FACE('',(#8553),#6515,.F.);
#8553 = FACE_BOUND('',#8554,.F.);
#8554 = EDGE_LOOP('',(#8555,#8556,#8557,#8578));
#8555 = ORIENTED_EDGE('',*,*,#8505,.T.);
#8556 = ORIENTED_EDGE('',*,*,#6494,.T.);
#8557 = ORIENTED_EDGE('',*,*,#8558,.F.);
#8558 = EDGE_CURVE('',#7728,#6495,#8559,.T.);
#8559 = SURFACE_CURVE('',#8560,(#8564,#8571),.PCURVE_S1.);
#8560 = LINE('',#8561,#8562);
#8561 = CARTESIAN_POINT('',(20.15,-33.65,2.4));
#8562 = VECTOR('',#8563,1.);
#8563 = DIRECTION('',(0.,0.,1.));
#8564 = PCURVE('',#6515,#8565);
#8565 = DEFINITIONAL_REPRESENTATION('',(#8566),#8570);
#8566 = LINE('',#8567,#8568);
#8567 = CARTESIAN_POINT('',(4.712388980385,0.));
#8568 = VECTOR('',#8569,1.);
#8569 = DIRECTION('',(0.,-1.));
#8570 = ( GEOMETRIC_REPRESENTATION_CONTEXT(2) 
PARAMETRIC_REPRESENTATION_CONTEXT() REPRESENTATION_CONTEXT('2D SPACE',''
  ) );
#8571 = PCURVE('',#6543,#8572);
#8572 = DEFINITIONAL_REPRESENTATION('',(#8573),#8577);
#8573 = LINE('',#8574,#8575);
#8574 = CARTESIAN_POINT('',(40.3,0.));
#8575 = VECTOR('',#8576,1.);
#8576 = DIRECTION('',(0.,-1.));
#8577 = ( GEOMETRIC_REPRESENTATION_CONTEXT(2) 
PARAMETRIC_REPRESENTATION_CONTEXT() REPRESENTATION_CONTEXT('2D SPACE',''
  ) );
#8578 = ORIENTED_EDGE('',*,*,#7727,.F.);
#8579 = ADVANCED_FACE('',(#8580),#6629,.T.);
#8580 = FACE_BOUND('',#8581,.T.);
#8581 = EDGE_LOOP('',(#8582,#8603,#8604,#8623,#8624,#8625,#8626,#8627));
#8582 = ORIENTED_EDGE('',*,*,#8583,.T.);
#8583 = EDGE_CURVE('',#7019,#6613,#8584,.T.);
#8584 = SEAM_CURVE('',#8585,(#8589,#8596),.PCURVE_S1.);
#8585 = LINE('',#8586,#8587);
#8586 = CARTESIAN_POINT('',(-18.1,-26.6875,1.4));
#8587 = VECTOR('',#8588,1.);
#8588 = DIRECTION('',(0.,0.,1.));
#8589 = PCURVE('',#6629,#8590);
#8590 = DEFINITIONAL_REPRESENTATION('',(#8591),#8595);
#8591 = LINE('',#8592,#8593);
#8592 = CARTESIAN_POINT('',(6.28318530718,-0.));
#8593 = VECTOR('',#8594,1.);
#8594 = DIRECTION('',(0.,1.));
#8595 = ( GEOMETRIC_REPRESENTATION_CONTEXT(2) 
PARAMETRIC_REPRESENTATION_CONTEXT() REPRESENTATION_CONTEXT('2D SPACE',''
  ) );
#8596 = PCURVE('',#6629,#8597);
#8597 = DEFINITIONAL_REPRESENTATION('',(#8598),#8602);
#8598 = LINE('',#8599,#8600);
#8599 = CARTESIAN_POINT('',(0.,-0.));
#8600 = VECTOR('',#8601,1.);
#8601 = DIRECTION('',(0.,1.));
#8602 = ( GEOMETRIC_REPRESENTATION_CONTEXT(2) 
PARAMETRIC_REPRESENTATION_CONTEXT() REPRESENTATION_CONTEXT('2D SPACE',''
  ) );
#8603 = ORIENTED_EDGE('',*,*,#6612,.F.);
#8604 = ORIENTED_EDGE('',*,*,#8605,.F.);
#8605 = EDGE_CURVE('',#7366,#6585,#8606,.T.);
#8606 = SURFACE_CURVE('',#8607,(#8611,#8617),.PCURVE_S1.);
#8607 = LINE('',#8608,#8609);
#8608 = CARTESIAN_POINT('',(-21.65,-28.61817345763,1.4));
#8609 = VECTOR('',#8610,1.);
#8610 = DIRECTION('',(0.,0.,1.));
#8611 = PCURVE('',#6629,#8612);
#8612 = DEFINITIONAL_REPRESENTATION('',(#8613),#8616);
#8613 = B_SPLINE_CURVE_WITH_KNOTS('',1,(#8614,#8615),.UNSPECIFIED.,.F.,
  .F.,(2,2),(0.92,1.8000024),.PIECEWISE_BEZIER_KNOTS.);
#8614 = CARTESIAN_POINT('',(4.137813770695,0.92));
#8615 = CARTESIAN_POINT('',(4.137813770695,1.8000024));
#8616 = ( GEOMETRIC_REPRESENTATION_CONTEXT(2) 
PARAMETRIC_REPRESENTATION_CONTEXT() REPRESENTATION_CONTEXT('2D SPACE',''
  ) );
#8617 = PCURVE('',#6600,#8618);
#8618 = DEFINITIONAL_REPRESENTATION('',(#8619),#8622);
#8619 = B_SPLINE_CURVE_WITH_KNOTS('',1,(#8620,#8621),.UNSPECIFIED.,.F.,
  .F.,(2,2),(0.92,1.8000024),.PIECEWISE_BEZIER_KNOTS.);
#8620 = CARTESIAN_POINT('',(3.531826542369,8.E-02));
#8621 = CARTESIAN_POINT('',(3.531826542369,-0.8000024));
#8622 = ( GEOMETRIC_REPRESENTATION_CONTEXT(2) 
PARAMETRIC_REPRESENTATION_CONTEXT() REPRESENTATION_CONTEXT('2D SPACE',''
  ) );
#8623 = ORIENTED_EDGE('',*,*,#7388,.F.);
#8624 = ORIENTED_EDGE('',*,*,#8532,.T.);
#8625 = ORIENTED_EDGE('',*,*,#6641,.F.);
#8626 = ORIENTED_EDGE('',*,*,#8583,.F.);
#8627 = ORIENTED_EDGE('',*,*,#7018,.T.);
#8628 = ADVANCED_FACE('',(#8629),#6543,.T.);
#8629 = FACE_BOUND('',#8630,.T.);
#8630 = EDGE_LOOP('',(#8631,#8632,#8651,#8652));
#8631 = ORIENTED_EDGE('',*,*,#7755,.F.);
#8632 = ORIENTED_EDGE('',*,*,#8633,.T.);
#8633 = EDGE_CURVE('',#7611,#6528,#8634,.T.);
#8634 = SURFACE_CURVE('',#8635,(#8639,#8645),.PCURVE_S1.);
#8635 = LINE('',#8636,#8637);
#8636 = CARTESIAN_POINT('',(-19.95567314356,-33.65,1.4));
#8637 = VECTOR('',#8638,1.);
#8638 = DIRECTION('',(0.,0.,1.));
#8639 = PCURVE('',#6543,#8640);
#8640 = DEFINITIONAL_REPRESENTATION('',(#8641),#8644);
#8641 = B_SPLINE_CURVE_WITH_KNOTS('',1,(#8642,#8643),.UNSPECIFIED.,.F.,
  .F.,(2,2),(0.92,1.8000024),.PIECEWISE_BEZIER_KNOTS.);
#8642 = CARTESIAN_POINT('',(0.194326856434,8.E-02));
#8643 = CARTESIAN_POINT('',(0.194326856434,-0.8000024));
#8644 = ( GEOMETRIC_REPRESENTATION_CONTEXT(2) 
PARAMETRIC_REPRESENTATION_CONTEXT() REPRESENTATION_CONTEXT('2D SPACE',''
  ) );
#8645 = PCURVE('',#6572,#8646);
#8646 = DEFINITIONAL_REPRESENTATION('',(#8647),#8650);
#8647 = B_SPLINE_CURVE_WITH_KNOTS('',1,(#8648,#8649),.UNSPECIFIED.,.F.,
  .F.,(2,2),(1.,1.8),.PIECEWISE_BEZIER_KNOTS.);
#8648 = CARTESIAN_POINT('',(5.258388498096,1.));
#8649 = CARTESIAN_POINT('',(5.258388498096,1.8));
#8650 = ( GEOMETRIC_REPRESENTATION_CONTEXT(2) 
PARAMETRIC_REPRESENTATION_CONTEXT() REPRESENTATION_CONTEXT('2D SPACE',''
  ) );
#8651 = ORIENTED_EDGE('',*,*,#6527,.T.);
#8652 = ORIENTED_EDGE('',*,*,#8558,.F.);
#8653 = ADVANCED_FACE('',(#8654),#6572,.T.);
#8654 = FACE_BOUND('',#8655,.T.);
#8655 = EDGE_LOOP('',(#8656,#8657,#8676,#8677,#8696,#8697,#8698,#8699));
#8656 = ORIENTED_EDGE('',*,*,#6871,.F.);
#8657 = ORIENTED_EDGE('',*,*,#8658,.T.);
#8658 = EDGE_CURVE('',#6842,#7318,#8659,.T.);
#8659 = SURFACE_CURVE('',#8660,(#8664,#8670),.PCURVE_S1.);
#8660 = LINE('',#8661,#8662);
#8661 = CARTESIAN_POINT('',(-23.35,-31.01357960675,1.4));
#8662 = VECTOR('',#8663,1.);
#8663 = DIRECTION('',(0.,0.,1.));
#8664 = PCURVE('',#6572,#8665);
#8665 = DEFINITIONAL_REPRESENTATION('',(#8666),#8669);
#8666 = B_SPLINE_CURVE_WITH_KNOTS('',1,(#8667,#8668),.UNSPECIFIED.,.F.,
  .F.,(2,2),(0.,1.),.PIECEWISE_BEZIER_KNOTS.);
#8667 = CARTESIAN_POINT('',(9.128815039272,0.));
#8668 = CARTESIAN_POINT('',(9.128815039272,1.));
#8669 = ( GEOMETRIC_REPRESENTATION_CONTEXT(2) 
PARAMETRIC_REPRESENTATION_CONTEXT() REPRESENTATION_CONTEXT('2D SPACE',''
  ) );
#8670 = PCURVE('',#6859,#8671);
#8671 = DEFINITIONAL_REPRESENTATION('',(#8672),#8675);
#8672 = B_SPLINE_CURVE_WITH_KNOTS('',1,(#8673,#8674),.UNSPECIFIED.,.F.,
  .F.,(2,2),(-2.400000000069E-06,1.1),.PIECEWISE_BEZIER_KNOTS.);
#8673 = CARTESIAN_POINT('',(1.13642039325,2.400000000069E-06));
#8674 = CARTESIAN_POINT('',(1.13642039325,-1.1));
#8675 = ( GEOMETRIC_REPRESENTATION_CONTEXT(2) 
PARAMETRIC_REPRESENTATION_CONTEXT() REPRESENTATION_CONTEXT('2D SPACE',''
  ) );
#8676 = ORIENTED_EDGE('',*,*,#7342,.F.);
#8677 = ORIENTED_EDGE('',*,*,#8678,.T.);
#8678 = EDGE_CURVE('',#7343,#6556,#8679,.T.);
#8679 = SURFACE_CURVE('',#8680,(#8684,#8690),.PCURVE_S1.);
#8680 = LINE('',#8681,#8682);
#8681 = CARTESIAN_POINT('',(-21.65,-29.43940556793,1.4));
#8682 = VECTOR('',#8683,1.);
#8683 = DIRECTION('',(0.,0.,1.));
#8684 = PCURVE('',#6572,#8685);
#8685 = DEFINITIONAL_REPRESENTATION('',(#8686),#8689);
#8686 = B_SPLINE_CURVE_WITH_KNOTS('',1,(#8687,#8688),.UNSPECIFIED.,.F.,
  .F.,(2,2),(1.,1.8),.PIECEWISE_BEZIER_KNOTS.);
#8687 = CARTESIAN_POINT('',(8.073122692972,1.));
#8688 = CARTESIAN_POINT('',(8.073122692972,1.8));
#8689 = ( GEOMETRIC_REPRESENTATION_CONTEXT(2) 
PARAMETRIC_REPRESENTATION_CONTEXT() REPRESENTATION_CONTEXT('2D SPACE',''
  ) );
#8690 = PCURVE('',#6600,#8691);
#8691 = DEFINITIONAL_REPRESENTATION('',(#8692),#8695);
#8692 = B_SPLINE_CURVE_WITH_KNOTS('',1,(#8693,#8694),.UNSPECIFIED.,.F.,
  .F.,(2,2),(0.92,1.8000024),.PIECEWISE_BEZIER_KNOTS.);
#8693 = CARTESIAN_POINT('',(2.710594432064,8.E-02));
#8694 = CARTESIAN_POINT('',(2.710594432064,-0.8000024));
#8695 = ( GEOMETRIC_REPRESENTATION_CONTEXT(2) 
PARAMETRIC_REPRESENTATION_CONTEXT() REPRESENTATION_CONTEXT('2D SPACE',''
  ) );
#8696 = ORIENTED_EDGE('',*,*,#6555,.F.);
#8697 = ORIENTED_EDGE('',*,*,#8633,.F.);
#8698 = ORIENTED_EDGE('',*,*,#7608,.F.);
#8699 = ORIENTED_EDGE('',*,*,#8700,.T.);
#8700 = EDGE_CURVE('',#7609,#6872,#8701,.T.);
#8701 = SURFACE_CURVE('',#8702,(#8706,#8712),.PCURVE_S1.);
#8702 = LINE('',#8703,#8704);
#8703 = CARTESIAN_POINT('',(-23.34155621411,-32.38231214372,1.4));
#8704 = VECTOR('',#8705,1.);
#8705 = DIRECTION('',(-0.,-0.,-1.));
#8706 = PCURVE('',#6572,#8707);
#8707 = DEFINITIONAL_REPRESENTATION('',(#8708),#8711);
#8708 = B_SPLINE_CURVE_WITH_KNOTS('',1,(#8709,#8710),.UNSPECIFIED.,.F.,
  .F.,(2,2),(-1.,0.),.PIECEWISE_BEZIER_KNOTS.);
#8709 = CARTESIAN_POINT('',(3.44989352796,1.));
#8710 = CARTESIAN_POINT('',(3.44989352796,0.));
#8711 = ( GEOMETRIC_REPRESENTATION_CONTEXT(2) 
PARAMETRIC_REPRESENTATION_CONTEXT() REPRESENTATION_CONTEXT('2D SPACE',''
  ) );
#8712 = PCURVE('',#6916,#8713);
#8713 = DEFINITIONAL_REPRESENTATION('',(#8714),#8717);
#8714 = B_SPLINE_CURVE_WITH_KNOTS('',1,(#8715,#8716),.UNSPECIFIED.,.F.,
  .F.,(2,2),(-1.0000024,2.400000000069E-06),.PIECEWISE_BEZIER_KNOTS.);
#8715 = CARTESIAN_POINT('',(-3.214254119948,-1.0000024));
#8716 = CARTESIAN_POINT('',(-3.214254119948,2.400000000069E-06));
#8717 = ( GEOMETRIC_REPRESENTATION_CONTEXT(2) 
PARAMETRIC_REPRESENTATION_CONTEXT() REPRESENTATION_CONTEXT('2D SPACE',''
  ) );
#8718 = ADVANCED_FACE('',(#8719),#6600,.F.);
#8719 = FACE_BOUND('',#8720,.F.);
#8720 = EDGE_LOOP('',(#8721,#8722,#8723,#8724));
#8721 = ORIENTED_EDGE('',*,*,#7365,.F.);
#8722 = ORIENTED_EDGE('',*,*,#8678,.T.);
#8723 = ORIENTED_EDGE('',*,*,#6584,.T.);
#8724 = ORIENTED_EDGE('',*,*,#8605,.F.);
#8725 = ADVANCED_FACE('',(#8726),#6795,.T.);
#8726 = FACE_BOUND('',#8727,.T.);
#8727 = EDGE_LOOP('',(#8728,#8757,#8778,#8779));
#8728 = ORIENTED_EDGE('',*,*,#8729,.F.);
#8729 = EDGE_CURVE('',#8730,#8730,#8732,.T.);
#8730 = VERTEX_POINT('',#8731);
#8731 = CARTESIAN_POINT('',(-20.2,-31.6844,4.9));
#8732 = SURFACE_CURVE('',#8733,(#8738,#8745),.PCURVE_S1.);
#8733 = CIRCLE('',#8734,0.95);
#8734 = AXIS2_PLACEMENT_3D('',#8735,#8736,#8737);
#8735 = CARTESIAN_POINT('',(-21.15,-31.6844,4.9));
#8736 = DIRECTION('',(0.,0.,1.));
#8737 = DIRECTION('',(1.,0.,-0.));
#8738 = PCURVE('',#6795,#8739);
#8739 = DEFINITIONAL_REPRESENTATION('',(#8740),#8744);
#8740 = LINE('',#8741,#8742);
#8741 = CARTESIAN_POINT('',(0.,1.7));
#8742 = VECTOR('',#8743,1.);
#8743 = DIRECTION('',(1.,0.));
#8744 = ( GEOMETRIC_REPRESENTATION_CONTEXT(2) 
PARAMETRIC_REPRESENTATION_CONTEXT() REPRESENTATION_CONTEXT('2D SPACE',''
  ) );
#8745 = PCURVE('',#8746,#8751);
#8746 = PLANE('',#8747);
#8747 = AXIS2_PLACEMENT_3D('',#8748,#8749,#8750);
#8748 = CARTESIAN_POINT('',(-21.15,-31.6844,4.9));
#8749 = DIRECTION('',(0.,0.,1.));
#8750 = DIRECTION('',(1.,0.,-0.));
#8751 = DEFINITIONAL_REPRESENTATION('',(#8752),#8756);
#8752 = CIRCLE('',#8753,0.95);
#8753 = AXIS2_PLACEMENT_2D('',#8754,#8755);
#8754 = CARTESIAN_POINT('',(0.,0.));
#8755 = DIRECTION('',(1.,0.));
#8756 = ( GEOMETRIC_REPRESENTATION_CONTEXT(2) 
PARAMETRIC_REPRESENTATION_CONTEXT() REPRESENTATION_CONTEXT('2D SPACE',''
  ) );
#8757 = ORIENTED_EDGE('',*,*,#8758,.F.);
#8758 = EDGE_CURVE('',#6779,#8730,#8759,.T.);
#8759 = SEAM_CURVE('',#8760,(#8764,#8771),.PCURVE_S1.);
#8760 = LINE('',#8761,#8762);
#8761 = CARTESIAN_POINT('',(-20.2,-31.6844,3.2));
#8762 = VECTOR('',#8763,1.);
#8763 = DIRECTION('',(0.,0.,1.));
#8764 = PCURVE('',#6795,#8765);
#8765 = DEFINITIONAL_REPRESENTATION('',(#8766),#8770);
#8766 = LINE('',#8767,#8768);
#8767 = CARTESIAN_POINT('',(6.28318530718,-0.));
#8768 = VECTOR('',#8769,1.);
#8769 = DIRECTION('',(0.,1.));
#8770 = ( GEOMETRIC_REPRESENTATION_CONTEXT(2) 
PARAMETRIC_REPRESENTATION_CONTEXT() REPRESENTATION_CONTEXT('2D SPACE',''
  ) );
#8771 = PCURVE('',#6795,#8772);
#8772 = DEFINITIONAL_REPRESENTATION('',(#8773),#8777);
#8773 = LINE('',#8774,#8775);
#8774 = CARTESIAN_POINT('',(0.,-0.));
#8775 = VECTOR('',#8776,1.);
#8776 = DIRECTION('',(0.,1.));
#8777 = ( GEOMETRIC_REPRESENTATION_CONTEXT(2) 
PARAMETRIC_REPRESENTATION_CONTEXT() REPRESENTATION_CONTEXT('2D SPACE',''
  ) );
#8778 = ORIENTED_EDGE('',*,*,#6778,.T.);
#8779 = ORIENTED_EDGE('',*,*,#8758,.T.);
#8780 = ADVANCED_FACE('',(#8781),#6826,.T.);
#8781 = FACE_BOUND('',#8782,.T.);
#8782 = EDGE_LOOP('',(#8783,#8812,#8833,#8834));
#8783 = ORIENTED_EDGE('',*,*,#8784,.F.);
#8784 = EDGE_CURVE('',#8785,#8785,#8787,.T.);
#8785 = VERTEX_POINT('',#8786);
#8786 = CARTESIAN_POINT('',(-19.45,-26.6875,4.9));
#8787 = SURFACE_CURVE('',#8788,(#8793,#8800),.PCURVE_S1.);
#8788 = CIRCLE('',#8789,0.95);
#8789 = AXIS2_PLACEMENT_3D('',#8790,#8791,#8792);
#8790 = CARTESIAN_POINT('',(-20.4,-26.6875,4.9));
#8791 = DIRECTION('',(0.,0.,1.));
#8792 = DIRECTION('',(1.,0.,-0.));
#8793 = PCURVE('',#6826,#8794);
#8794 = DEFINITIONAL_REPRESENTATION('',(#8795),#8799);
#8795 = LINE('',#8796,#8797);
#8796 = CARTESIAN_POINT('',(0.,1.7));
#8797 = VECTOR('',#8798,1.);
#8798 = DIRECTION('',(1.,0.));
#8799 = ( GEOMETRIC_REPRESENTATION_CONTEXT(2) 
PARAMETRIC_REPRESENTATION_CONTEXT() REPRESENTATION_CONTEXT('2D SPACE',''
  ) );
#8800 = PCURVE('',#8801,#8806);
#8801 = PLANE('',#8802);
#8802 = AXIS2_PLACEMENT_3D('',#8803,#8804,#8805);
#8803 = CARTESIAN_POINT('',(-20.4,-26.6875,4.9));
#8804 = DIRECTION('',(0.,0.,1.));
#8805 = DIRECTION('',(1.,0.,-0.));
#8806 = DEFINITIONAL_REPRESENTATION('',(#8807),#8811);
#8807 = CIRCLE('',#8808,0.95);
#8808 = AXIS2_PLACEMENT_2D('',#8809,#8810);
#8809 = CARTESIAN_POINT('',(0.,0.));
#8810 = DIRECTION('',(1.,0.));
#8811 = ( GEOMETRIC_REPRESENTATION_CONTEXT(2) 
PARAMETRIC_REPRESENTATION_CONTEXT() REPRESENTATION_CONTEXT('2D SPACE',''
  ) );
#8812 = ORIENTED_EDGE('',*,*,#8813,.F.);
#8813 = EDGE_CURVE('',#6810,#8785,#8814,.T.);
#8814 = SEAM_CURVE('',#8815,(#8819,#8826),.PCURVE_S1.);
#8815 = LINE('',#8816,#8817);
#8816 = CARTESIAN_POINT('',(-19.45,-26.6875,3.2));
#8817 = VECTOR('',#8818,1.);
#8818 = DIRECTION('',(0.,0.,1.));
#8819 = PCURVE('',#6826,#8820);
#8820 = DEFINITIONAL_REPRESENTATION('',(#8821),#8825);
#8821 = LINE('',#8822,#8823);
#8822 = CARTESIAN_POINT('',(6.28318530718,-0.));
#8823 = VECTOR('',#8824,1.);
#8824 = DIRECTION('',(0.,1.));
#8825 = ( GEOMETRIC_REPRESENTATION_CONTEXT(2) 
PARAMETRIC_REPRESENTATION_CONTEXT() REPRESENTATION_CONTEXT('2D SPACE',''
  ) );
#8826 = PCURVE('',#6826,#8827);
#8827 = DEFINITIONAL_REPRESENTATION('',(#8828),#8832);
#8828 = LINE('',#8829,#8830);
#8829 = CARTESIAN_POINT('',(0.,-0.));
#8830 = VECTOR('',#8831,1.);
#8831 = DIRECTION('',(0.,1.));
#8832 = ( GEOMETRIC_REPRESENTATION_CONTEXT(2) 
PARAMETRIC_REPRESENTATION_CONTEXT() REPRESENTATION_CONTEXT('2D SPACE',''
  ) );
#8833 = ORIENTED_EDGE('',*,*,#6809,.T.);
#8834 = ORIENTED_EDGE('',*,*,#8813,.T.);
#8835 = ADVANCED_FACE('',(#8836),#6859,.F.);
#8836 = FACE_BOUND('',#8837,.F.);
#8837 = EDGE_LOOP('',(#8838,#8839,#8840,#8841));
#8838 = ORIENTED_EDGE('',*,*,#6841,.F.);
#8839 = ORIENTED_EDGE('',*,*,#8658,.T.);
#8840 = ORIENTED_EDGE('',*,*,#7317,.T.);
#8841 = ORIENTED_EDGE('',*,*,#7514,.F.);
#8842 = ADVANCED_FACE('',(#8843),#6944,.T.);
#8843 = FACE_BOUND('',#8844,.T.);
#8844 = EDGE_LOOP('',(#8845,#8846,#8867,#8868));
#8845 = ORIENTED_EDGE('',*,*,#6928,.F.);
#8846 = ORIENTED_EDGE('',*,*,#8847,.T.);
#8847 = EDGE_CURVE('',#6900,#7634,#8848,.T.);
#8848 = SURFACE_CURVE('',#8849,(#8853,#8860),.PCURVE_S1.);
#8849 = LINE('',#8850,#8851);
#8850 = CARTESIAN_POINT('',(-20.15,-35.35,1.4));
#8851 = VECTOR('',#8852,1.);
#8852 = DIRECTION('',(0.,0.,1.));
#8853 = PCURVE('',#6944,#8854);
#8854 = DEFINITIONAL_REPRESENTATION('',(#8855),#8859);
#8855 = LINE('',#8856,#8857);
#8856 = CARTESIAN_POINT('',(0.,0.));
#8857 = VECTOR('',#8858,1.);
#8858 = DIRECTION('',(0.,-1.));
#8859 = ( GEOMETRIC_REPRESENTATION_CONTEXT(2) 
PARAMETRIC_REPRESENTATION_CONTEXT() REPRESENTATION_CONTEXT('2D SPACE',''
  ) );
#8860 = PCURVE('',#6916,#8861);
#8861 = DEFINITIONAL_REPRESENTATION('',(#8862),#8866);
#8862 = LINE('',#8863,#8864);
#8863 = CARTESIAN_POINT('',(-4.712388980385,0.));
#8864 = VECTOR('',#8865,1.);
#8865 = DIRECTION('',(-0.,-1.));
#8866 = ( GEOMETRIC_REPRESENTATION_CONTEXT(2) 
PARAMETRIC_REPRESENTATION_CONTEXT() REPRESENTATION_CONTEXT('2D SPACE',''
  ) );
#8867 = ORIENTED_EDGE('',*,*,#7657,.T.);
#8868 = ORIENTED_EDGE('',*,*,#7780,.F.);
#8869 = ADVANCED_FACE('',(#8870),#6916,.F.);
#8870 = FACE_BOUND('',#8871,.T.);
#8871 = EDGE_LOOP('',(#8872,#8873,#8874,#8875));
#8872 = ORIENTED_EDGE('',*,*,#6899,.F.);
#8873 = ORIENTED_EDGE('',*,*,#8700,.F.);
#8874 = ORIENTED_EDGE('',*,*,#7633,.T.);
#8875 = ORIENTED_EDGE('',*,*,#8847,.F.);
#8876 = ADVANCED_FACE('',(#8877),#7116,.F.);
#8877 = FACE_BOUND('',#8878,.F.);
#8878 = EDGE_LOOP('',(#8879,#8880,#8901,#8902));
#8879 = ORIENTED_EDGE('',*,*,#7095,.F.);
#8880 = ORIENTED_EDGE('',*,*,#8881,.T.);
#8881 = EDGE_CURVE('',#7068,#7199,#8882,.T.);
#8882 = SURFACE_CURVE('',#8883,(#8887,#8894),.PCURVE_S1.);
#8883 = LINE('',#8884,#8885);
#8884 = CARTESIAN_POINT('',(20.15,33.65,2.4));
#8885 = VECTOR('',#8886,1.);
#8886 = DIRECTION('',(0.,0.,1.));
#8887 = PCURVE('',#7116,#8888);
#8888 = DEFINITIONAL_REPRESENTATION('',(#8889),#8893);
#8889 = LINE('',#8890,#8891);
#8890 = CARTESIAN_POINT('',(1.570796326795,0.));
#8891 = VECTOR('',#8892,1.);
#8892 = DIRECTION('',(0.,-1.));
#8893 = ( GEOMETRIC_REPRESENTATION_CONTEXT(2) 
PARAMETRIC_REPRESENTATION_CONTEXT() REPRESENTATION_CONTEXT('2D SPACE',''
  ) );
#8894 = PCURVE('',#7083,#8895);
#8895 = DEFINITIONAL_REPRESENTATION('',(#8896),#8900);
#8896 = LINE('',#8897,#8898);
#8897 = CARTESIAN_POINT('',(40.3,0.));
#8898 = VECTOR('',#8899,1.);
#8899 = DIRECTION('',(0.,-1.));
#8900 = ( GEOMETRIC_REPRESENTATION_CONTEXT(2) 
PARAMETRIC_REPRESENTATION_CONTEXT() REPRESENTATION_CONTEXT('2D SPACE',''
  ) );
#8901 = ORIENTED_EDGE('',*,*,#7221,.T.);
#8902 = ORIENTED_EDGE('',*,*,#7538,.T.);
#8903 = ADVANCED_FACE('',(#8904),#7083,.F.);
#8904 = FACE_BOUND('',#8905,.F.);
#8905 = EDGE_LOOP('',(#8906,#8907,#8908,#8909));
#8906 = ORIENTED_EDGE('',*,*,#7067,.F.);
#8907 = ORIENTED_EDGE('',*,*,#7151,.F.);
#8908 = ORIENTED_EDGE('',*,*,#7198,.T.);
#8909 = ORIENTED_EDGE('',*,*,#8881,.F.);
#8910 = ADVANCED_FACE('',(#8911),#7875,.T.);
#8911 = FACE_BOUND('',#8912,.T.);
#8912 = EDGE_LOOP('',(#8913,#8914,#8915,#8916));
#8913 = ORIENTED_EDGE('',*,*,#7915,.F.);
#8914 = ORIENTED_EDGE('',*,*,#7861,.F.);
#8915 = ORIENTED_EDGE('',*,*,#7991,.T.);
#8916 = ORIENTED_EDGE('',*,*,#7964,.T.);
#8917 = ADVANCED_FACE('',(#8918),#8116,.F.);
#8918 = FACE_BOUND('',#8919,.F.);
#8919 = EDGE_LOOP('',(#8920,#8943,#8970,#8971));
#8920 = ORIENTED_EDGE('',*,*,#8921,.T.);
#8921 = EDGE_CURVE('',#8019,#8922,#8924,.T.);
#8922 = VERTEX_POINT('',#8923);
#8923 = CARTESIAN_POINT('',(-11.,32.5,1.4));
#8924 = SEAM_CURVE('',#8925,(#8929,#8936),.PCURVE_S1.);
#8925 = LINE('',#8926,#8927);
#8926 = CARTESIAN_POINT('',(-11.,32.5,-4.123438300723));
#8927 = VECTOR('',#8928,1.);
#8928 = DIRECTION('',(0.,0.,1.));
#8929 = PCURVE('',#8116,#8930);
#8930 = DEFINITIONAL_REPRESENTATION('',(#8931),#8935);
#8931 = LINE('',#8932,#8933);
#8932 = CARTESIAN_POINT('',(6.28318530718,-0.));
#8933 = VECTOR('',#8934,1.);
#8934 = DIRECTION('',(0.,1.));
#8935 = ( GEOMETRIC_REPRESENTATION_CONTEXT(2) 
PARAMETRIC_REPRESENTATION_CONTEXT() REPRESENTATION_CONTEXT('2D SPACE',''
  ) );
#8936 = PCURVE('',#8116,#8937);
#8937 = DEFINITIONAL_REPRESENTATION('',(#8938),#8942);
#8938 = LINE('',#8939,#8940);
#8939 = CARTESIAN_POINT('',(0.,-0.));
#8940 = VECTOR('',#8941,1.);
#8941 = DIRECTION('',(0.,1.));
#8942 = ( GEOMETRIC_REPRESENTATION_CONTEXT(2) 
PARAMETRIC_REPRESENTATION_CONTEXT() REPRESENTATION_CONTEXT('2D SPACE',''
  ) );
#8943 = ORIENTED_EDGE('',*,*,#8944,.F.);
#8944 = EDGE_CURVE('',#8922,#8922,#8945,.T.);
#8945 = SURFACE_CURVE('',#8946,(#8951,#8958),.PCURVE_S1.);
#8946 = CIRCLE('',#8947,2.);
#8947 = AXIS2_PLACEMENT_3D('',#8948,#8949,#8950);
#8948 = CARTESIAN_POINT('',(-13.,32.5,1.4));
#8949 = DIRECTION('',(0.,0.,1.));
#8950 = DIRECTION('',(1.,0.,-0.));
#8951 = PCURVE('',#8116,#8952);
#8952 = DEFINITIONAL_REPRESENTATION('',(#8953),#8957);
#8953 = LINE('',#8954,#8955);
#8954 = CARTESIAN_POINT('',(0.,5.523438300723));
#8955 = VECTOR('',#8956,1.);
#8956 = DIRECTION('',(1.,0.));
#8957 = ( GEOMETRIC_REPRESENTATION_CONTEXT(2) 
PARAMETRIC_REPRESENTATION_CONTEXT() REPRESENTATION_CONTEXT('2D SPACE',''
  ) );
#8958 = PCURVE('',#8959,#8964);
#8959 = PLANE('',#8960);
#8960 = AXIS2_PLACEMENT_3D('',#8961,#8962,#8963);
#8961 = CARTESIAN_POINT('',(-13.,32.5,1.4));
#8962 = DIRECTION('',(0.,0.,1.));
#8963 = DIRECTION('',(1.,0.,-0.));
#8964 = DEFINITIONAL_REPRESENTATION('',(#8965),#8969);
#8965 = CIRCLE('',#8966,2.);
#8966 = AXIS2_PLACEMENT_2D('',#8967,#8968);
#8967 = CARTESIAN_POINT('',(0.,0.));
#8968 = DIRECTION('',(1.,0.));
#8969 = ( GEOMETRIC_REPRESENTATION_CONTEXT(2) 
PARAMETRIC_REPRESENTATION_CONTEXT() REPRESENTATION_CONTEXT('2D SPACE',''
  ) );
#8970 = ORIENTED_EDGE('',*,*,#8921,.F.);
#8971 = ORIENTED_EDGE('',*,*,#8018,.T.);
#8972 = ADVANCED_FACE('',(#8973),#8277,.F.);
#8973 = FACE_BOUND('',#8974,.F.);
#8974 = EDGE_LOOP('',(#8975,#8998,#9025,#9026));
#8975 = ORIENTED_EDGE('',*,*,#8976,.T.);
#8976 = EDGE_CURVE('',#8180,#8977,#8979,.T.);
#8977 = VERTEX_POINT('',#8978);
#8978 = CARTESIAN_POINT('',(15.,32.5,1.4));
#8979 = SEAM_CURVE('',#8980,(#8984,#8991),.PCURVE_S1.);
#8980 = LINE('',#8981,#8982);
#8981 = CARTESIAN_POINT('',(15.,32.5,-4.123438300723));
#8982 = VECTOR('',#8983,1.);
#8983 = DIRECTION('',(0.,0.,1.));
#8984 = PCURVE('',#8277,#8985);
#8985 = DEFINITIONAL_REPRESENTATION('',(#8986),#8990);
#8986 = LINE('',#8987,#8988);
#8987 = CARTESIAN_POINT('',(6.28318530718,-0.));
#8988 = VECTOR('',#8989,1.);
#8989 = DIRECTION('',(0.,1.));
#8990 = ( GEOMETRIC_REPRESENTATION_CONTEXT(2) 
PARAMETRIC_REPRESENTATION_CONTEXT() REPRESENTATION_CONTEXT('2D SPACE',''
  ) );
#8991 = PCURVE('',#8277,#8992);
#8992 = DEFINITIONAL_REPRESENTATION('',(#8993),#8997);
#8993 = LINE('',#8994,#8995);
#8994 = CARTESIAN_POINT('',(0.,-0.));
#8995 = VECTOR('',#8996,1.);
#8996 = DIRECTION('',(0.,1.));
#8997 = ( GEOMETRIC_REPRESENTATION_CONTEXT(2) 
PARAMETRIC_REPRESENTATION_CONTEXT() REPRESENTATION_CONTEXT('2D SPACE',''
  ) );
#8998 = ORIENTED_EDGE('',*,*,#8999,.F.);
#8999 = EDGE_CURVE('',#8977,#8977,#9000,.T.);
#9000 = SURFACE_CURVE('',#9001,(#9006,#9013),.PCURVE_S1.);
#9001 = CIRCLE('',#9002,2.);
#9002 = AXIS2_PLACEMENT_3D('',#9003,#9004,#9005);
#9003 = CARTESIAN_POINT('',(13.,32.5,1.4));
#9004 = DIRECTION('',(0.,0.,1.));
#9005 = DIRECTION('',(1.,0.,-0.));
#9006 = PCURVE('',#8277,#9007);
#9007 = DEFINITIONAL_REPRESENTATION('',(#9008),#9012);
#9008 = LINE('',#9009,#9010);
#9009 = CARTESIAN_POINT('',(0.,5.523438300723));
#9010 = VECTOR('',#9011,1.);
#9011 = DIRECTION('',(1.,0.));
#9012 = ( GEOMETRIC_REPRESENTATION_CONTEXT(2) 
PARAMETRIC_REPRESENTATION_CONTEXT() REPRESENTATION_CONTEXT('2D SPACE',''
  ) );
#9013 = PCURVE('',#9014,#9019);
#9014 = PLANE('',#9015);
#9015 = AXIS2_PLACEMENT_3D('',#9016,#9017,#9018);
#9016 = CARTESIAN_POINT('',(13.,32.5,1.4));
#9017 = DIRECTION('',(0.,0.,1.));
#9018 = DIRECTION('',(1.,0.,-0.));
#9019 = DEFINITIONAL_REPRESENTATION('',(#9020),#9024);
#9020 = CIRCLE('',#9021,2.);
#9021 = AXIS2_PLACEMENT_2D('',#9022,#9023);
#9022 = CARTESIAN_POINT('',(0.,0.));
#9023 = DIRECTION('',(1.,0.));
#9024 = ( GEOMETRIC_REPRESENTATION_CONTEXT(2) 
PARAMETRIC_REPRESENTATION_CONTEXT() REPRESENTATION_CONTEXT('2D SPACE',''
  ) );
#9025 = ORIENTED_EDGE('',*,*,#8976,.F.);
#9026 = ORIENTED_EDGE('',*,*,#8179,.T.);
#9027 = ADVANCED_FACE('',(#9028),#8360,.T.);
#9028 = FACE_BOUND('',#9029,.T.);
#9029 = EDGE_LOOP('',(#9030,#9053,#9081,#9102));
#9030 = ORIENTED_EDGE('',*,*,#9031,.F.);
#9031 = EDGE_CURVE('',#9032,#8344,#9034,.T.);
#9032 = VERTEX_POINT('',#9033);
#9033 = CARTESIAN_POINT('',(25.15,13.5,0.2));
#9034 = SURFACE_CURVE('',#9035,(#9039,#9046),.PCURVE_S1.);
#9035 = LINE('',#9036,#9037);
#9036 = CARTESIAN_POINT('',(25.15,13.5,0.2));
#9037 = VECTOR('',#9038,1.);
#9038 = DIRECTION('',(1.,0.,-0.));
#9039 = PCURVE('',#8360,#9040);
#9040 = DEFINITIONAL_REPRESENTATION('',(#9041),#9045);
#9041 = LINE('',#9042,#9043);
#9042 = CARTESIAN_POINT('',(0.,27.));
#9043 = VECTOR('',#9044,1.);
#9044 = DIRECTION('',(1.,0.));
#9045 = ( GEOMETRIC_REPRESENTATION_CONTEXT(2) 
PARAMETRIC_REPRESENTATION_CONTEXT() REPRESENTATION_CONTEXT('2D SPACE',''
  ) );
#9046 = PCURVE('',#8436,#9047);
#9047 = DEFINITIONAL_REPRESENTATION('',(#9048),#9052);
#9048 = LINE('',#9049,#9050);
#9049 = CARTESIAN_POINT('',(0.,0.));
#9050 = VECTOR('',#9051,1.);
#9051 = DIRECTION('',(0.,1.));
#9052 = ( GEOMETRIC_REPRESENTATION_CONTEXT(2) 
PARAMETRIC_REPRESENTATION_CONTEXT() REPRESENTATION_CONTEXT('2D SPACE',''
  ) );
#9053 = ORIENTED_EDGE('',*,*,#9054,.F.);
#9054 = EDGE_CURVE('',#9055,#9032,#9057,.T.);
#9055 = VERTEX_POINT('',#9056);
#9056 = CARTESIAN_POINT('',(25.15,-13.5,0.2));
#9057 = SURFACE_CURVE('',#9058,(#9062,#9069),.PCURVE_S1.);
#9058 = LINE('',#9059,#9060);
#9059 = CARTESIAN_POINT('',(25.15,-13.5,0.2));
#9060 = VECTOR('',#9061,1.);
#9061 = DIRECTION('',(-0.,1.,0.));
#9062 = PCURVE('',#8360,#9063);
#9063 = DEFINITIONAL_REPRESENTATION('',(#9064),#9068);
#9064 = LINE('',#9065,#9066);
#9065 = CARTESIAN_POINT('',(0.,0.));
#9066 = VECTOR('',#9067,1.);
#9067 = DIRECTION('',(0.,1.));
#9068 = ( GEOMETRIC_REPRESENTATION_CONTEXT(2) 
PARAMETRIC_REPRESENTATION_CONTEXT() REPRESENTATION_CONTEXT('2D SPACE',''
  ) );
#9069 = PCURVE('',#9070,#9075);
#9070 = PLANE('',#9071);
#9071 = AXIS2_PLACEMENT_3D('',#9072,#9073,#9074);
#9072 = CARTESIAN_POINT('',(25.15,-32.15,-2.723438300723));
#9073 = DIRECTION('',(-1.,0.,0.));
#9074 = DIRECTION('',(0.,1.,0.));
#9075 = DEFINITIONAL_REPRESENTATION('',(#9076),#9080);
#9076 = LINE('',#9077,#9078);
#9077 = CARTESIAN_POINT('',(18.65,-2.923438300723));
#9078 = VECTOR('',#9079,1.);
#9079 = DIRECTION('',(1.,0.));
#9080 = ( GEOMETRIC_REPRESENTATION_CONTEXT(2) 
PARAMETRIC_REPRESENTATION_CONTEXT() REPRESENTATION_CONTEXT('2D SPACE',''
  ) );
#9081 = ORIENTED_EDGE('',*,*,#9082,.T.);
#9082 = EDGE_CURVE('',#9055,#8346,#9083,.T.);
#9083 = SURFACE_CURVE('',#9084,(#9088,#9095),.PCURVE_S1.);
#9084 = LINE('',#9085,#9086);
#9085 = CARTESIAN_POINT('',(25.15,-13.5,0.2));
#9086 = VECTOR('',#9087,1.);
#9087 = DIRECTION('',(1.,0.,-0.));
#9088 = PCURVE('',#8360,#9089);
#9089 = DEFINITIONAL_REPRESENTATION('',(#9090),#9094);
#9090 = LINE('',#9091,#9092);
#9091 = CARTESIAN_POINT('',(0.,0.));
#9092 = VECTOR('',#9093,1.);
#9093 = DIRECTION('',(1.,0.));
#9094 = ( GEOMETRIC_REPRESENTATION_CONTEXT(2) 
PARAMETRIC_REPRESENTATION_CONTEXT() REPRESENTATION_CONTEXT('2D SPACE',''
  ) );
#9095 = PCURVE('',#8386,#9096);
#9096 = DEFINITIONAL_REPRESENTATION('',(#9097),#9101);
#9097 = LINE('',#9098,#9099);
#9098 = CARTESIAN_POINT('',(0.,0.));
#9099 = VECTOR('',#9100,1.);
#9100 = DIRECTION('',(0.,1.));
#9101 = ( GEOMETRIC_REPRESENTATION_CONTEXT(2) 
PARAMETRIC_REPRESENTATION_CONTEXT() REPRESENTATION_CONTEXT('2D SPACE',''
  ) );
#9102 = ORIENTED_EDGE('',*,*,#8343,.F.);
#9103 = ADVANCED_FACE('',(#9104),#8436,.F.);
#9104 = FACE_BOUND('',#9105,.F.);
#9105 = EDGE_LOOP('',(#9106,#9107,#9130,#9151));
#9106 = ORIENTED_EDGE('',*,*,#9031,.F.);
#9107 = ORIENTED_EDGE('',*,*,#9108,.T.);
#9108 = EDGE_CURVE('',#9032,#9109,#9111,.T.);
#9109 = VERTEX_POINT('',#9110);
#9110 = CARTESIAN_POINT('',(25.15,13.5,3.6));
#9111 = SURFACE_CURVE('',#9112,(#9116,#9123),.PCURVE_S1.);
#9112 = LINE('',#9113,#9114);
#9113 = CARTESIAN_POINT('',(25.15,13.5,0.2));
#9114 = VECTOR('',#9115,1.);
#9115 = DIRECTION('',(0.,0.,1.));
#9116 = PCURVE('',#8436,#9117);
#9117 = DEFINITIONAL_REPRESENTATION('',(#9118),#9122);
#9118 = LINE('',#9119,#9120);
#9119 = CARTESIAN_POINT('',(0.,0.));
#9120 = VECTOR('',#9121,1.);
#9121 = DIRECTION('',(1.,0.));
#9122 = ( GEOMETRIC_REPRESENTATION_CONTEXT(2) 
PARAMETRIC_REPRESENTATION_CONTEXT() REPRESENTATION_CONTEXT('2D SPACE',''
  ) );
#9123 = PCURVE('',#9070,#9124);
#9124 = DEFINITIONAL_REPRESENTATION('',(#9125),#9129);
#9125 = LINE('',#9126,#9127);
#9126 = CARTESIAN_POINT('',(45.65,-2.923438300723));
#9127 = VECTOR('',#9128,1.);
#9128 = DIRECTION('',(0.,-1.));
#9129 = ( GEOMETRIC_REPRESENTATION_CONTEXT(2) 
PARAMETRIC_REPRESENTATION_CONTEXT() REPRESENTATION_CONTEXT('2D SPACE',''
  ) );
#9130 = ORIENTED_EDGE('',*,*,#9131,.T.);
#9131 = EDGE_CURVE('',#9109,#8398,#9132,.T.);
#9132 = SURFACE_CURVE('',#9133,(#9137,#9144),.PCURVE_S1.);
#9133 = LINE('',#9134,#9135);
#9134 = CARTESIAN_POINT('',(25.15,13.5,3.6));
#9135 = VECTOR('',#9136,1.);
#9136 = DIRECTION('',(1.,0.,-0.));
#9137 = PCURVE('',#8436,#9138);
#9138 = DEFINITIONAL_REPRESENTATION('',(#9139),#9143);
#9139 = LINE('',#9140,#9141);
#9140 = CARTESIAN_POINT('',(3.4,0.));
#9141 = VECTOR('',#9142,1.);
#9142 = DIRECTION('',(0.,1.));
#9143 = ( GEOMETRIC_REPRESENTATION_CONTEXT(2) 
PARAMETRIC_REPRESENTATION_CONTEXT() REPRESENTATION_CONTEXT('2D SPACE',''
  ) );
#9144 = PCURVE('',#8412,#9145);
#9145 = DEFINITIONAL_REPRESENTATION('',(#9146),#9150);
#9146 = LINE('',#9147,#9148);
#9147 = CARTESIAN_POINT('',(0.,27.));
#9148 = VECTOR('',#9149,1.);
#9149 = DIRECTION('',(1.,0.));
#9150 = ( GEOMETRIC_REPRESENTATION_CONTEXT(2) 
PARAMETRIC_REPRESENTATION_CONTEXT() REPRESENTATION_CONTEXT('2D SPACE',''
  ) );
#9151 = ORIENTED_EDGE('',*,*,#8423,.F.);
#9152 = ADVANCED_FACE('',(#9153),#8412,.F.);
#9153 = FACE_BOUND('',#9154,.F.);
#9154 = EDGE_LOOP('',(#9155,#9156,#9179,#9200));
#9155 = ORIENTED_EDGE('',*,*,#9131,.F.);
#9156 = ORIENTED_EDGE('',*,*,#9157,.F.);
#9157 = EDGE_CURVE('',#9158,#9109,#9160,.T.);
#9158 = VERTEX_POINT('',#9159);
#9159 = CARTESIAN_POINT('',(25.15,-13.5,3.6));
#9160 = SURFACE_CURVE('',#9161,(#9165,#9172),.PCURVE_S1.);
#9161 = LINE('',#9162,#9163);
#9162 = CARTESIAN_POINT('',(25.15,-13.5,3.6));
#9163 = VECTOR('',#9164,1.);
#9164 = DIRECTION('',(-0.,1.,0.));
#9165 = PCURVE('',#8412,#9166);
#9166 = DEFINITIONAL_REPRESENTATION('',(#9167),#9171);
#9167 = LINE('',#9168,#9169);
#9168 = CARTESIAN_POINT('',(0.,0.));
#9169 = VECTOR('',#9170,1.);
#9170 = DIRECTION('',(0.,1.));
#9171 = ( GEOMETRIC_REPRESENTATION_CONTEXT(2) 
PARAMETRIC_REPRESENTATION_CONTEXT() REPRESENTATION_CONTEXT('2D SPACE',''
  ) );
#9172 = PCURVE('',#9070,#9173);
#9173 = DEFINITIONAL_REPRESENTATION('',(#9174),#9178);
#9174 = LINE('',#9175,#9176);
#9175 = CARTESIAN_POINT('',(18.65,-6.323438300723));
#9176 = VECTOR('',#9177,1.);
#9177 = DIRECTION('',(1.,0.));
#9178 = ( GEOMETRIC_REPRESENTATION_CONTEXT(2) 
PARAMETRIC_REPRESENTATION_CONTEXT() REPRESENTATION_CONTEXT('2D SPACE',''
  ) );
#9179 = ORIENTED_EDGE('',*,*,#9180,.T.);
#9180 = EDGE_CURVE('',#9158,#8372,#9181,.T.);
#9181 = SURFACE_CURVE('',#9182,(#9186,#9193),.PCURVE_S1.);
#9182 = LINE('',#9183,#9184);
#9183 = CARTESIAN_POINT('',(25.15,-13.5,3.6));
#9184 = VECTOR('',#9185,1.);
#9185 = DIRECTION('',(1.,0.,-0.));
#9186 = PCURVE('',#8412,#9187);
#9187 = DEFINITIONAL_REPRESENTATION('',(#9188),#9192);
#9188 = LINE('',#9189,#9190);
#9189 = CARTESIAN_POINT('',(0.,0.));
#9190 = VECTOR('',#9191,1.);
#9191 = DIRECTION('',(1.,0.));
#9192 = ( GEOMETRIC_REPRESENTATION_CONTEXT(2) 
PARAMETRIC_REPRESENTATION_CONTEXT() REPRESENTATION_CONTEXT('2D SPACE',''
  ) );
#9193 = PCURVE('',#8386,#9194);
#9194 = DEFINITIONAL_REPRESENTATION('',(#9195),#9199);
#9195 = LINE('',#9196,#9197);
#9196 = CARTESIAN_POINT('',(3.4,0.));
#9197 = VECTOR('',#9198,1.);
#9198 = DIRECTION('',(0.,1.));
#9199 = ( GEOMETRIC_REPRESENTATION_CONTEXT(2) 
PARAMETRIC_REPRESENTATION_CONTEXT() REPRESENTATION_CONTEXT('2D SPACE',''
  ) );
#9200 = ORIENTED_EDGE('',*,*,#8397,.F.);
#9201 = ADVANCED_FACE('',(#9202),#8386,.T.);
#9202 = FACE_BOUND('',#9203,.T.);
#9203 = EDGE_LOOP('',(#9204,#9205,#9226,#9227));
#9204 = ORIENTED_EDGE('',*,*,#9082,.F.);
#9205 = ORIENTED_EDGE('',*,*,#9206,.T.);
#9206 = EDGE_CURVE('',#9055,#9158,#9207,.T.);
#9207 = SURFACE_CURVE('',#9208,(#9212,#9219),.PCURVE_S1.);
#9208 = LINE('',#9209,#9210);
#9209 = CARTESIAN_POINT('',(25.15,-13.5,0.2));
#9210 = VECTOR('',#9211,1.);
#9211 = DIRECTION('',(0.,0.,1.));
#9212 = PCURVE('',#8386,#9213);
#9213 = DEFINITIONAL_REPRESENTATION('',(#9214),#9218);
#9214 = LINE('',#9215,#9216);
#9215 = CARTESIAN_POINT('',(0.,0.));
#9216 = VECTOR('',#9217,1.);
#9217 = DIRECTION('',(1.,0.));
#9218 = ( GEOMETRIC_REPRESENTATION_CONTEXT(2) 
PARAMETRIC_REPRESENTATION_CONTEXT() REPRESENTATION_CONTEXT('2D SPACE',''
  ) );
#9219 = PCURVE('',#9070,#9220);
#9220 = DEFINITIONAL_REPRESENTATION('',(#9221),#9225);
#9221 = LINE('',#9222,#9223);
#9222 = CARTESIAN_POINT('',(18.65,-2.923438300723));
#9223 = VECTOR('',#9224,1.);
#9224 = DIRECTION('',(0.,-1.));
#9225 = ( GEOMETRIC_REPRESENTATION_CONTEXT(2) 
PARAMETRIC_REPRESENTATION_CONTEXT() REPRESENTATION_CONTEXT('2D SPACE',''
  ) );
#9226 = ORIENTED_EDGE('',*,*,#9180,.T.);
#9227 = ORIENTED_EDGE('',*,*,#8371,.F.);
#9228 = ADVANCED_FACE('',(#9229),#8746,.T.);
#9229 = FACE_BOUND('',#9230,.T.);
#9230 = EDGE_LOOP('',(#9231));
#9231 = ORIENTED_EDGE('',*,*,#8729,.T.);
#9232 = ADVANCED_FACE('',(#9233),#8801,.T.);
#9233 = FACE_BOUND('',#9234,.T.);
#9234 = EDGE_LOOP('',(#9235));
#9235 = ORIENTED_EDGE('',*,*,#8784,.T.);
#9236 = ADVANCED_FACE('',(#9237),#8959,.F.);
#9237 = FACE_BOUND('',#9238,.F.);
#9238 = EDGE_LOOP('',(#9239));
#9239 = ORIENTED_EDGE('',*,*,#8944,.T.);
#9240 = ADVANCED_FACE('',(#9241),#9014,.F.);
#9241 = FACE_BOUND('',#9242,.F.);
#9242 = EDGE_LOOP('',(#9243));
#9243 = ORIENTED_EDGE('',*,*,#8999,.T.);
#9244 = ADVANCED_FACE('',(#9245),#9070,.F.);
#9245 = FACE_BOUND('',#9246,.F.);
#9246 = EDGE_LOOP('',(#9247,#9248,#9249,#9250));
#9247 = ORIENTED_EDGE('',*,*,#9206,.T.);
#9248 = ORIENTED_EDGE('',*,*,#9157,.T.);
#9249 = ORIENTED_EDGE('',*,*,#9108,.F.);
#9250 = ORIENTED_EDGE('',*,*,#9054,.F.);
#9251 = ( GEOMETRIC_REPRESENTATION_CONTEXT(3) 
GLOBAL_UNCERTAINTY_ASSIGNED_CONTEXT((#9255)) 
GLOBAL_UNIT_ASSIGNED_CONTEXT((#9252,#9253,#9254)) REPRESENTATION_CONTEXT
('Context #1','3D Context with UNIT and UNCERTAINTY') );
#9252 = ( LENGTH_UNIT() NAMED_UNIT(*) SI_UNIT(.MILLI.,.METRE.) );
#9253 = ( NAMED_UNIT(*) PLANE_ANGLE_UNIT() SI_UNIT($,.RADIAN.) );
#9254 = ( NAMED_UNIT(*) SI_UNIT($,.STERADIAN.) SOLID_ANGLE_UNIT() );
#9255 = UNCERTAINTY_MEASURE_WITH_UNIT(LENGTH_MEASURE(5.E-07),#9252,
  'distance_accuracy_value','confusion accuracy');
#9256 = PRODUCT_RELATED_PRODUCT_CATEGORY('part',$,(#7));
ENDSEC;
END-ISO-10303-21;
