ISO-10303-21;
HEADER;
FILE_DESCRIPTION (( 'STEP AP214' ),
    '1' );
FILE_NAME ('AS7341-DLGM.STEP',
    '2023-07-20T04:00:59',
    ( 'USER' ),
    ( '' ),
    'SwSTEP 2.0',
    'SolidWorks 2016',
    '' );
FILE_SCHEMA (( 'AUTOMOTIVE_DESIGN' ));
ENDSEC;

DATA;
#1 = VECTOR ( 'NONE', #711, 1000.000000000000000 ) ;
#2 =( LENGTH_UNIT ( ) NAMED_UNIT ( * ) SI_UNIT ( .MILLI., .METRE. ) );
#3 = DIRECTION ( 'NONE',  ( 0.0000000000000000000, 1.000000000000000000, 0.0000000000000000000 ) ) ;
#4 = VECTOR ( 'NONE', #1509, 1000.000000000000000 ) ;
#5 = CLOSED_SHELL ( 'NONE', ( #2602, #796, #2251, #2239, #2406, #2028, #485 ) ) ;
#6 = DIRECTION ( 'NONE',  ( 0.0000000000000000000, -0.0000000000000000000, -1.000000000000000000 ) ) ;
#7 = VECTOR ( 'NONE', #2551, 1000.000000000000000 ) ;
#8 = CARTESIAN_POINT ( 'NONE',  ( -1.214306433183764700E-016, 0.7791677532220540000, -0.6440000000000001300 ) ) ;
#9 = VERTEX_POINT ( 'NONE', #108 ) ;
#10 = LINE ( 'NONE', #2236, #2080 ) ;
#11 = ORIENTED_EDGE ( 'NONE', *, *, #233, .T. ) ;
#12 = VERTEX_POINT ( 'NONE', #743 ) ;
#13 = EDGE_CURVE ( 'NONE', #1204, #2161, #1097, .T. ) ;
#14 = CIRCLE ( 'NONE', #326, 0.4500000000000000700 ) ;
#15 = CARTESIAN_POINT ( 'NONE',  ( 0.0000000000000000000, 0.02500000000000000100, 0.0000000000000000000 ) ) ;
#16 = LINE ( 'NONE', #20, #1146 ) ;
#17 = VERTEX_POINT ( 'NONE', #525 ) ;
#18 = MECHANICAL_DESIGN_GEOMETRIC_PRESENTATION_REPRESENTATION (  '', ( #2334 ), #166 ) ;
#19 = DIRECTION ( 'NONE',  ( 0.0000000000000000000, 0.0000000000000000000, 1.000000000000000000 ) ) ;
#20 = CARTESIAN_POINT ( 'NONE',  ( 0.9250000000000002700, 0.7791677532220540000, -0.6440000000000001300 ) ) ;
#21 = VERTEX_POINT ( 'NONE', #960 ) ;
#22 = ORIENTED_EDGE ( 'NONE', *, *, #1257, .F. ) ;
#23 = FACE_OUTER_BOUND ( 'NONE', #2044, .T. ) ;
#24 = DIRECTION ( 'NONE',  ( 1.000000000000000000, 0.0000000000000000000, -0.0000000000000000000 ) ) ;
#25 = LINE ( 'NONE', #334, #223 ) ;
#26 = EDGE_LOOP ( 'NONE', ( #801, #1525, #1880, #2155 ) ) ;
#27 = VERTEX_POINT ( 'NONE', #2026 ) ;
#28 = CARTESIAN_POINT ( 'NONE',  ( 0.9250000000000002700, 0.7791677532220540000, 0.0000000000000000000 ) ) ;
#29 = LINE ( 'NONE', #742, #1991 ) ;
#30 = CARTESIAN_POINT ( 'NONE',  ( 0.9999999999999997800, 0.02500000000000000100, 0.1560000000000000000 ) ) ;
#31 = DIRECTION ( 'NONE',  ( 0.0000000000000000000, -1.000000000000000000, 0.0000000000000000000 ) ) ;
#32 = VECTOR ( 'NONE', #762, 1000.000000000000000 ) ;
#33 = EDGE_CURVE ( 'NONE', #1251, #296, #541, .T. ) ;
#34 = DIRECTION ( 'NONE',  ( 0.0000000000000000000, 1.000000000000000000, -0.0000000000000000000 ) ) ;
#35 = DIRECTION ( 'NONE',  ( 1.000000000000000000, 0.0000000000000000000, -0.0000000000000000000 ) ) ;
#36 = CARTESIAN_POINT ( 'NONE',  ( -0.3500000000000000300, 0.02500000000000000100, -0.1560000000000000600 ) ) ;
#37 = DIRECTION ( 'NONE',  ( -1.668003342285392000E-016, 0.0000000000000000000, 1.000000000000000000 ) ) ;
#38 = DIRECTION ( 'NONE',  ( 0.0000000000000000000, 1.000000000000000000, 0.0000000000000000000 ) ) ;
#39 = LINE ( 'NONE', #1217, #1004 ) ;
#40 = VERTEX_POINT ( 'NONE', #2018 ) ;
#41 = VERTEX_POINT ( 'NONE', #2589 ) ;
#42 = CARTESIAN_POINT ( 'NONE',  ( -1.000000000000000000, 0.02500000000000000100, -0.6439999999999999100 ) ) ;
#43 = DIRECTION ( 'NONE',  ( 1.000000000000000000, 0.0000000000000000000, 1.668003342285392000E-016 ) ) ;
#44 = VERTEX_POINT ( 'NONE', #1161 ) ;
#45 = FACE_OUTER_BOUND ( 'NONE', #2393, .T. ) ;
#46 = PLANE ( 'NONE',  #2345 ) ;
#47 = EDGE_LOOP ( 'NONE', ( #914, #480, #1813, #1876 ) ) ;
#48 = EDGE_CURVE ( 'NONE', #1635, #888, #1519, .T. ) ;
#49 = ORIENTED_EDGE ( 'NONE', *, *, #2360, .F. ) ;
#50 = CARTESIAN_POINT ( 'NONE',  ( -0.3500000000000000300, 0.02499999999999996700, 0.6440000000000000200 ) ) ;
#51 = DIRECTION ( 'NONE',  ( 1.668003342285391600E-016, -0.0000000000000000000, 1.000000000000000000 ) ) ;
#52 = EDGE_CURVE ( 'NONE', #225, #2521, #2613, .T. ) ;
#53 = EDGE_LOOP ( 'NONE', ( #2623, #2144, #1027, #1413 ) ) ;
#54 = EDGE_LOOP ( 'NONE', ( #1943, #2591, #2219, #381 ) ) ;
#55 = DIRECTION ( 'NONE',  ( 1.885568995626963300E-016, -0.0000000000000000000, 1.000000000000000000 ) ) ;
#56 = CARTESIAN_POINT ( 'NONE',  ( 0.0000000000000000000, 0.0000000000000000000, -0.6440000000000001300 ) ) ;
#57 = LINE ( 'NONE', #1396, #258 ) ;
#58 = ADVANCED_FACE ( 'NONE', ( #404 ), #1561, .T. ) ;
#59 = VECTOR ( 'NONE', #620, 1000.000000000000000 ) ;
#60 = DIRECTION ( 'NONE',  ( 1.000000000000000000, 0.0000000000000000000, -1.668003342285391600E-016 ) ) ;
#61 = DIRECTION ( 'NONE',  ( 0.0000000000000000000, 0.0000000000000000000, 1.000000000000000000 ) ) ;
#62 = CARTESIAN_POINT ( 'NONE',  ( 0.0000000000000000000, 0.9000000000000002400, -0.6089999999999999900 ) ) ;
#63 = CARTESIAN_POINT ( 'NONE',  ( -0.9250000000000002700, 0.02499999999999997700, -0.1560000000000000600 ) ) ;
#64 = EDGE_CURVE ( 'NONE', #1270, #9, #2544, .T. ) ;
#65 = CARTESIAN_POINT ( 'NONE',  ( 0.9250000000000002700, 0.7791677532220540000, 0.9559999999999997400 ) ) ;
#66 = CARTESIAN_POINT ( 'NONE',  ( -4.412231449767088300E-017, 0.7791677532220540000, 0.1559999999999997800 ) ) ;
#67 = ADVANCED_FACE ( 'NONE', ( #1040 ), #732, .T. ) ;
#68 = DIRECTION ( 'NONE',  ( 1.000000000000000000, 0.0000000000000000000, 0.0000000000000000000 ) ) ;
#69 = VECTOR ( 'NONE', #1308, 1000.000000000000000 ) ;
#70 = EDGE_LOOP ( 'NONE', ( #2082, #2226 ) ) ;
#71 = DIRECTION ( 'NONE',  ( 0.0000000000000000000, -0.0000000000000000000, 1.000000000000000000 ) ) ;
#72 = LINE ( 'NONE', #892, #1132 ) ;
#73 = DIRECTION ( 'NONE',  ( 0.0000000000000000000, -0.0000000000000000000, -1.000000000000000000 ) ) ;
#74 = ORIENTED_EDGE ( 'NONE', *, *, #642, .F. ) ;
#75 = FACE_OUTER_BOUND ( 'NONE', #2618, .T. ) ;
#76 = CARTESIAN_POINT ( 'NONE',  ( 0.3500000000000000300, 0.7791677532220540000, -0.1559999999999998900 ) ) ;
#77 = FACE_OUTER_BOUND ( 'NONE', #1844, .T. ) ;
#78 = ORIENTED_EDGE ( 'NONE', *, *, #1430, .T. ) ;
#79 = LINE ( 'NONE', #847, #1697 ) ;
#80 = PLANE ( 'NONE',  #2604 ) ;
#81 = LINE ( 'NONE', #668, #1129 ) ;
#82 = VERTEX_POINT ( 'NONE', #1548 ) ;
#83 = CARTESIAN_POINT ( 'NONE',  ( 0.0000000000000000000, 0.02500000000000000100, 0.9559999999999996300 ) ) ;
#84 = DIRECTION ( 'NONE',  ( -0.0000000000000000000, -0.0000000000000000000, 1.000000000000000000 ) ) ;
#85 = CARTESIAN_POINT ( 'NONE',  ( -1.000000000000000200, 0.0000000000000000000, 1.550000000000000300 ) ) ;
#86 = ORIENTED_EDGE ( 'NONE', *, *, #2411, .T. ) ;
#87 = ORIENTED_EDGE ( 'NONE', *, *, #2031, .T. ) ;
#88 = AXIS2_PLACEMENT_3D ( 'NONE', #479, #885, #956 ) ;
#89 = EDGE_CURVE ( 'NONE', #121, #523, #1461, .T. ) ;
#90 = ADVANCED_FACE ( 'NONE', ( #903, #2178 ), #2568, .F. ) ;
#91 = VERTEX_POINT ( 'NONE', #300 ) ;
#92 = ORIENTED_EDGE ( 'NONE', *, *, #735, .T. ) ;
#93 = DIRECTION ( 'NONE',  ( 1.668003342285391600E-016, 0.0000000000000000000, -1.000000000000000000 ) ) ;
#94 = DIRECTION ( 'NONE',  ( 1.000000000000000000, 0.0000000000000000000, -1.885568995626963300E-016 ) ) ;
#95 = VECTOR ( 'NONE', #2001, 1000.000000000000000 ) ;
#96 = CARTESIAN_POINT ( 'NONE',  ( -0.7779999999999968100, 0.02499999999999995600, -0.7780000000000049100 ) ) ;
#97 = DIRECTION ( 'NONE',  ( 0.0000000000000000000, 0.0000000000000000000, 1.000000000000000000 ) ) ;
#98 = FACE_OUTER_BOUND ( 'NONE', #2510, .T. ) ;
#99 = DIRECTION ( 'NONE',  ( -1.000000000000000000, -0.0000000000000000000, 0.0000000000000000000 ) ) ;
#100 = LINE ( 'NONE', #1192, #105 ) ;
#101 = ADVANCED_FACE ( 'NONE', ( #2487 ), #493, .T. ) ;
#102 = CARTESIAN_POINT ( 'NONE',  ( 0.3500000000000000300, 0.7791677532220540000, -0.6440000000000001300 ) ) ;
#103 = EDGE_CURVE ( 'NONE', #1817, #1558, #841, .T. ) ;
#104 = PLANE ( 'NONE',  #2612 ) ;
#105 = VECTOR ( 'NONE', #1229, 1000.000000000000000 ) ;
#106 =( GEOMETRIC_REPRESENTATION_CONTEXT ( 3 ) GLOBAL_UNCERTAINTY_ASSIGNED_CONTEXT ( ( #1642 ) ) GLOBAL_UNIT_ASSIGNED_CONTEXT ( ( #1047, #194, #2107 ) ) REPRESENTATION_CONTEXT ( 'NONE', 'WORKASPACE' ) );
#107 = DIRECTION ( 'NONE',  ( -1.885568995626964000E-016, 0.0000000000000000000, 1.000000000000000000 ) ) ;
#108 = CARTESIAN_POINT ( 'NONE',  ( 0.3500000000000000300, 0.0000000000000000000, 0.1559999999999998900 ) ) ;
#109 = EDGE_CURVE ( 'NONE', #2221, #420, #1397, .T. ) ;
#110 = DIRECTION ( 'NONE',  ( 0.0000000000000000000, 1.000000000000000000, 0.0000000000000000000 ) ) ;
#111 = ORIENTED_EDGE ( 'NONE', *, *, #911, .T. ) ;
#112 = ORIENTED_EDGE ( 'NONE', *, *, #490, .T. ) ;
#113 = COLOUR_RGB ( '',0.7921568627450980000, 0.8196078431372548800, 0.9333333333333333500 ) ;
#114 = DIRECTION ( 'NONE',  ( 1.000000000000000000, 0.0000000000000000000, 2.828353493440445300E-016 ) ) ;
#115 = PLANE ( 'NONE',  #2086 ) ;
#116 = ORIENTED_EDGE ( 'NONE', *, *, #615, .T. ) ;
#117 = DIRECTION ( 'NONE',  ( 0.0000000000000000000, -0.0000000000000000000, 1.000000000000000000 ) ) ;
#118 = FACE_OUTER_BOUND ( 'NONE', #542, .T. ) ;
#119 = EDGE_LOOP ( 'NONE', ( #2582, #2242, #2187, #2498, #123 ) ) ;
#120 = ADVANCED_FACE ( 'NONE', ( #1899 ), #1334, .T. ) ;
#121 = VERTEX_POINT ( 'NONE', #2199 ) ;
#122 = EDGE_CURVE ( 'NONE', #646, #193, #1327, .T. ) ;
#123 = ORIENTED_EDGE ( 'NONE', *, *, #1108, .T. ) ;
#124 = CARTESIAN_POINT ( 'NONE',  ( -0.3500000000000000300, 0.0000000000000000000, -0.6440000000000000200 ) ) ;
#125 = DIRECTION ( 'NONE',  ( 1.825256182635528200E-016, 0.0000000000000000000, -1.000000000000000000 ) ) ;
#126 = ORIENTED_EDGE ( 'NONE', *, *, #2426, .T. ) ;
#127 = VERTEX_POINT ( 'NONE', #1753 ) ;
#128 = EDGE_CURVE ( 'NONE', #1330, #2055, #275, .T. ) ;
#129 = DIRECTION ( 'NONE',  ( 0.0000000000000000000, 1.000000000000000000, 0.0000000000000000000 ) ) ;
#130 = VECTOR ( 'NONE', #2637, 1000.000000000000000 ) ;
#131 = STYLED_ITEM ( 'NONE', ( #2500 ), #1614 ) ;
#132 = LINE ( 'NONE', #2556, #2603 ) ;
#133 = DIRECTION ( 'NONE',  ( 1.000000000000000000, 0.0000000000000000000, 1.885568995626964000E-016 ) ) ;
#134 = ADVANCED_FACE ( 'NONE', ( #782 ), #1959, .F. ) ;
#135 = CARTESIAN_POINT ( 'NONE',  ( -0.3500000000000000300, 0.7791677532220540000, -0.6440000000000000200 ) ) ;
#136 = DIRECTION ( 'NONE',  ( 0.0000000000000000000, 0.0000000000000000000, 1.000000000000000000 ) ) ;
#137 = DIRECTION ( 'NONE',  ( -0.0000000000000000000, -1.000000000000000000, 0.0000000000000000000 ) ) ;
#138 = VECTOR ( 'NONE', #1159, 1000.000000000000000 ) ;
#139 = DIRECTION ( 'NONE',  ( -1.000000000000000000, 0.0000000000000000000, -0.0000000000000000000 ) ) ;
#140 = EDGE_CURVE ( 'NONE', #1352, #1884, #712, .T. ) ;
#141 = CARTESIAN_POINT ( 'NONE',  ( -0.3500000000000002600, -3.689173349139343000, 1.550000000000000300 ) ) ;
#142 =( GEOMETRIC_REPRESENTATION_CONTEXT ( 3 ) GLOBAL_UNCERTAINTY_ASSIGNED_CONTEXT ( ( #667 ) ) GLOBAL_UNIT_ASSIGNED_CONTEXT ( ( #1245, #2666, #1457 ) ) REPRESENTATION_CONTEXT ( 'NONE', 'WORKASPACE' ) );
#143 = LINE ( 'NONE', #848, #1434 ) ;
#144 = VECTOR ( 'NONE', #266, 1000.000000000000000 ) ;
#145 = ORIENTED_EDGE ( 'NONE', *, *, #304, .T. ) ;
#146 = ADVANCED_FACE ( 'NONE', ( #2377 ), #2369, .T. ) ;
#147 = ORIENTED_EDGE ( 'NONE', *, *, #2031, .F. ) ;
#148 = CYLINDRICAL_SURFACE ( 'NONE', #1113, 0.4500000000000000700 ) ;
#149 = ORIENTED_EDGE ( 'NONE', *, *, #1466, .T. ) ;
#150 = AXIS2_PLACEMENT_3D ( 'NONE', #702, #474, #1743 ) ;
#151 = VERTEX_POINT ( 'NONE', #1954 ) ;
#152 = FACE_OUTER_BOUND ( 'NONE', #2626, .T. ) ;
#153 = DIRECTION ( 'NONE',  ( -0.0000000000000000000, -1.000000000000000000, 0.0000000000000000000 ) ) ;
#154 = ORIENTED_EDGE ( 'NONE', *, *, #1992, .T. ) ;
#155 = ORIENTED_EDGE ( 'NONE', *, *, #287, .F. ) ;
#156 = ORIENTED_EDGE ( 'NONE', *, *, #1049, .T. ) ;
#157 = FACE_OUTER_BOUND ( 'NONE', #1809, .T. ) ;
#158 = EDGE_LOOP ( 'NONE', ( #505, #785, #2425, #253 ) ) ;
#159 = ORIENTED_EDGE ( 'NONE', *, *, #1155, .F. ) ;
#160 = EDGE_CURVE ( 'NONE', #2359, #1817, #2316, .T. ) ;
#161 = VECTOR ( 'NONE', #1165, 1000.000000000000000 ) ;
#162 = EDGE_LOOP ( 'NONE', ( #1141, #1305, #1847, #2042 ) ) ;
#163 = VERTEX_POINT ( 'NONE', #1730 ) ;
#164 = CARTESIAN_POINT ( 'NONE',  ( -0.3500000000000002000, 0.7791677532220540000, -1.205999999999997100 ) ) ;
#165 = FILL_AREA_STYLE ('',( #1425 ) ) ;
#166 =( GEOMETRIC_REPRESENTATION_CONTEXT ( 3 ) GLOBAL_UNCERTAINTY_ASSIGNED_CONTEXT ( ( #2240 ) ) GLOBAL_UNIT_ASSIGNED_CONTEXT ( ( #268, #278, #301 ) ) REPRESENTATION_CONTEXT ( 'NONE', 'WORKASPACE' ) );
#167 = DIRECTION ( 'NONE',  ( 1.000000000000000000, -0.0000000000000000000, 0.0000000000000000000 ) ) ;
#168 = CARTESIAN_POINT ( 'NONE',  ( 0.9999999999999997800, 0.02499999999999996300, -0.1559999999999999700 ) ) ;
#169 = DIRECTION ( 'NONE',  ( 0.0000000000000000000, 0.0000000000000000000, -1.000000000000000000 ) ) ;
#170 = UNCERTAINTY_MEASURE_WITH_UNIT (LENGTH_MEASURE( 1.000000000000000100E-005 ), #1312, 'distance_accuracy_value', 'NONE');
#171 = CARTESIAN_POINT ( 'NONE',  ( -0.7779999999999968100, 0.7791677532220540000, -0.7780000000000049100 ) ) ;
#172 = CARTESIAN_POINT ( 'NONE',  ( -0.5999999999999999800, 0.02499999999999996700, -0.9560000000000000700 ) ) ;
#173 = CARTESIAN_POINT ( 'NONE',  ( 0.3500000000000000300, 0.02499999999999996700, 0.1559999999999998900 ) ) ;
#174 = LINE ( 'NONE', #868, #1122 ) ;
#175 = PLANE ( 'NONE',  #458 ) ;
#176 = LINE ( 'NONE', #435, #1551 ) ;
#177 = VECTOR ( 'NONE', #254, 1000.000000000000000 ) ;
#178 = CARTESIAN_POINT ( 'NONE',  ( 0.0000000000000000000, 0.02500000000000000100, 0.0000000000000000000 ) ) ;
#179 = AXIS2_PLACEMENT_3D ( 'NONE', #496, #529, #540 ) ;
#180 = EDGE_LOOP ( 'NONE', ( #1702, #2244, #362, #2424 ) ) ;
#181 = EDGE_CURVE ( 'NONE', #1270, #2255, #645, .T. ) ;
#182 = DIRECTION ( 'NONE',  ( 0.0000000000000000000, 0.0000000000000000000, -1.000000000000000000 ) ) ;
#183 = VECTOR ( 'NONE', #927, 1000.000000000000000 ) ;
#184 = AXIS2_PLACEMENT_3D ( 'NONE', #228, #167, #169 ) ;
#185 = CARTESIAN_POINT ( 'NONE',  ( 0.0000000000000000000, 0.02500000000000000100, 1.444000000000000200 ) ) ;
#186 = ORIENTED_EDGE ( 'NONE', *, *, #64, .T. ) ;
#187 = LINE ( 'NONE', #1497, #2354 ) ;
#188 = VERTEX_POINT ( 'NONE', #1091 ) ;
#189 = CARTESIAN_POINT ( 'NONE',  ( 0.0000000000000000000, 0.7791677532220540000, -0.6440000000000001300 ) ) ;
#190 = ORIENTED_EDGE ( 'NONE', *, *, #402, .T. ) ;
#191 = CARTESIAN_POINT ( 'NONE',  ( -0.9250000000000002700, 0.0000000000000000000, 0.6439999999999999100 ) ) ;
#192 = CARTESIAN_POINT ( 'NONE',  ( -0.3500000000000000300, 0.02500000000000000100, -0.6440000000000000200 ) ) ;
#193 = VERTEX_POINT ( 'NONE', #2532 ) ;
#194 =( NAMED_UNIT ( * ) PLANE_ANGLE_UNIT ( ) SI_UNIT ( $, .RADIAN. ) );
#195 = VERTEX_POINT ( 'NONE', #50 ) ;
#196 = ORIENTED_EDGE ( 'NONE', *, *, #1015, .F. ) ;
#197 = VECTOR ( 'NONE', #1142, 1000.000000000000000 ) ;
#198 = EDGE_CURVE ( 'NONE', #1558, #151, #2266, .T. ) ;
#199 = AXIS2_PLACEMENT_3D ( 'NONE', #2238, #1383, #117 ) ;
#200 = CARTESIAN_POINT ( 'NONE',  ( -0.3500000000000000300, 0.02500000000000000100, -0.6440000000000000200 ) ) ;
#201 = PLANE ( 'NONE',  #184 ) ;
#202 = EDGE_CURVE ( 'NONE', #1435, #282, #1267, .T. ) ;
#203 = CARTESIAN_POINT ( 'NONE',  ( 5.510910596163091400E-017, 1.050000000000000000, -0.1589999999999998100 ) ) ;
#204 = DIRECTION ( 'NONE',  ( 1.000000000000000000, 0.0000000000000000000, -0.0000000000000000000 ) ) ;
#205 = CARTESIAN_POINT ( 'NONE',  ( 0.3499999999999998100, 0.0000000000000000000, 0.0000000000000000000 ) ) ;
#206 = VECTOR ( 'NONE', #2550, 1000.000000000000000 ) ;
#207 = ORIENTED_EDGE ( 'NONE', *, *, #342, .F. ) ;
#208 = EDGE_CURVE ( 'NONE', #2444, #624, #1760, .T. ) ;
#209 = DIRECTION ( 'NONE',  ( 0.0000000000000000000, -0.0000000000000000000, -1.000000000000000000 ) ) ;
#210 = ORIENTED_EDGE ( 'NONE', *, *, #247, .F. ) ;
#211 = VECTOR ( 'NONE', #2439, 1000.000000000000000 ) ;
#212 = VERTEX_POINT ( 'NONE', #2522 ) ;
#213 = AXIS2_PLACEMENT_3D ( 'NONE', #1834, #2063, #791 ) ;
#214 = DIRECTION ( 'NONE',  ( -1.000000000000000000, 0.0000000000000000000, 0.0000000000000000000 ) ) ;
#215 = CARTESIAN_POINT ( 'NONE',  ( 0.3500000000000001400, 0.7791677532220540000, 7.776040171514882000E-017 ) ) ;
#216 = ORIENTED_EDGE ( 'NONE', *, *, #1581, .F. ) ;
#217 = LINE ( 'NONE', #428, #720 ) ;
#218 = VERTEX_POINT ( 'NONE', #1721 ) ;
#219 = SURFACE_SIDE_STYLE ('',( #240 ) ) ;
#220 = ORIENTED_EDGE ( 'NONE', *, *, #327, .F. ) ;
#221 = ORIENTED_EDGE ( 'NONE', *, *, #811, .F. ) ;
#222 = PRODUCT ( 'AS7341-DLGM', 'AS7341-DLGM', '', ( #1733 ) ) ;
#223 = VECTOR ( 'NONE', #294, 1000.000000000000000 ) ;
#224 = ORIENTED_EDGE ( 'NONE', *, *, #2051, .T. ) ;
#225 = VERTEX_POINT ( 'NONE', #1087 ) ;
#226 = CARTESIAN_POINT ( 'NONE',  ( -0.3500000000000000300, 0.0000000000000000000, 0.0000000000000000000 ) ) ;
#227 = PRESENTATION_STYLE_ASSIGNMENT (( #374 ) ) ;
#228 = CARTESIAN_POINT ( 'NONE',  ( 0.3500000000000000300, 0.7791677532220540000, 0.0000000000000000000 ) ) ;
#229 = CARTESIAN_POINT ( 'NONE',  ( 0.9999999999999997800, 0.02500000000000000100, 0.9559999999999997400 ) ) ;
#230 = LINE ( 'NONE', #1892, #59 ) ;
#231 = VECTOR ( 'NONE', #823, 1000.000000000000000 ) ;
#232 = CARTESIAN_POINT ( 'NONE',  ( 0.0000000000000000000, 0.0000000000000000000, 0.6440000000000001300 ) ) ;
#233 = EDGE_CURVE ( 'NONE', #1106, #1490, #1626, .T. ) ;
#234 = AXIS2_PLACEMENT_3D ( 'NONE', #1956, #1105, #2543 ) ;
#235 = DIRECTION ( 'NONE',  ( 0.0000000000000000000, 0.0000000000000000000, 1.000000000000000000 ) ) ;
#236 = CARTESIAN_POINT ( 'NONE',  ( 0.0000000000000000000, 1.050000000000000000, -0.6089999999999999900 ) ) ;
#237 = LINE ( 'NONE', #1833, #776 ) ;
#238 = DIRECTION ( 'NONE',  ( 0.0000000000000000000, 1.000000000000000000, 0.0000000000000000000 ) ) ;
#239 = DIRECTION ( 'NONE',  ( 0.0000000000000000000, 1.000000000000000000, -0.0000000000000000000 ) ) ;
#240 = SURFACE_STYLE_FILL_AREA ( #1914 ) ;
#241 = CARTESIAN_POINT ( 'NONE',  ( -0.3500000000000002600, 0.02500000000000000100, 0.0000000000000000000 ) ) ;
#242 = ORIENTED_EDGE ( 'NONE', *, *, #902, .F. ) ;
#243 = VECTOR ( 'NONE', #1394, 1000.000000000000000 ) ;
#244 = CARTESIAN_POINT ( 'NONE',  ( 0.9999999999999997800, 0.0000000000000000000, 0.6440000000000000200 ) ) ;
#245 = VECTOR ( 'NONE', #2167, 1000.000000000000000 ) ;
#246 = EDGE_LOOP ( 'NONE', ( #2387, #1083, #1046, #1246, #2224 ) ) ;
#247 = EDGE_CURVE ( 'NONE', #1014, #2444, #2208, .T. ) ;
#248 = LINE ( 'NONE', #1381, #754 ) ;
#249 = SURFACE_SIDE_STYLE ('',( #843 ) ) ;
#250 = VECTOR ( 'NONE', #1678, 1000.000000000000000 ) ;
#251 = CLOSED_SHELL ( 'NONE', ( #2017, #146, #548, #1588, #1191, #1825 ) ) ;
#252 = EDGE_CURVE ( 'NONE', #2330, #1272, #575, .T. ) ;
#253 = ORIENTED_EDGE ( 'NONE', *, *, #2088, .T. ) ;
#254 = DIRECTION ( 'NONE',  ( 0.0000000000000000000, 0.0000000000000000000, 1.000000000000000000 ) ) ;
#255 = ORIENTED_EDGE ( 'NONE', *, *, #1361, .T. ) ;
#256 = ORIENTED_EDGE ( 'NONE', *, *, #2328, .F. ) ;
#257 = SURFACE_STYLE_USAGE ( .BOTH. , #249 ) ;
#258 = VECTOR ( 'NONE', #137, 1000.000000000000000 ) ;
#259 = DIRECTION ( 'NONE',  ( 0.0000000000000000000, 1.000000000000000000, -0.0000000000000000000 ) ) ;
#260 = DIRECTION ( 'NONE',  ( 0.0000000000000000000, -0.0000000000000000000, -1.000000000000000000 ) ) ;
#261 = DIRECTION ( 'NONE',  ( 0.0000000000000000000, -0.0000000000000000000, 1.000000000000000000 ) ) ;
#262 = FACE_OUTER_BOUND ( 'NONE', #2652, .T. ) ;
#263 = CARTESIAN_POINT ( 'NONE',  ( 0.0000000000000000000, 0.0000000000000000000, 0.0000000000000000000 ) ) ;
#264 = EDGE_CURVE ( 'NONE', #2279, #1462, #500, .T. ) ;
#265 = AXIS2_PLACEMENT_3D ( 'NONE', #1929, #1938, #1950 ) ;
#266 = DIRECTION ( 'NONE',  ( -0.0000000000000000000, 0.0000000000000000000, -1.000000000000000000 ) ) ;
#267 = EDGE_CURVE ( 'NONE', #410, #1414, #2638, .T. ) ;
#268 =( LENGTH_UNIT ( ) NAMED_UNIT ( * ) SI_UNIT ( .MILLI., .METRE. ) );
#269 = AXIS2_PLACEMENT_3D ( 'NONE', #851, #338, #387 ) ;
#270 = DIRECTION ( 'NONE',  ( -1.000000000000000000, 0.0000000000000000000, 8.131516293641281300E-016 ) ) ;
#271 = ADVANCED_FACE ( 'NONE', ( #1554 ), #1926, .F. ) ;
#272 = CARTESIAN_POINT ( 'NONE',  ( -0.3500000000000000300, 0.7791677532220540000, -0.1560000000000000000 ) ) ;
#273 = PLANE ( 'NONE',  #2342 ) ;
#274 = DIRECTION ( 'NONE',  ( -1.668003342285391800E-016, 0.0000000000000000000, 1.000000000000000000 ) ) ;
#275 = LINE ( 'NONE', #1323, #1831 ) ;
#276 = ORIENTED_EDGE ( 'NONE', *, *, #1095, .T. ) ;
#277 = PRESENTATION_STYLE_ASSIGNMENT (( #257 ) ) ;
#278 =( NAMED_UNIT ( * ) PLANE_ANGLE_UNIT ( ) SI_UNIT ( $, .RADIAN. ) );
#279 = VECTOR ( 'NONE', #1261, 1000.000000000000000 ) ;
#280 = EDGE_LOOP ( 'NONE', ( #1345, #503, #478, #1450 ) ) ;
#281 = LINE ( 'NONE', #2529, #211 ) ;
#282 = VERTEX_POINT ( 'NONE', #880 ) ;
#283 = CARTESIAN_POINT ( 'NONE',  ( 0.9999999999999997800, 0.0000000000000000000, -0.9559999999999996300 ) ) ;
#284 = DIRECTION ( 'NONE',  ( 0.0000000000000000000, 1.000000000000000000, 0.0000000000000000000 ) ) ;
#285 = CLOSED_SHELL ( 'NONE', ( #1796, #1841, #1391, #1376, #2041, #2438 ) ) ;
#286 = LINE ( 'NONE', #164, #1907 ) ;
#287 = EDGE_CURVE ( 'NONE', #151, #2359, #439, .T. ) ;
#288 = ORIENTED_EDGE ( 'NONE', *, *, #1651, .T. ) ;
#289 = ADVANCED_FACE ( 'NONE', ( #940 ), #1485, .T. ) ;
#290 = DIRECTION ( 'NONE',  ( -1.000000000000000000, 0.0000000000000000000, -0.0000000000000000000 ) ) ;
#291 = CARTESIAN_POINT ( 'NONE',  ( 0.0000000000000000000, 0.0000000000000000000, 1.444000000000000200 ) ) ;
#292 = VERTEX_POINT ( 'NONE', #2505 ) ;
#293 = ORIENTED_EDGE ( 'NONE', *, *, #2027, .F. ) ;
#294 = DIRECTION ( 'NONE',  ( 2.221725763289965300E-016, 0.0000000000000000000, -1.000000000000000000 ) ) ;
#295 = VERTEX_POINT ( 'NONE', #434 ) ;
#296 = VERTEX_POINT ( 'NONE', #1687 ) ;
#297 = CARTESIAN_POINT ( 'NONE',  ( -1.000000000000000200, 0.0000000000000000000, 1.550000000000000300 ) ) ;
#298 = DIRECTION ( 'NONE',  ( 0.0000000000000000000, -0.0000000000000000000, 1.000000000000000000 ) ) ;
#299 = CARTESIAN_POINT ( 'NONE',  ( 0.3500000000000000300, 0.02499999999999995600, 0.0000000000000000000 ) ) ;
#300 = CARTESIAN_POINT ( 'NONE',  ( 0.3500000000000000300, 0.02499999999999996700, -0.6440000000000001300 ) ) ;
#301 =( NAMED_UNIT ( * ) SI_UNIT ( $, .STERADIAN. ) SOLID_ANGLE_UNIT ( ) );
#302 = ADVANCED_FACE ( 'NONE', ( #2073 ), #1067, .F. ) ;
#303 = PLANE ( 'NONE',  #269 ) ;
#304 = EDGE_CURVE ( 'NONE', #2321, #662, #2002, .T. ) ;
#305 = DIRECTION ( 'NONE',  ( 0.0000000000000000000, -0.0000000000000000000, 1.000000000000000000 ) ) ;
#306 =( GEOMETRIC_REPRESENTATION_CONTEXT ( 3 ) GLOBAL_UNCERTAINTY_ASSIGNED_CONTEXT ( ( #1731 ) ) GLOBAL_UNIT_ASSIGNED_CONTEXT ( ( #1503, #1511, #1522 ) ) REPRESENTATION_CONTEXT ( 'NONE', 'WORKASPACE' ) );
#307 = DIRECTION ( 'NONE',  ( 1.000000000000000000, 0.0000000000000000000, -0.0000000000000000000 ) ) ;
#308 = CARTESIAN_POINT ( 'NONE',  ( -0.9250000000000002700, 0.0000000000000000000, 0.9559999999999996300 ) ) ;
#309 = VECTOR ( 'NONE', #2474, 1000.000000000000000 ) ;
#310 = DIRECTION ( 'NONE',  ( 0.7071067811865512400, -0.0000000000000000000, -0.7071067811865439100 ) ) ;
#311 = CARTESIAN_POINT ( 'NONE',  ( -0.9250000000000002700, 0.0000000000000000000, 0.0000000000000000000 ) ) ;
#312 = CARTESIAN_POINT ( 'NONE',  ( 0.0000000000000000000, 1.100000000000000100, -1.550000000000000300 ) ) ;
#313 = ORIENTED_EDGE ( 'NONE', *, *, #2197, .T. ) ;
#314 = PLANE ( 'NONE',  #88 ) ;
#315 = LINE ( 'NONE', #989, #1366 ) ;
#316 = ADVANCED_FACE ( 'NONE', ( #1486 ), #654, .T. ) ;
#317 = CARTESIAN_POINT ( 'NONE',  ( -0.9250000000000002700, 0.0000000000000000000, 0.0000000000000000000 ) ) ;
#318 = ORIENTED_EDGE ( 'NONE', *, *, #2559, .F. ) ;
#319 = CARTESIAN_POINT ( 'NONE',  ( -0.3500000000000000300, 0.7791677532220540000, 0.1560000000000000000 ) ) ;
#320 = CLOSED_SHELL ( 'NONE', ( #736, #2261, #983, #120, #271, #566 ) ) ;
#321 = CARTESIAN_POINT ( 'NONE',  ( 0.3500000000000000300, 0.02500000000000000100, 0.0000000000000000000 ) ) ;
#322 = CARTESIAN_POINT ( 'NONE',  ( 0.0000000000000000000, 0.0000000000000000000, 0.0000000000000000000 ) ) ;
#323 = DIRECTION ( 'NONE',  ( -1.000000000000000000, -0.0000000000000000000, -0.0000000000000000000 ) ) ;
#324 = ORIENTED_EDGE ( 'NONE', *, *, #1675, .T. ) ;
#325 = ORIENTED_EDGE ( 'NONE', *, *, #2258, .F. ) ;
#326 = AXIS2_PLACEMENT_3D ( 'NONE', #1007, #1019, #1039 ) ;
#327 = EDGE_CURVE ( 'NONE', #830, #881, #2508, .T. ) ;
#328 = CARTESIAN_POINT ( 'NONE',  ( -0.3500000000000000300, 0.0000000000000000000, 0.6440000000000000200 ) ) ;
#329 = ORIENTED_EDGE ( 'NONE', *, *, #2245, .F. ) ;
#330 = STYLED_ITEM ( 'NONE', ( #1120 ), #1411 ) ;
#331 = COLOUR_RGB ( '',0.7921568627450980000, 0.8196078431372548800, 0.9333333333333333500 ) ;
#332 = VERTEX_POINT ( 'NONE', #1630 ) ;
#333 = ADVANCED_FACE ( 'NONE', ( #1933 ), #1236, .T. ) ;
#334 = CARTESIAN_POINT ( 'NONE',  ( 0.3500000000000001400, 0.0000000000000000000, 7.776040171514882000E-017 ) ) ;
#335 = CARTESIAN_POINT ( 'NONE',  ( -0.9250000000000002700, 0.7791677532220540000, -0.6439999999999999100 ) ) ;
#336 = DIRECTION ( 'NONE',  ( -0.0000000000000000000, 1.000000000000000000, 0.0000000000000000000 ) ) ;
#337 = DIRECTION ( 'NONE',  ( 1.000000000000000000, 0.0000000000000000000, -0.0000000000000000000 ) ) ;
#338 = DIRECTION ( 'NONE',  ( -9.427844978134816500E-017, 0.0000000000000000000, -1.000000000000000000 ) ) ;
#339 = DIRECTION ( 'NONE',  ( 0.0000000000000000000, -0.0000000000000000000, 1.000000000000000000 ) ) ;
#340 = EDGE_CURVE ( 'NONE', #420, #1104, #813, .T. ) ;
#341 = ADVANCED_FACE ( 'NONE', ( #2463 ), #388, .F. ) ;
#342 = EDGE_CURVE ( 'NONE', #1948, #646, #1870, .T. ) ;
#343 = VECTOR ( 'NONE', #1119, 1000.000000000000000 ) ;
#344 = EDGE_LOOP ( 'NONE', ( #318, #2281, #147, #576 ) ) ;
#345 = LINE ( 'NONE', #65, #1762 ) ;
#346 = DIRECTION ( 'NONE',  ( 1.000000000000000000, -0.0000000000000000000, 1.668003342285391600E-016 ) ) ;
#347 = EDGE_LOOP ( 'NONE', ( #797, #450, #1562, #1577 ) ) ;
#348 = LINE ( 'NONE', #2533, #1971 ) ;
#349 = EDGE_LOOP ( 'NONE', ( #1496, #1633, #1336, #691 ) ) ;
#350 = ORIENTED_EDGE ( 'NONE', *, *, #1709, .T. ) ;
#351 = FACE_OUTER_BOUND ( 'NONE', #448, .T. ) ;
#352 = VERTEX_POINT ( 'NONE', #1951 ) ;
#353 = CARTESIAN_POINT ( 'NONE',  ( 0.0000000000000000000, 0.02500000000000000100, 0.0000000000000000000 ) ) ;
#354 = EDGE_CURVE ( 'NONE', #295, #40, #744, .T. ) ;
#355 = ADVANCED_FACE ( 'NONE', ( #1296 ), #1529, .T. ) ;
#356 = EDGE_LOOP ( 'NONE', ( #1478, #1080, #1560, #2440 ) ) ;
#357 = ORIENTED_EDGE ( 'NONE', *, *, #354, .T. ) ;
#358 = DIRECTION ( 'NONE',  ( 1.000000000000000000, 0.0000000000000000000, -0.0000000000000000000 ) ) ;
#359 = DIRECTION ( 'NONE',  ( -0.7071067811865512400, 0.0000000000000000000, 0.7071067811865439100 ) ) ;
#360 = DIRECTION ( 'NONE',  ( 0.0000000000000000000, 0.0000000000000000000, 1.000000000000000000 ) ) ;
#361 = LINE ( 'NONE', #297, #958 ) ;
#362 = ORIENTED_EDGE ( 'NONE', *, *, #1918, .F. ) ;
#363 = STYLED_ITEM ( 'NONE', ( #2295 ), #2574 ) ;
#364 = VECTOR ( 'NONE', #583, 1000.000000000000000 ) ;
#365 = PLANE ( 'NONE',  #1348 ) ;
#366 = DIRECTION ( 'NONE',  ( -0.7071067811865512400, 0.0000000000000000000, 0.7071067811865439100 ) ) ;
#367 = DIRECTION ( 'NONE',  ( -1.000000000000000000, -0.0000000000000000000, 0.0000000000000000000 ) ) ;
#368 = CARTESIAN_POINT ( 'NONE',  ( -0.9250000000000002700, 0.7791677532220540000, 0.0000000000000000000 ) ) ;
#369 = MANIFOLD_SOLID_BREP ( 'Boss-Extrude3[3]', #251 ) ;
#370 = AXIS2_PLACEMENT_3D ( 'NONE', #368, #572, #612 ) ;
#371 = CARTESIAN_POINT ( 'NONE',  ( -0.3500000000000002600, 0.0000000000000000000, 1.444000000000000200 ) ) ;
#372 = PLANE ( 'NONE',  #2600 ) ;
#373 = EDGE_CURVE ( 'NONE', #1074, #2673, #2667, .T. ) ;
#374 = SURFACE_STYLE_USAGE ( .BOTH. , #1640 ) ;
#375 = VECTOR ( 'NONE', #2151, 1000.000000000000000 ) ;
#376 = CARTESIAN_POINT ( 'NONE',  ( 0.3499999999999999200, 0.0000000000000000000, 0.0000000000000000000 ) ) ;
#377 = CARTESIAN_POINT ( 'NONE',  ( 0.0000000000000000000, 0.9000000000000002400, -0.6089999999999999900 ) ) ;
#378 = LINE ( 'NONE', #2103, #279 ) ;
#379 = ORIENTED_EDGE ( 'NONE', *, *, #1953, .F. ) ;
#380 = VECTOR ( 'NONE', #772, 1000.000000000000000 ) ;
#381 = ORIENTED_EDGE ( 'NONE', *, *, #964, .F. ) ;
#382 = CARTESIAN_POINT ( 'NONE',  ( 0.9999999999999997800, 0.02499999999999984900, 1.550000000000000300 ) ) ;
#383 = ORIENTED_EDGE ( 'NONE', *, *, #396, .F. ) ;
#384 = DIRECTION ( 'NONE',  ( -0.7071067811865439100, 0.0000000000000000000, -0.7071067811865512400 ) ) ;
#385 = DIRECTION ( 'NONE',  ( 0.0000000000000000000, 1.000000000000000000, -0.0000000000000000000 ) ) ;
#386 = ORIENTED_EDGE ( 'NONE', *, *, #2101, .F. ) ;
#387 = DIRECTION ( 'NONE',  ( -1.000000000000000000, 0.0000000000000000000, 9.427844978134816500E-017 ) ) ;
#388 = PLANE ( 'NONE',  #1432 ) ;
#389 = VECTOR ( 'NONE', #1451, 1000.000000000000000 ) ;
#390 = ORIENTED_EDGE ( 'NONE', *, *, #1732, .F. ) ;
#391 = EDGE_CURVE ( 'NONE', #2004, #1270, #1799, .T. ) ;
#392 = CARTESIAN_POINT ( 'NONE',  ( 0.9999999999999997800, 0.0000000000000000000, -0.6440000000000000200 ) ) ;
#393 = DIRECTION ( 'NONE',  ( 0.0000000000000000000, 1.000000000000000000, 0.0000000000000000000 ) ) ;
#394 = CARTESIAN_POINT ( 'NONE',  ( 0.9250000000000002700, 0.02499999999999996700, 0.9559999999999996300 ) ) ;
#395 = VECTOR ( 'NONE', #367, 1000.000000000000000 ) ;
#396 = EDGE_CURVE ( 'NONE', #662, #1014, #538, .T. ) ;
#397 = DIRECTION ( 'NONE',  ( -1.825256182635529000E-016, 0.0000000000000000000, 1.000000000000000000 ) ) ;
#398 = DIRECTION ( 'NONE',  ( -1.000000000000000000, -0.0000000000000000000, 0.0000000000000000000 ) ) ;
#399 = LINE ( 'NONE', #640, #2691 ) ;
#400 = PLANE ( 'NONE',  #571 ) ;
#401 = PLANE ( 'NONE',  #1830 ) ;
#402 = EDGE_CURVE ( 'NONE', #1181, #1765, #2175, .T. ) ;
#403 = LINE ( 'NONE', #745, #2035 ) ;
#404 = FACE_OUTER_BOUND ( 'NONE', #2109, .T. ) ;
#405 = ORIENTED_EDGE ( 'NONE', *, *, #2528, .T. ) ;
#406 = EDGE_CURVE ( 'NONE', #296, #1347, #1037, .T. ) ;
#407 = CARTESIAN_POINT ( 'NONE',  ( 2.602085213965210000E-017, 0.7791677532220540000, -0.1559999999999999400 ) ) ;
#408 = LINE ( 'NONE', #2395, #469 ) ;
#409 = PRESENTATION_LAYER_ASSIGNMENT (  '', '', ( #131 ) ) ;
#410 = VERTEX_POINT ( 'NONE', #2309 ) ;
#411 = VECTOR ( 'NONE', #2322, 1000.000000000000000 ) ;
#412 = VERTEX_POINT ( 'NONE', #2121 ) ;
#413 = CARTESIAN_POINT ( 'NONE',  ( 0.9999999999999997800, -3.689173349139343000, -0.1559999999999998900 ) ) ;
#414 = FACE_OUTER_BOUND ( 'NONE', #718, .T. ) ;
#415 = ORIENTED_EDGE ( 'NONE', *, *, #2690, .F. ) ;
#416 = LINE ( 'NONE', #644, #2553 ) ;
#417 = ORIENTED_EDGE ( 'NONE', *, *, #2068, .T. ) ;
#418 = DIRECTION ( 'NONE',  ( 0.0000000000000000000, -0.0000000000000000000, 1.000000000000000000 ) ) ;
#419 = PLANE ( 'NONE',  #1417 ) ;
#420 = VERTEX_POINT ( 'NONE', #1055 ) ;
#421 = ORIENTED_EDGE ( 'NONE', *, *, #1772, .T. ) ;
#422 = CARTESIAN_POINT ( 'NONE',  ( 0.9250000000000002700, 0.7791677532220540000, 0.0000000000000000000 ) ) ;
#423 = LINE ( 'NONE', #840, #991 ) ;
#424 = ORIENTED_EDGE ( 'NONE', *, *, #2291, .T. ) ;
#425 = VECTOR ( 'NONE', #552, 1000.000000000000000 ) ;
#426 = DIRECTION ( 'NONE',  ( 0.0000000000000000000, -0.0000000000000000000, 1.000000000000000000 ) ) ;
#427 = EDGE_CURVE ( 'NONE', #624, #212, #1517, .T. ) ;
#428 = CARTESIAN_POINT ( 'NONE',  ( -0.3500000000000001400, 0.02500000000000000100, -1.205999999999997300 ) ) ;
#429 = PLANE ( 'NONE',  #1692 ) ;
#430 = LINE ( 'NONE', #413, #2479 ) ;
#431 = MANIFOLD_SOLID_BREP ( 'Boss-Extrude3[7]', #1691 ) ;
#432 = AXIS2_PLACEMENT_3D ( 'NONE', #1518, #2363, #896 ) ;
#433 = FILL_AREA_STYLE_COLOUR ( '', #2409 ) ;
#434 = CARTESIAN_POINT ( 'NONE',  ( 0.9250000000000002700, 0.0000000000000000000, 0.9559999999999997400 ) ) ;
#435 = CARTESIAN_POINT ( 'NONE',  ( 0.9250000000000002700, 0.7791677532220540000, -0.9559999999999996300 ) ) ;
#436 = LINE ( 'NONE', #1628, #1201 ) ;
#437 = VECTOR ( 'NONE', #204, 1000.000000000000000 ) ;
#438 = CARTESIAN_POINT ( 'NONE',  ( -1.000000000000000200, 0.0000000000000000000, -0.9559999999999996300 ) ) ;
#439 = LINE ( 'NONE', #232, #375 ) ;
#440 = EDGE_CURVE ( 'NONE', #1475, #543, #430, .T. ) ;
#441 = DIRECTION ( 'NONE',  ( -1.000000000000000000, 0.0000000000000000000, 0.0000000000000000000 ) ) ;
#442 = ORIENTED_EDGE ( 'NONE', *, *, #857, .F. ) ;
#443 = CYLINDRICAL_SURFACE ( 'NONE', #2633, 0.4500000000000000700 ) ;
#444 = DIRECTION ( 'NONE',  ( 0.0000000000000000000, 0.0000000000000000000, -1.000000000000000000 ) ) ;
#445 = ORIENTED_EDGE ( 'NONE', *, *, #777, .F. ) ;
#446 = VERTEX_POINT ( 'NONE', #438 ) ;
#447 = CLOSED_SHELL ( 'NONE', ( #1353, #516, #770, #1163, #1536, #1123 ) ) ;
#448 = EDGE_LOOP ( 'NONE', ( #955, #2588, #1538, #948 ) ) ;
#449 = LINE ( 'NONE', #604, #2157 ) ;
#450 = ORIENTED_EDGE ( 'NONE', *, *, #1276, .T. ) ;
#451 = CARTESIAN_POINT ( 'NONE',  ( 0.3499999999999999200, 0.7791677532220540000, -0.9559999999999996300 ) ) ;
#452 = DIRECTION ( 'NONE',  ( 0.0000000000000000000, 1.000000000000000000, 0.0000000000000000000 ) ) ;
#453 = DIRECTION ( 'NONE',  ( -1.000000000000000000, -0.0000000000000000000, -0.0000000000000000000 ) ) ;
#454 = CARTESIAN_POINT ( 'NONE',  ( -0.3500000000000001400, 0.02500000000000000100, -1.205999999999997300 ) ) ;
#455 = DIRECTION ( 'NONE',  ( 0.0000000000000000000, 1.000000000000000000, 0.0000000000000000000 ) ) ;
#456 = AXIS2_PLACEMENT_3D ( 'NONE', #522, #672, #675 ) ;
#457 = EDGE_CURVE ( 'NONE', #1074, #959, #1747, .T. ) ;
#458 = AXIS2_PLACEMENT_3D ( 'NONE', #178, #1252, #1168 ) ;
#459 = DIRECTION ( 'NONE',  ( 0.0000000000000000000, 1.000000000000000000, 0.0000000000000000000 ) ) ;
#460 = CARTESIAN_POINT ( 'NONE',  ( 0.0000000000000000000, 0.0000000000000000000, 0.0000000000000000000 ) ) ;
#461 = DIRECTION ( 'NONE',  ( 0.0000000000000000000, -1.000000000000000000, 0.0000000000000000000 ) ) ;
#462 = CARTESIAN_POINT ( 'NONE',  ( 0.3500000000000000300, 0.02499999999999996700, -0.1559999999999998900 ) ) ;
#463 = CARTESIAN_POINT ( 'NONE',  ( -0.5999999999999999800, 0.0000000000000000000, -0.9559999999999999600 ) ) ;
#464 = VECTOR ( 'NONE', #1680, 1000.000000000000000 ) ;
#465 = CARTESIAN_POINT ( 'NONE',  ( -1.000000000000000000, 0.0000000000000000000, 0.9559999999999996300 ) ) ;
#466 = PLANE ( 'NONE',  #665 ) ;
#467 = VECTOR ( 'NONE', #99, 1000.000000000000000 ) ;
#468 = ORIENTED_EDGE ( 'NONE', *, *, #202, .F. ) ;
#469 = VECTOR ( 'NONE', #1138, 1000.000000000000000 ) ;
#470 = ORIENTED_EDGE ( 'NONE', *, *, #2657, .T. ) ;
#471 = EDGE_CURVE ( 'NONE', #1980, #352, #230, .T. ) ;
#472 = FACE_OUTER_BOUND ( 'NONE', #993, .T. ) ;
#473 = ORIENTED_EDGE ( 'NONE', *, *, #2419, .F. ) ;
#474 = DIRECTION ( 'NONE',  ( 0.0000000000000000000, 0.0000000000000000000, 1.000000000000000000 ) ) ;
#475 = AXIS2_PLACEMENT_3D ( 'NONE', #2030, #2246, #967 ) ;
#476 = ORIENTED_EDGE ( 'NONE', *, *, #1589, .T. ) ;
#477 = EDGE_CURVE ( 'NONE', #598, #127, #637, .T. ) ;
#478 = ORIENTED_EDGE ( 'NONE', *, *, #530, .F. ) ;
#479 = CARTESIAN_POINT ( 'NONE',  ( 0.0000000000000000000, 0.0000000000000000000, 0.0000000000000000000 ) ) ;
#480 = ORIENTED_EDGE ( 'NONE', *, *, #1935, .F. ) ;
#481 = VERTEX_POINT ( 'NONE', #670 ) ;
#482 = ORIENTED_EDGE ( 'NONE', *, *, #789, .T. ) ;
#483 = DIRECTION ( 'NONE',  ( 1.000000000000000000, 0.0000000000000000000, -0.0000000000000000000 ) ) ;
#484 = FACE_OUTER_BOUND ( 'NONE', #599, .T. ) ;
#485 = ADVANCED_FACE ( 'NONE', ( #2307 ), #660, .F. ) ;
#486 = LINE ( 'NONE', #2156, #1542 ) ;
#487 = CARTESIAN_POINT ( 'NONE',  ( 0.9250000000000002700, 0.0000000000000000000, 0.1560000000000000600 ) ) ;
#488 = DIRECTION ( 'NONE',  ( 0.0000000000000000000, 0.0000000000000000000, 1.000000000000000000 ) ) ;
#489 = PLANE ( 'NONE',  #179 ) ;
#490 = EDGE_CURVE ( 'NONE', #27, #2324, #2689, .T. ) ;
#491 = DIRECTION ( 'NONE',  ( 0.0000000000000000000, 1.000000000000000000, 0.0000000000000000000 ) ) ;
#492 = AXIS2_PLACEMENT_3D ( 'NONE', #2635, #1623, #359 ) ;
#493 = PLANE ( 'NONE',  #2315 ) ;
#494 = DIRECTION ( 'NONE',  ( -0.0000000000000000000, 0.0000000000000000000, -1.000000000000000000 ) ) ;
#495 = DIRECTION ( 'NONE',  ( 0.0000000000000000000, 0.0000000000000000000, -1.000000000000000000 ) ) ;
#496 = CARTESIAN_POINT ( 'NONE',  ( -9.567667171349005400E-016, 0.7791677532220540000, -0.9560000000000007400 ) ) ;
#497 = CARTESIAN_POINT ( 'NONE',  ( 0.0000000000000000000, 0.0000000000000000000, -0.1559999999999998900 ) ) ;
#498 = ADVANCED_FACE ( 'NONE', ( #2257 ), #1030, .T. ) ;
#499 = DIRECTION ( 'NONE',  ( -1.825256182635528200E-016, 0.0000000000000000000, -1.000000000000000000 ) ) ;
#500 = LINE ( 'NONE', #1291, #1008 ) ;
#501 = SHAPE_DEFINITION_REPRESENTATION ( #1001, #1250 ) ;
#502 = DIRECTION ( 'NONE',  ( 1.000000000000000000, 0.0000000000000000000, -0.0000000000000000000 ) ) ;
#503 = ORIENTED_EDGE ( 'NONE', *, *, #1456, .F. ) ;
#504 = VECTOR ( 'NONE', #1164, 1000.000000000000000 ) ;
#505 = ORIENTED_EDGE ( 'NONE', *, *, #457, .F. ) ;
#506 = DIRECTION ( 'NONE',  ( 0.0000000000000000000, 0.0000000000000000000, -1.000000000000000000 ) ) ;
#507 = DIRECTION ( 'NONE',  ( 0.0000000000000000000, -0.0000000000000000000, -1.000000000000000000 ) ) ;
#508 = EDGE_LOOP ( 'NONE', ( #1048, #1375, #2379, #2011 ) ) ;
#509 = CARTESIAN_POINT ( 'NONE',  ( 0.9999999999999997800, 1.100000000000000300, -1.550000000000000300 ) ) ;
#510 = COLOUR_RGB ( '',0.0000000000000000000, 0.0000000000000000000, 0.0000000000000000000 ) ;
#511 = EDGE_CURVE ( 'NONE', #82, #1886, #565, .T. ) ;
#512 = ORIENTED_EDGE ( 'NONE', *, *, #1247, .F. ) ;
#513 = AXIS2_PLACEMENT_3D ( 'NONE', #1282, #107, #133 ) ;
#514 = EDGE_LOOP ( 'NONE', ( #1280, #1403, #698, #2337 ) ) ;
#515 = FILL_AREA_STYLE_COLOUR ( '', #661 ) ;
#516 = ADVANCED_FACE ( 'NONE', ( #1058 ), #2327, .T. ) ;
#517 = LINE ( 'NONE', #1453, #1220 ) ;
#518 = ORIENTED_EDGE ( 'NONE', *, *, #2140, .T. ) ;
#519 = ORIENTED_EDGE ( 'NONE', *, *, #1953, .T. ) ;
#520 = FILL_AREA_STYLE ('',( #515 ) ) ;
#521 = CARTESIAN_POINT ( 'NONE',  ( 0.0000000000000000000, 0.02500000000000000100, 0.0000000000000000000 ) ) ;
#522 = CARTESIAN_POINT ( 'NONE',  ( 0.9250000000000002700, 0.7791677532220540000, 0.0000000000000000000 ) ) ;
#523 = VERTEX_POINT ( 'NONE', #462 ) ;
#524 = VECTOR ( 'NONE', #1557, 1000.000000000000000 ) ;
#525 = CARTESIAN_POINT ( 'NONE',  ( -0.9250000000000002700, 0.02499999999999996700, 0.9559999999999996300 ) ) ;
#526 = DIRECTION ( 'NONE',  ( 0.0000000000000000000, 0.0000000000000000000, -1.000000000000000000 ) ) ;
#527 = CARTESIAN_POINT ( 'NONE',  ( 0.0000000000000000000, 0.02500000000000000100, 0.0000000000000000000 ) ) ;
#528 = DIRECTION ( 'NONE',  ( 0.0000000000000000000, 0.0000000000000000000, 1.000000000000000000 ) ) ;
#529 = DIRECTION ( 'NONE',  ( -1.000802005371234200E-015, 0.0000000000000000000, -1.000000000000000000 ) ) ;
#530 = EDGE_CURVE ( 'NONE', #1414, #979, #486, .T. ) ;
#531 = DIRECTION ( 'NONE',  ( 1.000000000000000000, 0.0000000000000000000, -1.668003342285391600E-016 ) ) ;
#532 = AXIS2_PLACEMENT_3D ( 'NONE', #1085, #31, #2518 ) ;
#533 = CARTESIAN_POINT ( 'NONE',  ( 0.9999999999999997800, 0.0000000000000000000, 1.550000000000000300 ) ) ;
#534 = ADVANCED_FACE ( 'NONE', ( #1615 ), #2504, .F. ) ;
#535 = EDGE_CURVE ( 'NONE', #225, #1241, #2132, .T. ) ;
#536 = DIRECTION ( 'NONE',  ( -0.0000000000000000000, 0.0000000000000000000, -1.000000000000000000 ) ) ;
#537 = PLANE ( 'NONE',  #1535 ) ;
#538 = LINE ( 'NONE', #1905, #464 ) ;
#539 = CARTESIAN_POINT ( 'NONE',  ( -0.3499999999999999200, 0.0000000000000000000, -7.776040171514880800E-017 ) ) ;
#540 = DIRECTION ( 'NONE',  ( -1.000000000000000000, 0.0000000000000000000, 1.000802005371234200E-015 ) ) ;
#541 = LINE ( 'NONE', #1580, #467 ) ;
#542 = EDGE_LOOP ( 'NONE', ( #1846, #1249, #186, #800 ) ) ;
#543 = VERTEX_POINT ( 'NONE', #168 ) ;
#544 = FACE_OUTER_BOUND ( 'NONE', #180, .T. ) ;
#545 = ORIENTED_EDGE ( 'NONE', *, *, #635, .F. ) ;
#546 = ORIENTED_EDGE ( 'NONE', *, *, #1967, .T. ) ;
#547 = EDGE_CURVE ( 'NONE', #695, #830, #1421, .T. ) ;
#548 = ADVANCED_FACE ( 'NONE', ( #2632 ), #915, .F. ) ;
#549 = CARTESIAN_POINT ( 'NONE',  ( 0.9999999999999997800, 0.02499999999999996300, 0.9559999999999996300 ) ) ;
#550 = DIRECTION ( 'NONE',  ( 0.0000000000000000000, 1.000000000000000000, 0.0000000000000000000 ) ) ;
#551 = DIRECTION ( 'NONE',  ( -0.0000000000000000000, -1.000000000000000000, -0.0000000000000000000 ) ) ;
#552 = DIRECTION ( 'NONE',  ( -0.0000000000000000000, -0.0000000000000000000, -1.000000000000000000 ) ) ;
#553 = ORIENTED_EDGE ( 'NONE', *, *, #2481, .T. ) ;
#554 = AXIS2_PLACEMENT_3D ( 'NONE', #1966, #2070, #2077 ) ;
#555 = EDGE_CURVE ( 'NONE', #212, #2361, #132, .T. ) ;
#556 = ORIENTED_EDGE ( 'NONE', *, *, #1792, .T. ) ;
#557 = ORIENTED_EDGE ( 'NONE', *, *, #2160, .T. ) ;
#558 = MECHANICAL_DESIGN_GEOMETRIC_PRESENTATION_REPRESENTATION (  '', ( #131 ), #704 ) ;
#559 = SURFACE_SIDE_STYLE ('',( #1946 ) ) ;
#560 = ORIENTED_EDGE ( 'NONE', *, *, #1709, .F. ) ;
#561 = EDGE_LOOP ( 'NONE', ( #1494, #1156, #1666, #1975 ) ) ;
#562 = CARTESIAN_POINT ( 'NONE',  ( -0.9250000000000002700, 0.7791677532220540000, 0.9559999999999996300 ) ) ;
#563 = CARTESIAN_POINT ( 'NONE',  ( 0.0000000000000000000, 1.100000000000000100, -0.1589999999999999200 ) ) ;
#564 = PLANE ( 'NONE',  #1324 ) ;
#565 = LINE ( 'NONE', #1064, #2198 ) ;
#566 = ADVANCED_FACE ( 'NONE', ( #1952 ), #1427, .F. ) ;
#567 = LINE ( 'NONE', #2092, #2058 ) ;
#568 = PLANE ( 'NONE',  #456 ) ;
#569 = EDGE_CURVE ( 'NONE', #982, #2190, #2564, .T. ) ;
#570 = VECTOR ( 'NONE', #1605, 1000.000000000000000 ) ;
#571 = AXIS2_PLACEMENT_3D ( 'NONE', #827, #1890, #627 ) ;
#572 = DIRECTION ( 'NONE',  ( -1.000000000000000000, 0.0000000000000000000, 0.0000000000000000000 ) ) ;
#573 = FACE_OUTER_BOUND ( 'NONE', #1533, .T. ) ;
#574 = DIRECTION ( 'NONE',  ( -1.000000000000000000, 0.0000000000000000000, 0.0000000000000000000 ) ) ;
#575 = LINE ( 'NONE', #1711, #2142 ) ;
#576 = ORIENTED_EDGE ( 'NONE', *, *, #2287, .F. ) ;
#577 = LINE ( 'NONE', #1121, #7 ) ;
#578 = ADVANCED_FACE ( 'NONE', ( #1786 ), #1540, .T. ) ;
#579 = CARTESIAN_POINT ( 'NONE',  ( 0.9999999999999997800, 0.02499999999999984900, 1.550000000000000300 ) ) ;
#580 = CARTESIAN_POINT ( 'NONE',  ( -1.000000000000000200, -3.689173349139343000, 1.550000000000000300 ) ) ;
#581 = CARTESIAN_POINT ( 'NONE',  ( -1.000000000000000000, 0.02500000000000000100, -0.1560000000000001100 ) ) ;
#582 = ORIENTED_EDGE ( 'NONE', *, *, #1621, .F. ) ;
#583 = DIRECTION ( 'NONE',  ( 1.000000000000000000, -0.0000000000000000000, -1.885568995626963300E-016 ) ) ;
#584 = LINE ( 'NONE', #102, #504 ) ;
#585 = VERTEX_POINT ( 'NONE', #929 ) ;
#586 = EDGE_LOOP ( 'NONE', ( #2298, #1701, #692, #1072 ) ) ;
#587 = CYLINDRICAL_SURFACE ( 'NONE', #755, 0.4500000000000001200 ) ;
#588 = CARTESIAN_POINT ( 'NONE',  ( -0.3500000000000002600, 0.02500000000000000100, 1.550000000000000300 ) ) ;
#589 = VERTEX_POINT ( 'NONE', #1773 ) ;
#590 = CARTESIAN_POINT ( 'NONE',  ( 0.9999999999999997800, -3.689173349139343000, 1.550000000000000300 ) ) ;
#591 = EDGE_CURVE ( 'NONE', #91, #523, #802, .T. ) ;
#592 = CLOSED_SHELL ( 'NONE', ( #1998, #2608, #2229, #134, #1752, #2202 ) ) ;
#593 = ORIENTED_EDGE ( 'NONE', *, *, #1514, .F. ) ;
#594 = DIRECTION ( 'NONE',  ( 3.151750501411325700E-016, 0.0000000000000000000, 1.000000000000000000 ) ) ;
#595 = AXIS2_PLACEMENT_3D ( 'NONE', #1483, #3, #1275 ) ;
#596 =( NAMED_UNIT ( * ) PLANE_ANGLE_UNIT ( ) SI_UNIT ( $, .RADIAN. ) );
#597 = FACE_OUTER_BOUND ( 'NONE', #763, .T. ) ;
#598 = VERTEX_POINT ( 'NONE', #937 ) ;
#599 = EDGE_LOOP ( 'NONE', ( #920, #1699, #2398, #1174 ) ) ;
#600 = STYLED_ITEM ( 'NONE', ( #2003 ), #1250 ) ;
#601 = CARTESIAN_POINT ( 'NONE',  ( 0.3499999999999998100, 0.7791677532220540000, -1.444000000000000000 ) ) ;
#602 = EDGE_LOOP ( 'NONE', ( #2678, #878, #1409, #1385 ) ) ;
#603 = LINE ( 'NONE', #2071, #130 ) ;
#604 = CARTESIAN_POINT ( 'NONE',  ( 0.0000000000000000000, 0.0000000000000000000, 0.9559999999999996300 ) ) ;
#605 =( NAMED_UNIT ( * ) PLANE_ANGLE_UNIT ( ) SI_UNIT ( $, .RADIAN. ) );
#606 = LINE ( 'NONE', #579, #231 ) ;
#607 = DIRECTION ( 'NONE',  ( 1.000000000000000000, 0.0000000000000000000, -0.0000000000000000000 ) ) ;
#608 = DIRECTION ( 'NONE',  ( 1.000000000000000000, -0.0000000000000000000, 1.668003342285391600E-016 ) ) ;
#609 = DIRECTION ( 'NONE',  ( 0.0000000000000000000, 0.0000000000000000000, 1.000000000000000000 ) ) ;
#610 = DIRECTION ( 'NONE',  ( 0.0000000000000000000, 1.000000000000000000, 0.0000000000000000000 ) ) ;
#611 = CIRCLE ( 'NONE', #1795, 0.4500000000000000700 ) ;
#612 = DIRECTION ( 'NONE',  ( 0.0000000000000000000, 0.0000000000000000000, 1.000000000000000000 ) ) ;
#613 = AXIS2_PLACEMENT_3D ( 'NONE', #936, #953, #962 ) ;
#614 = CARTESIAN_POINT ( 'NONE',  ( -1.000000000000000200, 0.02499999999999996300, 0.9559999999999996300 ) ) ;
#615 = EDGE_CURVE ( 'NONE', #121, #1414, #863, .T. ) ;
#616 = CARTESIAN_POINT ( 'NONE',  ( -1.000000000000000200, -3.689173349139343000, -0.9559999999999994100 ) ) ;
#617 = PRESENTATION_LAYER_ASSIGNMENT (  '', '', ( #330 ) ) ;
#618 = DIRECTION ( 'NONE',  ( 0.0000000000000000000, 0.0000000000000000000, 1.000000000000000000 ) ) ;
#619 = FACE_OUTER_BOUND ( 'NONE', #47, .T. ) ;
#620 = DIRECTION ( 'NONE',  ( -0.0000000000000000000, -0.0000000000000000000, -1.000000000000000000 ) ) ;
#621 = ORIENTED_EDGE ( 'NONE', *, *, #427, .T. ) ;
#622 = EDGE_LOOP ( 'NONE', ( #2594, #2625, #2466, #715 ) ) ;
#623 = CARTESIAN_POINT ( 'NONE',  ( 0.0000000000000000000, 0.9000000000000002400, -0.6089999999999999900 ) ) ;
#624 = VERTEX_POINT ( 'NONE', #1355 ) ;
#625 = VECTOR ( 'NONE', #1867, 1000.000000000000000 ) ;
#626 = DIRECTION ( 'NONE',  ( 1.000000000000000000, 0.0000000000000000000, 1.885568995626963300E-016 ) ) ;
#627 = DIRECTION ( 'NONE',  ( -1.000000000000000000, 0.0000000000000000000, 1.668003342285391800E-016 ) ) ;
#628 = ORIENTED_EDGE ( 'NONE', *, *, #1897, .T. ) ;
#629 = ORIENTED_EDGE ( 'NONE', *, *, #13, .F. ) ;
#630 = EDGE_CURVE ( 'NONE', #282, #1131, #1288, .T. ) ;
#631 = ORIENTED_EDGE ( 'NONE', *, *, #964, .T. ) ;
#632 = EDGE_LOOP ( 'NONE', ( #2016, #2520, #1157, #2446 ) ) ;
#633 = DIRECTION ( 'NONE',  ( 1.668003342285391600E-016, 0.0000000000000000000, -1.000000000000000000 ) ) ;
#634 = LINE ( 'NONE', #141, #1287 ) ;
#635 = EDGE_CURVE ( 'NONE', #2561, #1300, #1318, .T. ) ;
#636 = FACE_OUTER_BOUND ( 'NONE', #602, .T. ) ;
#637 = LINE ( 'NONE', #2530, #1676 ) ;
#638 = LINE ( 'NONE', #1988, #2008 ) ;
#639 = DIRECTION ( 'NONE',  ( 0.0000000000000000000, 0.0000000000000000000, 1.000000000000000000 ) ) ;
#640 = CARTESIAN_POINT ( 'NONE',  ( -0.6000000000000000900, 0.02500000000000000100, -0.9559999999999999600 ) ) ;
#641 = DIRECTION ( 'NONE',  ( 0.0000000000000000000, 0.0000000000000000000, -1.000000000000000000 ) ) ;
#642 = EDGE_CURVE ( 'NONE', #1131, #1904, #1115, .T. ) ;
#643 = PRESENTATION_LAYER_ASSIGNMENT (  '', '', ( #363 ) ) ;
#644 = CARTESIAN_POINT ( 'NONE',  ( -0.3500000000000000300, 0.02500000000000000100, 0.1560000000000000000 ) ) ;
#645 = LINE ( 'NONE', #693, #69 ) ;
#646 = VERTEX_POINT ( 'NONE', #509 ) ;
#647 = DIRECTION ( 'NONE',  ( 2.221725763289965300E-016, 0.0000000000000000000, -1.000000000000000000 ) ) ;
#648 = VECTOR ( 'NONE', #502, 1000.000000000000000 ) ;
#649 = ORIENTED_EDGE ( 'NONE', *, *, #2212, .F. ) ;
#650 = LINE ( 'NONE', #2658, #2380 ) ;
#651 = CARTESIAN_POINT ( 'NONE',  ( 0.0000000000000000000, 0.02500000000000000100, 0.0000000000000000000 ) ) ;
#652 = ORIENTED_EDGE ( 'NONE', *, *, #1227, .F. ) ;
#653 = LINE ( 'NONE', #706, #1213 ) ;
#654 = PLANE ( 'NONE',  #872 ) ;
#655 = EDGE_LOOP ( 'NONE', ( #803, #1671, #1912, #1947, #445 ) ) ;
#656 = DIRECTION ( 'NONE',  ( 1.000000000000000000, 0.0000000000000000000, -0.0000000000000000000 ) ) ;
#657 = VERTEX_POINT ( 'NONE', #942 ) ;
#658 = ORIENTED_EDGE ( 'NONE', *, *, #198, .T. ) ;
#659 = PLANE ( 'NONE',  #2181 ) ;
#660 = PLANE ( 'NONE',  #532 ) ;
#661 = COLOUR_RGB ( '',0.7921568627450980000, 0.8196078431372548800, 0.9333333333333333500 ) ;
#662 = VERTEX_POINT ( 'NONE', #2397 ) ;
#663 = ORIENTED_EDGE ( 'NONE', *, *, #1456, .T. ) ;
#664 = ORIENTED_EDGE ( 'NONE', *, *, #555, .F. ) ;
#665 = AXIS2_PLACEMENT_3D ( 'NONE', #527, #1017, #2048 ) ;
#666 = EDGE_CURVE ( 'NONE', #41, #1173, #2336, .T. ) ;
#667 = UNCERTAINTY_MEASURE_WITH_UNIT (LENGTH_MEASURE( 1.000000000000000100E-005 ), #1245, 'distance_accuracy_value', 'NONE');
#668 = CARTESIAN_POINT ( 'NONE',  ( -0.3500000000000000300, 0.02500000000000000100, -0.6440000000000000200 ) ) ;
#669 = DIRECTION ( 'NONE',  ( -1.000000000000000000, 0.0000000000000000000, 0.0000000000000000000 ) ) ;
#670 = CARTESIAN_POINT ( 'NONE',  ( -1.000000000000000000, 0.02499999999999996300, -0.1560000000000001100 ) ) ;
#671 = DIRECTION ( 'NONE',  ( -0.0000000000000000000, -1.000000000000000000, -0.0000000000000000000 ) ) ;
#672 = DIRECTION ( 'NONE',  ( -1.000000000000000000, 0.0000000000000000000, 0.0000000000000000000 ) ) ;
#673 = CARTESIAN_POINT ( 'NONE',  ( -1.000000000000000000, 0.0000000000000000000, -0.1560000000000000800 ) ) ;
#674 = DIRECTION ( 'NONE',  ( 0.0000000000000000000, 0.0000000000000000000, -1.000000000000000000 ) ) ;
#675 = DIRECTION ( 'NONE',  ( 0.0000000000000000000, 0.0000000000000000000, 1.000000000000000000 ) ) ;
#676 = COLOUR_RGB ( '',0.7921568627450980000, 0.8196078431372548800, 0.9333333333333333500 ) ;
#677 = EDGE_CURVE ( 'NONE', #1148, #163, #1919, .T. ) ;
#678 = DIRECTION ( 'NONE',  ( 0.0000000000000000000, -0.0000000000000000000, 1.000000000000000000 ) ) ;
#679 = EDGE_LOOP ( 'NONE', ( #1344, #1306, #116, #2453 ) ) ;
#680 = ORIENTED_EDGE ( 'NONE', *, *, #963, .T. ) ;
#681 = FACE_OUTER_BOUND ( 'NONE', #1136, .T. ) ;
#682 = SURFACE_SIDE_STYLE ('',( #1134 ) ) ;
#683 =( NAMED_UNIT ( * ) SI_UNIT ( $, .STERADIAN. ) SOLID_ANGLE_UNIT ( ) );
#684 = DIRECTION ( 'NONE',  ( 0.0000000000000000000, 1.000000000000000000, 0.0000000000000000000 ) ) ;
#685 = EDGE_LOOP ( 'NONE', ( #1881, #2646, #1609, #1281 ) ) ;
#686 = LINE ( 'NONE', #2253, #1524 ) ;
#687 = EDGE_CURVE ( 'NONE', #2038, #1330, #1708, .T. ) ;
#688 = CARTESIAN_POINT ( 'NONE',  ( 0.0000000000000000000, 0.0000000000000000000, 0.1560000000000000000 ) ) ;
#689 = ORIENTED_EDGE ( 'NONE', *, *, #1883, .T. ) ;
#690 = DIRECTION ( 'NONE',  ( -1.000000000000000000, -0.0000000000000000000, 0.0000000000000000000 ) ) ;
#691 = ORIENTED_EDGE ( 'NONE', *, *, #1257, .T. ) ;
#692 = ORIENTED_EDGE ( 'NONE', *, *, #1061, .T. ) ;
#693 = CARTESIAN_POINT ( 'NONE',  ( 0.3500000000000000300, 0.02500000000000000100, 0.6440000000000001300 ) ) ;
#694 = CARTESIAN_POINT ( 'NONE',  ( -0.3500000000000000300, 0.02500000000000000100, 0.6440000000000000200 ) ) ;
#695 = VERTEX_POINT ( 'NONE', #2233 ) ;
#696 = CARTESIAN_POINT ( 'NONE',  ( -0.9250000000000002700, 0.7791677532220540000, 1.444000000000000200 ) ) ;
#697 = ORIENTED_EDGE ( 'NONE', *, *, #391, .T. ) ;
#698 = ORIENTED_EDGE ( 'NONE', *, *, #2276, .F. ) ;
#699 = DIRECTION ( 'NONE',  ( 0.0000000000000000000, 1.000000000000000000, 0.0000000000000000000 ) ) ;
#700 = EDGE_CURVE ( 'NONE', #218, #1984, #2502, .T. ) ;
#701 = FACE_OUTER_BOUND ( 'NONE', #508, .T. ) ;
#702 = CARTESIAN_POINT ( 'NONE',  ( 0.0000000000000000000, 0.7791677532220540000, -1.444000000000000000 ) ) ;
#703 = EDGE_CURVE ( 'NONE', #1410, #646, #1086, .T. ) ;
#704 =( GEOMETRIC_REPRESENTATION_CONTEXT ( 3 ) GLOBAL_UNCERTAINTY_ASSIGNED_CONTEXT ( ( #2407 ) ) GLOBAL_UNIT_ASSIGNED_CONTEXT ( ( #1036, #605, #683 ) ) REPRESENTATION_CONTEXT ( 'NONE', 'WORKASPACE' ) );
#705 = DIRECTION ( 'NONE',  ( 0.0000000000000000000, 1.000000000000000000, 0.0000000000000000000 ) ) ;
#706 = CARTESIAN_POINT ( 'NONE',  ( 0.9999999999999997800, -3.689173349139343000, 0.6440000000000000200 ) ) ;
#707 = DIRECTION ( 'NONE',  ( -0.0000000000000000000, 1.000000000000000000, 0.0000000000000000000 ) ) ;
#708 = ADVANCED_FACE ( 'NONE', ( #484 ), #104, .T. ) ;
#709 = CARTESIAN_POINT ( 'NONE',  ( 0.0000000000000000000, 0.7791677532220540000, 1.444000000000000200 ) ) ;
#710 = DIRECTION ( 'NONE',  ( -0.0000000000000000000, -1.000000000000000000, -0.0000000000000000000 ) ) ;
#711 = DIRECTION ( 'NONE',  ( -0.0000000000000000000, -1.000000000000000000, -0.0000000000000000000 ) ) ;
#712 = LINE ( 'NONE', #1319, #1963 ) ;
#713 = VERTEX_POINT ( 'NONE', #2013 ) ;
#714 = PLANE ( 'NONE',  #1921 ) ;
#715 = ORIENTED_EDGE ( 'NONE', *, *, #2101, .T. ) ;
#716 = EDGE_CURVE ( 'NONE', #2038, #2255, #2230, .T. ) ;
#717 = VECTOR ( 'NONE', #1018, 1000.000000000000000 ) ;
#718 = EDGE_LOOP ( 'NONE', ( #22, #1728, #859, #156 ) ) ;
#719 = ORIENTED_EDGE ( 'NONE', *, *, #1792, .F. ) ;
#720 = VECTOR ( 'NONE', #366, 1000.000000000000000 ) ;
#721 = AXIS2_PLACEMENT_3D ( 'NONE', #28, #441, #1703 ) ;
#722 = EDGE_LOOP ( 'NONE', ( #2081, #255 ) ) ;
#723 = ADVANCED_FACE ( 'NONE', ( #1987 ), #1171, .F. ) ;
#724 = VECTOR ( 'NONE', #536, 1000.000000000000000 ) ;
#725 = PLANE ( 'NONE',  #2217 ) ;
#726 = CARTESIAN_POINT ( 'NONE',  ( 0.3500000000000000300, 0.02500000000000000100, 0.1559999999999998900 ) ) ;
#727 = ORIENTED_EDGE ( 'NONE', *, *, #109, .T. ) ;
#728 = ORIENTED_EDGE ( 'NONE', *, *, #700, .F. ) ;
#729 = LINE ( 'NONE', #1552, #1284 ) ;
#730 = ORIENTED_EDGE ( 'NONE', *, *, #1276, .F. ) ;
#731 = EDGE_LOOP ( 'NONE', ( #49, #652, #1438, #1573 ) ) ;
#732 = PLANE ( 'NONE',  #1757 ) ;
#733 = COLOUR_RGB ( '',0.7921568627450980000, 0.8196078431372548800, 0.9333333333333333500 ) ;
#734 = FILL_AREA_STYLE_COLOUR ( '', #2489 ) ;
#735 = EDGE_CURVE ( 'NONE', #40, #2614, #2427, .T. ) ;
#736 = ADVANCED_FACE ( 'NONE', ( #2284 ), #753, .F. ) ;
#737 = PRESENTATION_LAYER_ASSIGNMENT (  '', '', ( #600 ) ) ;
#738 = DIRECTION ( 'NONE',  ( 0.0000000000000000000, 1.000000000000000000, 0.0000000000000000000 ) ) ;
#739 = FACE_OUTER_BOUND ( 'NONE', #1044, .T. ) ;
#740 = DIRECTION ( 'NONE',  ( 0.0000000000000000000, -0.0000000000000000000, 1.000000000000000000 ) ) ;
#741 = DIRECTION ( 'NONE',  ( 0.0000000000000000000, 0.0000000000000000000, -1.000000000000000000 ) ) ;
#742 = CARTESIAN_POINT ( 'NONE',  ( -1.000000000000000200, -3.689173349139343000, -1.550000000000000300 ) ) ;
#743 = CARTESIAN_POINT ( 'NONE',  ( 0.9250000000000002700, 0.02499999999999997700, -0.9559999999999996300 ) ) ;
#744 = LINE ( 'NONE', #2174, #177 ) ;
#745 = CARTESIAN_POINT ( 'NONE',  ( 0.0000000000000000000, 0.0000000000000000000, -0.9559999999999996300 ) ) ;
#746 = ORIENTED_EDGE ( 'NONE', *, *, #829, .T. ) ;
#747 = VECTOR ( 'NONE', #2049, 1000.000000000000000 ) ;
#748 = ADVANCED_FACE ( 'NONE', ( #2655 ), #2611, .T. ) ;
#749 = VECTOR ( 'NONE', #1793, 1000.000000000000000 ) ;
#750 = CARTESIAN_POINT ( 'NONE',  ( -0.6000000000000000900, 0.02500000000000000100, -0.9559999999999999600 ) ) ;
#751 = DIRECTION ( 'NONE',  ( 1.000000000000000000, 0.0000000000000000000, -0.0000000000000000000 ) ) ;
#752 = ORIENTED_EDGE ( 'NONE', *, *, #440, .T. ) ;
#753 = PLANE ( 'NONE',  #475 ) ;
#754 = VECTOR ( 'NONE', #1455, 1000.000000000000000 ) ;
#755 = AXIS2_PLACEMENT_3D ( 'NONE', #765, #551, #741 ) ;
#756 = EDGE_CURVE ( 'NONE', #1534, #1352, #2061, .T. ) ;
#757 = DIRECTION ( 'NONE',  ( -0.0000000000000000000, -1.000000000000000000, 0.0000000000000000000 ) ) ;
#758 = ORIENTED_EDGE ( 'NONE', *, *, #677, .F. ) ;
#759 = MECHANICAL_DESIGN_GEOMETRIC_PRESENTATION_REPRESENTATION (  '', ( #330 ), #893 ) ;
#760 = ORIENTED_EDGE ( 'NONE', *, *, #1689, .F. ) ;
#761 = EDGE_LOOP ( 'NONE', ( #470, #1537, #2450, #876 ) ) ;
#762 = DIRECTION ( 'NONE',  ( 1.000000000000000000, 0.0000000000000000000, 1.885568995626964000E-016 ) ) ;
#763 = EDGE_LOOP ( 'NONE', ( #1384, #1446, #621, #2277 ) ) ;
#764 = CARTESIAN_POINT ( 'NONE',  ( 0.9999999999999997800, 0.02500000000000000100, -0.1560000000000000000 ) ) ;
#765 = CARTESIAN_POINT ( 'NONE',  ( 0.0000000000000000000, 1.050000000000000000, -0.6089999999999999900 ) ) ;
#766 = DIRECTION ( 'NONE',  ( 1.000000000000000000, -0.0000000000000000000, 1.825256182635528200E-016 ) ) ;
#767 = ORIENTED_EDGE ( 'NONE', *, *, #1818, .T. ) ;
#768 = UNCERTAINTY_MEASURE_WITH_UNIT (LENGTH_MEASURE( 1.000000000000000100E-005 ), #1945, 'distance_accuracy_value', 'NONE');
#769 = DIRECTION ( 'NONE',  ( 0.0000000000000000000, 0.0000000000000000000, 1.000000000000000000 ) ) ;
#770 = ADVANCED_FACE ( 'NONE', ( #1350 ), #1185, .F. ) ;
#771 = LINE ( 'NONE', #1302, #1187 ) ;
#772 = DIRECTION ( 'NONE',  ( 1.000000000000000000, -0.0000000000000000000, 1.668003342285391600E-016 ) ) ;
#773 = EDGE_CURVE ( 'NONE', #2517, #21, #57, .T. ) ;
#774 = CARTESIAN_POINT ( 'NONE',  ( -0.3499999999999999200, 0.7791677532220540000, -7.776040171514880800E-017 ) ) ;
#775 = AXIS2_PLACEMENT_3D ( 'NONE', #2428, #766, #125 ) ;
#776 = VECTOR ( 'NONE', #1845, 1000.000000000000000 ) ;
#777 = EDGE_CURVE ( 'NONE', #2123, #1779, #2480, .T. ) ;
#778 = CARTESIAN_POINT ( 'NONE',  ( -1.802603959819377600E-016, 0.0000000000000000000, 0.9559999999999998500 ) ) ;
#779 = ADVANCED_FACE ( 'NONE', ( #701 ), #564, .F. ) ;
#780 = CARTESIAN_POINT ( 'NONE',  ( -0.3500000000000001400, 0.02499999999999996700, 0.9559999999999996300 ) ) ;
#781 = DIRECTION ( 'NONE',  ( 0.0000000000000000000, -0.0000000000000000000, 1.000000000000000000 ) ) ;
#782 = FACE_OUTER_BOUND ( 'NONE', #731, .T. ) ;
#783 = ORIENTED_EDGE ( 'NONE', *, *, #1717, .F. ) ;
#784 = CARTESIAN_POINT ( 'NONE',  ( 0.0000000000000000000, 0.02500000000000000100, 0.9559999999999997400 ) ) ;
#785 = ORIENTED_EDGE ( 'NONE', *, *, #1034, .F. ) ;
#786 = LINE ( 'NONE', #1431, #717 ) ;
#787 = ORIENTED_EDGE ( 'NONE', *, *, #1382, .F. ) ;
#788 = ORIENTED_EDGE ( 'NONE', *, *, #2670, .F. ) ;
#789 = EDGE_CURVE ( 'NONE', #1734, #1253, #2531, .T. ) ;
#790 = FACE_OUTER_BOUND ( 'NONE', #2423, .T. ) ;
#791 = DIRECTION ( 'NONE',  ( -1.000000000000000000, 0.0000000000000000000, 1.668003342285392000E-016 ) ) ;
#792 = DIRECTION ( 'NONE',  ( -1.000000000000000000, -0.0000000000000000000, 0.0000000000000000000 ) ) ;
#793 = VERTEX_POINT ( 'NONE', #2260 ) ;
#794 = MECHANICAL_DESIGN_GEOMETRIC_PRESENTATION_REPRESENTATION (  '', ( #363 ), #933 ) ;
#795 = DIRECTION ( 'NONE',  ( 0.0000000000000000000, -0.0000000000000000000, 1.000000000000000000 ) ) ;
#796 = ADVANCED_FACE ( 'NONE', ( #2687 ), #1826, .T. ) ;
#797 = ORIENTED_EDGE ( 'NONE', *, *, #1175, .T. ) ;
#798 = EDGE_LOOP ( 'NONE', ( #1101, #2059, #658, #149 ) ) ;
#799 = LINE ( 'NONE', #1575, #2524 ) ;
#800 = ORIENTED_EDGE ( 'NONE', *, *, #974, .F. ) ;
#801 = ORIENTED_EDGE ( 'NONE', *, *, #1514, .T. ) ;
#802 = LINE ( 'NONE', #299, #2095 ) ;
#803 = ORIENTED_EDGE ( 'NONE', *, *, #1260, .T. ) ;
#804 = DIRECTION ( 'NONE',  ( -1.000000000000000000, -0.0000000000000000000, 0.0000000000000000000 ) ) ;
#805 = VECTOR ( 'NONE', #707, 1000.000000000000000 ) ;
#806 = CARTESIAN_POINT ( 'NONE',  ( 0.9999999999999997800, -3.689173349139343000, 1.550000000000000300 ) ) ;
#807 = CARTESIAN_POINT ( 'NONE',  ( 0.9250000000000002700, 0.02499999999999996700, -0.6440000000000001300 ) ) ;
#808 = FACE_OUTER_BOUND ( 'NONE', #53, .T. ) ;
#809 = STYLED_ITEM ( 'NONE', ( #1182 ), #1909 ) ;
#810 = CARTESIAN_POINT ( 'NONE',  ( 0.0000000000000000000, 0.02500000000000000100, 0.0000000000000000000 ) ) ;
#811 = EDGE_CURVE ( 'NONE', #825, #352, #1160, .T. ) ;
#812 = AXIS2_PLACEMENT_3D ( 'NONE', #189, #1999, #2114 ) ;
#813 = LINE ( 'NONE', #1750, #309 ) ;
#814 = CARTESIAN_POINT ( 'NONE',  ( 0.0000000000000000000, 0.02499999999999995600, -1.444000000000000000 ) ) ;
#815 = EDGE_LOOP ( 'NONE', ( #788, #860, #2598, #2471 ) ) ;
#816 = PLANE ( 'NONE',  #2445 ) ;
#817 = LINE ( 'NONE', #1607, #243 ) ;
#818 = FACE_OUTER_BOUND ( 'NONE', #2250, .T. ) ;
#819 = CARTESIAN_POINT ( 'NONE',  ( -0.3500000000000000300, 0.0000000000000000000, 0.0000000000000000000 ) ) ;
#820 = ORIENTED_EDGE ( 'NONE', *, *, #2212, .T. ) ;
#821 = LINE ( 'NONE', #1395, #1877 ) ;
#822 = ORIENTED_EDGE ( 'NONE', *, *, #1078, .F. ) ;
#823 = DIRECTION ( 'NONE',  ( 0.0000000000000000000, 0.0000000000000000000, -1.000000000000000000 ) ) ;
#824 = EDGE_CURVE ( 'NONE', #657, #1300, #634, .T. ) ;
#825 = VERTEX_POINT ( 'NONE', #2264 ) ;
#826 = AXIS2_PLACEMENT_3D ( 'NONE', #1720, #2093, #2137 ) ;
#827 = CARTESIAN_POINT ( 'NONE',  ( 0.9999999999999997800, 0.02500000000000000100, -0.9559999999999997400 ) ) ;
#828 = ORIENTED_EDGE ( 'NONE', *, *, #1227, .T. ) ;
#829 = EDGE_CURVE ( 'NONE', #1779, #1070, #2306, .T. ) ;
#830 = VERTEX_POINT ( 'NONE', #2452 ) ;
#831 = EDGE_LOOP ( 'NONE', ( #2078, #985, #329, #787 ) ) ;
#832 = DIRECTION ( 'NONE',  ( 0.0000000000000000000, 1.000000000000000000, -0.0000000000000000000 ) ) ;
#833 = SURFACE_STYLE_USAGE ( .BOTH. , #2654 ) ;
#834 = EDGE_CURVE ( 'NONE', #1021, #589, #2365, .T. ) ;
#835 = DIRECTION ( 'NONE',  ( -1.668003342285392000E-016, 0.0000000000000000000, -1.000000000000000000 ) ) ;
#836 = AXIS2_PLACEMENT_3D ( 'NONE', #2050, #2064, #2168 ) ;
#837 = EDGE_CURVE ( 'NONE', #1081, #44, #603, .T. ) ;
#838 = CARTESIAN_POINT ( 'NONE',  ( 0.0000000000000000000, 0.0000000000000000000, -0.9559999999999996300 ) ) ;
#839 = VECTOR ( 'NONE', #1258, 1000.000000000000000 ) ;
#840 = CARTESIAN_POINT ( 'NONE',  ( -0.9250000000000002700, 0.0000000000000000000, 0.0000000000000000000 ) ) ;
#841 = LINE ( 'NONE', #2562, #343 ) ;
#842 = EDGE_LOOP ( 'NONE', ( #2644, #74, #2188, #1627 ) ) ;
#843 = SURFACE_STYLE_FILL_AREA ( #941 ) ;
#844 = LINE ( 'NONE', #185, #749 ) ;
#845 = ORIENTED_EDGE ( 'NONE', *, *, #2051, .F. ) ;
#846 = VECTOR ( 'NONE', #2513, 1000.000000000000000 ) ;
#847 = CARTESIAN_POINT ( 'NONE',  ( -0.3500000000000000300, 0.02499999999999995600, 0.0000000000000000000 ) ) ;
#848 = CARTESIAN_POINT ( 'NONE',  ( -0.3500000000000001400, 0.7791677532220540000, 0.9559999999999997400 ) ) ;
#849 = EDGE_LOOP ( 'NONE', ( #1674, #1026, #1365, #288 ) ) ;
#850 = LINE ( 'NONE', #311, #2447 ) ;
#851 = CARTESIAN_POINT ( 'NONE',  ( -1.470743816589030500E-017, 0.7791677532220540000, -0.1559999999999998600 ) ) ;
#852 = EDGE_LOOP ( 'NONE', ( #924, #1668, #190, #1186 ) ) ;
#853 = CARTESIAN_POINT ( 'NONE',  ( 0.0000000000000000000, 1.050000000000000000, -0.6089999999999999900 ) ) ;
#854 = EDGE_LOOP ( 'NONE', ( #405, #1212, #2680, #921 ) ) ;
#855 = ORIENTED_EDGE ( 'NONE', *, *, #677, .T. ) ;
#856 = CARTESIAN_POINT ( 'NONE',  ( 0.3499999999999999200, 0.02500000000000000100, -0.9559999999999996300 ) ) ;
#857 = EDGE_CURVE ( 'NONE', #1603, #91, #1656, .T. ) ;
#858 = FACE_OUTER_BOUND ( 'NONE', #1112, .T. ) ;
#859 = ORIENTED_EDGE ( 'NONE', *, *, #530, .T. ) ;
#860 = ORIENTED_EDGE ( 'NONE', *, *, #340, .F. ) ;
#861 = AXIS2_PLACEMENT_3D ( 'NONE', #1659, #1042, #2483 ) ;
#862 = DIRECTION ( 'NONE',  ( -0.0000000000000000000, -1.000000000000000000, -0.0000000000000000000 ) ) ;
#863 = LINE ( 'NONE', #497, #197 ) ;
#864 = DIRECTION ( 'NONE',  ( 0.0000000000000000000, -1.000000000000000000, 0.0000000000000000000 ) ) ;
#865 = MANIFOLD_SOLID_BREP ( 'Boss-Extrude3[2]', #2022 ) ;
#866 = DIRECTION ( 'NONE',  ( -0.0000000000000000000, -0.0000000000000000000, -1.000000000000000000 ) ) ;
#867 = CARTESIAN_POINT ( 'NONE',  ( 0.3500000000000000300, 0.02499999999999996700, 0.6440000000000000200 ) ) ;
#868 = CARTESIAN_POINT ( 'NONE',  ( 0.9999999999999997800, 0.0000000000000000000, 1.550000000000000300 ) ) ;
#869 = CARTESIAN_POINT ( 'NONE',  ( 0.9999999999999997800, 0.02500000000000000100, -0.6440000000000000200 ) ) ;
#870 = EDGE_CURVE ( 'NONE', #1253, #1948, #2663, .T. ) ;
#871 = DIRECTION ( 'NONE',  ( -0.0000000000000000000, -1.000000000000000000, -0.0000000000000000000 ) ) ;
#872 = AXIS2_PLACEMENT_3D ( 'NONE', #1062, #1908, #426 ) ;
#873 = MECHANICAL_DESIGN_GEOMETRIC_PRESENTATION_REPRESENTATION (  '', ( #600 ), #1022 ) ;
#874 = VECTOR ( 'NONE', #209, 1000.000000000000000 ) ;
#875 = DIRECTION ( 'NONE',  ( 0.0000000000000000000, 1.000000000000000000, 0.0000000000000000000 ) ) ;
#876 = ORIENTED_EDGE ( 'NONE', *, *, #1127, .T. ) ;
#877 = LINE ( 'NONE', #2262, #747 ) ;
#878 = ORIENTED_EDGE ( 'NONE', *, *, #457, .T. ) ;
#879 = VERTEX_POINT ( 'NONE', #1228 ) ;
#880 = CARTESIAN_POINT ( 'NONE',  ( -1.000000000000000000, 0.0000000000000000000, 0.6440000000000000200 ) ) ;
#881 = VERTEX_POINT ( 'NONE', #2462 ) ;
#882 = DIRECTION ( 'NONE',  ( -0.0000000000000000000, -1.000000000000000000, -0.0000000000000000000 ) ) ;
#883 = VERTEX_POINT ( 'NONE', #2650 ) ;
#884 = ORIENTED_EDGE ( 'NONE', *, *, #1662, .T. ) ;
#885 = DIRECTION ( 'NONE',  ( 0.0000000000000000000, 1.000000000000000000, 0.0000000000000000000 ) ) ;
#886 = VECTOR ( 'NONE', #898, 1000.000000000000000 ) ;
#887 = EDGE_LOOP ( 'NONE', ( #1970, #126, #1913, #746 ) ) ;
#888 = VERTEX_POINT ( 'NONE', #2642 ) ;
#889 = STYLED_ITEM ( 'NONE', ( #1016 ), #2125 ) ;
#890 = CARTESIAN_POINT ( 'NONE',  ( -1.000000000000000200, -3.689173349139343000, 0.6439999999999999100 ) ) ;
#891 = EDGE_CURVE ( 'NONE', #2561, #1685, #2138, .T. ) ;
#892 = CARTESIAN_POINT ( 'NONE',  ( 0.0000000000000000000, 0.0000000000000000000, -0.6440000000000000200 ) ) ;
#893 =( GEOMETRIC_REPRESENTATION_CONTEXT ( 3 ) GLOBAL_UNCERTAINTY_ASSIGNED_CONTEXT ( ( #170 ) ) GLOBAL_UNIT_ASSIGNED_CONTEXT ( ( #1312, #1316, #1320 ) ) REPRESENTATION_CONTEXT ( 'NONE', 'WORKASPACE' ) );
#894 = DIRECTION ( 'NONE',  ( -1.000000000000000000, 0.0000000000000000000, 1.668003342285392000E-016 ) ) ;
#895 = DIRECTION ( 'NONE',  ( 0.0000000000000000000, 0.0000000000000000000, -1.000000000000000000 ) ) ;
#896 = DIRECTION ( 'NONE',  ( 0.0000000000000000000, 0.0000000000000000000, 1.000000000000000000 ) ) ;
#897 = CARTESIAN_POINT ( 'NONE',  ( -0.3500000000000000300, 0.02499999999999996700, -0.1560000000000000000 ) ) ;
#898 = DIRECTION ( 'NONE',  ( 1.000000000000000000, 0.0000000000000000000, 0.0000000000000000000 ) ) ;
#899 = APPLICATION_CONTEXT ( 'automotive_design' ) ;
#900 = PRESENTATION_STYLE_ASSIGNMENT (( #2478 ) ) ;
#901 = PRESENTATION_STYLE_ASSIGNMENT (( #833 ) ) ;
#902 = EDGE_CURVE ( 'NONE', #163, #12, #2579, .T. ) ;
#903 = FACE_OUTER_BOUND ( 'NONE', #514, .T. ) ;
#904 = VERTEX_POINT ( 'NONE', #173 ) ;
#905 = VECTOR ( 'NONE', #1555, 1000.000000000000000 ) ;
#906 = DIRECTION ( 'NONE',  ( -1.000000000000000000, -0.0000000000000000000, 0.0000000000000000000 ) ) ;
#907 = VECTOR ( 'NONE', #68, 1000.000000000000000 ) ;
#908 = ORIENTED_EDGE ( 'NONE', *, *, #2629, .T. ) ;
#909 = VECTOR ( 'NONE', #2340, 1000.000000000000000 ) ;
#910 = ORIENTED_EDGE ( 'NONE', *, *, #1864, .F. ) ;
#911 = EDGE_CURVE ( 'NONE', #1253, #662, #1960, .T. ) ;
#912 = ADVANCED_FACE ( 'NONE', ( #1024 ), #816, .T. ) ;
#913 = DIRECTION ( 'NONE',  ( 0.0000000000000000000, -0.0000000000000000000, 1.000000000000000000 ) ) ;
#914 = ORIENTED_EDGE ( 'NONE', *, *, #756, .T. ) ;
#915 = PLANE ( 'NONE',  #1814 ) ;
#916 = VECTOR ( 'NONE', #2451, 1000.000000000000000 ) ;
#917 = ORIENTED_EDGE ( 'NONE', *, *, #2528, .F. ) ;
#918 = CARTESIAN_POINT ( 'NONE',  ( 0.9999999999999997800, 1.100000000000000100, 0.0000000000000000000 ) ) ;
#919 =( NAMED_UNIT ( * ) PLANE_ANGLE_UNIT ( ) SI_UNIT ( $, .RADIAN. ) );
#920 = ORIENTED_EDGE ( 'NONE', *, *, #140, .T. ) ;
#921 = ORIENTED_EDGE ( 'NONE', *, *, #980, .F. ) ;
#922 = CARTESIAN_POINT ( 'NONE',  ( 0.0000000000000000000, 1.050000000000000000, -0.6089999999999999900 ) ) ;
#923 = LINE ( 'NONE', #321, #1748 ) ;
#924 = ORIENTED_EDGE ( 'NONE', *, *, #2160, .F. ) ;
#925 = VERTEX_POINT ( 'NONE', #394 ) ;
#926 = CARTESIAN_POINT ( 'NONE',  ( 0.3499999999999999200, 0.0000000000000000000, -0.9559999999999996300 ) ) ;
#927 = DIRECTION ( 'NONE',  ( -0.0000000000000000000, 1.000000000000000000, 0.0000000000000000000 ) ) ;
#928 = EDGE_CURVE ( 'NONE', #1173, #446, #1050, .T. ) ;
#929 = CARTESIAN_POINT ( 'NONE',  ( 0.9999999999999997800, 0.0000000000000000000, 0.9559999999999996300 ) ) ;
#930 = MANIFOLD_SOLID_BREP ( 'Boss-Extrude3[5]', #320 ) ;
#931 = ADVANCED_FACE ( 'NONE', ( #1806 ), #400, .T. ) ;
#932 = VECTOR ( 'NONE', #1126, 1000.000000000000000 ) ;
#933 =( GEOMETRIC_REPRESENTATION_CONTEXT ( 3 ) GLOBAL_UNCERTAINTY_ASSIGNED_CONTEXT ( ( #2664 ) ) GLOBAL_UNIT_ASSIGNED_CONTEXT ( ( #1218, #2639, #1423 ) ) REPRESENTATION_CONTEXT ( 'NONE', 'WORKASPACE' ) );
#934 = DIRECTION ( 'NONE',  ( 0.0000000000000000000, -0.0000000000000000000, -1.000000000000000000 ) ) ;
#935 = CARTESIAN_POINT ( 'NONE',  ( 1.214306433183765000E-016, 0.7791677532220540000, 0.6440000000000002400 ) ) ;
#936 = CARTESIAN_POINT ( 'NONE',  ( 0.0000000000000000000, 0.9000000000000002400, -0.6089999999999999900 ) ) ;
#937 = CARTESIAN_POINT ( 'NONE',  ( 0.3500000000000000300, 0.0000000000000000000, -0.1559999999999998900 ) ) ;
#938 = CARTESIAN_POINT ( 'NONE',  ( 0.3500000000000000300, 0.0000000000000000000, 0.0000000000000000000 ) ) ;
#939 = ADVANCED_FACE ( 'NONE', ( #944 ), #1667, .F. ) ;
#940 = FACE_OUTER_BOUND ( 'NONE', #2628, .T. ) ;
#941 = FILL_AREA_STYLE ('',( #734 ) ) ;
#942 = CARTESIAN_POINT ( 'NONE',  ( -0.3500000000000002600, 0.02499999999999996300, 1.549999999999999800 ) ) ;
#943 = AXIS2_PLACEMENT_3D ( 'NONE', #935, #975, #1202 ) ;
#944 = FACE_OUTER_BOUND ( 'NONE', #2272, .T. ) ;
#945 = ORIENTED_EDGE ( 'NONE', *, *, #2641, .T. ) ;
#946 = EDGE_CURVE ( 'NONE', #1475, #598, #1879, .T. ) ;
#947 = VECTOR ( 'NONE', #1810, 1000.000000000000000 ) ;
#948 = ORIENTED_EDGE ( 'NONE', *, *, #233, .F. ) ;
#949 = DIRECTION ( 'NONE',  ( 0.0000000000000000000, 0.0000000000000000000, 1.000000000000000000 ) ) ;
#950 = VERTEX_POINT ( 'NONE', #200 ) ;
#951 = EDGE_LOOP ( 'NONE', ( #2192, #2378, #1209, #2477 ) ) ;
#952 = DIRECTION ( 'NONE',  ( -8.131516293641281300E-016, 0.0000000000000000000, -1.000000000000000000 ) ) ;
#953 = DIRECTION ( 'NONE',  ( 0.0000000000000000000, 1.000000000000000000, 0.0000000000000000000 ) ) ;
#954 = ORIENTED_EDGE ( 'NONE', *, *, #1811, .F. ) ;
#955 = ORIENTED_EDGE ( 'NONE', *, *, #1194, .T. ) ;
#956 = DIRECTION ( 'NONE',  ( 0.0000000000000000000, -0.0000000000000000000, 1.000000000000000000 ) ) ;
#957 = ADVANCED_FACE ( 'NONE', ( #1723 ), #2677, .F. ) ;
#958 = VECTOR ( 'NONE', #337, 1000.000000000000000 ) ;
#959 = VERTEX_POINT ( 'NONE', #1895 ) ;
#960 = CARTESIAN_POINT ( 'NONE',  ( 0.3499999999999999200, 0.0000000000000000000, 0.9559999999999996300 ) ) ;
#961 = CARTESIAN_POINT ( 'NONE',  ( -0.3500000000000002000, 0.02500000000000000100, -1.205999999999997100 ) ) ;
#962 = DIRECTION ( 'NONE',  ( 0.0000000000000000000, 0.0000000000000000000, -1.000000000000000000 ) ) ;
#963 = EDGE_CURVE ( 'NONE', #1490, #1081, #378, .T. ) ;
#964 = EDGE_CURVE ( 'NONE', #1347, #793, #1698, .T. ) ;
#965 = DIRECTION ( 'NONE',  ( 0.0000000000000000000, 1.000000000000000000, -0.0000000000000000000 ) ) ;
#966 = ADVANCED_FACE ( 'NONE', ( #414 ), #419, .F. ) ;
#967 = DIRECTION ( 'NONE',  ( 0.0000000000000000000, -0.0000000000000000000, -1.000000000000000000 ) ) ;
#968 = DIRECTION ( 'NONE',  ( 0.0000000000000000000, 0.0000000000000000000, -1.000000000000000000 ) ) ;
#969 = VECTOR ( 'NONE', #2352, 1000.000000000000000 ) ;
#970 = DIRECTION ( 'NONE',  ( -0.0000000000000000000, -1.000000000000000000, -0.0000000000000000000 ) ) ;
#971 = VECTOR ( 'NONE', #949, 1000.000000000000000 ) ;
#972 = ORIENTED_EDGE ( 'NONE', *, *, #1546, .T. ) ;
#973 = LINE ( 'NONE', #291, #648 ) ;
#974 = EDGE_CURVE ( 'NONE', #2055, #9, #1572, .T. ) ;
#975 = DIRECTION ( 'NONE',  ( -1.885568995626963300E-016, 0.0000000000000000000, -1.000000000000000000 ) ) ;
#976 = ORIENTED_EDGE ( 'NONE', *, *, #2140, .F. ) ;
#977 = DIRECTION ( 'NONE',  ( -2.221725763289966300E-016, 0.0000000000000000000, 1.000000000000000000 ) ) ;
#978 = LINE ( 'NONE', #2357, #846 ) ;
#979 = VERTEX_POINT ( 'NONE', #1059 ) ;
#980 = EDGE_CURVE ( 'NONE', #2545, #879, #143, .T. ) ;
#981 = VECTOR ( 'NONE', #2098, 1000.000000000000000 ) ;
#982 = VERTEX_POINT ( 'NONE', #2694 ) ;
#983 = ADVANCED_FACE ( 'NONE', ( #1695 ), #429, .F. ) ;
#984 = LINE ( 'NONE', #56, #2495 ) ;
#985 = ORIENTED_EDGE ( 'NONE', *, *, #1393, .F. ) ;
#986 = DIRECTION ( 'NONE',  ( 0.0000000000000000000, 0.0000000000000000000, -1.000000000000000000 ) ) ;
#987 = VERTEX_POINT ( 'NONE', #1269 ) ;
#988 = VERTEX_POINT ( 'NONE', #2323 ) ;
#989 = CARTESIAN_POINT ( 'NONE',  ( 0.9999999999999997800, -3.689173349139343000, -0.6440000000000000200 ) ) ;
#990 = CARTESIAN_POINT ( 'NONE',  ( -0.9250000000000002700, 0.02499999999999997700, -0.9559999999999998500 ) ) ;
#991 = VECTOR ( 'NONE', #913, 1000.000000000000000 ) ;
#992 = EDGE_LOOP ( 'NONE', ( #689, #1900, #2193, #908 ) ) ;
#993 = EDGE_LOOP ( 'NONE', ( #1594, #512, #1648, #2362 ) ) ;
#994 = PLANE ( 'NONE',  #370 ) ;
#995 = VECTOR ( 'NONE', #2597, 1000.000000000000000 ) ;
#996 = ADVANCED_FACE ( 'NONE', ( #77 ), #2503, .T. ) ;
#997 = LINE ( 'NONE', #688, #2688 ) ;
#998 = EDGE_CURVE ( 'NONE', #12, #793, #176, .T. ) ;
#999 = CARTESIAN_POINT ( 'NONE',  ( -0.9250000000000002700, 0.7791677532220540000, -1.444000000000000000 ) ) ;
#1000 = PLANE ( 'NONE',  #2432 ) ;
#1001 = PRODUCT_DEFINITION_SHAPE ( 'NONE', 'NONE',  #1579 ) ;
#1002 = AXIS2_PLACEMENT_3D ( 'NONE', #15, #864, #2139 ) ;
#1003 = PLANE ( 'NONE',  #2679 ) ;
#1004 = VECTOR ( 'NONE', #1769, 1000.000000000000000 ) ;
#1005 = SURFACE_STYLE_USAGE ( .BOTH. , #559 ) ;
#1006 = SURFACE_SIDE_STYLE ('',( #2351 ) ) ;
#1007 = CARTESIAN_POINT ( 'NONE',  ( 0.0000000000000000000, 1.100000000000000100, -0.6089999999999999900 ) ) ;
#1008 = VECTOR ( 'NONE', #239, 1000.000000000000000 ) ;
#1009 = SURFACE_STYLE_FILL_AREA ( #1326 ) ;
#1010 = VERTEX_POINT ( 'NONE', #1694 ) ;
#1011 = LINE ( 'NONE', #335, #947 ) ;
#1012 = ORIENTED_EDGE ( 'NONE', *, *, #391, .F. ) ;
#1013 = COLOUR_RGB ( '',0.7921568627450980000, 0.8196078431372548800, 0.9333333333333333500 ) ;
#1014 = VERTEX_POINT ( 'NONE', #2135 ) ;
#1015 = EDGE_CURVE ( 'NONE', #1977, #1490, #1240, .T. ) ;
#1016 = PRESENTATION_STYLE_ASSIGNMENT (( #1125 ) ) ;
#1017 = DIRECTION ( 'NONE',  ( 0.0000000000000000000, -1.000000000000000000, 0.0000000000000000000 ) ) ;
#1018 = DIRECTION ( 'NONE',  ( -0.0000000000000000000, 0.0000000000000000000, -1.000000000000000000 ) ) ;
#1019 = DIRECTION ( 'NONE',  ( 0.0000000000000000000, 1.000000000000000000, 0.0000000000000000000 ) ) ;
#1020 = DIRECTION ( 'NONE',  ( 0.0000000000000000000, 0.0000000000000000000, -1.000000000000000000 ) ) ;
#1021 = VERTEX_POINT ( 'NONE', #867 ) ;
#1022 =( GEOMETRIC_REPRESENTATION_CONTEXT ( 3 ) GLOBAL_UNCERTAINTY_ASSIGNED_CONTEXT ( ( #768 ) ) GLOBAL_UNIT_ASSIGNED_CONTEXT ( ( #1945, #919, #1955 ) ) REPRESENTATION_CONTEXT ( 'NONE', 'WORKASPACE' ) );
#1023 = CARTESIAN_POINT ( 'NONE',  ( -0.9250000000000002700, 0.02499999999999997700, -1.444000000000000000 ) ) ;
#1024 = FACE_OUTER_BOUND ( 'NONE', #1741, .T. ) ;
#1025 = EDGE_LOOP ( 'NONE', ( #1578, #424, #1598, #519 ) ) ;
#1026 = ORIENTED_EDGE ( 'NONE', *, *, #1127, .F. ) ;
#1027 = ORIENTED_EDGE ( 'NONE', *, *, #811, .T. ) ;
#1028 = PLANE ( 'NONE',  #1262 ) ;
#1029 = CARTESIAN_POINT ( 'NONE',  ( -1.000000000000000200, -3.689173349139343000, 1.550000000000000300 ) ) ;
#1030 = PLANE ( 'NONE',  #826 ) ;
#1031 = CARTESIAN_POINT ( 'NONE',  ( -0.3500000000000000300, 0.7791677532220540000, 0.0000000000000000000 ) ) ;
#1032 = DIRECTION ( 'NONE',  ( 1.000000000000000000, -0.0000000000000000000, 0.0000000000000000000 ) ) ;
#1033 = PRESENTATION_LAYER_ASSIGNMENT (  '', '', ( #889 ) ) ;
#1034 = EDGE_CURVE ( 'NONE', #2673, #1074, #2033, .T. ) ;
#1035 = SURFACE_SIDE_STYLE ('',( #2573 ) ) ;
#1036 =( LENGTH_UNIT ( ) NAMED_UNIT ( * ) SI_UNIT ( .MILLI., .METRE. ) );
#1037 = LINE ( 'NONE', #205, #969 ) ;
#1038 = CARTESIAN_POINT ( 'NONE',  ( -0.3500000000000001400, 0.02500000000000000100, 0.9559999999999997400 ) ) ;
#1039 = DIRECTION ( 'NONE',  ( 0.0000000000000000000, 0.0000000000000000000, 1.000000000000000000 ) ) ;
#1040 = FACE_OUTER_BOUND ( 'NONE', #1189, .T. ) ;
#1041 = ORIENTED_EDGE ( 'NONE', *, *, #477, .T. ) ;
#1042 = DIRECTION ( 'NONE',  ( -1.000000000000000000, 0.0000000000000000000, 0.0000000000000000000 ) ) ;
#1043 = LINE ( 'NONE', #1978, #183 ) ;
#1044 = EDGE_LOOP ( 'NONE', ( #1916, #1807, #2682, #155 ) ) ;
#1045 = LINE ( 'NONE', #2301, #411 ) ;
#1046 = ORIENTED_EDGE ( 'NONE', *, *, #2676, .F. ) ;
#1047 =( LENGTH_UNIT ( ) NAMED_UNIT ( * ) SI_UNIT ( .MILLI., .METRE. ) );
#1048 = ORIENTED_EDGE ( 'NONE', *, *, #1242, .F. ) ;
#1049 = EDGE_CURVE ( 'NONE', #979, #1603, #16, .T. ) ;
#1050 = LINE ( 'NONE', #616, #981 ) ;
#1051 = EDGE_LOOP ( 'NONE', ( #2184, #1477, #1286, #945 ) ) ;
#1052 = AXIS2_PLACEMENT_3D ( 'NONE', #774, #2254, #977 ) ;
#1053 = DIRECTION ( 'NONE',  ( -1.000000000000000000, -0.0000000000000000000, 0.0000000000000000000 ) ) ;
#1054 = EDGE_CURVE ( 'NONE', #1977, #950, #81, .T. ) ;
#1055 = CARTESIAN_POINT ( 'NONE',  ( -0.3500000000000000300, 0.0000000000000000000, -0.1560000000000000300 ) ) ;
#1056 = ORIENTED_EDGE ( 'NONE', *, *, #1528, .F. ) ;
#1057 = ORIENTED_EDGE ( 'NONE', *, *, #247, .T. ) ;
#1058 = FACE_OUTER_BOUND ( 'NONE', #761, .T. ) ;
#1059 = CARTESIAN_POINT ( 'NONE',  ( 0.9250000000000002700, 0.0000000000000000000, -0.6440000000000001300 ) ) ;
#1060 = DIRECTION ( 'NONE',  ( 0.0000000000000000000, -0.0000000000000000000, -1.000000000000000000 ) ) ;
#1061 = EDGE_CURVE ( 'NONE', #9, #412, #1200, .T. ) ;
#1062 = CARTESIAN_POINT ( 'NONE',  ( 0.0000000000000000000, 1.050000000000000000, -0.6089999999999999900 ) ) ;
#1063 = LINE ( 'NONE', #1606, #1149 ) ;
#1064 = CARTESIAN_POINT ( 'NONE',  ( -1.000000000000000200, -3.689173349139343000, 1.549999999999999400 ) ) ;
#1065 = VECTOR ( 'NONE', #2162, 1000.000000000000000 ) ;
#1066 = VERTEX_POINT ( 'NONE', #2341 ) ;
#1067 = PLANE ( 'NONE',  #595 ) ;
#1068 = ORIENTED_EDGE ( 'NONE', *, *, #287, .T. ) ;
#1069 = FACE_OUTER_BOUND ( 'NONE', #344, .T. ) ;
#1070 = VERTEX_POINT ( 'NONE', #2514 ) ;
#1071 = DIRECTION ( 'NONE',  ( -0.0000000000000000000, 1.000000000000000000, 0.0000000000000000000 ) ) ;
#1072 = ORIENTED_EDGE ( 'NONE', *, *, #2373, .F. ) ;
#1073 = VECTOR ( 'NONE', #792, 1000.000000000000000 ) ;
#1074 = VERTEX_POINT ( 'NONE', #1294 ) ;
#1075 = ORIENTED_EDGE ( 'NONE', *, *, #2122, .F. ) ;
#1076 = PRESENTATION_LAYER_ASSIGNMENT (  '', '', ( #809 ) ) ;
#1077 = CARTESIAN_POINT ( 'NONE',  ( 0.9250000000000002700, 0.7791677532220540000, -0.1559999999999999400 ) ) ;
#1078 = EDGE_CURVE ( 'NONE', #1501, #292, #1140, .T. ) ;
#1079 = VECTOR ( 'NONE', #1865, 1000.000000000000000 ) ;
#1080 = ORIENTED_EDGE ( 'NONE', *, *, #2426, .F. ) ;
#1081 = VERTEX_POINT ( 'NONE', #673 ) ;
#1082 = AXIS2_PLACEMENT_3D ( 'NONE', #2075, #2072, #2062 ) ;
#1083 = ORIENTED_EDGE ( 'NONE', *, *, #1897, .F. ) ;
#1084 = SURFACE_STYLE_USAGE ( .BOTH. , #682 ) ;
#1085 = CARTESIAN_POINT ( 'NONE',  ( 0.0000000000000000000, 0.02500000000000000100, 0.0000000000000000000 ) ) ;
#1086 = LINE ( 'NONE', #312, #995 ) ;
#1087 = CARTESIAN_POINT ( 'NONE',  ( 0.0000000000000000000, 0.9000000000000002400, -0.1589999999999999200 ) ) ;
#1088 = CARTESIAN_POINT ( 'NONE',  ( 0.0000000000000000000, 0.0000000000000000000, -0.9559999999999999600 ) ) ;
#1089 = EDGE_CURVE ( 'NONE', #2673, #1803, #1484, .T. ) ;
#1090 = VECTOR ( 'NONE', #656, 1000.000000000000000 ) ;
#1091 = CARTESIAN_POINT ( 'NONE',  ( 5.510910596163088900E-017, 1.100000000000000100, -1.058999999999999900 ) ) ;
#1092 = AXIS2_PLACEMENT_3D ( 'NONE', #1498, #609, #24 ) ;
#1093 = VECTOR ( 'NONE', #832, 1000.000000000000000 ) ;
#1094 = PLANE ( 'NONE',  #2645 ) ;
#1095 = EDGE_CURVE ( 'NONE', #2255, #2055, #1510, .T. ) ;
#1096 = CARTESIAN_POINT ( 'NONE',  ( 0.0000000000000000000, 0.9000000000000002400, -1.058999999999999900 ) ) ;
#1097 = LINE ( 'NONE', #1805, #1593 ) ;
#1098 = CLOSED_SHELL ( 'NONE', ( #1622, #316, #2060, #1787 ) ) ;
#1099 = FILL_AREA_STYLE ('',( #1569 ) ) ;
#1100 = CARTESIAN_POINT ( 'NONE',  ( 0.0000000000000000000, 0.0000000000000000000, 0.6439999999999999100 ) ) ;
#1101 = ORIENTED_EDGE ( 'NONE', *, *, #2619, .F. ) ;
#1102 = VECTOR ( 'NONE', #1888, 1000.000000000000000 ) ;
#1103 = FILL_AREA_STYLE_COLOUR ( '', #1686 ) ;
#1104 = VERTEX_POINT ( 'NONE', #2527 ) ;
#1105 = DIRECTION ( 'NONE',  ( 0.0000000000000000000, 1.000000000000000000, 0.0000000000000000000 ) ) ;
#1106 = VERTEX_POINT ( 'NONE', #36 ) ;
#1107 = SURFACE_SIDE_STYLE ('',( #1636 ) ) ;
#1108 = EDGE_CURVE ( 'NONE', #988, #2493, #2402, .T. ) ;
#1109 = ORIENTED_EDGE ( 'NONE', *, *, #1918, .T. ) ;
#1110 = CLOSED_SHELL ( 'NONE', ( #2375, #90, #1595, #101, #2583, #2421, #2454, #1566, #723, #1962, #2624, #2555, #355, #289, #996, #931, #1419, #2391, #67, #578, #1547, #58, #779, #708, #1199, #2431, #2634, #1768, #2273, #498, #748, #333, #1111, #912, #1333, #1982, #2567, #2216 ) ) ;
#1111 = ADVANCED_FACE ( 'NONE', ( #2484 ), #1725, .T. ) ;
#1112 = EDGE_LOOP ( 'NONE', ( #2384, #1238, #556, #1372 ) ) ;
#1113 = AXIS2_PLACEMENT_3D ( 'NONE', #2606, #2665, #2486 ) ;
#1114 = EDGE_CURVE ( 'NONE', #1852, #883, #2370, .T. ) ;
#1115 = LINE ( 'NONE', #2572, #95 ) ;
#1116 = AXIS2_PLACEMENT_3D ( 'NONE', #922, #862, #968 ) ;
#1117 = VECTOR ( 'NONE', #1700, 1000.000000000000000 ) ;
#1118 = DIRECTION ( 'NONE',  ( 1.000000000000000000, 0.0000000000000000000, -1.885568995626963300E-016 ) ) ;
#1119 = DIRECTION ( 'NONE',  ( -1.000000000000000000, -0.0000000000000000000, 0.0000000000000000000 ) ) ;
#1120 = PRESENTATION_STYLE_ASSIGNMENT (( #1367 ) ) ;
#1121 = CARTESIAN_POINT ( 'NONE',  ( 0.0000000000000000000, 0.02500000000000000100, -0.9559999999999999600 ) ) ;
#1122 = VECTOR ( 'NONE', #526, 1000.000000000000000 ) ;
#1123 = ADVANCED_FACE ( 'NONE', ( #2413 ), #1094, .F. ) ;
#1124 = CARTESIAN_POINT ( 'NONE',  ( 0.0000000000000000000, 0.0000000000000000000, 0.0000000000000000000 ) ) ;
#1125 = SURFACE_STYLE_USAGE ( .BOTH. , #1107 ) ;
#1126 = DIRECTION ( 'NONE',  ( -1.000000000000000000, -0.0000000000000000000, 1.885568995626963300E-016 ) ) ;
#1127 = EDGE_CURVE ( 'NONE', #292, #888, #2490, .T. ) ;
#1128 = AXIS2_PLACEMENT_3D ( 'NONE', #407, #633, #2115 ) ;
#1129 = VECTOR ( 'NONE', #875, 1000.000000000000000 ) ;
#1130 = VECTOR ( 'NONE', #671, 1000.000000000000000 ) ;
#1131 = VERTEX_POINT ( 'NONE', #465 ) ;
#1132 = VECTOR ( 'NONE', #906, 1000.000000000000000 ) ;
#1133 = ORIENTED_EDGE ( 'NONE', *, *, #703, .T. ) ;
#1134 = SURFACE_STYLE_FILL_AREA ( #1819 ) ;
#1135 = LINE ( 'NONE', #96, #2214 ) ;
#1136 = EDGE_LOOP ( 'NONE', ( #1704, #1442, #2127, #2552, #2006, #2648, #2270, #2209, #1738, #2269, #1268, #1781, #2417, #1981, #2278, #1470 ) ) ;
#1137 = LINE ( 'NONE', #272, #1093 ) ;
#1138 = DIRECTION ( 'NONE',  ( 1.000000000000000000, 0.0000000000000000000, -0.0000000000000000000 ) ) ;
#1139 =( LENGTH_UNIT ( ) NAMED_UNIT ( * ) SI_UNIT ( .MILLI., .METRE. ) );
#1140 = LINE ( 'NONE', #1495, #2541 ) ;
#1141 = ORIENTED_EDGE ( 'NONE', *, *, #48, .F. ) ;
#1142 = DIRECTION ( 'NONE',  ( 1.000000000000000000, 0.0000000000000000000, -0.0000000000000000000 ) ) ;
#1143 = LINE ( 'NONE', #814, #1073 ) ;
#1144 = ORIENTED_EDGE ( 'NONE', *, *, #2276, .T. ) ;
#1145 = ADVANCED_FACE ( 'NONE', ( #2405 ), #1737, .F. ) ;
#1146 = VECTOR ( 'NONE', #1071, 1000.000000000000000 ) ;
#1147 = EDGE_LOOP ( 'NONE', ( #87, #11, #680, #2241 ) ) ;
#1148 = VERTEX_POINT ( 'NONE', #2367 ) ;
#1149 = VECTOR ( 'NONE', #1815, 1000.000000000000000 ) ;
#1150 = CARTESIAN_POINT ( 'NONE',  ( 0.9250000000000002700, 0.0000000000000000000, -1.444000000000000000 ) ) ;
#1151 = ORIENTED_EDGE ( 'NONE', *, *, #304, .F. ) ;
#1152 = UNCERTAINTY_MEASURE_WITH_UNIT (LENGTH_MEASURE( 1.000000000000000100E-005 ), #1862, 'distance_accuracy_value', 'NONE');
#1153 = ORIENTED_EDGE ( 'NONE', *, *, #1967, .F. ) ;
#1154 = CARTESIAN_POINT ( 'NONE',  ( -0.9250000000000002700, 0.7791677532220540000, -0.9559999999999996300 ) ) ;
#1155 = EDGE_CURVE ( 'NONE', #412, #1475, #2433, .T. ) ;
#1156 = ORIENTED_EDGE ( 'NONE', *, *, #2180, .T. ) ;
#1157 = ORIENTED_EDGE ( 'NONE', *, *, #1416, .T. ) ;
#1158 = AXIS2_PLACEMENT_3D ( 'NONE', #588, #1855, #397 ) ;
#1159 = DIRECTION ( 'NONE',  ( 0.0000000000000000000, 0.0000000000000000000, 1.000000000000000000 ) ) ;
#1160 = LINE ( 'NONE', #2065, #1387 ) ;
#1161 = CARTESIAN_POINT ( 'NONE',  ( -1.000000000000000000, 0.0000000000000000000, 0.1560000000000001100 ) ) ;
#1162 = LINE ( 'NONE', #319, #1420 ) ;
#1163 = ADVANCED_FACE ( 'NONE', ( #2695 ), #2096, .F. ) ;
#1164 = DIRECTION ( 'NONE',  ( 0.0000000000000000000, 1.000000000000000000, 0.0000000000000000000 ) ) ;
#1165 = DIRECTION ( 'NONE',  ( 0.0000000000000000000, 1.000000000000000000, 0.0000000000000000000 ) ) ;
#1166 = DIRECTION ( 'NONE',  ( -0.0000000000000000000, -0.0000000000000000000, -1.000000000000000000 ) ) ;
#1167 = CARTESIAN_POINT ( 'NONE',  ( 5.510910596163088900E-017, 0.9000000000000002400, -1.058999999999999900 ) ) ;
#1168 = DIRECTION ( 'NONE',  ( 0.0000000000000000000, -0.0000000000000000000, -1.000000000000000000 ) ) ;
#1169 = CARTESIAN_POINT ( 'NONE',  ( 2.602085213965210000E-017, 0.02499999999999995600, -0.1559999999999999400 ) ) ;
#1170 =( NAMED_UNIT ( * ) PLANE_ANGLE_UNIT ( ) SI_UNIT ( $, .RADIAN. ) );
#1171 = PLANE ( 'NONE',  #199 ) ;
#1172 = MECHANICAL_DESIGN_GEOMETRIC_PRESENTATION_REPRESENTATION (  '', ( #889 ), #1307 ) ;
#1173 = VERTEX_POINT ( 'NONE', #1679 ) ;
#1174 = ORIENTED_EDGE ( 'NONE', *, *, #1935, .T. ) ;
#1175 = EDGE_CURVE ( 'NONE', #1527, #881, #2314, .T. ) ;
#1176 = CARTESIAN_POINT ( 'NONE',  ( 0.9250000000000002700, 0.02499999999999995600, 0.0000000000000000000 ) ) ;
#1177 = ADVANCED_FACE ( 'NONE', ( #2265 ), #2100, .F. ) ;
#1178 = ORIENTED_EDGE ( 'NONE', *, *, #2258, .T. ) ;
#1179 = LINE ( 'NONE', #1740, #2297 ) ;
#1180 = LINE ( 'NONE', #1961, #570 ) ;
#1181 = VERTEX_POINT ( 'NONE', #191 ) ;
#1182 = PRESENTATION_STYLE_ASSIGNMENT (( #1084 ) ) ;
#1183 = CARTESIAN_POINT ( 'NONE',  ( 0.3499999999999999200, 0.02500000000000000100, 0.9559999999999996300 ) ) ;
#1184 =( NAMED_UNIT ( * ) SI_UNIT ( $, .STERADIAN. ) SOLID_ANGLE_UNIT ( ) );
#1185 = PLANE ( 'NONE',  #1052 ) ;
#1186 = ORIENTED_EDGE ( 'NONE', *, *, #1493, .T. ) ;
#1187 = VECTOR ( 'NONE', #1206, 1000.000000000000000 ) ;
#1188 = VECTOR ( 'NONE', #2335, 1000.000000000000000 ) ;
#1189 = EDGE_LOOP ( 'NONE', ( #383, #1151, #1832, #210 ) ) ;
#1190 = ORIENTED_EDGE ( 'NONE', *, *, #2328, .T. ) ;
#1191 = ADVANCED_FACE ( 'NONE', ( #1997 ), #2182, .F. ) ;
#1192 = CARTESIAN_POINT ( 'NONE',  ( -9.567667171349005400E-016, 0.02499999999999995600, -0.9560000000000007400 ) ) ;
#1193 = CARTESIAN_POINT ( 'NONE',  ( 0.3499999999999999200, 0.02499999999999996700, 0.9559999999999996300 ) ) ;
#1194 = EDGE_CURVE ( 'NONE', #1106, #950, #1928, .T. ) ;
#1195 = CARTESIAN_POINT ( 'NONE',  ( 0.0000000000000000000, 0.02500000000000000100, 0.0000000000000000000 ) ) ;
#1196 = VECTOR ( 'NONE', #2147, 1000.000000000000000 ) ;
#1197 =( NAMED_UNIT ( * ) PLANE_ANGLE_UNIT ( ) SI_UNIT ( $, .RADIAN. ) );
#1198 = DIRECTION ( 'NONE',  ( -1.000000000000000000, -0.0000000000000000000, 1.885568995626963300E-016 ) ) ;
#1199 = ADVANCED_FACE ( 'NONE', ( #1827 ), #1949, .T. ) ;
#1200 = LINE ( 'NONE', #2154, #1090 ) ;
#1201 = VECTOR ( 'NONE', #2143, 1000.000000000000000 ) ;
#1202 = DIRECTION ( 'NONE',  ( -1.000000000000000000, 0.0000000000000000000, 1.885568995626963300E-016 ) ) ;
#1203 = VECTOR ( 'NONE', #1944, 1000.000000000000000 ) ;
#1204 = VERTEX_POINT ( 'NONE', #2066 ) ;
#1205 = EDGE_CURVE ( 'NONE', #1070, #2213, #2032, .T. ) ;
#1206 = DIRECTION ( 'NONE',  ( -0.0000000000000000000, -1.000000000000000000, 0.0000000000000000000 ) ) ;
#1207 = PLANE ( 'NONE',  #492 ) ;
#1208 = CARTESIAN_POINT ( 'NONE',  ( 0.0000000000000000000, 0.0000000000000000000, -0.9559999999999996300 ) ) ;
#1209 = ORIENTED_EDGE ( 'NONE', *, *, #2419, .T. ) ;
#1210 = FACE_OUTER_BOUND ( 'NONE', #2515, .T. ) ;
#1211 = ORIENTED_EDGE ( 'NONE', *, *, #2456, .T. ) ;
#1212 = ORIENTED_EDGE ( 'NONE', *, *, #2601, .F. ) ;
#1213 = VECTOR ( 'NONE', #699, 1000.000000000000000 ) ;
#1214 = ORIENTED_EDGE ( 'NONE', *, *, #2249, .F. ) ;
#1215 = ORIENTED_EDGE ( 'NONE', *, *, #2537, .T. ) ;
#1216 = ORIENTED_EDGE ( 'NONE', *, *, #630, .F. ) ;
#1217 = CARTESIAN_POINT ( 'NONE',  ( 0.0000000000000000000, 0.0000000000000000000, -1.444000000000000000 ) ) ;
#1218 =( LENGTH_UNIT ( ) NAMED_UNIT ( * ) SI_UNIT ( .MILLI., .METRE. ) );
#1219 = CARTESIAN_POINT ( 'NONE',  ( 0.9999999999999997800, 0.02499999999999984900, 1.550000000000000300 ) ) ;
#1220 = VECTOR ( 'NONE', #1634, 1000.000000000000000 ) ;
#1221 = ORIENTED_EDGE ( 'NONE', *, *, #1772, .F. ) ;
#1222 = ORIENTED_EDGE ( 'NONE', *, *, #2481, .F. ) ;
#1223 = DIRECTION ( 'NONE',  ( 0.0000000000000000000, 0.0000000000000000000, 1.000000000000000000 ) ) ;
#1224 = LINE ( 'NONE', #562, #2234 ) ;
#1225 = MECHANICAL_DESIGN_GEOMETRIC_PRESENTATION_REPRESENTATION (  '', ( #809 ), #1360 ) ;
#1226 = PLANE ( 'NONE',  #1828 ) ;
#1227 = EDGE_CURVE ( 'NONE', #1251, #332, #2207, .T. ) ;
#1228 = CARTESIAN_POINT ( 'NONE',  ( -0.3500000000000002000, 0.0000000000000000000, 0.9559999999999997400 ) ) ;
#1229 = DIRECTION ( 'NONE',  ( 1.000000000000000000, -0.0000000000000000000, -1.000802005371234200E-015 ) ) ;
#1230 = FACE_OUTER_BOUND ( 'NONE', #798, .T. ) ;
#1231 = DIRECTION ( 'NONE',  ( -0.0000000000000000000, 1.000000000000000000, 0.0000000000000000000 ) ) ;
#1232 =( NAMED_UNIT ( * ) SI_UNIT ( $, .STERADIAN. ) SOLID_ANGLE_UNIT ( ) );
#1233 = CARTESIAN_POINT ( 'NONE',  ( 0.3500000000000000300, 0.02500000000000000100, -0.6440000000000001300 ) ) ;
#1234 = LINE ( 'NONE', #135, #1392 ) ;
#1235 = CARTESIAN_POINT ( 'NONE',  ( 0.3500000000000000300, 0.0000000000000000000, 0.6440000000000000200 ) ) ;
#1236 = PLANE ( 'NONE',  #1158 ) ;
#1237 = ORIENTED_EDGE ( 'NONE', *, *, #2676, .T. ) ;
#1238 = ORIENTED_EDGE ( 'NONE', *, *, #1493, .F. ) ;
#1239 = LINE ( 'NONE', #2069, #1804 ) ;
#1240 = LINE ( 'NONE', #226, #1188 ) ;
#1241 = VERTEX_POINT ( 'NONE', #1167 ) ;
#1242 = EDGE_CURVE ( 'NONE', #1884, #1435, #1550, .T. ) ;
#1243 = FACE_OUTER_BOUND ( 'NONE', #1771, .T. ) ;
#1244 = AXIS2_PLACEMENT_3D ( 'NONE', #377, #1644, #1223 ) ;
#1245 =( LENGTH_UNIT ( ) NAMED_UNIT ( * ) SI_UNIT ( .MILLI., .METRE. ) );
#1246 = ORIENTED_EDGE ( 'NONE', *, *, #1824, .F. ) ;
#1247 = EDGE_CURVE ( 'NONE', #1685, #1904, #1620, .T. ) ;
#1248 = ORIENTED_EDGE ( 'NONE', *, *, #208, .F. ) ;
#1249 = ORIENTED_EDGE ( 'NONE', *, *, #181, .F. ) ;
#1250 = ADVANCED_BREP_SHAPE_REPRESENTATION ( 'AS7341-DLGM', ( #2125, #1909, #1411, #930, #431, #2636, #865, #369, #2574, #1614, #1440 ), #306 ) ;
#1251 = VERTEX_POINT ( 'NONE', #1150 ) ;
#1252 = DIRECTION ( 'NONE',  ( 0.0000000000000000000, -1.000000000000000000, 0.0000000000000000000 ) ) ;
#1253 = VERTEX_POINT ( 'NONE', #2045 ) ;
#1254 = CARTESIAN_POINT ( 'NONE',  ( 0.9999999999999997800, 0.0000000000000000000, -0.1560000000000000000 ) ) ;
#1255 = CARTESIAN_POINT ( 'NONE',  ( -0.3500000000000002600, 0.02499999999999996700, -1.444000000000000000 ) ) ;
#1256 = LINE ( 'NONE', #1715, #1292 ) ;
#1257 = EDGE_CURVE ( 'NONE', #410, #1603, #1458, .T. ) ;
#1258 = DIRECTION ( 'NONE',  ( -0.0000000000000000000, -1.000000000000000000, 0.0000000000000000000 ) ) ;
#1259 = AXIS2_PLACEMENT_3D ( 'NONE', #810, #2366, #2461 ) ;
#1260 = EDGE_CURVE ( 'NONE', #2123, #1984, #100, .T. ) ;
#1261 = DIRECTION ( 'NONE',  ( -1.000000000000000000, -0.0000000000000000000, 0.0000000000000000000 ) ) ;
#1262 = AXIS2_PLACEMENT_3D ( 'NONE', #422, #574, #618 ) ;
#1263 = CARTESIAN_POINT ( 'NONE',  ( 0.9250000000000002700, 0.0000000000000000000, -0.1559999999999999400 ) ) ;
#1264 = LINE ( 'NONE', #1526, #245 ) ;
#1265 = DIRECTION ( 'NONE',  ( 1.000000000000000000, 0.0000000000000000000, -0.0000000000000000000 ) ) ;
#1266 = CARTESIAN_POINT ( 'NONE',  ( 0.3499999999999998700, 0.0000000000000000000, 1.444000000000000200 ) ) ;
#1267 = LINE ( 'NONE', #890, #1203 ) ;
#1268 = ORIENTED_EDGE ( 'NONE', *, *, #2173, .T. ) ;
#1269 = CARTESIAN_POINT ( 'NONE',  ( 0.3499999999999999200, 0.0000000000000000000, 0.9559999999999996300 ) ) ;
#1270 = VERTEX_POINT ( 'NONE', #1235 ) ;
#1271 = FACE_OUTER_BOUND ( 'NONE', #561, .T. ) ;
#1272 = VERTEX_POINT ( 'NONE', #1255 ) ;
#1273 = ORIENTED_EDGE ( 'NONE', *, *, #1581, .T. ) ;
#1274 = VECTOR ( 'NONE', #608, 1000.000000000000000 ) ;
#1275 = DIRECTION ( 'NONE',  ( 0.0000000000000000000, -0.0000000000000000000, 1.000000000000000000 ) ) ;
#1276 = EDGE_CURVE ( 'NONE', #881, #987, #1660, .T. ) ;
#1277 = ORIENTED_EDGE ( 'NONE', *, *, #687, .F. ) ;
#1278 = CARTESIAN_POINT ( 'NONE',  ( 0.9999999999999997800, 0.02499999999999992200, -1.550000000000000300 ) ) ;
#1279 = DIRECTION ( 'NONE',  ( 0.0000000000000000000, -1.000000000000000000, 0.0000000000000000000 ) ) ;
#1280 = ORIENTED_EDGE ( 'NONE', *, *, #703, .F. ) ;
#1281 = ORIENTED_EDGE ( 'NONE', *, *, #829, .F. ) ;
#1282 = CARTESIAN_POINT ( 'NONE',  ( -1.802603959819377600E-016, 0.7791677532220540000, 0.9559999999999998500 ) ) ;
#1283 = DIRECTION ( 'NONE',  ( 0.0000000000000000000, -1.000000000000000000, 0.0000000000000000000 ) ) ;
#1284 = VECTOR ( 'NONE', #1583, 1000.000000000000000 ) ;
#1285 = ORIENTED_EDGE ( 'NONE', *, *, #1155, .T. ) ;
#1286 = ORIENTED_EDGE ( 'NONE', *, *, #354, .F. ) ;
#1287 = VECTOR ( 'NONE', #1837, 1000.000000000000000 ) ;
#1288 = LINE ( 'NONE', #85, #524 ) ;
#1289 = DIRECTION ( 'NONE',  ( -1.000000000000000000, -0.0000000000000000000, -1.668003342285391800E-016 ) ) ;
#1290 = EDGE_CURVE ( 'NONE', #1010, #1070, #39, .T. ) ;
#1291 = CARTESIAN_POINT ( 'NONE',  ( -1.000000000000000200, -3.689173349139343000, -0.6439999999999995700 ) ) ;
#1292 = VECTOR ( 'NONE', #1602, 1000.000000000000000 ) ;
#1293 = CARTESIAN_POINT ( 'NONE',  ( -0.9250000000000002700, 0.02499999999999997700, 0.6440000000000000200 ) ) ;
#1294 = CARTESIAN_POINT ( 'NONE',  ( 5.510910596163091400E-017, 1.050000000000000000, -0.1589999999999998100 ) ) ;
#1295 = DIRECTION ( 'NONE',  ( -1.000000000000000000, -0.0000000000000000000, 0.0000000000000000000 ) ) ;
#1296 = FACE_OUTER_BOUND ( 'NONE', #347, .T. ) ;
#1297 = EDGE_LOOP ( 'NONE', ( #1056, #1216, #2491, #1742, #2124, #2415, #1338, #196, #473, #2356, #1075, #664, #1696, #1248, #1500, #976, #560, #1153, #1934, #1408, #159, #1468, #2420, #1012, #1221, #2094, #649, #1665, #545 ) ) ;
#1298 = FACE_OUTER_BOUND ( 'NONE', #1643, .T. ) ;
#1299 = CARTESIAN_POINT ( 'NONE',  ( 0.0000000000000000000, 0.0000000000000000000, 0.0000000000000000000 ) ) ;
#1300 = VERTEX_POINT ( 'NONE', #1647 ) ;
#1301 = LINE ( 'NONE', #1719, #625 ) ;
#1302 = CARTESIAN_POINT ( 'NONE',  ( -1.000000000000000200, -3.689173349139343000, -0.1560000000000001100 ) ) ;
#1303 = EDGE_LOOP ( 'NONE', ( #1972, #2390, #1473, #379 ) ) ;
#1304 = LINE ( 'NONE', #819, #724 ) ;
#1305 = ORIENTED_EDGE ( 'NONE', *, *, #1727, .T. ) ;
#1306 = ORIENTED_EDGE ( 'NONE', *, *, #89, .F. ) ;
#1307 =( GEOMETRIC_REPRESENTATION_CONTEXT ( 3 ) GLOBAL_UNCERTAINTY_ASSIGNED_CONTEXT ( ( #1439 ) ) GLOBAL_UNIT_ASSIGNED_CONTEXT ( ( #1139, #1170, #1184 ) ) REPRESENTATION_CONTEXT ( 'NONE', 'WORKASPACE' ) );
#1308 = DIRECTION ( 'NONE',  ( 0.0000000000000000000, 1.000000000000000000, 0.0000000000000000000 ) ) ;
#1309 = EDGE_CURVE ( 'NONE', #987, #585, #1264, .T. ) ;
#1310 = EDGE_LOOP ( 'NONE', ( #2501, #1178, #1378, #553 ) ) ;
#1311 = AXIS2_PLACEMENT_3D ( 'NONE', #2119, #1418, #1445 ) ;
#1312 =( LENGTH_UNIT ( ) NAMED_UNIT ( * ) SI_UNIT ( .MILLI., .METRE. ) );
#1313 = DIRECTION ( 'NONE',  ( 0.0000000000000000000, -0.0000000000000000000, 1.000000000000000000 ) ) ;
#1314 = ORIENTED_EDGE ( 'NONE', *, *, #2310, .T. ) ;
#1315 = ORIENTED_EDGE ( 'NONE', *, *, #402, .F. ) ;
#1316 =( NAMED_UNIT ( * ) PLANE_ANGLE_UNIT ( ) SI_UNIT ( $, .RADIAN. ) );
#1317 = CARTESIAN_POINT ( 'NONE',  ( -1.802603959819375900E-016, 0.0000000000000000000, 0.9559999999999995200 ) ) ;
#1318 = LINE ( 'NONE', #1990, #1613 ) ;
#1319 = CARTESIAN_POINT ( 'NONE',  ( 0.0000000000000000000, 0.02500000000000000100, 0.1560000000000000000 ) ) ;
#1320 =( NAMED_UNIT ( * ) SI_UNIT ( $, .STERADIAN. ) SOLID_ANGLE_UNIT ( ) );
#1321 = DIRECTION ( 'NONE',  ( 1.000000000000000000, 0.0000000000000000000, 1.668003342285391800E-016 ) ) ;
#1322 = EDGE_CURVE ( 'NONE', #44, #1884, #436, .T. ) ;
#1323 = CARTESIAN_POINT ( 'NONE',  ( 0.9999999999999997800, 0.02500000000000000100, 0.1560000000000000000 ) ) ;
#1324 = AXIS2_PLACEMENT_3D ( 'NONE', #1195, #2052, #781 ) ;
#1325 = SURFACE_SIDE_STYLE ('',( #1009 ) ) ;
#1326 = FILL_AREA_STYLE ('',( #1351 ) ) ;
#1327 = LINE ( 'NONE', #918, #206 ) ;
#1328 = ORIENTED_EDGE ( 'NONE', *, *, #1570, .F. ) ;
#1329 = DIRECTION ( 'NONE',  ( 1.000000000000000000, -0.0000000000000000000, 1.885568995626963300E-016 ) ) ;
#1330 = VERTEX_POINT ( 'NONE', #2130 ) ;
#1331 = VECTOR ( 'NONE', #2585, 1000.000000000000000 ) ;
#1332 = ORIENTED_EDGE ( 'NONE', *, *, #1393, .T. ) ;
#1333 = ADVANCED_FACE ( 'NONE', ( #619 ), #1357, .T. ) ;
#1334 = PLANE ( 'NONE',  #2565 ) ;
#1335 = CARTESIAN_POINT ( 'NONE',  ( 0.0000000000000000000, 1.050000000000000000, -1.058999999999999900 ) ) ;
#1336 = ORIENTED_EDGE ( 'NONE', *, *, #2302, .T. ) ;
#1337 = VECTOR ( 'NONE', #455, 1000.000000000000000 ) ;
#1338 = ORIENTED_EDGE ( 'NONE', *, *, #963, .F. ) ;
#1339 = CARTESIAN_POINT ( 'NONE',  ( -1.000000000000000200, 1.100000000000000300, -1.550000000000000300 ) ) ;
#1340 = DIRECTION ( 'NONE',  ( 0.0000000000000000000, 1.000000000000000000, 0.0000000000000000000 ) ) ;
#1341 = CARTESIAN_POINT ( 'NONE',  ( -1.214306433183764700E-016, 0.02499999999999995600, 0.6440000000000001300 ) ) ;
#1342 = EDGE_CURVE ( 'NONE', #589, #2359, #237, .T. ) ;
#1343 = DIRECTION ( 'NONE',  ( 0.0000000000000000000, -1.000000000000000000, 0.0000000000000000000 ) ) ;
#1344 = ORIENTED_EDGE ( 'NONE', *, *, #2302, .F. ) ;
#1345 = ORIENTED_EDGE ( 'NONE', *, *, #1416, .F. ) ;
#1346 = FACE_OUTER_BOUND ( 'NONE', #849, .T. ) ;
#1347 = VERTEX_POINT ( 'NONE', #926 ) ;
#1348 = AXIS2_PLACEMENT_3D ( 'NONE', #580, #2076, #488 ) ;
#1349 = DIRECTION ( 'NONE',  ( 0.0000000000000000000, 1.000000000000000000, 0.0000000000000000000 ) ) ;
#1350 = FACE_OUTER_BOUND ( 'NONE', #854, .T. ) ;
#1351 = FILL_AREA_STYLE_COLOUR ( '', #676 ) ;
#1352 = VERTEX_POINT ( 'NONE', #1871 ) ;
#1353 = ADVANCED_FACE ( 'NONE', ( #573 ), #1354, .F. ) ;
#1354 = PLANE ( 'NONE',  #1937 ) ;
#1355 = CARTESIAN_POINT ( 'NONE',  ( -0.3500000000000002600, 0.0000000000000000000, -1.550000000000000300 ) ) ;
#1356 = DIRECTION ( 'NONE',  ( -1.000000000000000000, 0.0000000000000000000, -1.668003342285391600E-016 ) ) ;
#1357 = PLANE ( 'NONE',  #1653 ) ;
#1358 = FACE_OUTER_BOUND ( 'NONE', #2653, .T. ) ;
#1359 = CARTESIAN_POINT ( 'NONE',  ( -0.9250000000000002700, 0.0000000000000000000, -0.6440000000000000200 ) ) ;
#1360 =( GEOMETRIC_REPRESENTATION_CONTEXT ( 3 ) GLOBAL_UNCERTAINTY_ASSIGNED_CONTEXT ( ( #1932 ) ) GLOBAL_UNIT_ASSIGNED_CONTEXT ( ( #1677, #1197, #1232 ) ) REPRESENTATION_CONTEXT ( 'NONE', 'WORKASPACE' ) );
#1361 = EDGE_CURVE ( 'NONE', #1241, #225, #611, .T. ) ;
#1362 = ADVANCED_FACE ( 'NONE', ( #1358 ), #46, .F. ) ;
#1363 = AXIS2_PLACEMENT_3D ( 'NONE', #2203, #2099, #2194 ) ;
#1364 = VECTOR ( 'NONE', #38, 1000.000000000000000 ) ;
#1365 = ORIENTED_EDGE ( 'NONE', *, *, #1864, .T. ) ;
#1366 = VECTOR ( 'NONE', #2259, 1000.000000000000000 ) ;
#1367 = SURFACE_STYLE_USAGE ( .BOTH. , #1325 ) ;
#1368 = DIRECTION ( 'NONE',  ( 0.0000000000000000000, -0.0000000000000000000, -1.000000000000000000 ) ) ;
#1369 = DIRECTION ( 'NONE',  ( 0.0000000000000000000, 0.0000000000000000000, 1.000000000000000000 ) ) ;
#1370 = ORIENTED_EDGE ( 'NONE', *, *, #824, .T. ) ;
#1371 = VECTOR ( 'NONE', #1295, 1000.000000000000000 ) ;
#1372 = ORIENTED_EDGE ( 'NONE', *, *, #1670, .T. ) ;
#1373 = DIRECTION ( 'NONE',  ( -0.0000000000000000000, -1.000000000000000000, -0.0000000000000000000 ) ) ;
#1374 = ORIENTED_EDGE ( 'NONE', *, *, #160, .T. ) ;
#1375 = ORIENTED_EDGE ( 'NONE', *, *, #140, .F. ) ;
#1376 = ADVANCED_FACE ( 'NONE', ( #818 ), #80, .F. ) ;
#1377 = FACE_OUTER_BOUND ( 'NONE', #679, .T. ) ;
#1378 = ORIENTED_EDGE ( 'NONE', *, *, #471, .T. ) ;
#1379 = DIRECTION ( 'NONE',  ( -1.000000000000000000, 0.0000000000000000000, 0.0000000000000000000 ) ) ;
#1380 = DIRECTION ( 'NONE',  ( 0.0000000000000000000, 1.000000000000000000, 0.0000000000000000000 ) ) ;
#1381 = CARTESIAN_POINT ( 'NONE',  ( 5.510910596163090200E-017, 0.9000000000000002400, -1.058999999999999900 ) ) ;
#1382 = EDGE_CURVE ( 'NONE', #2517, #925, #1424, .T. ) ;
#1383 = DIRECTION ( 'NONE',  ( 0.0000000000000000000, 1.000000000000000000, 0.0000000000000000000 ) ) ;
#1384 = ORIENTED_EDGE ( 'NONE', *, *, #1108, .F. ) ;
#1385 = ORIENTED_EDGE ( 'NONE', *, *, #1089, .F. ) ;
#1386 = AXIS2_PLACEMENT_3D ( 'NONE', #651, #1283, #1661 ) ;
#1387 = VECTOR ( 'NONE', #1198, 1000.000000000000000 ) ;
#1388 = EDGE_CURVE ( 'NONE', #1104, #825, #1234, .T. ) ;
#1389 = VECTOR ( 'NONE', #1166, 1000.000000000000000 ) ;
#1390 = DIRECTION ( 'NONE',  ( -0.0000000000000000000, 0.0000000000000000000, -1.000000000000000000 ) ) ;
#1391 = ADVANCED_FACE ( 'NONE', ( #1230 ), #201, .F. ) ;
#1392 = VECTOR ( 'NONE', #110, 1000.000000000000000 ) ;
#1393 = EDGE_CURVE ( 'NONE', #2614, #1204, #844, .T. ) ;
#1394 = DIRECTION ( 'NONE',  ( -0.0000000000000000000, 0.0000000000000000000, 1.000000000000000000 ) ) ;
#1395 = CARTESIAN_POINT ( 'NONE',  ( -1.000000000000000200, 0.0000000000000000000, 1.550000000000000300 ) ) ;
#1396 = CARTESIAN_POINT ( 'NONE',  ( 0.3499999999999999200, 0.7791677532220540000, 0.9559999999999996300 ) ) ;
#1397 = LINE ( 'NONE', #1543, #2436 ) ;
#1398 = ORIENTED_EDGE ( 'NONE', *, *, #1992, .F. ) ;
#1399 = LINE ( 'NONE', #694, #2268 ) ;
#1400 = EDGE_LOOP ( 'NONE', ( #767, #2267, #1726, #1214 ) ) ;
#1401 = LINE ( 'NONE', #2675, #2443 ) ;
#1402 = ORIENTED_EDGE ( 'NONE', *, *, #2166, .F. ) ;
#1403 = ORIENTED_EDGE ( 'NONE', *, *, #2368, .F. ) ;
#1404 = ADVANCED_FACE ( 'NONE', ( #808 ), #175, .F. ) ;
#1405 = FACE_OUTER_BOUND ( 'NONE', #54, .T. ) ;
#1406 = CARTESIAN_POINT ( 'NONE',  ( -0.3500000000000001400, 0.0000000000000000000, 0.9559999999999996300 ) ) ;
#1407 = CARTESIAN_POINT ( 'NONE',  ( 0.0000000000000000000, 1.100000000000000100, -0.6089999999999999900 ) ) ;
#1408 = ORIENTED_EDGE ( 'NONE', *, *, #946, .F. ) ;
#1409 = ORIENTED_EDGE ( 'NONE', *, *, #2485, .T. ) ;
#1410 = VERTEX_POINT ( 'NONE', #1339 ) ;
#1411 = MANIFOLD_SOLID_BREP ( 'Boss-Extrude3[4]', #447 ) ;
#1412 = CARTESIAN_POINT ( 'NONE',  ( 0.3500000000000000300, 0.0000000000000000000, -0.6440000000000001300 ) ) ;
#1413 = ORIENTED_EDGE ( 'NONE', *, *, #471, .F. ) ;
#1414 = VERTEX_POINT ( 'NONE', #1263 ) ;
#1415 = DIRECTION ( 'NONE',  ( 0.0000000000000000000, 1.000000000000000000, 0.0000000000000000000 ) ) ;
#1416 = EDGE_CURVE ( 'NONE', #1873, #121, #2089, .T. ) ;
#1417 = AXIS2_PLACEMENT_3D ( 'NONE', #2686, #1901, #639 ) ;
#1418 = DIRECTION ( 'NONE',  ( -1.668003342285392000E-016, 0.0000000000000000000, 1.000000000000000000 ) ) ;
#1419 = ADVANCED_FACE ( 'NONE', ( #2280 ), #1428, .T. ) ;
#1420 = VECTOR ( 'NONE', #459, 1000.000000000000000 ) ;
#1421 = LINE ( 'NONE', #1968, #805 ) ;
#1422 = CARTESIAN_POINT ( 'NONE',  ( -1.000000000000000000, 0.02499999999999996300, 0.6439999999999999100 ) ) ;
#1423 =( NAMED_UNIT ( * ) SI_UNIT ( $, .STERADIAN. ) SOLID_ANGLE_UNIT ( ) );
#1424 = LINE ( 'NONE', #83, #907 ) ;
#1425 = FILL_AREA_STYLE_COLOUR ( '', #733 ) ;
#1426 = DIRECTION ( 'NONE',  ( 0.0000000000000000000, 0.0000000000000000000, 1.000000000000000000 ) ) ;
#1427 = PLANE ( 'NONE',  #2102 ) ;
#1428 = PLANE ( 'NONE',  #1311 ) ;
#1429 = VECTOR ( 'NONE', #2133, 1000.000000000000000 ) ;
#1430 = EDGE_CURVE ( 'NONE', #1817, #713, #2593, .T. ) ;
#1431 = CARTESIAN_POINT ( 'NONE',  ( 0.9250000000000002700, 0.0000000000000000000, 0.0000000000000000000 ) ) ;
#1432 = AXIS2_PLACEMENT_3D ( 'NONE', #2286, #2358, #895 ) ;
#1433 = DIRECTION ( 'NONE',  ( 0.0000000000000000000, 0.0000000000000000000, 1.000000000000000000 ) ) ;
#1434 = VECTOR ( 'NONE', #1480, 1000.000000000000000 ) ;
#1435 = VERTEX_POINT ( 'NONE', #1422 ) ;
#1436 = DIRECTION ( 'NONE',  ( 1.000000000000000000, -0.0000000000000000000, 0.0000000000000000000 ) ) ;
#1437 = VECTOR ( 'NONE', #2252, 1000.000000000000000 ) ;
#1438 = ORIENTED_EDGE ( 'NONE', *, *, #33, .T. ) ;
#1439 = UNCERTAINTY_MEASURE_WITH_UNIT (LENGTH_MEASURE( 1.000000000000000100E-005 ), #1139, 'distance_accuracy_value', 'NONE');
#1440 = AXIS2_PLACEMENT_3D ( 'NONE', #1299, #1974, #1986 ) ;
#1441 = CARTESIAN_POINT ( 'NONE',  ( 0.3500000000000000300, 0.0000000000000000000, 0.0000000000000000000 ) ) ;
#1442 = ORIENTED_EDGE ( 'NONE', *, *, #202, .T. ) ;
#1443 = EDGE_CURVE ( 'NONE', #657, #1685, #729, .T. ) ;
#1444 = ORIENTED_EDGE ( 'NONE', *, *, #340, .T. ) ;
#1445 = DIRECTION ( 'NONE',  ( 1.000000000000000000, 0.0000000000000000000, 1.668003342285392000E-016 ) ) ;
#1446 = ORIENTED_EDGE ( 'NONE', *, *, #2456, .F. ) ;
#1447 = DIRECTION ( 'NONE',  ( -1.000000000000000000, -0.0000000000000000000, 0.0000000000000000000 ) ) ;
#1448 = CARTESIAN_POINT ( 'NONE',  ( 0.3500000000000000300, 0.02500000000000000100, 0.6440000000000001300 ) ) ;
#1449 = DIRECTION ( 'NONE',  ( 1.000000000000000000, -0.0000000000000000000, 0.0000000000000000000 ) ) ;
#1450 = ORIENTED_EDGE ( 'NONE', *, *, #615, .F. ) ;
#1451 = DIRECTION ( 'NONE',  ( 0.0000000000000000000, -0.0000000000000000000, 1.000000000000000000 ) ) ;
#1452 = ORIENTED_EDGE ( 'NONE', *, *, #1342, .T. ) ;
#1453 = CARTESIAN_POINT ( 'NONE',  ( 0.3500000000000000300, 0.7791677532220540000, 0.6440000000000001300 ) ) ;
#1454 = AXIS2_PLACEMENT_3D ( 'NONE', #1407, #1415, #1433 ) ;
#1455 = DIRECTION ( 'NONE',  ( 0.0000000000000000000, 1.000000000000000000, 0.0000000000000000000 ) ) ;
#1456 = EDGE_CURVE ( 'NONE', #979, #1873, #799, .T. ) ;
#1457 =( NAMED_UNIT ( * ) SI_UNIT ( $, .STERADIAN. ) SOLID_ANGLE_UNIT ( ) );
#1458 = LINE ( 'NONE', #1176, #1389 ) ;
#1459 = SURFACE_STYLE_FILL_AREA ( #1655 ) ;
#1460 = DIRECTION ( 'NONE',  ( 0.0000000000000000000, -0.0000000000000000000, 1.000000000000000000 ) ) ;
#1461 = LINE ( 'NONE', #76, #2037 ) ;
#1462 = VERTEX_POINT ( 'NONE', #1567 ) ;
#1463 = VECTOR ( 'NONE', #84, 1000.000000000000000 ) ;
#1464 = VECTOR ( 'NONE', #882, 1000.000000000000000 ) ;
#1465 = ORIENTED_EDGE ( 'NONE', *, *, #998, .F. ) ;
#1466 = EDGE_CURVE ( 'NONE', #151, #1021, #517, .T. ) ;
#1467 = LINE ( 'NONE', #2685, #2492 ) ;
#1468 = ORIENTED_EDGE ( 'NONE', *, *, #1061, .F. ) ;
#1469 = STYLED_ITEM ( 'NONE', ( #227 ), #865 ) ;
#1470 = ORIENTED_EDGE ( 'NONE', *, *, #1322, .T. ) ;
#1471 = LINE ( 'NONE', #2396, #916 ) ;
#1472 = AXIS2_PLACEMENT_3D ( 'NONE', #1794, #93, #1356 ) ;
#1473 = ORIENTED_EDGE ( 'NONE', *, *, #1689, .T. ) ;
#1474 = DIRECTION ( 'NONE',  ( 0.0000000000000000000, 1.000000000000000000, 0.0000000000000000000 ) ) ;
#1475 = VERTEX_POINT ( 'NONE', #1637 ) ;
#1476 = ORIENTED_EDGE ( 'NONE', *, *, #2197, .F. ) ;
#1477 = ORIENTED_EDGE ( 'NONE', *, *, #735, .F. ) ;
#1478 = ORIENTED_EDGE ( 'NONE', *, *, #1260, .F. ) ;
#1479 = VECTOR ( 'NONE', #494, 1000.000000000000000 ) ;
#1480 = DIRECTION ( 'NONE',  ( -0.0000000000000000000, -1.000000000000000000, -0.0000000000000000000 ) ) ;
#1481 =( NAMED_UNIT ( * ) PLANE_ANGLE_UNIT ( ) SI_UNIT ( $, .RADIAN. ) );
#1482 = EDGE_CURVE ( 'NONE', #2671, #825, #2331, .T. ) ;
#1483 = CARTESIAN_POINT ( 'NONE',  ( 0.0000000000000000000, 0.0000000000000000000, 0.0000000000000000000 ) ) ;
#1484 = LINE ( 'NONE', #1716, #1464 ) ;
#1485 = PLANE ( 'NONE',  #1002 ) ;
#1486 = FACE_OUTER_BOUND ( 'NONE', #1836, .T. ) ;
#1487 = ORIENTED_EDGE ( 'NONE', *, *, #569, .T. ) ;
#1488 = FACE_OUTER_BOUND ( 'NONE', #2149, .T. ) ;
#1489 = CARTESIAN_POINT ( 'NONE',  ( -0.9250000000000002700, 0.02499999999999997700, 0.1560000000000001100 ) ) ;
#1490 = VERTEX_POINT ( 'NONE', #1611 ) ;
#1491 = ORIENTED_EDGE ( 'NONE', *, *, #2519, .T. ) ;
#1492 = DIRECTION ( 'NONE',  ( -4.555471312964251600E-016, -0.0000000000000000000, -1.000000000000000000 ) ) ;
#1493 = EDGE_CURVE ( 'NONE', #1765, #195, #1576, .T. ) ;
#1494 = ORIENTED_EDGE ( 'NONE', *, *, #1361, .F. ) ;
#1495 = CARTESIAN_POINT ( 'NONE',  ( 0.0000000000000000000, 0.02500000000000000100, 1.444000000000000200 ) ) ;
#1496 = ORIENTED_EDGE ( 'NONE', *, *, #857, .T. ) ;
#1497 = CARTESIAN_POINT ( 'NONE',  ( 0.9250000000000002700, 0.02499999999999995600, 0.0000000000000000000 ) ) ;
#1498 = CARTESIAN_POINT ( 'NONE',  ( 0.0000000000000000000, 0.7791677532220540000, 1.444000000000000200 ) ) ;
#1499 = LINE ( 'NONE', #1863, #1079 ) ;
#1500 = ORIENTED_EDGE ( 'NONE', *, *, #1751, .F. ) ;
#1501 = VERTEX_POINT ( 'NONE', #1657 ) ;
#1502 = CARTESIAN_POINT ( 'NONE',  ( -0.3500000000000000300, 0.02500000000000000100, -0.1560000000000000000 ) ) ;
#1503 =( LENGTH_UNIT ( ) NAMED_UNIT ( * ) SI_UNIT ( .MILLI., .METRE. ) );
#1504 = PLANE ( 'NONE',  #1887 ) ;
#1505 = DIRECTION ( 'NONE',  ( 0.0000000000000000000, -0.0000000000000000000, -1.000000000000000000 ) ) ;
#1506 = CARTESIAN_POINT ( 'NONE',  ( 0.0000000000000000000, 0.9000000000000002400, -0.6089999999999999900 ) ) ;
#1507 = DIRECTION ( 'NONE',  ( -0.0000000000000000000, -0.0000000000000000000, -1.000000000000000000 ) ) ;
#1508 = EDGE_CURVE ( 'NONE', #1558, #904, #1645, .T. ) ;
#1509 = DIRECTION ( 'NONE',  ( -1.000000000000000000, 0.0000000000000000000, -0.0000000000000000000 ) ) ;
#1510 = LINE ( 'NONE', #2165, #2535 ) ;
#1511 =( NAMED_UNIT ( * ) PLANE_ANGLE_UNIT ( ) SI_UNIT ( $, .RADIAN. ) );
#1512 = CARTESIAN_POINT ( 'NONE',  ( -0.9250000000000002700, 0.0000000000000000000, 0.1560000000000000800 ) ) ;
#1513 = DIRECTION ( 'NONE',  ( 0.0000000000000000000, 1.000000000000000000, 0.0000000000000000000 ) ) ;
#1514 = EDGE_CURVE ( 'NONE', #17, #2545, #1983, .T. ) ;
#1515 = CARTESIAN_POINT ( 'NONE',  ( -1.000000000000000000, 0.02499999999999996300, 0.1560000000000000800 ) ) ;
#1516 = CARTESIAN_POINT ( 'NONE',  ( 0.0000000000000000000, 0.02500000000000000100, 0.0000000000000000000 ) ) ;
#1517 = LINE ( 'NONE', #1673, #2609 ) ;
#1518 = CARTESIAN_POINT ( 'NONE',  ( -0.9250000000000002700, 0.7791677532220540000, 0.0000000000000000000 ) ) ;
#1519 = LINE ( 'NONE', #317, #971 ) ;
#1520 = EDGE_LOOP ( 'NONE', ( #2350, #2586, #518, #145 ) ) ;
#1521 = FACE_OUTER_BOUND ( 'NONE', #246, .T. ) ;
#1522 =( NAMED_UNIT ( * ) SI_UNIT ( $, .STERADIAN. ) SOLID_ANGLE_UNIT ( ) );
#1523 = VERTEX_POINT ( 'NONE', #1756 ) ;
#1524 = VECTOR ( 'NONE', #2263, 1000.000000000000000 ) ;
#1525 = ORIENTED_EDGE ( 'NONE', *, *, #980, .T. ) ;
#1526 = CARTESIAN_POINT ( 'NONE',  ( 0.0000000000000000000, 0.0000000000000000000, 0.9559999999999996300 ) ) ;
#1527 = VERTEX_POINT ( 'NONE', #549 ) ;
#1528 = EDGE_CURVE ( 'NONE', #1131, #2561, #449, .T. ) ;
#1529 = PLANE ( 'NONE',  #1712 ) ;
#1530 = VECTOR ( 'NONE', #626, 1000.000000000000000 ) ;
#1531 = ORIENTED_EDGE ( 'NONE', *, *, #1388, .F. ) ;
#1532 = AXIS2_PLACEMENT_3D ( 'NONE', #171, #384, #2087 ) ;
#1533 = EDGE_LOOP ( 'NONE', ( #917, #593, #910, #822 ) ) ;
#1534 = VERTEX_POINT ( 'NONE', #1788 ) ;
#1535 = AXIS2_PLACEMENT_3D ( 'NONE', #750, #952, #270 ) ;
#1536 = ADVANCED_FACE ( 'NONE', ( #1346 ), #1739, .T. ) ;
#1537 = ORIENTED_EDGE ( 'NONE', *, *, #2601, .T. ) ;
#1538 = ORIENTED_EDGE ( 'NONE', *, *, #1015, .T. ) ;
#1539 = CARTESIAN_POINT ( 'NONE',  ( -0.3500000000000000300, 0.02499999999999995600, 0.0000000000000000000 ) ) ;
#1540 = PLANE ( 'NONE',  #2364 ) ;
#1541 = VECTOR ( 'NONE', #2622, 1000.000000000000000 ) ;
#1542 = VECTOR ( 'NONE', #1925, 1000.000000000000000 ) ;
#1543 = CARTESIAN_POINT ( 'NONE',  ( 0.0000000000000000000, 0.0000000000000000000, -0.1560000000000001100 ) ) ;
#1544 = DIRECTION ( 'NONE',  ( -0.0000000000000000000, 0.0000000000000000000, -1.000000000000000000 ) ) ;
#1545 = DIRECTION ( 'NONE',  ( -0.0000000000000000000, -0.0000000000000000000, 1.000000000000000000 ) ) ;
#1546 = EDGE_CURVE ( 'NONE', #2324, #1066, #1499, .T. ) ;
#1547 = ADVANCED_FACE ( 'NONE', ( #597 ), #1859, .T. ) ;
#1548 = CARTESIAN_POINT ( 'NONE',  ( -1.000000000000000200, 0.02499999999999992200, 1.549999999999999600 ) ) ;
#1550 = LINE ( 'NONE', #2136, #138 ) ;
#1549 = FILL_AREA_STYLE ('',( #1103 ) ) ;
#1551 = VECTOR ( 'NONE', #1923, 1000.000000000000000 ) ;
#1552 = CARTESIAN_POINT ( 'NONE',  ( -0.3500000000000002600, 0.02500000000000000100, 0.0000000000000000000 ) ) ;
#1553 = CARTESIAN_POINT ( 'NONE',  ( 0.9250000000000002700, 0.7791677532220540000, 0.1560000000000000600 ) ) ;
#1554 = FACE_OUTER_BOUND ( 'NONE', #1051, .T. ) ;
#1555 = DIRECTION ( 'NONE',  ( -0.0000000000000000000, -0.0000000000000000000, -1.000000000000000000 ) ) ;
#1556 = DIRECTION ( 'NONE',  ( 0.0000000000000000000, -1.000000000000000000, 0.0000000000000000000 ) ) ;
#1557 = DIRECTION ( 'NONE',  ( 0.0000000000000000000, 0.0000000000000000000, 1.000000000000000000 ) ) ;
#1558 = VERTEX_POINT ( 'NONE', #1724 ) ;
#1559 = FACE_OUTER_BOUND ( 'NONE', #622, .T. ) ;
#1560 = ORIENTED_EDGE ( 'NONE', *, *, #1824, .T. ) ;
#1561 = PLANE ( 'NONE',  #1472 ) ;
#1562 = ORIENTED_EDGE ( 'NONE', *, *, #1309, .T. ) ;
#1563 = LINE ( 'NONE', #1597, #1808 ) ;
#1564 = DIRECTION ( 'NONE',  ( 0.0000000000000000000, 1.000000000000000000, -0.0000000000000000000 ) ) ;
#1565 = ORIENTED_EDGE ( 'NONE', *, *, #208, .T. ) ;
#1566 = ADVANCED_FACE ( 'NONE', ( #157 ), #659, .T. ) ;
#1567 = CARTESIAN_POINT ( 'NONE',  ( -1.000000000000000000, 0.02499999999999996300, -0.6439999999999997900 ) ) ;
#1568 = PLANE ( 'NONE',  #2128 ) ;
#1569 = FILL_AREA_STYLE_COLOUR ( '', #510 ) ;
#1570 = EDGE_CURVE ( 'NONE', #1523, #1527, #1851, .T. ) ;
#1571 = CARTESIAN_POINT ( 'NONE',  ( 0.3500000000000001400, 0.02499999999999995600, -7.776040171514885700E-017 ) ) ;
#1572 = LINE ( 'NONE', #2129, #250 ) ;
#1573 = ORIENTED_EDGE ( 'NONE', *, *, #1590, .T. ) ;
#1574 = STYLED_ITEM ( 'NONE', ( #2347 ), #369 ) ;
#1575 = CARTESIAN_POINT ( 'NONE',  ( 0.0000000000000000000, 0.0000000000000000000, -0.6440000000000001300 ) ) ;
#1576 = LINE ( 'NONE', #1587, #2475 ) ;
#1577 = ORIENTED_EDGE ( 'NONE', *, *, #2344, .F. ) ;
#1578 = ORIENTED_EDGE ( 'NONE', *, *, #2012, .T. ) ;
#1579 = PRODUCT_DEFINITION ( 'UNKNOWN', '', #1713, #1843 ) ;
#1580 = CARTESIAN_POINT ( 'NONE',  ( 0.0000000000000000000, 0.0000000000000000000, -1.444000000000000000 ) ) ;
#1581 = EDGE_CURVE ( 'NONE', #2161, #21, #25, .T. ) ;
#1582 = SURFACE_STYLE_FILL_AREA ( #165 ) ;
#1583 = DIRECTION ( 'NONE',  ( -0.0000000000000000000, 0.0000000000000000000, -1.000000000000000000 ) ) ;
#1584 = CARTESIAN_POINT ( 'NONE',  ( 0.0000000000000000000, 0.9000000000000002400, -0.6089999999999999900 ) ) ;
#1585 = DIRECTION ( 'NONE',  ( 0.0000000000000000000, -0.0000000000000000000, -1.000000000000000000 ) ) ;
#1586 = CARTESIAN_POINT ( 'NONE',  ( -1.000000000000000000, 0.02500000000000000100, 0.1560000000000001100 ) ) ;
#1587 = CARTESIAN_POINT ( 'NONE',  ( -0.3500000000000000300, 0.7791677532220540000, 0.6440000000000000200 ) ) ;
#1588 = ADVANCED_FACE ( 'NONE', ( #858 ), #1000, .F. ) ;
#1589 = EDGE_CURVE ( 'NONE', #1300, #695, #361, .T. ) ;
#1590 = EDGE_CURVE ( 'NONE', #296, #1148, #2392, .T. ) ;
#1591 = AXIS2_PLACEMENT_3D ( 'NONE', #1783, #1797, #1858 ) ;
#1592 = VECTOR ( 'NONE', #690, 1000.000000000000000 ) ;
#1593 = VECTOR ( 'NONE', #1373, 1000.000000000000000 ) ;
#1594 = ORIENTED_EDGE ( 'NONE', *, *, #1957, .F. ) ;
#1595 = ADVANCED_FACE ( 'NONE', ( #1915 ), #1003, .T. ) ;
#1596 = CARTESIAN_POINT ( 'NONE',  ( 0.0000000000000000000, 0.9000000000000002400, -0.6089999999999999900 ) ) ;
#1597 = CARTESIAN_POINT ( 'NONE',  ( 0.3499999999999998100, 0.0000000000000000000, 0.0000000000000000000 ) ) ;
#1598 = ORIENTED_EDGE ( 'NONE', *, *, #1889, .T. ) ;
#1599 = CARTESIAN_POINT ( 'NONE',  ( -0.3500000000000000300, 0.02500000000000000100, 0.0000000000000000000 ) ) ;
#1600 = VECTOR ( 'NONE', #2029, 1000.000000000000000 ) ;
#1601 = ORIENTED_EDGE ( 'NONE', *, *, #2571, .T. ) ;
#1602 = DIRECTION ( 'NONE',  ( -1.000000000000000000, -0.0000000000000000000, -2.828353493440445300E-016 ) ) ;
#1603 = VERTEX_POINT ( 'NONE', #807 ) ;
#1604 = ORIENTED_EDGE ( 'NONE', *, *, #1466, .F. ) ;
#1605 = DIRECTION ( 'NONE',  ( 0.0000000000000000000, -0.0000000000000000000, -1.000000000000000000 ) ) ;
#1606 = CARTESIAN_POINT ( 'NONE',  ( -0.9250000000000002700, 0.02499999999999995600, 0.0000000000000000000 ) ) ;
#1607 = CARTESIAN_POINT ( 'NONE',  ( -0.3500000000000001400, 0.02500000000000000100, 0.0000000000000000000 ) ) ;
#1608 = EDGE_CURVE ( 'NONE', #2191, #2221, #423, .T. ) ;
#1609 = ORIENTED_EDGE ( 'NONE', *, *, #1290, .T. ) ;
#1610 = AXIS2_PLACEMENT_3D ( 'NONE', #2631, #1619, #360 ) ;
#1611 = CARTESIAN_POINT ( 'NONE',  ( -0.3500000000000000300, 0.0000000000000000000, -0.1560000000000000000 ) ) ;
#1612 = ADVANCED_FACE ( 'NONE', ( #1377 ), #303, .F. ) ;
#1613 = VECTOR ( 'NONE', #305, 1000.000000000000000 ) ;
#1614 = MANIFOLD_SOLID_BREP ( 'Boss-Extrude3[6]', #285 ) ;
#1615 = FACE_OUTER_BOUND ( 'NONE', #349, .T. ) ;
#1616 = CARTESIAN_POINT ( 'NONE',  ( 0.3500000000000000300, 0.7791677532220540000, 0.1559999999999998900 ) ) ;
#1617 = DIRECTION ( 'NONE',  ( 0.0000000000000000000, 1.000000000000000000, -0.0000000000000000000 ) ) ;
#1618 = PLANE ( 'NONE',  #213 ) ;
#1619 = DIRECTION ( 'NONE',  ( -1.000000000000000000, 0.0000000000000000000, 0.0000000000000000000 ) ) ;
#1620 = LINE ( 'NONE', #784, #1682 ) ;
#1621 = EDGE_CURVE ( 'NONE', #212, #2493, #1920, .T. ) ;
#1622 = ADVANCED_FACE ( 'NONE', ( #636 ), #2285, .T. ) ;
#1623 = DIRECTION ( 'NONE',  ( -0.7071067811865439100, 0.0000000000000000000, -0.7071067811865512400 ) ) ;
#1624 = CARTESIAN_POINT ( 'NONE',  ( 1.214306433183765000E-016, 0.02499999999999995600, 0.6440000000000002400 ) ) ;
#1625 = AXIS2_PLACEMENT_3D ( 'NONE', #1124, #1340, #71 ) ;
#1626 = LINE ( 'NONE', #1502, #1065 ) ;
#1627 = ORIENTED_EDGE ( 'NONE', *, *, #891, .T. ) ;
#1628 = CARTESIAN_POINT ( 'NONE',  ( -1.000000000000000200, -3.689173349139343000, 0.1560000000000001100 ) ) ;
#1629 = VECTOR ( 'NONE', #1777, 1000.000000000000000 ) ;
#1630 = CARTESIAN_POINT ( 'NONE',  ( 0.9250000000000002700, 0.02499999999999996700, -1.444000000000000000 ) ) ;
#1631 = ORIENTED_EDGE ( 'NONE', *, *, #2344, .T. ) ;
#1632 = VECTOR ( 'NONE', #1380, 1000.000000000000000 ) ;
#1633 = ORIENTED_EDGE ( 'NONE', *, *, #591, .T. ) ;
#1634 = DIRECTION ( 'NONE',  ( 0.0000000000000000000, 1.000000000000000000, 0.0000000000000000000 ) ) ;
#1635 = VERTEX_POINT ( 'NONE', #308 ) ;
#1636 = SURFACE_STYLE_FILL_AREA ( #1099 ) ;
#1637 = CARTESIAN_POINT ( 'NONE',  ( 0.9999999999999997800, 0.0000000000000000000, -0.1559999999999999200 ) ) ;
#1638 = DIRECTION ( 'NONE',  ( 1.000000000000000000, 0.0000000000000000000, -0.0000000000000000000 ) ) ;
#1639 = CARTESIAN_POINT ( 'NONE',  ( -0.9250000000000002700, 0.0000000000000000000, -0.9559999999999996300 ) ) ;
#1640 = SURFACE_SIDE_STYLE ('',( #1582 ) ) ;
#1641 = ORIENTED_EDGE ( 'NONE', *, *, #440, .F. ) ;
#1642 = UNCERTAINTY_MEASURE_WITH_UNIT (LENGTH_MEASURE( 1.000000000000000100E-005 ), #1047, 'distance_accuracy_value', 'NONE');
#1643 = EDGE_LOOP ( 'NONE', ( #1964, #845, #697, #1853 ) ) ;
#1644 = DIRECTION ( 'NONE',  ( 0.0000000000000000000, 1.000000000000000000, 0.0000000000000000000 ) ) ;
#1645 = LINE ( 'NONE', #1616, #2021 ) ;
#1646 = VERTEX_POINT ( 'NONE', #392 ) ;
#1647 = CARTESIAN_POINT ( 'NONE',  ( -0.3500000000000002600, 0.0000000000000000000, 1.550000000000000300 ) ) ;
#1648 = ORIENTED_EDGE ( 'NONE', *, *, #1443, .F. ) ;
#1649 = PLANE ( 'NONE',  #1532 ) ;
#1650 = PLANE ( 'NONE',  #2176 ) ;
#1651 = EDGE_CURVE ( 'NONE', #17, #1635, #1224, .T. ) ;
#1652 = CARTESIAN_POINT ( 'NONE',  ( -0.3500000000000001400, 0.02500000000000000100, 0.9559999999999997400 ) ) ;
#1653 = AXIS2_PLACEMENT_3D ( 'NONE', #2200, #1379, #1426 ) ;
#1654 = DIRECTION ( 'NONE',  ( -0.0000000000000000000, -0.0000000000000000000, -1.000000000000000000 ) ) ;
#1655 = FILL_AREA_STYLE ('',( #2681 ) ) ;
#1656 = LINE ( 'NONE', #1850, #395 ) ;
#1657 = CARTESIAN_POINT ( 'NONE',  ( -0.3500000000000002600, 0.02499999999999996700, 1.444000000000000200 ) ) ;
#1658 = CARTESIAN_POINT ( 'NONE',  ( 0.9999999999999997800, 0.02499999999999996300, 0.6440000000000000200 ) ) ;
#1659 = CARTESIAN_POINT ( 'NONE',  ( -0.3500000000000000300, 0.7791677532220540000, 0.0000000000000000000 ) ) ;
#1660 = LINE ( 'NONE', #1183, #839 ) ;
#1661 = DIRECTION ( 'NONE',  ( 0.0000000000000000000, -0.0000000000000000000, -1.000000000000000000 ) ) ;
#1662 = EDGE_CURVE ( 'NONE', #543, #27, #606, .T. ) ;
#1663 = VECTOR ( 'NONE', #2164, 1000.000000000000000 ) ;
#1664 = CARTESIAN_POINT ( 'NONE',  ( -0.9250000000000002700, 0.0000000000000000000, -0.1560000000000001100 ) ) ;
#1665 = ORIENTED_EDGE ( 'NONE', *, *, #1589, .F. ) ;
#1666 = ORIENTED_EDGE ( 'NONE', *, *, #2166, .T. ) ;
#1667 = PLANE ( 'NONE',  #861 ) ;
#1668 = ORIENTED_EDGE ( 'NONE', *, *, #2291, .F. ) ;
#1669 = LINE ( 'NONE', #1931, #1600 ) ;
#1670 = EDGE_CURVE ( 'NONE', #2437, #982, #1162, .T. ) ;
#1671 = ORIENTED_EDGE ( 'NONE', *, *, #2430, .T. ) ;
#1672 = ORIENTED_EDGE ( 'NONE', *, *, #1430, .F. ) ;
#1673 = CARTESIAN_POINT ( 'NONE',  ( -0.3500000000000002600, 0.0000000000000000000, 0.0000000000000000000 ) ) ;
#1674 = ORIENTED_EDGE ( 'NONE', *, *, #48, .T. ) ;
#1675 = EDGE_CURVE ( 'NONE', #41, #1410, #29, .T. ) ;
#1676 = VECTOR ( 'NONE', #238, 1000.000000000000000 ) ;
#1677 =( LENGTH_UNIT ( ) NAMED_UNIT ( * ) SI_UNIT ( .MILLI., .METRE. ) );
#1678 = DIRECTION ( 'NONE',  ( -0.0000000000000000000, -1.000000000000000000, 0.0000000000000000000 ) ) ;
#1679 = CARTESIAN_POINT ( 'NONE',  ( -1.000000000000000200, 0.02499999999999996300, -0.9559999999999997400 ) ) ;
#1680 = DIRECTION ( 'NONE',  ( 0.0000000000000000000, -0.0000000000000000000, -1.000000000000000000 ) ) ;
#1681 = LINE ( 'NONE', #590, #1 ) ;
#1682 = VECTOR ( 'NONE', #2228, 1000.000000000000000 ) ;
#1683 = SURFACE_STYLE_USAGE ( .BOTH. , #219 ) ;
#1684 = VECTOR ( 'NONE', #678, 1000.000000000000000 ) ;
#1685 = VERTEX_POINT ( 'NONE', #1038 ) ;
#1686 = COLOUR_RGB ( '',0.7921568627450980000, 0.8196078431372548800, 0.9333333333333333500 ) ;
#1687 = CARTESIAN_POINT ( 'NONE',  ( 0.3499999999999998100, 0.0000000000000000000, -1.444000000000000000 ) ) ;
#1688 = ORIENTED_EDGE ( 'NONE', *, *, #2299, .T. ) ;
#1689 = EDGE_CURVE ( 'NONE', #2437, #2126, #997, .T. ) ;
#1690 = VECTOR ( 'NONE', #1861, 1000.000000000000000 ) ;
#1691 = CLOSED_SHELL ( 'NONE', ( #1145, #1612, #341, #1177, #966, #534 ) ) ;
#1692 = AXIS2_PLACEMENT_3D ( 'NONE', #215, #1911, #647 ) ;
#1693 = DIRECTION ( 'NONE',  ( 1.000000000000000000, -0.0000000000000000000, 0.0000000000000000000 ) ) ;
#1694 = CARTESIAN_POINT ( 'NONE',  ( -0.3500000000000002600, 0.0000000000000000000, -1.444000000000000000 ) ) ;
#1695 = FACE_OUTER_BOUND ( 'NONE', #2669, .T. ) ;
#1696 = ORIENTED_EDGE ( 'NONE', *, *, #427, .F. ) ;
#1697 = VECTOR ( 'NONE', #866, 1000.000000000000000 ) ;
#1698 = LINE ( 'NONE', #838, #437 ) ;
#1699 = ORIENTED_EDGE ( 'NONE', *, *, #1322, .F. ) ;
#1700 = DIRECTION ( 'NONE',  ( -1.000000000000000000, -0.0000000000000000000, -1.668003342285392000E-016 ) ) ;
#1701 = ORIENTED_EDGE ( 'NONE', *, *, #974, .T. ) ;
#1702 = ORIENTED_EDGE ( 'NONE', *, *, #1382, .T. ) ;
#1703 = DIRECTION ( 'NONE',  ( 0.0000000000000000000, 0.0000000000000000000, 1.000000000000000000 ) ) ;
#1704 = ORIENTED_EDGE ( 'NONE', *, *, #1242, .T. ) ;
#1705 = EDGE_LOOP ( 'NONE', ( #2053, #92, #1332, #1942 ) ) ;
#1706 = DIRECTION ( 'NONE',  ( 1.000000000000000000, 0.0000000000000000000, -2.221725763289966300E-016 ) ) ;
#1707 = DIRECTION ( 'NONE',  ( 0.0000000000000000000, 1.000000000000000000, 0.0000000000000000000 ) ) ;
#1708 = LINE ( 'NONE', #2223, #2256 ) ;
#1709 = EDGE_CURVE ( 'NONE', #1646, #1734, #174, .T. ) ;
#1710 = VECTOR ( 'NONE', #965, 1000.000000000000000 ) ;
#1711 = CARTESIAN_POINT ( 'NONE',  ( -0.3499999999999996400, 0.02499999999999995600, 1.594414959537486500E-016 ) ) ;
#1712 = AXIS2_PLACEMENT_3D ( 'NONE', #229, #274, #1321 ) ;
#1713 = PRODUCT_DEFINITION_FORMATION_WITH_SPECIFIED_SOURCE ( 'ANY', '', #222, .NOT_KNOWN. ) ;
#1714 = DIRECTION ( 'NONE',  ( -2.221725763289966300E-016, 0.0000000000000000000, -1.000000000000000000 ) ) ;
#1715 = CARTESIAN_POINT ( 'NONE',  ( -4.412231449767088300E-017, 0.02499999999999995600, 0.1559999999999997800 ) ) ;
#1716 = CARTESIAN_POINT ( 'NONE',  ( 0.0000000000000000000, 1.050000000000000000, -1.058999999999999900 ) ) ;
#1717 = EDGE_CURVE ( 'NONE', #193, #1523, #1681, .T. ) ;
#1718 = CARTESIAN_POINT ( 'NONE',  ( -1.000000000000000200, 1.100000000000000300, 1.550000000000000000 ) ) ;
#1719 = CARTESIAN_POINT ( 'NONE',  ( 0.9250000000000002700, 0.02500000000000000100, 0.0000000000000000000 ) ) ;
#1720 = CARTESIAN_POINT ( 'NONE',  ( -1.000000000000000200, 0.02500000000000000100, 0.9559999999999996300 ) ) ;
#1721 = CARTESIAN_POINT ( 'NONE',  ( -0.6000000000000000900, 0.0000000000000000000, -0.9559999999999999600 ) ) ;
#1722 = APPLICATION_CONTEXT ( 'automotive_design' ) ;
#1723 = FACE_OUTER_BOUND ( 'NONE', #2547, .T. ) ;
#1724 = CARTESIAN_POINT ( 'NONE',  ( 0.3500000000000000300, 0.0000000000000000000, 0.1559999999999999400 ) ) ;
#1725 = PLANE ( 'NONE',  #2401 ) ;
#1726 = ORIENTED_EDGE ( 'NONE', *, *, #1662, .F. ) ;
#1727 = EDGE_CURVE ( 'NONE', #1635, #879, #2205, .T. ) ;
#1728 = ORIENTED_EDGE ( 'NONE', *, *, #267, .T. ) ;
#1729 = FACE_OUTER_BOUND ( 'NONE', #2464, .T. ) ;
#1730 = CARTESIAN_POINT ( 'NONE',  ( 0.3499999999999999200, 0.02499999999999996700, -0.9559999999999996300 ) ) ;
#1731 = UNCERTAINTY_MEASURE_WITH_UNIT (LENGTH_MEASURE( 1.000000000000000100E-005 ), #1503, 'distance_accuracy_value', 'NONE');
#1732 = EDGE_CURVE ( 'NONE', #2525, #2361, #399, .T. ) ;
#1733 = PRODUCT_CONTEXT ( 'NONE', #899, 'mechanical' ) ;
#1734 = VERTEX_POINT ( 'NONE', #283 ) ;
#1735 = PLANE ( 'NONE',  #2674 ) ;
#1736 = DIRECTION ( 'NONE',  ( 1.000000000000000000, 0.0000000000000000000, -0.0000000000000000000 ) ) ;
#1737 = PLANE ( 'NONE',  #234 ) ;
#1738 = ORIENTED_EDGE ( 'NONE', *, *, #666, .T. ) ;
#1739 = PLANE ( 'NONE',  #1591 ) ;
#1740 = CARTESIAN_POINT ( 'NONE',  ( -1.000000000000000200, 0.02499999999999984900, 1.550000000000000300 ) ) ;
#1741 = EDGE_LOOP ( 'NONE', ( #2332, #2488, #1688, #1812 ) ) ;
#1742 = ORIENTED_EDGE ( 'NONE', *, *, #1114, .F. ) ;
#1743 = DIRECTION ( 'NONE',  ( 1.000000000000000000, 0.0000000000000000000, -0.0000000000000000000 ) ) ;
#1744 = PLANE ( 'NONE',  #2459 ) ;
#1745 = VECTOR ( 'NONE', #336, 1000.000000000000000 ) ;
#1746 = DIRECTION ( 'NONE',  ( 0.0000000000000000000, 1.000000000000000000, 0.0000000000000000000 ) ) ;
#1747 = LINE ( 'NONE', #203, #1196 ) ;
#1748 = VECTOR ( 'NONE', #260, 1000.000000000000000 ) ;
#1749 = DIRECTION ( 'NONE',  ( 1.000000000000000000, 0.0000000000000000000, -0.0000000000000000000 ) ) ;
#1750 = CARTESIAN_POINT ( 'NONE',  ( -0.3500000000000000300, 0.0000000000000000000, 0.0000000000000000000 ) ) ;
#1751 = EDGE_CURVE ( 'NONE', #2321, #2444, #2201, .T. ) ;
#1752 = ADVANCED_FACE ( 'NONE', ( #1985 ), #1028, .F. ) ;
#1753 = CARTESIAN_POINT ( 'NONE',  ( 0.3500000000000000300, 0.02500000000000000100, -0.1559999999999999200 ) ) ;
#1754 = PRESENTATION_LAYER_ASSIGNMENT (  '', '', ( #1469 ) ) ;
#1755 = SURFACE_SIDE_STYLE ('',( #2509 ) ) ;
#1756 = CARTESIAN_POINT ( 'NONE',  ( 0.9999999999999991100, 0.02499999999999988700, 1.550000000000000500 ) ) ;
#1757 = AXIS2_PLACEMENT_3D ( 'NONE', #2576, #1993, #499 ) ;
#1758 = CARTESIAN_POINT ( 'NONE',  ( 0.0000000000000000000, 0.0000000000000000000, 0.0000000000000000000 ) ) ;
#1759 = DIRECTION ( 'NONE',  ( 0.0000000000000000000, 0.0000000000000000000, -1.000000000000000000 ) ) ;
#1760 = LINE ( 'NONE', #2170, #4 ) ;
#1761 = ORIENTED_EDGE ( 'NONE', *, *, #252, .F. ) ;
#1762 = VECTOR ( 'NONE', #34, 1000.000000000000000 ) ;
#1763 = SURFACE_STYLE_USAGE ( .BOTH. , #1755 ) ;
#1764 = CARTESIAN_POINT ( 'NONE',  ( 0.0000000000000000000, 0.02500000000000000100, 0.9559999999999996300 ) ) ;
#1765 = VERTEX_POINT ( 'NONE', #328 ) ;
#1766 = LINE ( 'NONE', #2468, #2271 ) ;
#1767 = ORIENTED_EDGE ( 'NONE', *, *, #122, .T. ) ;
#1768 = ADVANCED_FACE ( 'NONE', ( #262 ), #537, .T. ) ;
#1769 = DIRECTION ( 'NONE',  ( -1.000000000000000000, -0.0000000000000000000, 0.0000000000000000000 ) ) ;
#1770 = CARTESIAN_POINT ( 'NONE',  ( 0.3500000000000000300, 0.02499999999999995600, 0.0000000000000000000 ) ) ;
#1771 = EDGE_LOOP ( 'NONE', ( #2549, #855, #2496, #313 ) ) ;
#1772 = EDGE_CURVE ( 'NONE', #585, #2004, #1860, .T. ) ;
#1773 = CARTESIAN_POINT ( 'NONE',  ( 0.9250000000000002700, 0.02499999999999997700, 0.6440000000000000200 ) ) ;
#1774 = LINE ( 'NONE', #581, #1274 ) ;
#1775 = ORIENTED_EDGE ( 'NONE', *, *, #373, .T. ) ;
#1776 = CARTESIAN_POINT ( 'NONE',  ( 0.0000000000000000000, 1.100000000000000100, 0.0000000000000000000 ) ) ;
#1777 = DIRECTION ( 'NONE',  ( 0.7071067811865513500, 0.0000000000000000000, -0.7071067811865438000 ) ) ;
#1778 = ORIENTED_EDGE ( 'NONE', *, *, #2629, .F. ) ;
#1779 = VERTEX_POINT ( 'NONE', #1023 ) ;
#1780 = VECTOR ( 'NONE', #1564, 1000.000000000000000 ) ;
#1781 = ORIENTED_EDGE ( 'NONE', *, *, #264, .T. ) ;
#1782 = ORIENTED_EDGE ( 'NONE', *, *, #870, .F. ) ;
#1783 = CARTESIAN_POINT ( 'NONE',  ( -0.9250000000000002700, 0.7791677532220540000, 0.0000000000000000000 ) ) ;
#1784 = DIRECTION ( 'NONE',  ( 0.0000000000000000000, -1.000000000000000000, 0.0000000000000000000 ) ) ;
#1785 = CARTESIAN_POINT ( 'NONE',  ( 0.3500000000000000300, 0.02500000000000000100, 0.6440000000000000200 ) ) ;
#1786 = FACE_OUTER_BOUND ( 'NONE', #119, .T. ) ;
#1787 = ADVANCED_FACE ( 'NONE', ( #2067 ), #401, .F. ) ;
#1788 = CARTESIAN_POINT ( 'NONE',  ( -0.3500000000000000300, 0.02500000000000000100, 0.6440000000000000200 ) ) ;
#1789 = CARTESIAN_POINT ( 'NONE',  ( 0.0000000000000000000, 0.02500000000000000100, 0.0000000000000000000 ) ) ;
#1790 = DIRECTION ( 'NONE',  ( 2.221725763289966300E-016, -0.0000000000000000000, 1.000000000000000000 ) ) ;
#1791 = AXIS2_PLACEMENT_3D ( 'NONE', #30, #37, #43 ) ;
#1792 = EDGE_CURVE ( 'NONE', #1765, #2437, #1304, .T. ) ;
#1793 = DIRECTION ( 'NONE',  ( -1.000000000000000000, -0.0000000000000000000, -0.0000000000000000000 ) ) ;
#1794 = CARTESIAN_POINT ( 'NONE',  ( -1.000000000000000000, 0.02500000000000000100, 0.6439999999999999100 ) ) ;
#1795 = AXIS2_PLACEMENT_3D ( 'NONE', #62, #129, #61 ) ;
#1796 = ADVANCED_FACE ( 'NONE', ( #739 ), #314, .F. ) ;
#1797 = DIRECTION ( 'NONE',  ( -1.000000000000000000, 0.0000000000000000000, 0.0000000000000000000 ) ) ;
#1798 = VECTOR ( 'NONE', #2303, 1000.000000000000000 ) ;
#1799 = LINE ( 'NONE', #2131, #1592 ) ;
#1800 = DIRECTION ( 'NONE',  ( 0.0000000000000000000, 1.000000000000000000, 0.0000000000000000000 ) ) ;
#1801 = DIRECTION ( 'NONE',  ( 0.0000000000000000000, 1.000000000000000000, 0.0000000000000000000 ) ) ;
#1802 = DIRECTION ( 'NONE',  ( 1.668003342285391600E-016, -0.0000000000000000000, 1.000000000000000000 ) ) ;
#1803 = VERTEX_POINT ( 'NONE', #1096 ) ;
#1804 = VECTOR ( 'NONE', #804, 1000.000000000000000 ) ;
#1805 = CARTESIAN_POINT ( 'NONE',  ( 0.3499999999999998100, 0.7791677532220540000, 1.444000000000000200 ) ) ;
#1806 = FACE_OUTER_BOUND ( 'NONE', #1520, .T. ) ;
#1807 = ORIENTED_EDGE ( 'NONE', *, *, #103, .F. ) ;
#1808 = VECTOR ( 'NONE', #1544, 1000.000000000000000 ) ;
#1809 = EDGE_LOOP ( 'NONE', ( #1917, #1641, #2117, #1041 ) ) ;
#1810 = DIRECTION ( 'NONE',  ( -0.0000000000000000000, -1.000000000000000000, 0.0000000000000000000 ) ) ;
#1811 = EDGE_CURVE ( 'NONE', #420, #2671, #1137, .T. ) ;
#1812 = ORIENTED_EDGE ( 'NONE', *, *, #1546, .F. ) ;
#1813 = ORIENTED_EDGE ( 'NONE', *, *, #1114, .T. ) ;
#1814 = AXIS2_PLACEMENT_3D ( 'NONE', #2662, #2374, #1118 ) ;
#1815 = DIRECTION ( 'NONE',  ( -0.0000000000000000000, -0.0000000000000000000, -1.000000000000000000 ) ) ;
#1816 = ADVANCED_FACE ( 'NONE', ( #2584 ), #994, .T. ) ;
#1817 = VERTEX_POINT ( 'NONE', #487 ) ;
#1818 = EDGE_CURVE ( 'NONE', #127, #2324, #923, .T. ) ;
#1819 = FILL_AREA_STYLE ('',( #2007 ) ) ;
#1820 = ORIENTED_EDGE ( 'NONE', *, *, #2430, .F. ) ;
#1821 = VECTOR ( 'NONE', #153, 1000.000000000000000 ) ;
#1822 = CARTESIAN_POINT ( 'NONE',  ( -0.6000000000000000900, 0.02500000000000000100, -0.9559999999999998500 ) ) ;
#1823 = DIRECTION ( 'NONE',  ( -1.000000000000000000, 0.0000000000000000000, 4.555471312964251600E-016 ) ) ;
#1824 = EDGE_CURVE ( 'NONE', #2213, #218, #403, .T. ) ;
#1825 = ADVANCED_FACE ( 'NONE', ( #23 ), #466, .F. ) ;
#1826 = PLANE ( 'NONE',  #1610 ) ;
#1827 = FACE_OUTER_BOUND ( 'NONE', #1147, .T. ) ;
#1828 = AXIS2_PLACEMENT_3D ( 'NONE', #1029, #136, #1638 ) ;
#1829 = CARTESIAN_POINT ( 'NONE',  ( -0.3500000000000002600, 0.02500000000000000100, -1.550000000000000300 ) ) ;
#1830 = AXIS2_PLACEMENT_3D ( 'NONE', #623, #705, #795 ) ;
#1831 = VECTOR ( 'NONE', #2189, 1000.000000000000000 ) ;
#1832 = ORIENTED_EDGE ( 'NONE', *, *, #1751, .T. ) ;
#1833 = CARTESIAN_POINT ( 'NONE',  ( 0.9250000000000002700, 0.7791677532220540000, 0.6440000000000000200 ) ) ;
#1834 = CARTESIAN_POINT ( 'NONE',  ( 0.9999999999999997800, 0.02500000000000000100, 0.6440000000000000200 ) ) ;
#1835 = DIRECTION ( 'NONE',  ( 4.555471312964251600E-016, 0.0000000000000000000, 1.000000000000000000 ) ) ;
#1836 = EDGE_LOOP ( 'NONE', ( #2292, #1775 ) ) ;
#1837 = DIRECTION ( 'NONE',  ( 0.0000000000000000000, -1.000000000000000000, -0.0000000000000000000 ) ) ;
#1838 = FACE_OUTER_BOUND ( 'NONE', #1400, .T. ) ;
#1839 = ORIENTED_EDGE ( 'NONE', *, *, #2441, .T. ) ;
#1840 = ORIENTED_EDGE ( 'NONE', *, *, #103, .T. ) ;
#1841 = ADVANCED_FACE ( 'NONE', ( #98 ), #2039, .F. ) ;
#1842 = LINE ( 'NONE', #451, #1337 ) ;
#1843 = PRODUCT_DEFINITION_CONTEXT ( 'detailed design', #1722, 'design' ) ;
#1844 = EDGE_LOOP ( 'NONE', ( #1902, #256, #1782, #111 ) ) ;
#1845 = DIRECTION ( 'NONE',  ( -0.0000000000000000000, -1.000000000000000000, -0.0000000000000000000 ) ) ;
#1846 = ORIENTED_EDGE ( 'NONE', *, *, #1095, .F. ) ;
#1847 = ORIENTED_EDGE ( 'NONE', *, *, #2494, .T. ) ;
#1848 = FILL_AREA_STYLE_COLOUR ( '', #113 ) ;
#1849 = EDGE_CURVE ( 'NONE', #481, #1081, #771, .T. ) ;
#1850 = CARTESIAN_POINT ( 'NONE',  ( 0.0000000000000000000, 0.02499999999999995600, -0.6440000000000001300 ) ) ;
#1851 = LINE ( 'NONE', #382, #2225 ) ;
#1852 = VERTEX_POINT ( 'NONE', #1885 ) ;
#1853 = ORIENTED_EDGE ( 'NONE', *, *, #181, .T. ) ;
#1854 = AXIS2_PLACEMENT_3D ( 'NONE', #236, #1707, #444 ) ;
#1855 = DIRECTION ( 'NONE',  ( -1.000000000000000000, 0.0000000000000000000, -1.825256182635529000E-016 ) ) ;
#1856 = ORIENTED_EDGE ( 'NONE', *, *, #1570, .T. ) ;
#1857 = VERTEX_POINT ( 'NONE', #1996 ) ;
#1858 = DIRECTION ( 'NONE',  ( 0.0000000000000000000, 0.0000000000000000000, 1.000000000000000000 ) ) ;
#1859 = PLANE ( 'NONE',  #1891 ) ;
#1860 = LINE ( 'NONE', #533, #2457 ) ;
#1861 = DIRECTION ( 'NONE',  ( 0.0000000000000000000, 1.000000000000000000, -0.0000000000000000000 ) ) ;
#1862 =( LENGTH_UNIT ( ) NAMED_UNIT ( * ) SI_UNIT ( .MILLI., .METRE. ) );
#1863 = CARTESIAN_POINT ( 'NONE',  ( 0.3500000000000000300, 0.02500000000000000100, -0.6440000000000001300 ) ) ;
#1864 = EDGE_CURVE ( 'NONE', #292, #17, #638, .T. ) ;
#1865 = DIRECTION ( 'NONE',  ( -0.0000000000000000000, -1.000000000000000000, 0.0000000000000000000 ) ) ;
#1866 = PRESENTATION_LAYER_ASSIGNMENT (  '', '', ( #1574 ) ) ;
#1867 = DIRECTION ( 'NONE',  ( -0.0000000000000000000, 0.0000000000000000000, 1.000000000000000000 ) ) ;
#1868 = CARTESIAN_POINT ( 'NONE',  ( 0.0000000000000000000, 0.02499999999999995600, -0.9559999999999996300 ) ) ;
#1869 = PRODUCT_RELATED_PRODUCT_CATEGORY ( 'part', '', ( #222 ) ) ;
#1870 = LINE ( 'NONE', #2169, #1364 ) ;
#1871 = CARTESIAN_POINT ( 'NONE',  ( -0.3500000000000000300, 0.02500000000000000100, 0.1560000000000000000 ) ) ;
#1872 = EDGE_CURVE ( 'NONE', #1204, #2517, #1180, .T. ) ;
#1873 = VERTEX_POINT ( 'NONE', #1412 ) ;
#1874 = ORIENTED_EDGE ( 'NONE', *, *, #716, .T. ) ;
#1875 = VECTOR ( 'NONE', #139, 1000.000000000000000 ) ;
#1876 = ORIENTED_EDGE ( 'NONE', *, *, #2661, .F. ) ;
#1877 = VECTOR ( 'NONE', #1369, 1000.000000000000000 ) ;
#1878 = CARTESIAN_POINT ( 'NONE',  ( -1.000000000000000200, 0.02499999999999984900, 1.550000000000000300 ) ) ;
#1879 = LINE ( 'NONE', #1254, #1798 ) ;
#1880 = ORIENTED_EDGE ( 'NONE', *, *, #1727, .F. ) ;
#1881 = ORIENTED_EDGE ( 'NONE', *, *, #2106, .F. ) ;
#1882 = DIRECTION ( 'NONE',  ( 0.0000000000000000000, 1.000000000000000000, 0.0000000000000000000 ) ) ;
#1883 = EDGE_CURVE ( 'NONE', #713, #904, #1256, .T. ) ;
#1884 = VERTEX_POINT ( 'NONE', #1515 ) ;
#1885 = CARTESIAN_POINT ( 'NONE',  ( -0.3500000000000000300, 0.0000000000000000000, 0.1560000000000000300 ) ) ;
#1886 = VERTEX_POINT ( 'NONE', #1718 ) ;
#1887 = AXIS2_PLACEMENT_3D ( 'NONE', #1516, #1556, #1585 ) ;
#1888 = DIRECTION ( 'NONE',  ( 1.000000000000000000, -0.0000000000000000000, -1.668003342285392000E-016 ) ) ;
#1889 = EDGE_CURVE ( 'NONE', #2146, #2190, #1063, .T. ) ;
#1890 = DIRECTION ( 'NONE',  ( -1.668003342285391800E-016, 0.0000000000000000000, -1.000000000000000000 ) ) ;
#1891 = AXIS2_PLACEMENT_3D ( 'NONE', #1829, #2015, #594 ) ;
#1892 = CARTESIAN_POINT ( 'NONE',  ( -0.9250000000000002700, 0.02499999999999995600, 0.0000000000000000000 ) ) ;
#1893 = DIRECTION ( 'NONE',  ( -0.0000000000000000000, 0.0000000000000000000, -1.000000000000000000 ) ) ;
#1894 = CARTESIAN_POINT ( 'NONE',  ( 0.9999999999999997800, 0.02500000000000000100, -0.1560000000000000000 ) ) ;
#1895 = CARTESIAN_POINT ( 'NONE',  ( 5.510910596163091400E-017, 0.9000000000000002400, -0.1589999999999998100 ) ) ;
#1896 = DIRECTION ( 'NONE',  ( 0.0000000000000000000, 1.000000000000000000, -0.0000000000000000000 ) ) ;
#1897 = EDGE_CURVE ( 'NONE', #1857, #1010, #567, .T. ) ;
#1898 = MECHANICAL_DESIGN_GEOMETRIC_PRESENTATION_REPRESENTATION (  '', ( #1469 ), #2054 ) ;
#1899 = FACE_OUTER_BOUND ( 'NONE', #1705, .T. ) ;
#1900 = ORIENTED_EDGE ( 'NONE', *, *, #2619, .T. ) ;
#1901 = DIRECTION ( 'NONE',  ( -1.000000000000000000, 0.0000000000000000000, 0.0000000000000000000 ) ) ;
#1902 = ORIENTED_EDGE ( 'NONE', *, *, #396, .T. ) ;
#1903 = LINE ( 'NONE', #2526, #1331 ) ;
#1904 = VERTEX_POINT ( 'NONE', #614 ) ;
#1905 = CARTESIAN_POINT ( 'NONE',  ( 0.3499999999999999200, 0.02500000000000000100, 0.0000000000000000000 ) ) ;
#1906 = ORIENTED_EDGE ( 'NONE', *, *, #1811, .T. ) ;
#1907 = VECTOR ( 'NONE', #259, 1000.000000000000000 ) ;
#1908 = DIRECTION ( 'NONE',  ( 0.0000000000000000000, 1.000000000000000000, 0.0000000000000000000 ) ) ;
#1909 = MANIFOLD_SOLID_BREP ( 'Boss-Extrude3[1]', #5 ) ;
#1910 = EDGE_LOOP ( 'NONE', ( #1190, #1057, #1565, #1211, #2476, #324, #1133, #207 ) ) ;
#1911 = DIRECTION ( 'NONE',  ( 1.000000000000000000, -0.0000000000000000000, 2.221725763289965300E-016 ) ) ;
#1912 = ORIENTED_EDGE ( 'NONE', *, *, #252, .T. ) ;
#1913 = ORIENTED_EDGE ( 'NONE', *, *, #777, .T. ) ;
#1914 = FILL_AREA_STYLE ('',( #433 ) ) ;
#1915 = FACE_OUTER_BOUND ( 'NONE', #2558, .T. ) ;
#1916 = ORIENTED_EDGE ( 'NONE', *, *, #198, .F. ) ;
#1917 = ORIENTED_EDGE ( 'NONE', *, *, #2249, .T. ) ;
#1918 = EDGE_CURVE ( 'NONE', #21, #295, #2118, .T. ) ;
#1919 = LINE ( 'NONE', #1571, #2455 ) ;
#1920 = LINE ( 'NONE', #454, #1710 ) ;
#1921 = AXIS2_PLACEMENT_3D ( 'NONE', #2566, #495, #1989 ) ;
#1922 = PLANE ( 'NONE',  #265 ) ;
#1923 = DIRECTION ( 'NONE',  ( -0.0000000000000000000, -1.000000000000000000, -0.0000000000000000000 ) ) ;
#1924 = CARTESIAN_POINT ( 'NONE',  ( -0.9250000000000002700, 0.0000000000000000000, 0.0000000000000000000 ) ) ;
#1925 = DIRECTION ( 'NONE',  ( -0.0000000000000000000, 0.0000000000000000000, -1.000000000000000000 ) ) ;
#1926 = PLANE ( 'NONE',  #721 ) ;
#1927 = VECTOR ( 'NONE', #2105, 1000.000000000000000 ) ;
#1928 = LINE ( 'NONE', #1958, #2311 ) ;
#1929 = CARTESIAN_POINT ( 'NONE',  ( 0.0000000000000000000, 0.7791677532220540000, -1.444000000000000000 ) ) ;
#1930 = DIRECTION ( 'NONE',  ( -0.0000000000000000000, 0.0000000000000000000, -1.000000000000000000 ) ) ;
#1931 = CARTESIAN_POINT ( 'NONE',  ( -0.9250000000000002700, 0.7791677532220540000, -0.1560000000000001100 ) ) ;
#1932 = UNCERTAINTY_MEASURE_WITH_UNIT (LENGTH_MEASURE( 1.000000000000000100E-005 ), #1677, 'distance_accuracy_value', 'NONE');
#1933 = FACE_OUTER_BOUND ( 'NONE', #2329, .T. ) ;
#1934 = ORIENTED_EDGE ( 'NONE', *, *, #2299, .F. ) ;
#1935 = EDGE_CURVE ( 'NONE', #1852, #1352, #416, .T. ) ;
#1936 = VECTOR ( 'NONE', #346, 1000.000000000000000 ) ;
#1937 = AXIS2_PLACEMENT_3D ( 'NONE', #353, #461, #1060 ) ;
#1938 = DIRECTION ( 'NONE',  ( 0.0000000000000000000, 0.0000000000000000000, 1.000000000000000000 ) ) ;
#1939 = DIRECTION ( 'NONE',  ( -0.0000000000000000000, 0.0000000000000000000, 1.000000000000000000 ) ) ;
#1940 = ORIENTED_EDGE ( 'NONE', *, *, #928, .F. ) ;
#1941 = LINE ( 'NONE', #1208, #1371 ) ;
#1942 = ORIENTED_EDGE ( 'NONE', *, *, #13, .T. ) ;
#1943 = ORIENTED_EDGE ( 'NONE', *, *, #406, .F. ) ;
#1944 = DIRECTION ( 'NONE',  ( -0.0000000000000000000, -1.000000000000000000, 0.0000000000000000000 ) ) ;
#1945 =( LENGTH_UNIT ( ) NAMED_UNIT ( * ) SI_UNIT ( .MILLI., .METRE. ) );
#1946 = SURFACE_STYLE_FILL_AREA ( #520 ) ;
#1947 = ORIENTED_EDGE ( 'NONE', *, *, #2106, .T. ) ;
#1948 = VERTEX_POINT ( 'NONE', #1278 ) ;
#1949 = PLANE ( 'NONE',  #1363 ) ;
#1950 = DIRECTION ( 'NONE',  ( 1.000000000000000000, 0.0000000000000000000, -0.0000000000000000000 ) ) ;
#1951 = CARTESIAN_POINT ( 'NONE',  ( -0.9250000000000002700, 0.02499999999999997700, -0.6439999999999999100 ) ) ;
#1952 = FACE_OUTER_BOUND ( 'NONE', #2640, .T. ) ;
#1953 = EDGE_CURVE ( 'NONE', #2190, #2126, #1471, .T. ) ;
#1954 = CARTESIAN_POINT ( 'NONE',  ( 0.3500000000000000300, 0.0000000000000000000, 0.6440000000000001300 ) ) ;
#1955 =( NAMED_UNIT ( * ) SI_UNIT ( $, .STERADIAN. ) SOLID_ANGLE_UNIT ( ) );
#1956 = CARTESIAN_POINT ( 'NONE',  ( 0.0000000000000000000, 0.0000000000000000000, 0.0000000000000000000 ) ) ;
#1957 = EDGE_CURVE ( 'NONE', #1904, #82, #2621, .T. ) ;
#1958 = CARTESIAN_POINT ( 'NONE',  ( -0.3500000000000000300, 0.02500000000000000100, 0.0000000000000000000 ) ) ;
#1959 = PLANE ( 'NONE',  #150 ) ;
#1960 = LINE ( 'NONE', #2290, #2590 ) ;
#1961 = CARTESIAN_POINT ( 'NONE',  ( 0.3499999999999998100, 0.02500000000000000100, 0.0000000000000000000 ) ) ;
#1962 = ADVANCED_FACE ( 'NONE', ( #1976 ), #2482, .T. ) ;
#1963 = VECTOR ( 'NONE', #2538, 1000.000000000000000 ) ;
#1964 = ORIENTED_EDGE ( 'NONE', *, *, #716, .F. ) ;
#1965 = FACE_OUTER_BOUND ( 'NONE', #951, .T. ) ;
#1966 = CARTESIAN_POINT ( 'NONE',  ( -1.802603959819375900E-016, 0.7791677532220540000, 0.9559999999999995200 ) ) ;
#1967 = EDGE_CURVE ( 'NONE', #1066, #1646, #984, .T. ) ;
#1968 = CARTESIAN_POINT ( 'NONE',  ( 0.3499999999999998100, -3.689173349139343000, 1.550000000000000300 ) ) ;
#1969 = VECTOR ( 'NONE', #1436, 1000.000000000000000 ) ;
#1970 = ORIENTED_EDGE ( 'NONE', *, *, #1205, .T. ) ;
#1971 = VECTOR ( 'NONE', #2507, 1000.000000000000000 ) ;
#1972 = ORIENTED_EDGE ( 'NONE', *, *, #569, .F. ) ;
#1973 = DIRECTION ( 'NONE',  ( 0.0000000000000000000, 0.0000000000000000000, 1.000000000000000000 ) ) ;
#1974 = DIRECTION ( 'NONE',  ( 0.0000000000000000000, 0.0000000000000000000, 1.000000000000000000 ) ) ;
#1975 = ORIENTED_EDGE ( 'NONE', *, *, #52, .F. ) ;
#1976 = FACE_OUTER_BOUND ( 'NONE', #586, .T. ) ;
#1977 = VERTEX_POINT ( 'NONE', #124 ) ;
#1978 = CARTESIAN_POINT ( 'NONE',  ( -0.3500000000000002600, 0.7791677532220540000, 1.444000000000000200 ) ) ;
#1979 = DIRECTION ( 'NONE',  ( 0.0000000000000000000, -0.0000000000000000000, 1.000000000000000000 ) ) ;
#1980 = VERTEX_POINT ( 'NONE', #63 ) ;
#1981 = ORIENTED_EDGE ( 'NONE', *, *, #1849, .T. ) ;
#1982 = ADVANCED_FACE ( 'NONE', ( #351 ), #115, .T. ) ;
#1983 = LINE ( 'NONE', #1764, #886 ) ;
#1984 = VERTEX_POINT ( 'NONE', #172 ) ;
#1985 = FACE_OUTER_BOUND ( 'NONE', #2616, .T. ) ;
#1986 = DIRECTION ( 'NONE',  ( 1.000000000000000000, 0.0000000000000000000, 0.0000000000000000000 ) ) ;
#1987 = FACE_OUTER_BOUND ( 'NONE', #1297, .T. ) ;
#1988 = CARTESIAN_POINT ( 'NONE',  ( -0.9250000000000002700, 0.02500000000000000100, 0.0000000000000000000 ) ) ;
#1989 = DIRECTION ( 'NONE',  ( -1.000000000000000000, 0.0000000000000000000, -0.0000000000000000000 ) ) ;
#1990 = CARTESIAN_POINT ( 'NONE',  ( -0.3500000000000001400, 0.0000000000000000000, 0.0000000000000000000 ) ) ;
#1991 = VECTOR ( 'NONE', #610, 1000.000000000000000 ) ;
#1992 = EDGE_CURVE ( 'NONE', #1857, #2330, #286, .T. ) ;
#1993 = DIRECTION ( 'NONE',  ( 1.000000000000000000, 0.0000000000000000000, -1.825256182635528200E-016 ) ) ;
#1994 = AXIS2_PLACEMENT_3D ( 'NONE', #2308, #1279, #6 ) ;
#1995 = APPLICATION_PROTOCOL_DEFINITION ( 'draft international standard', 'automotive_design', 1998, #1722 ) ;
#1996 = CARTESIAN_POINT ( 'NONE',  ( -0.3500000000000002600, 0.0000000000000000000, -1.205999999999997100 ) ) ;
#1997 = FACE_OUTER_BOUND ( 'NONE', #852, .T. ) ;
#1998 = ADVANCED_FACE ( 'NONE', ( #1405 ), #273, .F. ) ;
#1999 = DIRECTION ( 'NONE',  ( 0.0000000000000000000, 0.0000000000000000000, 1.000000000000000000 ) ) ;
#2000 = CARTESIAN_POINT ( 'NONE',  ( 0.9250000000000002700, 0.02499999999999995600, 0.0000000000000000000 ) ) ;
#2001 = DIRECTION ( 'NONE',  ( 0.0000000000000000000, 1.000000000000000000, -0.0000000000000000000 ) ) ;
#2002 = LINE ( 'NONE', #856, #1429 ) ;
#2003 = PRESENTATION_STYLE_ASSIGNMENT (( #1763 ) ) ;
#2004 = VERTEX_POINT ( 'NONE', #244 ) ;
#2005 = LINE ( 'NONE', #539, #1437 ) ;
#2006 = ORIENTED_EDGE ( 'NONE', *, *, #1957, .T. ) ;
#2007 = FILL_AREA_STYLE_COLOUR ( '', #331 ) ;
#2008 = VECTOR ( 'NONE', #1505, 1000.000000000000000 ) ;
#2009 = DIRECTION ( 'NONE',  ( 0.0000000000000000000, 1.000000000000000000, 0.0000000000000000000 ) ) ;
#2010 = PLANE ( 'NONE',  #554 ) ;
#2011 = ORIENTED_EDGE ( 'NONE', *, *, #2519, .F. ) ;
#2012 = EDGE_CURVE ( 'NONE', #2126, #1181, #850, .T. ) ;
#2013 = CARTESIAN_POINT ( 'NONE',  ( 0.9250000000000002700, 0.02499999999999996700, 0.1560000000000000000 ) ) ;
#2014 = MECHANICAL_DESIGN_GEOMETRIC_PRESENTATION_REPRESENTATION (  '', ( #1574 ), #2163 ) ;
#2015 = DIRECTION ( 'NONE',  ( -1.000000000000000000, 0.0000000000000000000, 3.151750501411325700E-016 ) ) ;
#2016 = ORIENTED_EDGE ( 'NONE', *, *, #591, .F. ) ;
#2017 = ADVANCED_FACE ( 'NONE', ( #790 ), #372, .F. ) ;
#2018 = CARTESIAN_POINT ( 'NONE',  ( 0.9250000000000002700, 0.0000000000000000000, 1.444000000000000200 ) ) ;
#2019 = EDGE_CURVE ( 'NONE', #1347, #163, #1842, .T. ) ;
#2020 = ORIENTED_EDGE ( 'NONE', *, *, #547, .F. ) ;
#2021 = VECTOR ( 'NONE', #1746, 1000.000000000000000 ) ;
#2022 = CLOSED_SHELL ( 'NONE', ( #302, #1816, #1362, #939, #957, #1404 ) ) ;
#2023 = CARTESIAN_POINT ( 'NONE',  ( 0.9999999999999997800, 0.0000000000000000000, 1.550000000000000300 ) ) ;
#2024 = CARTESIAN_POINT ( 'NONE',  ( 0.0000000000000000000, 0.02500000000000000100, 0.6440000000000000200 ) ) ;
#2025 = CARTESIAN_POINT ( 'NONE',  ( 0.9999999999999997800, 0.02500000000000000100, 0.9559999999999997400 ) ) ;
#2026 = CARTESIAN_POINT ( 'NONE',  ( 0.9999999999999997800, 0.02499999999999996300, -0.6440000000000000200 ) ) ;
#2027 = EDGE_CURVE ( 'NONE', #2493, #2525, #217, .T. ) ;
#2028 = ADVANCED_FACE ( 'NONE', ( #2325 ), #489, .F. ) ;
#2029 = DIRECTION ( 'NONE',  ( 0.0000000000000000000, 1.000000000000000000, -0.0000000000000000000 ) ) ;
#2030 = CARTESIAN_POINT ( 'NONE',  ( 0.0000000000000000000, 0.02500000000000000100, 0.0000000000000000000 ) ) ;
#2031 = EDGE_CURVE ( 'NONE', #481, #1106, #1774, .T. ) ;
#2032 = LINE ( 'NONE', #1924, #1663 ) ;
#2033 = CIRCLE ( 'NONE', #1854, 0.4500000000000001200 ) ;
#2034 = VECTOR ( 'NONE', #1020, 1000.000000000000000 ) ;
#2035 = VECTOR ( 'NONE', #358, 1000.000000000000000 ) ;
#2036 = DIRECTION ( 'NONE',  ( 0.0000000000000000000, 0.0000000000000000000, -1.000000000000000000 ) ) ;
#2037 = VECTOR ( 'NONE', #1349, 1000.000000000000000 ) ;
#2038 = VERTEX_POINT ( 'NONE', #1658 ) ;
#2039 = PLANE ( 'NONE',  #943 ) ;
#2040 = LINE ( 'NONE', #2000, #905 ) ;
#2041 = ADVANCED_FACE ( 'NONE', ( #152 ), #568, .F. ) ;
#2042 = ORIENTED_EDGE ( 'NONE', *, *, #2657, .F. ) ;
#2043 = VECTOR ( 'NONE', #2313, 1000.000000000000000 ) ;
#2044 = EDGE_LOOP ( 'NONE', ( #557, #417, #1487, #2159 ) ) ;
#2045 = CARTESIAN_POINT ( 'NONE',  ( 0.9999999999999997800, 0.02499999999999996300, -0.9559999999999996300 ) ) ;
#2046 = ORIENTED_EDGE ( 'NONE', *, *, #824, .F. ) ;
#2047 = VECTOR ( 'NONE', #19, 1000.000000000000000 ) ;
#2048 = DIRECTION ( 'NONE',  ( 0.0000000000000000000, -0.0000000000000000000, -1.000000000000000000 ) ) ;
#2049 = DIRECTION ( 'NONE',  ( -1.000000000000000000, -0.0000000000000000000, 0.0000000000000000000 ) ) ;
#2050 = CARTESIAN_POINT ( 'NONE',  ( 0.0000000000000000000, 0.02500000000000000100, 0.0000000000000000000 ) ) ;
#2051 = EDGE_CURVE ( 'NONE', #2004, #2038, #653, .T. ) ;
#2052 = DIRECTION ( 'NONE',  ( 0.0000000000000000000, 1.000000000000000000, 0.0000000000000000000 ) ) ;
#2053 = ORIENTED_EDGE ( 'NONE', *, *, #2469, .T. ) ;
#2054 =( GEOMETRIC_REPRESENTATION_CONTEXT ( 3 ) GLOBAL_UNCERTAINTY_ASSIGNED_CONTEXT ( ( #1152 ) ) GLOBAL_UNIT_ASSIGNED_CONTEXT ( ( #1862, #596, #2079 ) ) REPRESENTATION_CONTEXT ( 'NONE', 'WORKASPACE' ) );
#2055 = VERTEX_POINT ( 'NONE', #726 ) ;
#2056 = ORIENTED_EDGE ( 'NONE', *, *, #1342, .F. ) ;
#2057 = AXIS2_PLACEMENT_3D ( 'NONE', #1776, #2388, #934 ) ;
#2058 = VECTOR ( 'NONE', #1893, 1000.000000000000000 ) ;
#2059 = ORIENTED_EDGE ( 'NONE', *, *, #1508, .F. ) ;
#2060 = ADVANCED_FACE ( 'NONE', ( #2274 ), #587, .T. ) ;
#2061 = LINE ( 'NONE', #1599, #2196 ) ;
#2062 = DIRECTION ( 'NONE',  ( -1.000000000000000000, 0.0000000000000000000, -1.885568995626963300E-016 ) ) ;
#2063 = DIRECTION ( 'NONE',  ( -1.668003342285392000E-016, 0.0000000000000000000, -1.000000000000000000 ) ) ;
#2064 = DIRECTION ( 'NONE',  ( 0.0000000000000000000, 1.000000000000000000, 0.0000000000000000000 ) ) ;
#2065 = CARTESIAN_POINT ( 'NONE',  ( -1.214306433183764700E-016, 0.02499999999999995600, -0.6440000000000001300 ) ) ;
#2066 = CARTESIAN_POINT ( 'NONE',  ( 0.3499999999999998100, 0.02499999999999996700, 1.444000000000000200 ) ) ;
#2067 = FACE_OUTER_BOUND ( 'NONE', #70, .T. ) ;
#2068 = EDGE_CURVE ( 'NONE', #195, #982, #79, .T. ) ;
#2069 = CARTESIAN_POINT ( 'NONE',  ( 0.0000000000000000000, 0.0000000000000000000, 0.6440000000000000200 ) ) ;
#2070 = DIRECTION ( 'NONE',  ( -1.885568995626963300E-016, 0.0000000000000000000, 1.000000000000000000 ) ) ;
#2071 = CARTESIAN_POINT ( 'NONE',  ( -1.000000000000000200, 0.0000000000000000000, 1.550000000000000300 ) ) ;
#2072 = DIRECTION ( 'NONE',  ( 1.885568995626963300E-016, 0.0000000000000000000, -1.000000000000000000 ) ) ;
#2073 = FACE_OUTER_BOUND ( 'NONE', #815, .T. ) ;
#2074 = VECTOR ( 'NONE', #1289, 1000.000000000000000 ) ;
#2075 = CARTESIAN_POINT ( 'NONE',  ( -1.214306433183764700E-016, 0.7791677532220540000, 0.6440000000000001300 ) ) ;
#2076 = DIRECTION ( 'NONE',  ( -1.000000000000000000, 0.0000000000000000000, 0.0000000000000000000 ) ) ;
#2077 = DIRECTION ( 'NONE',  ( 1.000000000000000000, 0.0000000000000000000, 1.885568995626963300E-016 ) ) ;
#2078 = ORIENTED_EDGE ( 'NONE', *, *, #1872, .F. ) ;
#2079 =( NAMED_UNIT ( * ) SI_UNIT ( $, .STERADIAN. ) SOLID_ANGLE_UNIT ( ) );
#2080 = VECTOR ( 'NONE', #751, 1000.000000000000000 ) ;
#2081 = ORIENTED_EDGE ( 'NONE', *, *, #535, .T. ) ;
#2082 = ORIENTED_EDGE ( 'NONE', *, *, #2088, .F. ) ;
#2083 = ORIENTED_EDGE ( 'NONE', *, *, #342, .T. ) ;
#2084 = ORIENTED_EDGE ( 'NONE', *, *, #2012, .F. ) ;
#2085 = ORIENTED_EDGE ( 'NONE', *, *, #870, .T. ) ;
#2086 = AXIS2_PLACEMENT_3D ( 'NONE', #192, #214, #235 ) ;
#2087 = DIRECTION ( 'NONE',  ( -0.7071067811865512400, 0.0000000000000000000, 0.7071067811865439100 ) ) ;
#2088 = EDGE_CURVE ( 'NONE', #1803, #959, #2386, .T. ) ;
#2089 = LINE ( 'NONE', #1441, #389 ) ;
#2090 = ORIENTED_EDGE ( 'NONE', *, *, #1872, .T. ) ;
#2091 = ORIENTED_EDGE ( 'NONE', *, *, #2122, .T. ) ;
#2092 = CARTESIAN_POINT ( 'NONE',  ( -0.3500000000000002000, 0.0000000000000000000, 0.0000000000000000000 ) ) ;
#2093 = DIRECTION ( 'NONE',  ( -1.668003342285391600E-016, 0.0000000000000000000, 1.000000000000000000 ) ) ;
#2094 = ORIENTED_EDGE ( 'NONE', *, *, #1309, .F. ) ;
#2095 = VECTOR ( 'NONE', #1545, 1000.000000000000000 ) ;
#2096 = PLANE ( 'NONE',  #513 ) ;
#2097 = DIRECTION ( 'NONE',  ( 0.0000000000000000000, 0.0000000000000000000, -1.000000000000000000 ) ) ;
#2098 = DIRECTION ( 'NONE',  ( -0.0000000000000000000, -1.000000000000000000, 0.0000000000000000000 ) ) ;
#2099 = DIRECTION ( 'NONE',  ( 1.668003342285391600E-016, 0.0000000000000000000, -1.000000000000000000 ) ) ;
#2100 = PLANE ( 'NONE',  #812 ) ;
#2101 = EDGE_CURVE ( 'NONE', #2521, #188, #14, .T. ) ;
#2102 = AXIS2_PLACEMENT_3D ( 'NONE', #1758, #491, #1979 ) ;
#2103 = CARTESIAN_POINT ( 'NONE',  ( 0.0000000000000000000, 0.0000000000000000000, -0.1560000000000000000 ) ) ;
#2104 = VECTOR ( 'NONE', #1265, 1000.000000000000000 ) ;
#2105 = DIRECTION ( 'NONE',  ( -0.0000000000000000000, 1.000000000000000000, 0.0000000000000000000 ) ) ;
#2106 = EDGE_CURVE ( 'NONE', #1272, #1779, #1143, .T. ) ;
#2107 =( NAMED_UNIT ( * ) SI_UNIT ( $, .STERADIAN. ) SOLID_ANGLE_UNIT ( ) );
#2108 = VECTOR ( 'NONE', #2218, 1000.000000000000000 ) ;
#2109 = EDGE_LOOP ( 'NONE', ( #1491, #2620, #1601, #468 ) ) ;
#2110 = FACE_OUTER_BOUND ( 'NONE', #2227, .T. ) ;
#2111 = ORIENTED_EDGE ( 'NONE', *, *, #2399, .T. ) ;
#2112 = LINE ( 'NONE', #2346, #2043 ) ;
#2113 = ORIENTED_EDGE ( 'NONE', *, *, #1590, .F. ) ;
#2114 = DIRECTION ( 'NONE',  ( 1.000000000000000000, 0.0000000000000000000, -0.0000000000000000000 ) ) ;
#2115 = DIRECTION ( 'NONE',  ( -1.000000000000000000, 0.0000000000000000000, -1.668003342285391600E-016 ) ) ;
#2116 = VECTOR ( 'NONE', #385, 1000.000000000000000 ) ;
#2117 = ORIENTED_EDGE ( 'NONE', *, *, #946, .T. ) ;
#2118 = LINE ( 'NONE', #1317, #1530 ) ;
#2119 = CARTESIAN_POINT ( 'NONE',  ( 0.9999999999999997800, 0.02500000000000000100, -0.6440000000000000200 ) ) ;
#2120 = ORIENTED_EDGE ( 'NONE', *, *, #1049, .F. ) ;
#2121 = CARTESIAN_POINT ( 'NONE',  ( 0.9999999999999997800, 0.0000000000000000000, 0.1559999999999999400 ) ) ;
#2122 = EDGE_CURVE ( 'NONE', #2361, #446, #2220, .T. ) ;
#2123 = VERTEX_POINT ( 'NONE', #990 ) ;
#2124 = ORIENTED_EDGE ( 'NONE', *, *, #2610, .F. ) ;
#2125 = MANIFOLD_SOLID_BREP ( 'Boss-Extrude2', #1098 ) ;
#2126 = VERTEX_POINT ( 'NONE', #1512 ) ;
#2127 = ORIENTED_EDGE ( 'NONE', *, *, #630, .T. ) ;
#2128 = AXIS2_PLACEMENT_3D ( 'NONE', #1789, #2009, #740 ) ;
#2129 = CARTESIAN_POINT ( 'NONE',  ( 0.3500000000000000300, 0.02500000000000000100, 0.1559999999999998900 ) ) ;
#2130 = CARTESIAN_POINT ( 'NONE',  ( 0.9999999999999997800, 0.02499999999999996300, 0.1559999999999999200 ) ) ;
#2131 = CARTESIAN_POINT ( 'NONE',  ( 0.0000000000000000000, 0.0000000000000000000, 0.6440000000000000200 ) ) ;
#2132 = CIRCLE ( 'NONE', #1244, 0.4500000000000000700 ) ;
#2133 = DIRECTION ( 'NONE',  ( 0.0000000000000000000, 1.000000000000000000, 0.0000000000000000000 ) ) ;
#2134 = PLANE ( 'NONE',  #836 ) ;
#2135 = CARTESIAN_POINT ( 'NONE',  ( 0.3499999999999998700, 0.02499999999999996300, -1.550000000000000300 ) ) ;
#2136 = CARTESIAN_POINT ( 'NONE',  ( -1.000000000000000200, 0.02499999999999984900, 1.550000000000000300 ) ) ;
#2137 = DIRECTION ( 'NONE',  ( 1.000000000000000000, 0.0000000000000000000, 1.668003342285391600E-016 ) ) ;
#2138 = LINE ( 'NONE', #1652, #2116 ) ;
#2139 = DIRECTION ( 'NONE',  ( 0.0000000000000000000, -0.0000000000000000000, -1.000000000000000000 ) ) ;
#2140 = EDGE_CURVE ( 'NONE', #1734, #2321, #1941, .T. ) ;
#2141 = CARTESIAN_POINT ( 'NONE',  ( -1.470743816589030500E-017, 0.02499999999999995600, -0.1559999999999998600 ) ) ;
#2142 = VECTOR ( 'NONE', #1492, 1000.000000000000000 ) ;
#2143 = DIRECTION ( 'NONE',  ( 0.0000000000000000000, 1.000000000000000000, -0.0000000000000000000 ) ) ;
#2144 = ORIENTED_EDGE ( 'NONE', *, *, #1482, .T. ) ;
#2145 = LINE ( 'NONE', #2605, #1632 ) ;
#2146 = VERTEX_POINT ( 'NONE', #1293 ) ;
#2147 = DIRECTION ( 'NONE',  ( -0.0000000000000000000, -1.000000000000000000, -0.0000000000000000000 ) ) ;
#2148 = UNCERTAINTY_MEASURE_WITH_UNIT (LENGTH_MEASURE( 1.000000000000000100E-005 ), #2, 'distance_accuracy_value', 'NONE');
#2149 = EDGE_LOOP ( 'NONE', ( #293, #582, #2472, #390 ) ) ;
#2150 = VECTOR ( 'NONE', #1329, 1000.000000000000000 ) ;
#2151 = DIRECTION ( 'NONE',  ( 1.000000000000000000, 0.0000000000000000000, -0.0000000000000000000 ) ) ;
#2152 = ORIENTED_EDGE ( 'NONE', *, *, #1443, .T. ) ;
#2153 = CARTESIAN_POINT ( 'NONE',  ( 0.3500000000000001400, 0.7791677532220540000, -7.776040171514885700E-017 ) ) ;
#2154 = CARTESIAN_POINT ( 'NONE',  ( 0.0000000000000000000, 0.0000000000000000000, 0.1559999999999998900 ) ) ;
#2155 = ORIENTED_EDGE ( 'NONE', *, *, #1651, .F. ) ;
#2156 = CARTESIAN_POINT ( 'NONE',  ( 0.9250000000000002700, 0.0000000000000000000, 0.0000000000000000000 ) ) ;
#2157 = VECTOR ( 'NONE', #1736, 1000.000000000000000 ) ;
#2158 = EDGE_LOOP ( 'NONE', ( #112, #972, #546, #2449 ) ) ;
#2159 = ORIENTED_EDGE ( 'NONE', *, *, #1889, .F. ) ;
#2160 = EDGE_CURVE ( 'NONE', #2146, #195, #2467, .T. ) ;
#2161 = VERTEX_POINT ( 'NONE', #1266 ) ;
#2162 = DIRECTION ( 'NONE',  ( -0.0000000000000000000, -1.000000000000000000, -0.0000000000000000000 ) ) ;
#2163 =( GEOMETRIC_REPRESENTATION_CONTEXT ( 3 ) GLOBAL_UNCERTAINTY_ASSIGNED_CONTEXT ( ( #2148 ) ) GLOBAL_UNIT_ASSIGNED_CONTEXT ( ( #2, #1481, #2499 ) ) REPRESENTATION_CONTEXT ( 'NONE', 'WORKASPACE' ) );
#2164 = DIRECTION ( 'NONE',  ( 0.0000000000000000000, -0.0000000000000000000, 1.000000000000000000 ) ) ;
#2165 = CARTESIAN_POINT ( 'NONE',  ( 0.3500000000000000300, 0.02500000000000000100, 0.0000000000000000000 ) ) ;
#2166 = EDGE_CURVE ( 'NONE', #188, #2521, #2418, .T. ) ;
#2167 = DIRECTION ( 'NONE',  ( 1.000000000000000000, 0.0000000000000000000, -0.0000000000000000000 ) ) ;
#2168 = DIRECTION ( 'NONE',  ( 0.0000000000000000000, -0.0000000000000000000, 1.000000000000000000 ) ) ;
#2169 = CARTESIAN_POINT ( 'NONE',  ( 0.9999999999999997800, -3.689173349139343000, -1.550000000000000300 ) ) ;
#2170 = CARTESIAN_POINT ( 'NONE',  ( -1.000000000000000200, 0.0000000000000000000, -1.550000000000000300 ) ) ;
#2171 = CARTESIAN_POINT ( 'NONE',  ( -0.3499999999999996400, 0.7791677532220540000, 1.594414959537486500E-016 ) ) ;
#2172 = DIRECTION ( 'NONE',  ( 0.0000000000000000000, -0.0000000000000000000, 1.000000000000000000 ) ) ;
#2173 = EDGE_CURVE ( 'NONE', #446, #2279, #821, .T. ) ;
#2174 = CARTESIAN_POINT ( 'NONE',  ( 0.9250000000000002700, 0.0000000000000000000, 0.0000000000000000000 ) ) ;
#2175 = LINE ( 'NONE', #1100, #2104 ) ;
#2176 = AXIS2_PLACEMENT_3D ( 'NONE', #1448, #1693, #2283 ) ;
#2177 = CARTESIAN_POINT ( 'NONE',  ( 0.9250000000000002700, 0.0000000000000000000, 0.0000000000000000000 ) ) ;
#2178 = FACE_BOUND ( 'NONE', #2317, .T. ) ;
#2179 = ORIENTED_EDGE ( 'NONE', *, *, #635, .T. ) ;
#2180 = EDGE_CURVE ( 'NONE', #1241, #188, #248, .T. ) ;
#2181 = AXIS2_PLACEMENT_3D ( 'NONE', #764, #835, #894 ) ;
#2182 = PLANE ( 'NONE',  #1082 ) ;
#2183 = DIRECTION ( 'NONE',  ( 0.0000000000000000000, -1.000000000000000000, -0.0000000000000000000 ) ) ;
#2184 = ORIENTED_EDGE ( 'NONE', *, *, #2245, .T. ) ;
#2185 = VECTOR ( 'NONE', #2232, 1000.000000000000000 ) ;
#2186 = EDGE_LOOP ( 'NONE', ( #2349, #1277, #1874, #276 ) ) ;
#2187 = ORIENTED_EDGE ( 'NONE', *, *, #666, .F. ) ;
#2188 = ORIENTED_EDGE ( 'NONE', *, *, #1528, .T. ) ;
#2189 = DIRECTION ( 'NONE',  ( -1.000000000000000000, -0.0000000000000000000, -1.668003342285392000E-016 ) ) ;
#2190 = VERTEX_POINT ( 'NONE', #1489 ) ;
#2191 = VERTEX_POINT ( 'NONE', #1359 ) ;
#2192 = ORIENTED_EDGE ( 'NONE', *, *, #2559, .T. ) ;
#2193 = ORIENTED_EDGE ( 'NONE', *, *, #834, .T. ) ;
#2194 = DIRECTION ( 'NONE',  ( -1.000000000000000000, 0.0000000000000000000, -1.668003342285391600E-016 ) ) ;
#2195 = DIRECTION ( 'NONE',  ( -0.7071067811865512400, 0.0000000000000000000, 0.7071067811865439100 ) ) ;
#2196 = VECTOR ( 'NONE', #1390, 1000.000000000000000 ) ;
#2197 = EDGE_CURVE ( 'NONE', #12, #332, #187, .T. ) ;
#2198 = VECTOR ( 'NONE', #1896, 1000.000000000000000 ) ;
#2199 = CARTESIAN_POINT ( 'NONE',  ( 0.3500000000000000300, 0.0000000000000000000, -0.1559999999999998900 ) ) ;
#2200 = CARTESIAN_POINT ( 'NONE',  ( -0.3500000000000000300, 0.02500000000000000100, 0.6440000000000000200 ) ) ;
#2201 = LINE ( 'NONE', #376, #1479 ) ;
#2202 = ADVANCED_FACE ( 'NONE', ( #1243 ), #1504, .F. ) ;
#2203 = CARTESIAN_POINT ( 'NONE',  ( -1.000000000000000000, 0.02500000000000000100, -0.1560000000000001100 ) ) ;
#2204 = CARTESIAN_POINT ( 'NONE',  ( 0.0000000000000000000, 0.02500000000000000100, 0.0000000000000000000 ) ) ;
#2205 = LINE ( 'NONE', #778, #32 ) ;
#2206 = CARTESIAN_POINT ( 'NONE',  ( -1.000000000000000200, -3.689173349139343000, -1.550000000000000300 ) ) ;
#2207 = LINE ( 'NONE', #2627, #1927 ) ;
#2208 = LINE ( 'NONE', #2343, #1130 ) ;
#2209 = ORIENTED_EDGE ( 'NONE', *, *, #1675, .F. ) ;
#2210 = CARTESIAN_POINT ( 'NONE',  ( 0.9250000000000002700, 0.02499999999999996700, 1.444000000000000200 ) ) ;
#2211 = LINE ( 'NONE', #463, #1629 ) ;
#2212 = EDGE_CURVE ( 'NONE', #695, #987, #1563, .T. ) ;
#2213 = VERTEX_POINT ( 'NONE', #1639 ) ;
#2214 = VECTOR ( 'NONE', #310, 1000.000000000000000 ) ;
#2215 = ORIENTED_EDGE ( 'NONE', *, *, #406, .T. ) ;
#2216 = ADVANCED_FACE ( 'NONE', ( #118 ), #1650, .T. ) ;
#2217 = AXIS2_PLACEMENT_3D ( 'NONE', #2569, #1784, #507 ) ;
#2218 = DIRECTION ( 'NONE',  ( -0.0000000000000000000, 0.0000000000000000000, -1.000000000000000000 ) ) ;
#2219 = ORIENTED_EDGE ( 'NONE', *, *, #2399, .F. ) ;
#2220 = LINE ( 'NONE', #1088, #2647 ) ;
#2221 = VERTEX_POINT ( 'NONE', #1664 ) ;
#2222 = CARTESIAN_POINT ( 'NONE',  ( 0.0000000000000000000, 1.100000000000000100, 1.550000000000000300 ) ) ;
#2223 = CARTESIAN_POINT ( 'NONE',  ( 0.9999999999999997800, 0.02499999999999984900, 1.550000000000000300 ) ) ;
#2224 = ORIENTED_EDGE ( 'NONE', *, *, #1205, .F. ) ;
#2225 = VECTOR ( 'NONE', #506, 1000.000000000000000 ) ;
#2226 = ORIENTED_EDGE ( 'NONE', *, *, #2485, .F. ) ;
#2227 = EDGE_LOOP ( 'NONE', ( #242, #2333, #631, #1465 ) ) ;
#2228 = DIRECTION ( 'NONE',  ( -1.000000000000000000, -0.0000000000000000000, 0.0000000000000000000 ) ) ;
#2229 = ADVANCED_FACE ( 'NONE', ( #1729 ), #2243, .F. ) ;
#2230 = LINE ( 'NONE', #2024, #2339 ) ;
#2231 = CARTESIAN_POINT ( 'NONE',  ( 0.3499999999999998700, 0.0000000000000000000, -1.550000000000000300 ) ) ;
#2232 = DIRECTION ( 'NONE',  ( -1.000000000000000000, -0.0000000000000000000, -0.0000000000000000000 ) ) ;
#2233 = CARTESIAN_POINT ( 'NONE',  ( 0.3499999999999998100, 0.0000000000000000000, 1.550000000000000300 ) ) ;
#2234 = VECTOR ( 'NONE', #757, 1000.000000000000000 ) ;
#2235 = EDGE_CURVE ( 'NONE', #830, #1523, #1179, .T. ) ;
#2236 = CARTESIAN_POINT ( 'NONE',  ( 0.0000000000000000000, 0.0000000000000000000, 1.444000000000000200 ) ) ;
#2237 = CARTESIAN_POINT ( 'NONE',  ( -1.000000000000000000, 0.0000000000000000000, -0.6439999999999997900 ) ) ;
#2238 = CARTESIAN_POINT ( 'NONE',  ( 0.0000000000000000000, 0.0000000000000000000, 0.0000000000000000000 ) ) ;
#2239 = ADVANCED_FACE ( 'NONE', ( #45 ), #1735, .F. ) ;
#2240 = UNCERTAINTY_MEASURE_WITH_UNIT (LENGTH_MEASURE( 1.000000000000000100E-005 ), #268, 'distance_accuracy_value', 'NONE');
#2241 = ORIENTED_EDGE ( 'NONE', *, *, #1849, .F. ) ;
#2242 = ORIENTED_EDGE ( 'NONE', *, *, #2690, .T. ) ;
#2243 = PLANE ( 'NONE',  #2429 ) ;
#2244 = ORIENTED_EDGE ( 'NONE', *, *, #2641, .F. ) ;
#2245 = EDGE_CURVE ( 'NONE', #925, #2614, #1301, .T. ) ;
#2246 = DIRECTION ( 'NONE',  ( 0.0000000000000000000, -1.000000000000000000, 0.0000000000000000000 ) ) ;
#2247 = LINE ( 'NONE', #1894, #1102 ) ;
#2248 = ORIENTED_EDGE ( 'NONE', *, *, #327, .T. ) ;
#2249 = EDGE_CURVE ( 'NONE', #127, #543, #2247, .T. ) ;
#2250 = EDGE_LOOP ( 'NONE', ( #2649, #1672, #1840, #2394 ) ) ;
#2251 = ADVANCED_FACE ( 'NONE', ( #2672 ), #1922, .F. ) ;
#2252 = DIRECTION ( 'NONE',  ( -2.221725763289966300E-016, 0.0000000000000000000, 1.000000000000000000 ) ) ;
#2253 = CARTESIAN_POINT ( 'NONE',  ( -1.000000000000000200, 0.02499999999999984900, 1.550000000000000300 ) ) ;
#2254 = DIRECTION ( 'NONE',  ( -1.000000000000000000, 0.0000000000000000000, -2.221725763289966300E-016 ) ) ;
#2255 = VERTEX_POINT ( 'NONE', #1785 ) ;
#2256 = VECTOR ( 'NONE', #2404, 1000.000000000000000 ) ;
#2257 = FACE_OUTER_BOUND ( 'NONE', #842, .T. ) ;
#2258 = EDGE_CURVE ( 'NONE', #2221, #1980, #1669, .T. ) ;
#2259 = DIRECTION ( 'NONE',  ( -0.0000000000000000000, -1.000000000000000000, -0.0000000000000000000 ) ) ;
#2260 = CARTESIAN_POINT ( 'NONE',  ( 0.9250000000000002700, 0.0000000000000000000, -0.9559999999999996300 ) ) ;
#2261 = ADVANCED_FACE ( 'NONE', ( #544 ), #2010, .F. ) ;
#2262 = CARTESIAN_POINT ( 'NONE',  ( 0.0000000000000000000, 0.02500000000000000100, -0.6440000000000000200 ) ) ;
#2263 = DIRECTION ( 'NONE',  ( 0.0000000000000000000, 0.0000000000000000000, 1.000000000000000000 ) ) ;
#2264 = CARTESIAN_POINT ( 'NONE',  ( -0.3500000000000000300, 0.02499999999999996700, -0.6440000000000000200 ) ) ;
#2265 = FACE_OUTER_BOUND ( 'NONE', #2554, .T. ) ;
#2266 = LINE ( 'NONE', #2355, #1684 ) ;
#2267 = ORIENTED_EDGE ( 'NONE', *, *, #490, .F. ) ;
#2268 = VECTOR ( 'NONE', #710, 1000.000000000000000 ) ;
#2269 = ORIENTED_EDGE ( 'NONE', *, *, #928, .T. ) ;
#2270 = ORIENTED_EDGE ( 'NONE', *, *, #2368, .T. ) ;
#2271 = VECTOR ( 'NONE', #607, 1000.000000000000000 ) ;
#2272 = EDGE_LOOP ( 'NONE', ( #2599, #954, #1444, #2381 ) ) ;
#2273 = ADVANCED_FACE ( 'NONE', ( #472 ), #2134, .F. ) ;
#2274 = FACE_OUTER_BOUND ( 'NONE', #158, .T. ) ;
#2275 = FILL_AREA_STYLE ('',( #1848 ) ) ;
#2276 = EDGE_CURVE ( 'NONE', #193, #1886, #2617, .T. ) ;
#2277 = ORIENTED_EDGE ( 'NONE', *, *, #1621, .T. ) ;
#2278 = ORIENTED_EDGE ( 'NONE', *, *, #837, .T. ) ;
#2279 = VERTEX_POINT ( 'NONE', #2237 ) ;
#2280 = FACE_OUTER_BOUND ( 'NONE', #2158, .T. ) ;
#2281 = ORIENTED_EDGE ( 'NONE', *, *, #1194, .F. ) ;
#2282 = ORIENTED_EDGE ( 'NONE', *, *, #1717, .T. ) ;
#2283 = DIRECTION ( 'NONE',  ( 0.0000000000000000000, 0.0000000000000000000, -1.000000000000000000 ) ) ;
#2284 = FACE_OUTER_BOUND ( 'NONE', #831, .T. ) ;
#2285 = CYLINDRICAL_SURFACE ( 'NONE', #1116, 0.4500000000000001200 ) ;
#2286 = CARTESIAN_POINT ( 'NONE',  ( 0.3500000000000000300, 0.7791677532220540000, 0.0000000000000000000 ) ) ;
#2287 = EDGE_CURVE ( 'NONE', #1462, #481, #686, .T. ) ;
#2288 = CARTESIAN_POINT ( 'NONE',  ( -0.3500000000000000300, 0.0000000000000000000, 0.1560000000000000000 ) ) ;
#2289 = AXIS2_PLACEMENT_3D ( 'NONE', #853, #1474, #641 ) ;
#2290 = CARTESIAN_POINT ( 'NONE',  ( 0.0000000000000000000, 0.02500000000000000100, -0.9559999999999997400 ) ) ;
#2291 = EDGE_CURVE ( 'NONE', #1181, #2146, #1045, .T. ) ;
#2292 = ORIENTED_EDGE ( 'NONE', *, *, #1034, .T. ) ;
#2293 = ORIENTED_EDGE ( 'NONE', *, *, #773, .T. ) ;
#2294 = FILL_AREA_STYLE ('',( #2660 ) ) ;
#2295 = PRESENTATION_STYLE_ASSIGNMENT (( #2458 ) ) ;
#2296 = ORIENTED_EDGE ( 'NONE', *, *, #2506, .F. ) ;
#2297 = VECTOR ( 'NONE', #1749, 1000.000000000000000 ) ;
#2298 = ORIENTED_EDGE ( 'NONE', *, *, #128, .T. ) ;
#2299 = EDGE_CURVE ( 'NONE', #598, #1066, #2112, .T. ) ;
#2300 = ORIENTED_EDGE ( 'NONE', *, *, #2373, .T. ) ;
#2301 = CARTESIAN_POINT ( 'NONE',  ( -0.9250000000000002700, 0.7791677532220540000, 0.6439999999999999100 ) ) ;
#2302 = EDGE_CURVE ( 'NONE', #523, #410, #2548, .T. ) ;
#2303 = DIRECTION ( 'NONE',  ( -1.000000000000000000, 0.0000000000000000000, 1.668003342285392000E-016 ) ) ;
#2304 = ORIENTED_EDGE ( 'NONE', *, *, #2235, .T. ) ;
#2305 = EDGE_LOOP ( 'NONE', ( #220, #2020, #820, #730 ) ) ;
#2306 = LINE ( 'NONE', #999, #1821 ) ;
#2307 = FACE_OUTER_BOUND ( 'NONE', #655, .T. ) ;
#2308 = CARTESIAN_POINT ( 'NONE',  ( 0.0000000000000000000, 0.02500000000000000100, 0.0000000000000000000 ) ) ;
#2309 = CARTESIAN_POINT ( 'NONE',  ( 0.9250000000000002700, 0.02499999999999997700, -0.1559999999999999400 ) ) ;
#2310 = EDGE_CURVE ( 'NONE', #82, #657, #1467, .T. ) ;
#2311 = VECTOR ( 'NONE', #1930, 1000.000000000000000 ) ;
#2312 = STYLED_ITEM ( 'NONE', ( #900 ), #930 ) ;
#2313 = DIRECTION ( 'NONE',  ( -0.0000000000000000000, 0.0000000000000000000, -1.000000000000000000 ) ) ;
#2314 = LINE ( 'NONE', #2025, #2074 ) ;
#2315 = AXIS2_PLACEMENT_3D ( 'NONE', #2206, #1759, #290 ) ;
#2316 = LINE ( 'NONE', #2177, #144 ) ;
#2317 = EDGE_LOOP ( 'NONE', ( #386, #1402 ) ) ;
#2318 = CARTESIAN_POINT ( 'NONE',  ( 0.3499999999999998100, 0.02500000000000000100, 0.0000000000000000000 ) ) ;
#2319 = ORIENTED_EDGE ( 'NONE', *, *, #511, .F. ) ;
#2320 = LINE ( 'NONE', #1154, #1690 ) ;
#2321 = VERTEX_POINT ( 'NONE', #2536 ) ;
#2322 = DIRECTION ( 'NONE',  ( 0.0000000000000000000, 1.000000000000000000, -0.0000000000000000000 ) ) ;
#2323 = CARTESIAN_POINT ( 'NONE',  ( -0.3500000000000002600, 0.02499999999999996300, -1.550000000000000300 ) ) ;
#2324 = VERTEX_POINT ( 'NONE', #2403 ) ;
#2325 = FACE_OUTER_BOUND ( 'NONE', #356, .T. ) ;
#2326 = ORIENTED_EDGE ( 'NONE', *, *, #1175, .F. ) ;
#2327 = PLANE ( 'NONE',  #1092 ) ;
#2328 = EDGE_CURVE ( 'NONE', #1948, #1014, #978, .T. ) ;
#2329 = EDGE_LOOP ( 'NONE', ( #2152, #2684, #2179, #2046 ) ) ;
#2330 = VERTEX_POINT ( 'NONE', #2383 ) ;
#2331 = LINE ( 'NONE', #1539, #2651 ) ;
#2332 = ORIENTED_EDGE ( 'NONE', *, *, #1818, .F. ) ;
#2333 = ORIENTED_EDGE ( 'NONE', *, *, #2019, .F. ) ;
#2334 = STYLED_ITEM ( 'NONE', ( #277 ), #2636 ) ;
#2335 = DIRECTION ( 'NONE',  ( 0.0000000000000000000, -0.0000000000000000000, 1.000000000000000000 ) ) ;
#2336 = LINE ( 'NONE', #2587, #2400 ) ;
#2337 = ORIENTED_EDGE ( 'NONE', *, *, #122, .F. ) ;
#2338 = ORIENTED_EDGE ( 'NONE', *, *, #2235, .F. ) ;
#2339 = VECTOR ( 'NONE', #323, 1000.000000000000000 ) ;
#2340 = DIRECTION ( 'NONE',  ( 1.000000000000000000, -0.0000000000000000000, -9.427844978134816500E-017 ) ) ;
#2341 = CARTESIAN_POINT ( 'NONE',  ( 0.3500000000000000300, 0.0000000000000000000, -0.6440000000000001300 ) ) ;
#2342 = AXIS2_PLACEMENT_3D ( 'NONE', #263, #284, #298 ) ;
#2343 = CARTESIAN_POINT ( 'NONE',  ( 0.3499999999999998100, -3.689173349139343000, -1.550000000000000300 ) ) ;
#2344 = EDGE_CURVE ( 'NONE', #1527, #585, #348, .T. ) ;
#2345 = AXIS2_PLACEMENT_3D ( 'NONE', #8, #55, #94 ) ;
#2346 = CARTESIAN_POINT ( 'NONE',  ( 0.3500000000000000300, 0.0000000000000000000, 0.0000000000000000000 ) ) ;
#2347 = PRESENTATION_STYLE_ASSIGNMENT (( #1683 ) ) ;
#2348 = DIRECTION ( 'NONE',  ( 0.0000000000000000000, -0.0000000000000000000, -1.000000000000000000 ) ) ;
#2349 = ORIENTED_EDGE ( 'NONE', *, *, #128, .F. ) ;
#2350 = ORIENTED_EDGE ( 'NONE', *, *, #911, .F. ) ;
#2351 = SURFACE_STYLE_FILL_AREA ( #2275 ) ;
#2352 = DIRECTION ( 'NONE',  ( 0.0000000000000000000, -0.0000000000000000000, 1.000000000000000000 ) ) ;
#2353 = ORIENTED_EDGE ( 'NONE', *, *, #687, .T. ) ;
#2354 = VECTOR ( 'NONE', #1507, 1000.000000000000000 ) ;
#2355 = CARTESIAN_POINT ( 'NONE',  ( 0.3500000000000000300, 0.0000000000000000000, 0.0000000000000000000 ) ) ;
#2356 = ORIENTED_EDGE ( 'NONE', *, *, #2173, .F. ) ;
#2357 = CARTESIAN_POINT ( 'NONE',  ( -1.000000000000000200, 0.02499999999999984900, -1.550000000000000300 ) ) ;
#2358 = DIRECTION ( 'NONE',  ( 1.000000000000000000, -0.0000000000000000000, 0.0000000000000000000 ) ) ;
#2359 = VERTEX_POINT ( 'NONE', #2516 ) ;
#2360 = EDGE_CURVE ( 'NONE', #332, #1148, #1903, .T. ) ;
#2361 = VERTEX_POINT ( 'NONE', #2596 ) ;
#2362 = ORIENTED_EDGE ( 'NONE', *, *, #2310, .F. ) ;
#2363 = DIRECTION ( 'NONE',  ( -1.000000000000000000, 0.0000000000000000000, 0.0000000000000000000 ) ) ;
#2364 = AXIS2_PLACEMENT_3D ( 'NONE', #2204, #1343, #73 ) ;
#2365 = LINE ( 'NONE', #1624, #364 ) ;
#2366 = DIRECTION ( 'NONE',  ( 0.0000000000000000000, -1.000000000000000000, 0.0000000000000000000 ) ) ;
#2367 = CARTESIAN_POINT ( 'NONE',  ( 0.3499999999999998100, 0.02499999999999996700, -1.444000000000000000 ) ) ;
#2368 = EDGE_CURVE ( 'NONE', #1886, #1410, #281, .T. ) ;
#2369 = PLANE ( 'NONE',  #432 ) ;
#2370 = LINE ( 'NONE', #2534, #2607 ) ;
#2371 = VECTOR ( 'NONE', #2183, 1000.000000000000000 ) ;
#2372 = DIRECTION ( 'NONE',  ( 1.000000000000000000, 0.0000000000000000000, -0.0000000000000000000 ) ) ;
#2373 = EDGE_CURVE ( 'NONE', #1330, #412, #1401, .T. ) ;
#2374 = DIRECTION ( 'NONE',  ( 1.885568995626963300E-016, -0.0000000000000000000, 1.000000000000000000 ) ) ;
#2375 = ADVANCED_FACE ( 'NONE', ( #1271 ), #148, .F. ) ;
#2376 = AXIS2_PLACEMENT_3D ( 'NONE', #521, #2595, #1368 ) ;
#2377 = FACE_OUTER_BOUND ( 'NONE', #1025, .T. ) ;
#2378 = ORIENTED_EDGE ( 'NONE', *, *, #264, .F. ) ;
#2379 = ORIENTED_EDGE ( 'NONE', *, *, #756, .F. ) ;
#2380 = VECTOR ( 'NONE', #1231, 1000.000000000000000 ) ;
#2381 = ORIENTED_EDGE ( 'NONE', *, *, #1388, .T. ) ;
#2382 = PLANE ( 'NONE',  #1625 ) ;
#2383 = CARTESIAN_POINT ( 'NONE',  ( -0.3500000000000002600, 0.02499999999999996700, -1.205999999999997100 ) ) ;
#2384 = ORIENTED_EDGE ( 'NONE', *, *, #2068, .F. ) ;
#2385 = CARTESIAN_POINT ( 'NONE',  ( 2.941487633178062200E-017, 0.02499999999999995600, 0.1559999999999999400 ) ) ;
#2386 = CIRCLE ( 'NONE', #613, 0.4500000000000001200 ) ;
#2387 = ORIENTED_EDGE ( 'NONE', *, *, #1290, .F. ) ;
#2388 = DIRECTION ( 'NONE',  ( 0.0000000000000000000, -1.000000000000000000, 0.0000000000000000000 ) ) ;
#2389 = ORIENTED_EDGE ( 'NONE', *, *, #1732, .T. ) ;
#2390 = ORIENTED_EDGE ( 'NONE', *, *, #1670, .F. ) ;
#2391 = ADVANCED_FACE ( 'NONE', ( #1838 ), #2570, .T. ) ;
#2392 = LINE ( 'NONE', #601, #2560 ) ;
#2393 = EDGE_LOOP ( 'NONE', ( #1761, #1398, #628, #86 ) ) ;
#2394 = ORIENTED_EDGE ( 'NONE', *, *, #1508, .T. ) ;
#2395 = CARTESIAN_POINT ( 'NONE',  ( 0.0000000000000000000, 0.0000000000000000000, 0.1560000000000001100 ) ) ;
#2396 = CARTESIAN_POINT ( 'NONE',  ( -0.9250000000000002700, 0.7791677532220540000, 0.1560000000000001100 ) ) ;
#2397 = CARTESIAN_POINT ( 'NONE',  ( 0.3499999999999999200, 0.02500000000000000100, -0.9559999999999996300 ) ) ;
#2398 = ORIENTED_EDGE ( 'NONE', *, *, #2610, .T. ) ;
#2399 = EDGE_CURVE ( 'NONE', #793, #1251, #786, .T. ) ;
#2400 = VECTOR ( 'NONE', #97, 1000.000000000000000 ) ;
#2401 = AXIS2_PLACEMENT_3D ( 'NONE', #1506, #684, #2172 ) ;
#2402 = LINE ( 'NONE', #241, #2460 ) ;
#2403 = CARTESIAN_POINT ( 'NONE',  ( 0.3500000000000000300, 0.02500000000000000100, -0.6440000000000001300 ) ) ;
#2404 = DIRECTION ( 'NONE',  ( 0.0000000000000000000, 0.0000000000000000000, -1.000000000000000000 ) ) ;
#2405 = FACE_OUTER_BOUND ( 'NONE', #280, .T. ) ;
#2406 = ADVANCED_FACE ( 'NONE', ( #1210 ), #1649, .F. ) ;
#2407 = UNCERTAINTY_MEASURE_WITH_UNIT (LENGTH_MEASURE( 1.000000000000000100E-005 ), #1036, 'distance_accuracy_value', 'NONE');
#2408 = CARTESIAN_POINT ( 'NONE',  ( 0.0000000000000000000, 0.9000000000000002400, -0.1589999999999999200 ) ) ;
#2409 = COLOUR_RGB ( '',0.7921568627450980000, 0.8196078431372548800, 0.9333333333333333500 ) ;
#2410 = PLANE ( 'NONE',  #2376 ) ;
#2411 = EDGE_CURVE ( 'NONE', #1010, #1272, #650, .T. ) ;
#2412 = CARTESIAN_POINT ( 'NONE',  ( -0.5999999999999999800, 0.7791677532220540000, -0.9559999999999999600 ) ) ;
#2413 = FACE_OUTER_BOUND ( 'NONE', #162, .T. ) ;
#2414 = STYLED_ITEM ( 'NONE', ( #901 ), #431 ) ;
#2415 = ORIENTED_EDGE ( 'NONE', *, *, #837, .F. ) ;
#2416 = LINE ( 'NONE', #2630, #1875 ) ;
#2417 = ORIENTED_EDGE ( 'NONE', *, *, #2287, .T. ) ;
#2418 = CIRCLE ( 'NONE', #1454, 0.4500000000000000700 ) ;
#2419 = EDGE_CURVE ( 'NONE', #2279, #1977, #1766, .T. ) ;
#2420 = ORIENTED_EDGE ( 'NONE', *, *, #64, .F. ) ;
#2421 = ADVANCED_FACE ( 'NONE', ( #75 ), #1226, .T. ) ;
#2422 = CARTESIAN_POINT ( 'NONE',  ( 0.9250000000000002700, 0.7791677532220540000, 1.444000000000000200 ) ) ;
#2423 = EDGE_LOOP ( 'NONE', ( #760, #719, #1315, #2084 ) ) ;
#2424 = ORIENTED_EDGE ( 'NONE', *, *, #773, .F. ) ;
#2425 = ORIENTED_EDGE ( 'NONE', *, *, #1089, .T. ) ;
#2426 = EDGE_CURVE ( 'NONE', #2213, #2123, #2320, .T. ) ;
#2427 = LINE ( 'NONE', #2422, #1745 ) ;
#2428 = CARTESIAN_POINT ( 'NONE',  ( 0.3499999999999998100, 0.02500000000000000100, 1.550000000000000300 ) ) ;
#2429 = AXIS2_PLACEMENT_3D ( 'NONE', #2153, #1706, #1714 ) ;
#2430 = EDGE_CURVE ( 'NONE', #1984, #2330, #1135, .T. ) ;
#2431 = ADVANCED_FACE ( 'NONE', ( #1069 ), #1568, .F. ) ;
#2432 = AXIS2_PLACEMENT_3D ( 'NONE', #1031, #669, #769 ) ;
#2433 = LINE ( 'NONE', #2023, #2578 ) ;
#2434 = CARTESIAN_POINT ( 'NONE',  ( -1.000000000000000000, 0.02500000000000000100, 0.6439999999999999100 ) ) ;
#2435 = CARTESIAN_POINT ( 'NONE',  ( -0.9250000000000002700, 0.02499999999999995600, 0.0000000000000000000 ) ) ;
#2436 = VECTOR ( 'NONE', #307, 1000.000000000000000 ) ;
#2437 = VERTEX_POINT ( 'NONE', #2288 ) ;
#2438 = ADVANCED_FACE ( 'NONE', ( #2643 ), #2410, .F. ) ;
#2439 = DIRECTION ( 'NONE',  ( 0.0000000000000000000, -0.0000000000000000000, -1.000000000000000000 ) ) ;
#2440 = ORIENTED_EDGE ( 'NONE', *, *, #700, .T. ) ;
#2441 = EDGE_CURVE ( 'NONE', #1873, #91, #584, .T. ) ;
#2442 = CARTESIAN_POINT ( 'NONE',  ( 0.9999999999999997800, -3.689173349139343000, -0.9559999999999994100 ) ) ;
#2443 = VECTOR ( 'NONE', #2693, 1000.000000000000000 ) ;
#2444 = VERTEX_POINT ( 'NONE', #2231 ) ;
#2445 = AXIS2_PLACEMENT_3D ( 'NONE', #1233, #1449, #182 ) ;
#2446 = ORIENTED_EDGE ( 'NONE', *, *, #89, .T. ) ;
#2447 = VECTOR ( 'NONE', #339, 1000.000000000000000 ) ;
#2448 = ORIENTED_EDGE ( 'NONE', *, *, #2019, .T. ) ;
#2449 = ORIENTED_EDGE ( 'NONE', *, *, #2537, .F. ) ;
#2450 = ORIENTED_EDGE ( 'NONE', *, *, #1078, .T. ) ;
#2451 = DIRECTION ( 'NONE',  ( -0.0000000000000000000, -1.000000000000000000, 0.0000000000000000000 ) ) ;
#2452 = CARTESIAN_POINT ( 'NONE',  ( 0.3499999999999998100, 0.02499999999999996300, 1.550000000000000500 ) ) ;
#2453 = ORIENTED_EDGE ( 'NONE', *, *, #267, .F. ) ;
#2454 = ADVANCED_FACE ( 'NONE', ( #1559 ), #443, .F. ) ;
#2455 = VECTOR ( 'NONE', #1790, 1000.000000000000000 ) ;
#2456 = EDGE_CURVE ( 'NONE', #624, #988, #2145, .T. ) ;
#2457 = VECTOR ( 'NONE', #986, 1000.000000000000000 ) ;
#2458 = SURFACE_STYLE_USAGE ( .BOTH. , #1006 ) ;
#2459 = AXIS2_PLACEMENT_3D ( 'NONE', #42, #51, #60 ) ;
#2460 = VECTOR ( 'NONE', #1939, 1000.000000000000000 ) ;
#2461 = DIRECTION ( 'NONE',  ( 0.0000000000000000000, -0.0000000000000000000, -1.000000000000000000 ) ) ;
#2462 = CARTESIAN_POINT ( 'NONE',  ( 0.3499999999999998700, 0.02500000000000000100, 0.9559999999999996300 ) ) ;
#2463 = FACE_OUTER_BOUND ( 'NONE', #632, .T. ) ;
#2464 = EDGE_LOOP ( 'NONE', ( #758, #2113, #2215, #2448 ) ) ;
#2465 = LINE ( 'NONE', #2434, #1936 ) ;
#2466 = ORIENTED_EDGE ( 'NONE', *, *, #52, .T. ) ;
#2467 = LINE ( 'NONE', #1341, #2150 ) ;
#2468 = CARTESIAN_POINT ( 'NONE',  ( 0.0000000000000000000, 0.0000000000000000000, -0.6439999999999997900 ) ) ;
#2469 = EDGE_CURVE ( 'NONE', #2161, #40, #10, .T. ) ;
#2470 = DIRECTION ( 'NONE',  ( -1.000000000000000000, -0.0000000000000000000, -0.0000000000000000000 ) ) ;
#2471 = ORIENTED_EDGE ( 'NONE', *, *, #1608, .F. ) ;
#2472 = ORIENTED_EDGE ( 'NONE', *, *, #555, .T. ) ;
#2473 = ORIENTED_EDGE ( 'NONE', *, *, #834, .F. ) ;
#2474 = DIRECTION ( 'NONE',  ( -0.0000000000000000000, 0.0000000000000000000, -1.000000000000000000 ) ) ;
#2475 = VECTOR ( 'NONE', #1617, 1000.000000000000000 ) ;
#2476 = ORIENTED_EDGE ( 'NONE', *, *, #2539, .T. ) ;
#2477 = ORIENTED_EDGE ( 'NONE', *, *, #1054, .T. ) ;
#2478 = SURFACE_STYLE_USAGE ( .BOTH. , #1035 ) ;
#2479 = VECTOR ( 'NONE', #1882, 1000.000000000000000 ) ;
#2480 = LINE ( 'NONE', #2435, #425 ) ;
#2481 = EDGE_CURVE ( 'NONE', #352, #2191, #1011, .T. ) ;
#2482 = PLANE ( 'NONE',  #1791 ) ;
#2483 = DIRECTION ( 'NONE',  ( 0.0000000000000000000, 0.0000000000000000000, 1.000000000000000000 ) ) ;
#2484 = FACE_OUTER_BOUND ( 'NONE', #722, .T. ) ;
#2485 = EDGE_CURVE ( 'NONE', #959, #1803, #2581, .T. ) ;
#2486 = DIRECTION ( 'NONE',  ( 0.0000000000000000000, 0.0000000000000000000, 1.000000000000000000 ) ) ;
#2487 = FACE_OUTER_BOUND ( 'NONE', #1910, .T. ) ;
#2488 = ORIENTED_EDGE ( 'NONE', *, *, #477, .F. ) ;
#2489 = COLOUR_RGB ( '',0.2509803921568627400, 0.2509803921568627400, 0.2509803921568627400 ) ;
#2490 = LINE ( 'NONE', #696, #2371 ) ;
#2491 = ORIENTED_EDGE ( 'NONE', *, *, #2571, .F. ) ;
#2492 = VECTOR ( 'NONE', #2372, 1000.000000000000000 ) ;
#2493 = VERTEX_POINT ( 'NONE', #961 ) ;
#2494 = EDGE_CURVE ( 'NONE', #879, #2592, #2005, .T. ) ;
#2495 = VECTOR ( 'NONE', #35, 1000.000000000000000 ) ;
#2496 = ORIENTED_EDGE ( 'NONE', *, *, #902, .T. ) ;
#2497 = AXIS2_PLACEMENT_3D ( 'NONE', #1596, #550, #2036 ) ;
#2498 = ORIENTED_EDGE ( 'NONE', *, *, #2539, .F. ) ;
#2499 =( NAMED_UNIT ( * ) SI_UNIT ( $, .STERADIAN. ) SOLID_ANGLE_UNIT ( ) );
#2500 = PRESENTATION_STYLE_ASSIGNMENT (( #1005 ) ) ;
#2501 = ORIENTED_EDGE ( 'NONE', *, *, #1608, .T. ) ;
#2502 = LINE ( 'NONE', #2412, #161 ) ;
#2503 = PLANE ( 'NONE',  #1994 ) ;
#2504 = PLANE ( 'NONE',  #1386 ) ;
#2505 = CARTESIAN_POINT ( 'NONE',  ( -0.9250000000000002700, 0.02499999999999996700, 1.444000000000000200 ) ) ;
#2506 = EDGE_CURVE ( 'NONE', #1980, #2671, #2511, .T. ) ;
#2507 = DIRECTION ( 'NONE',  ( -0.0000000000000000000, -1.000000000000000000, -0.0000000000000000000 ) ) ;
#2508 = LINE ( 'NONE', #2318, #874 ) ;
#2509 = SURFACE_STYLE_FILL_AREA ( #1549 ) ;
#2510 = EDGE_LOOP ( 'NONE', ( #2473, #1604, #1068, #2056 ) ) ;
#2511 = LINE ( 'NONE', #1169, #380 ) ;
#2512 = ORIENTED_EDGE ( 'NONE', *, *, #2469, .F. ) ;
#2513 = DIRECTION ( 'NONE',  ( -1.000000000000000000, 0.0000000000000000000, -0.0000000000000000000 ) ) ;
#2514 = CARTESIAN_POINT ( 'NONE',  ( -0.9250000000000002700, 0.0000000000000000000, -1.444000000000000000 ) ) ;
#2515 = EDGE_LOOP ( 'NONE', ( #1820, #728, #1237, #154 ) ) ;
#2516 = CARTESIAN_POINT ( 'NONE',  ( 0.9250000000000002700, 0.0000000000000000000, 0.6440000000000000200 ) ) ;
#2517 = VERTEX_POINT ( 'NONE', #1193 ) ;
#2518 = DIRECTION ( 'NONE',  ( 0.0000000000000000000, -0.0000000000000000000, -1.000000000000000000 ) ) ;
#2519 = EDGE_CURVE ( 'NONE', #1435, #1534, #2465, .T. ) ;
#2520 = ORIENTED_EDGE ( 'NONE', *, *, #2441, .F. ) ;
#2521 = VERTEX_POINT ( 'NONE', #563 ) ;
#2522 = CARTESIAN_POINT ( 'NONE',  ( -0.3500000000000002000, 0.0000000000000000000, -1.205999999999997100 ) ) ;
#2523 = PRESENTATION_LAYER_ASSIGNMENT (  '', '', ( #2414 ) ) ;
#2524 = VECTOR ( 'NONE', #1447, 1000.000000000000000 ) ;
#2525 = VERTEX_POINT ( 'NONE', #1822 ) ;
#2526 = CARTESIAN_POINT ( 'NONE',  ( 0.0000000000000000000, 0.02499999999999995600, -1.444000000000000000 ) ) ;
#2527 = CARTESIAN_POINT ( 'NONE',  ( -0.3500000000000000300, 0.0000000000000000000, -0.6440000000000000200 ) ) ;
#2528 = EDGE_CURVE ( 'NONE', #2545, #1501, #817, .T. ) ;
#2529 = CARTESIAN_POINT ( 'NONE',  ( -1.000000000000000200, 1.100000000000000100, 0.0000000000000000000 ) ) ;
#2530 = CARTESIAN_POINT ( 'NONE',  ( 0.3500000000000000300, 0.02500000000000000100, -0.1559999999999998900 ) ) ;
#2531 = LINE ( 'NONE', #2442, #1541 ) ;
#2532 = CARTESIAN_POINT ( 'NONE',  ( 0.9999999999999991100, 1.100000000000000300, 1.550000000000000300 ) ) ;
#2533 = CARTESIAN_POINT ( 'NONE',  ( 0.9999999999999997800, -3.689173349139343000, 0.9559999999999997400 ) ) ;
#2534 = CARTESIAN_POINT ( 'NONE',  ( -0.3500000000000000300, 0.0000000000000000000, 0.0000000000000000000 ) ) ;
#2535 = VECTOR ( 'NONE', #2348, 1000.000000000000000 ) ;
#2536 = CARTESIAN_POINT ( 'NONE',  ( 0.3499999999999999200, 0.0000000000000000000, -0.9559999999999996300 ) ) ;
#2537 = EDGE_CURVE ( 'NONE', #27, #1646, #315, .T. ) ;
#2538 = DIRECTION ( 'NONE',  ( -1.000000000000000000, -0.0000000000000000000, 0.0000000000000000000 ) ) ;
#2539 = EDGE_CURVE ( 'NONE', #988, #41, #2416, .T. ) ;
#2541 = VECTOR ( 'NONE', #453, 1000.000000000000000 ) ;
#2540 = APPLICATION_PROTOCOL_DEFINITION ( 'draft international standard', 'automotive_design', 1998, #899 ) ;
#2542 = COLOUR_RGB ( '',0.7921568627450980000, 0.8196078431372548800, 0.9333333333333333500 ) ;
#2543 = DIRECTION ( 'NONE',  ( 0.0000000000000000000, -0.0000000000000000000, 1.000000000000000000 ) ) ;
#2544 = LINE ( 'NONE', #938, #2108 ) ;
#2545 = VERTEX_POINT ( 'NONE', #780 ) ;
#2546 = FACE_OUTER_BOUND ( 'NONE', #2186, .T. ) ;
#2547 = EDGE_LOOP ( 'NONE', ( #2296, #325, #727, #1906 ) ) ;
#2548 = LINE ( 'NONE', #2141, #909 ) ;
#2549 = ORIENTED_EDGE ( 'NONE', *, *, #2360, .T. ) ;
#2550 = DIRECTION ( 'NONE',  ( -0.0000000000000000000, 0.0000000000000000000, 1.000000000000000000 ) ) ;
#2551 = DIRECTION ( 'NONE',  ( -1.000000000000000000, -0.0000000000000000000, -0.0000000000000000000 ) ) ;
#2552 = ORIENTED_EDGE ( 'NONE', *, *, #642, .T. ) ;
#2553 = VECTOR ( 'NONE', #1801, 1000.000000000000000 ) ;
#2554 = EDGE_LOOP ( 'NONE', ( #442, #2120, #663, #1839 ) ) ;
#2555 = ADVANCED_FACE ( 'NONE', ( #1298 ), #1618, .T. ) ;
#2556 = CARTESIAN_POINT ( 'NONE',  ( -0.3500000000000001400, 0.0000000000000000000, -1.205999999999997300 ) ) ;
#2557 = ORIENTED_EDGE ( 'NONE', *, *, #547, .T. ) ;
#2558 = EDGE_LOOP ( 'NONE', ( #1285, #752, #884, #1215, #350, #482, #2085, #2083, #1767, #2282, #1856, #1631, #421, #224, #2353, #2300 ) ) ;
#2559 = EDGE_CURVE ( 'NONE', #950, #1462, #877, .T. ) ;
#2560 = VECTOR ( 'NONE', #452, 1000.000000000000000 ) ;
#2561 = VERTEX_POINT ( 'NONE', #1406 ) ;
#2562 = CARTESIAN_POINT ( 'NONE',  ( 0.0000000000000000000, 0.0000000000000000000, 0.1560000000000000600 ) ) ;
#2563 = PRESENTATION_LAYER_ASSIGNMENT (  '', '', ( #2312 ) ) ;
#2564 = LINE ( 'NONE', #2385, #932 ) ;
#2565 = AXIS2_PLACEMENT_3D ( 'NONE', #709, #1973, #483 ) ;
#2566 = CARTESIAN_POINT ( 'NONE',  ( 0.0000000000000000000, 0.7791677532220540000, -0.9559999999999996300 ) ) ;
#2567 = ADVANCED_FACE ( 'NONE', ( #1488 ), #1207, .T. ) ;
#2568 = PLANE ( 'NONE',  #2057 ) ;
#2569 = CARTESIAN_POINT ( 'NONE',  ( 0.0000000000000000000, 0.02500000000000000100, 0.0000000000000000000 ) ) ;
#2570 = PLANE ( 'NONE',  #1259 ) ;
#2571 = EDGE_CURVE ( 'NONE', #883, #282, #1239, .T. ) ;
#2572 = CARTESIAN_POINT ( 'NONE',  ( -1.000000000000000200, -3.689173349139343000, 0.9559999999999996300 ) ) ;
#2573 = SURFACE_STYLE_FILL_AREA ( #2294 ) ;
#2574 = MANIFOLD_SOLID_BREP ( 'Boss-Extrude3[8]', #592 ) ;
#2575 = PRESENTATION_LAYER_ASSIGNMENT (  '', '', ( #2334 ) ) ;
#2576 = CARTESIAN_POINT ( 'NONE',  ( 0.3499999999999998100, 0.02500000000000000100, -1.550000000000000300 ) ) ;
#2577 = VECTOR ( 'NONE', #871, 1000.000000000000000 ) ;
#2578 = VECTOR ( 'NONE', #2097, 1000.000000000000000 ) ;
#2579 = LINE ( 'NONE', #1868, #1969 ) ;
#2580 = ORIENTED_EDGE ( 'NONE', *, *, #2670, .T. ) ;
#2581 = CIRCLE ( 'NONE', #2497, 0.4500000000000001200 ) ;
#2582 = ORIENTED_EDGE ( 'NONE', *, *, #2027, .T. ) ;
#2583 = ADVANCED_FACE ( 'NONE', ( #681 ), #365, .T. ) ;
#2584 = FACE_OUTER_BOUND ( 'NONE', #1310, .T. ) ;
#2585 = DIRECTION ( 'NONE',  ( -1.000000000000000000, -0.0000000000000000000, 0.0000000000000000000 ) ) ;
#2586 = ORIENTED_EDGE ( 'NONE', *, *, #789, .F. ) ;
#2587 = CARTESIAN_POINT ( 'NONE',  ( -1.000000000000000200, 0.02499999999999984900, 1.550000000000000300 ) ) ;
#2588 = ORIENTED_EDGE ( 'NONE', *, *, #1054, .F. ) ;
#2589 = CARTESIAN_POINT ( 'NONE',  ( -1.000000000000000200, 0.02499999999999992200, -1.550000000000000300 ) ) ;
#2590 = VECTOR ( 'NONE', #2470, 1000.000000000000000 ) ;
#2591 = ORIENTED_EDGE ( 'NONE', *, *, #33, .F. ) ;
#2592 = VERTEX_POINT ( 'NONE', #371 ) ;
#2593 = LINE ( 'NONE', #1553, #1780 ) ;
#2594 = ORIENTED_EDGE ( 'NONE', *, *, #2180, .F. ) ;
#2595 = DIRECTION ( 'NONE',  ( 0.0000000000000000000, -1.000000000000000000, 0.0000000000000000000 ) ) ;
#2596 = CARTESIAN_POINT ( 'NONE',  ( -0.6000000000000000900, 0.0000000000000000000, -0.9559999999999998500 ) ) ;
#2597 = DIRECTION ( 'NONE',  ( 1.000000000000000000, 0.0000000000000000000, 0.0000000000000000000 ) ) ;
#2598 = ORIENTED_EDGE ( 'NONE', *, *, #109, .F. ) ;
#2599 = ORIENTED_EDGE ( 'NONE', *, *, #1482, .F. ) ;
#2600 = AXIS2_PLACEMENT_3D ( 'NONE', #322, #393, #418 ) ;
#2601 = EDGE_CURVE ( 'NONE', #2592, #1501, #1043, .T. ) ;
#2602 = ADVANCED_FACE ( 'NONE', ( #1521 ), #2382, .F. ) ;
#2603 = VECTOR ( 'NONE', #2195, 1000.000000000000000 ) ;
#2604 = AXIS2_PLACEMENT_3D ( 'NONE', #66, #2656, #114 ) ;
#2605 = CARTESIAN_POINT ( 'NONE',  ( -0.3500000000000002600, -3.689173349139343000, -1.550000000000000300 ) ) ;
#2606 = CARTESIAN_POINT ( 'NONE',  ( 0.0000000000000000000, 0.9000000000000002400, -0.6089999999999999900 ) ) ;
#2607 = VECTOR ( 'NONE', #1313, 1000.000000000000000 ) ;
#2608 = ADVANCED_FACE ( 'NONE', ( #2110 ), #714, .F. ) ;
#2609 = VECTOR ( 'NONE', #1460, 1000.000000000000000 ) ;
#2610 = EDGE_CURVE ( 'NONE', #44, #1852, #408, .T. ) ;
#2611 = PLANE ( 'NONE',  #775 ) ;
#2612 = AXIS2_PLACEMENT_3D ( 'NONE', #1586, #1802, #531 ) ;
#2613 = LINE ( 'NONE', #2408, #2668 ) ;
#2614 = VERTEX_POINT ( 'NONE', #2210 ) ;
#2615 = LINE ( 'NONE', #1770, #1463 ) ;
#2616 = EDGE_LOOP ( 'NONE', ( #1476, #2683, #2111, #828 ) ) ;
#2617 = LINE ( 'NONE', #2222, #2185 ) ;
#2618 = EDGE_LOOP ( 'NONE', ( #1144, #2319, #1314, #1370, #476, #2557, #2304, #783 ) ) ;
#2619 = EDGE_CURVE ( 'NONE', #904, #1021, #2615, .T. ) ;
#2620 = ORIENTED_EDGE ( 'NONE', *, *, #2661, .T. ) ;
#2621 = LINE ( 'NONE', #1878, #2047 ) ;
#2622 = DIRECTION ( 'NONE',  ( 0.0000000000000000000, 1.000000000000000000, 0.0000000000000000000 ) ) ;
#2623 = ORIENTED_EDGE ( 'NONE', *, *, #2506, .T. ) ;
#2624 = ADVANCED_FACE ( 'NONE', ( #2546 ), #725, .T. ) ;
#2625 = ORIENTED_EDGE ( 'NONE', *, *, #535, .F. ) ;
#2626 = EDGE_LOOP ( 'NONE', ( #1778, #1452, #1374, #78 ) ) ;
#2627 = CARTESIAN_POINT ( 'NONE',  ( 0.9250000000000002700, 0.7791677532220540000, -1.444000000000000000 ) ) ;
#2628 = EDGE_LOOP ( 'NONE', ( #2326, #1328, #2338, #2248 ) ) ;
#2629 = EDGE_CURVE ( 'NONE', #589, #713, #2040, .T. ) ;
#2630 = CARTESIAN_POINT ( 'NONE',  ( -1.000000000000000200, 0.02499999999999984900, -1.550000000000000300 ) ) ;
#2631 = CARTESIAN_POINT ( 'NONE',  ( -0.9250000000000002700, 0.7791677532220540000, 0.0000000000000000000 ) ) ;
#2632 = FACE_OUTER_BOUND ( 'NONE', #1303, .T. ) ;
#2633 = AXIS2_PLACEMENT_3D ( 'NONE', #1584, #1800, #528 ) ;
#2634 = ADVANCED_FACE ( 'NONE', ( #1965 ), #1744, .T. ) ;
#2635 = CARTESIAN_POINT ( 'NONE',  ( -0.3500000000000001400, 0.02500000000000000100, -1.205999999999997300 ) ) ;
#2636 = MANIFOLD_SOLID_BREP ( 'Cut-Extrude3', #1110 ) ;
#2637 = DIRECTION ( 'NONE',  ( 0.0000000000000000000, 0.0000000000000000000, 1.000000000000000000 ) ) ;
#2638 = LINE ( 'NONE', #1077, #2577 ) ;
#2639 =( NAMED_UNIT ( * ) PLANE_ANGLE_UNIT ( ) SI_UNIT ( $, .RADIAN. ) );
#2640 = EDGE_LOOP ( 'NONE', ( #2512, #1273, #1109, #357 ) ) ;
#2641 = EDGE_CURVE ( 'NONE', #295, #925, #345, .T. ) ;
#2642 = CARTESIAN_POINT ( 'NONE',  ( -0.9250000000000002700, 0.0000000000000000000, 1.444000000000000200 ) ) ;
#2643 = FACE_OUTER_BOUND ( 'NONE', #992, .T. ) ;
#2644 = ORIENTED_EDGE ( 'NONE', *, *, #1247, .T. ) ;
#2645 = AXIS2_PLACEMENT_3D ( 'NONE', #460, #1513, #261 ) ;
#2646 = ORIENTED_EDGE ( 'NONE', *, *, #2411, .F. ) ;
#2647 = VECTOR ( 'NONE', #1053, 1000.000000000000000 ) ;
#2648 = ORIENTED_EDGE ( 'NONE', *, *, #511, .T. ) ;
#2649 = ORIENTED_EDGE ( 'NONE', *, *, #1883, .F. ) ;
#2650 = CARTESIAN_POINT ( 'NONE',  ( -0.3500000000000000300, 0.0000000000000000000, 0.6440000000000000200 ) ) ;
#2651 = VECTOR ( 'NONE', #1654, 1000.000000000000000 ) ;
#2652 = EDGE_LOOP ( 'NONE', ( #415, #2389, #2091, #1940 ) ) ;
#2653 = EDGE_LOOP ( 'NONE', ( #221, #1531, #2580, #1222 ) ) ;
#2654 = SURFACE_SIDE_STYLE ('',( #1459 ) ) ;
#2655 = FACE_OUTER_BOUND ( 'NONE', #2305, .T. ) ;
#2656 = DIRECTION ( 'NONE',  ( -2.828353493440445300E-016, 0.0000000000000000000, 1.000000000000000000 ) ) ;
#2657 = EDGE_CURVE ( 'NONE', #888, #2592, #973, .T. ) ;
#2658 = CARTESIAN_POINT ( 'NONE',  ( -0.3500000000000002600, 0.7791677532220540000, -1.444000000000000000 ) ) ;
#2659 = MECHANICAL_DESIGN_GEOMETRIC_PRESENTATION_REPRESENTATION (  '', ( #2414 ), #106 ) ;
#2660 = FILL_AREA_STYLE_COLOUR ( '', #1013 ) ;
#2661 = EDGE_CURVE ( 'NONE', #1534, #883, #1399, .T. ) ;
#2662 = CARTESIAN_POINT ( 'NONE',  ( 2.941487633178062200E-017, 0.7791677532220540000, 0.1559999999999999400 ) ) ;
#2663 = LINE ( 'NONE', #1219, #2034 ) ;
#2664 = UNCERTAINTY_MEASURE_WITH_UNIT (LENGTH_MEASURE( 1.000000000000000100E-005 ), #1218, 'distance_accuracy_value', 'NONE');
#2665 = DIRECTION ( 'NONE',  ( 0.0000000000000000000, 1.000000000000000000, 0.0000000000000000000 ) ) ;
#2666 =( NAMED_UNIT ( * ) PLANE_ANGLE_UNIT ( ) SI_UNIT ( $, .RADIAN. ) );
#2667 = CIRCLE ( 'NONE', #2289, 0.4500000000000001200 ) ;
#2668 = VECTOR ( 'NONE', #738, 1000.000000000000000 ) ;
#2669 = EDGE_LOOP ( 'NONE', ( #2090, #2293, #216, #629 ) ) ;
#2670 = EDGE_CURVE ( 'NONE', #1104, #2191, #72, .T. ) ;
#2671 = VERTEX_POINT ( 'NONE', #897 ) ;
#2672 = FACE_OUTER_BOUND ( 'NONE', #685, .T. ) ;
#2673 = VERTEX_POINT ( 'NONE', #1335 ) ;
#2674 = AXIS2_PLACEMENT_3D ( 'NONE', #2171, #1823, #1835 ) ;
#2675 = CARTESIAN_POINT ( 'NONE',  ( 0.9999999999999997800, -3.689173349139343000, 0.1559999999999998900 ) ) ;
#2676 = EDGE_CURVE ( 'NONE', #218, #1857, #2211, .T. ) ;
#2677 = PLANE ( 'NONE',  #1128 ) ;
#2678 = ORIENTED_EDGE ( 'NONE', *, *, #373, .F. ) ;
#2679 = AXIS2_PLACEMENT_3D ( 'NONE', #806, #1032, #674 ) ;
#2680 = ORIENTED_EDGE ( 'NONE', *, *, #2494, .F. ) ;
#2681 = FILL_AREA_STYLE_COLOUR ( '', #2542 ) ;
#2682 = ORIENTED_EDGE ( 'NONE', *, *, #160, .F. ) ;
#2683 = ORIENTED_EDGE ( 'NONE', *, *, #998, .T. ) ;
#2684 = ORIENTED_EDGE ( 'NONE', *, *, #891, .F. ) ;
#2685 = CARTESIAN_POINT ( 'NONE',  ( -1.000000000000000200, 0.02499999999999984900, 1.550000000000000300 ) ) ;
#2686 = CARTESIAN_POINT ( 'NONE',  ( 0.9250000000000002700, 0.7791677532220540000, 0.0000000000000000000 ) ) ;
#2687 = FACE_OUTER_BOUND ( 'NONE', #887, .T. ) ;
#2688 = VECTOR ( 'NONE', #398, 1000.000000000000000 ) ;
#2689 = LINE ( 'NONE', #869, #1117 ) ;
#2690 = EDGE_CURVE ( 'NONE', #2525, #1173, #577, .T. ) ;
#2691 = VECTOR ( 'NONE', #970, 1000.000000000000000 ) ;
#2692 = MECHANICAL_DESIGN_GEOMETRIC_PRESENTATION_REPRESENTATION (  '', ( #2312 ), #142 ) ;
#2693 = DIRECTION ( 'NONE',  ( -0.0000000000000000000, -1.000000000000000000, -0.0000000000000000000 ) ) ;
#2694 = CARTESIAN_POINT ( 'NONE',  ( -0.3500000000000000300, 0.02499999999999996700, 0.1560000000000000300 ) ) ;
#2695 = FACE_OUTER_BOUND ( 'NONE', #26, .T. ) ;
ENDSEC;
END-ISO-10303-21;
